dm_fitb,width_fitb,flux,fluence,sp_idx,sp_run,peak_freq,bandwidth,injected_type,is_injected
-0.5039883559137077,-0.6553609838903712,1.843838842809091,0.3710651986980116,0.2109906296086379,0.0271631593796504,0.2243683354250608,0.5520223007498557,real,False
-0.4062657816582882,-0.6390307895813606,0.5640146990290154,-0.4366461610544024,-0.8063807329432686,2.6277740199832644,3.045587052765074,1.3237919233244106,real,False
2.9808016921145177,-1.8769180660549687,-0.7887078973653379,-0.9333025401216932,-0.3906211116023022,0.4361660657145468,-0.3917627713916208,0.6274120935326243,real,False
1.7667875142925369,0.5135447621521042,-0.1017449550572021,0.1544882452362065,0.4042286677957809,0.2322755915668579,2.192077525217962,0.4784813039753838,real,False
0.9481529280444444,-1.1941677951545426,-0.1239520657146699,-0.4028616377981522,0.2340205392371055,-0.5032912457488565,-0.5717392297701308,-0.8625120673758792,real,False
0.4784088072686092,-0.9463951002781806,0.0982139796895159,-0.3699547346267625,-0.9214946802854832,0.8122658592226015,-0.8161362310501408,1.225394891327282,real,False
0.428282232879812,-1.0143959909352775,0.1281063575331656,-0.9434780529954264,0.8692194766623733,-0.3878234633123252,1.5421068336086636,0.221293237043432,real,False
-0.4097834369168043,0.944016462343845,-0.3508588355144887,0.1663004265337586,0.1436097844035718,-0.8090793494240549,-0.8289200741940183,-1.3002658777848162,real,False
-1.5076095574809736,0.6559727853313793,0.620872331990029,0.5097259714501523,1.5342703008070744,-1.2688249838650676,0.9074266210538068,-1.07430192121521,real,False
-0.3028499934827023,-1.0852582387895373,-0.8352700222144771,-1.2033852078182488,-1.871138771247051,1.7636673117837838,-1.0610345595122637,1.3237919233244106,real,False
0.5422925964599855,-0.76232586843545,2.77544028148809,0.2965234324053206,-0.7929505073134631,1.4373995938020876,1.0748698998794957,1.3237919233244106,real,False
-1.669444725706227,-0.0105201314418128,0.0058793284500524,-0.1069079386880785,0.3240901065030482,-1.1294825386343588,-0.8682742579898762,-1.4765177639091092,real,False
-0.8289223555091846,-0.8340051212384686,1.1240020129923485,0.0655503633226732,-0.3685415273263606,0.572589075962021,-0.1233020653701944,1.3237919233244106,real,False
2.4906125514753907,0.0489413795480754,-0.7685795469087696,-0.6019009885029386,0.7798503071388443,-0.3263357190450611,1.327288136073311,0.3088029147694795,real,False
0.9096840038718184,0.4321400758478525,0.0474219674467282,0.7309811185201164,-0.4775870930321502,0.5534338102071026,-0.3910107806184515,0.9380098229264828,real,False
-1.557830341761456,0.5099409923011919,-0.0212546688227552,1.0783832625345382,1.649959591405064,-1.0975942685499958,2.759579895369698,-1.116824229406036,real,False
-1.557830341761456,0.752185157444688,-0.0212546688227552,1.0783832625345382,1.5920699877832774,-1.120295939907557,2.060980467095454,-0.733507190352504,real,False
-1.557830341761456,1.969338464141299,-0.0212546688227552,1.0783832625345382,1.2904629984045528,-0.8966981358806451,1.356365112635856,-0.6088161706818213,real,False
1.7753620714830858,0.0487246714406281,0.4399713563561325,-0.0301059674393277,0.138782300210454,0.384908320833096,1.2535930403027236,1.2073177748017137,real,False
0.2145781715267608,-0.816285239371087,0.8886403595166341,-0.0412460367717529,-0.3749311339449938,0.5168467357188755,-0.2396099716203736,1.033120106464417,real,False
-1.563990323131552,1.2684393278472814,-0.5931911862496306,-0.7688092909932777,0.6591803259140112,-1.17771831170244,-0.706596241758485,-1.346896621549635,real,False
0.2013729442183996,0.7989568972699121,-0.0545703353724816,0.553078629292225,0.7165321119207302,-0.3101526651039727,1.058326102869772,0.2443004762577919,real,False
-0.0967795760814911,0.774998922462538,-0.7227496086249726,-0.9735068514626938,0.3236193585567622,-1.0890507396126878,-0.8542370968907167,-1.448374980227258,real,False
-0.3596708332514254,0.1824566856669383,0.0986982954660045,0.0803130981523354,-0.7439012345151879,0.4996051674441562,-0.7925738534908373,0.26833482436565,real,False
0.2011679230220368,-0.618061171156182,1.243317270485328,0.6464935147492314,-1.7782011320006927,0.4535225348214556,-1.0610345595122637,-0.5777974820981753,real,False
1.3427986559356644,-0.1754257536730558,0.2674123381164116,-0.1536568448254144,0.3620332028531992,0.2684176404971257,2.107603895031948,0.5762620706364134,real,False
-1.193331446487784,0.809757530512482,0.0058793284500524,0.7843298238843424,-1.5379204858239188,2.989893815396212,3.045587052765074,1.3237919233244106,real,False
0.5026296832765078,-0.6592336309698287,-0.0501234204798023,-0.2035202988270108,0.5067339097227258,-0.5343647758833894,-0.2240688289748755,-0.5523251815394197,real,False
0.6142772660793215,0.148689202717984,-0.7530690407047389,-0.6760520131645549,0.3918538470599255,-0.9718417131126672,-0.7672568307941388,-1.3197809467612822,real,False
-0.7570889483211758,-1.1041712170686375,1.2294925423077387,-0.2467945940974219,-0.992988699941161,1.043522840887772,-0.7888138996249909,1.3237919233244106,real,False
-0.5777211521176863,-0.5175874419889369,-0.4235265935016977,-0.6897239487082921,0.2089172032855022,-0.4789631193310759,-0.5765018380002028,-0.8491596517604024,real,False
-0.9325944594935086,1.0749570578344882,0.9475658371469852,3.959323979035956,-1.143685819001386,0.8918858906060595,-1.0194244033968978,1.2533322532304334,real,False
1.1720280086397046,-1.677742718955212,-0.6693926398723581,-0.864274480000265,-2.060607623539245,1.5295512862826592,-1.0610345595122637,0.0249100166065742,real,False
1.6092029240148191,-0.4202554111704339,0.1180320888840781,0.0778842911006446,1.2032386177727454,-0.6560459572272224,2.2554954137552365,-0.4715944225104604,real,False
0.9681425627505398,-0.3376735661567481,-0.3852237075766142,-0.7540445919837074,-0.4190143434679471,0.6216008871265807,-0.154635014252247,1.3237919233244106,real,False
0.6970857395576733,-2.7758586014278825,-0.5829586760627139,-0.8735286486503147,0.2225189168472015,0.0094501737208829,0.2130884738275218,0.5119650539034255,real,False
-0.4331940722824692,-0.2414241949191138,2.9579292846731216,1.7552463870099964,0.7204238961829892,-0.2522501992874754,1.364135683958605,0.45198189452313,real,False
0.2395778731641385,-0.1110623596477286,0.4904766114428271,-0.2171378267046359,-0.4156845626966857,0.7739468207947031,0.2133391374185783,1.3237919233244106,real,False
-0.7700080944428642,1.2712037799380242,0.0840155924027098,0.4431952693102577,1.0076553281349294,-0.663878570860819,0.951042085897624,-0.3959992079489922,real,False
1.5685140160902618,0.6194805940068844,-0.3726106860329188,1.4951404082345776,0.2903536972086543,-0.0677483110614722,0.2168484276933682,0.4018589805204173,real,False
-0.8412677539406602,-0.5916665093096253,2.344143632258204,0.6752866755722097,-0.1719295508728783,0.6237257483324642,0.7053917666623318,1.3237919233244106,real,False
1.3612280989460528,1.1987984702764558,0.4847459116964484,1.734886715674279,-0.6064190144421773,1.4917393103225187,3.045587052765074,1.3237919233244106,real,False
-0.2914410953162109,-0.8903562198600501,1.0630160236356163,-0.300521178767481,-1.4448272928546066,0.6718581492649438,-1.0610345595122637,0.1569962203104441,real,False
-0.5553731802968381,1.0605310240807884,-0.1920270781296899,0.9889093436900812,1.6419488846073091,-1.2060018416509235,1.8612015850234869,-0.8602524278101831,real,False
-0.5553731802968381,0.2488173179990091,-0.1920270781296899,0.9889093436900812,1.338151576169884,-0.9429274106880504,1.3959699600227704,-0.6566794451188378,real,False
0.6367652695237477,0.2568146365341285,-0.2984922948574401,-0.4366461610544024,-0.5901317921694536,0.6712100695824733,-0.4444021255134691,1.237514776270561,real,False
0.0342614878970635,-0.4214575046414483,0.0332189739421608,-0.5049201524039989,1.1565567950550348,-0.5962711493063664,2.3116440581518747,-0.4652263473707715,real,False
1.3366596514536688,0.4155050307313562,-0.3618621811556134,-0.1166980378515618,-1.590034534925174,1.009557832900294,-1.0610345595122637,0.9145917401547238,real,False
0.1190135351493854,0.3416412355699125,-0.0797716077992336,-0.276071454597617,-0.2799998816701161,0.3091688364035633,-0.369203048196543,0.373921618617266,real,False
0.0741654822701443,-0.7164669939046835,1.3459823730316038,0.6619400270147145,1.1761482158232377,-0.6388917630903213,2.1559819681058374,-0.3900419763667025,real,False
-0.8858660213550159,-0.7948424942135314,-0.3352225453961364,-0.6689895326414839,0.0811254722717862,-0.4056954970869056,-0.6424263624480414,-0.8575819446870877,real,False
0.3065079940026098,-0.170607514343006,0.1429735388564844,-0.3685170185095993,-1.8713098046311651,1.9989587916357947,-1.0610345595122637,1.3237919233244106,real,False
0.6428146803239246,0.4075705667303947,1.4156480988923996,1.1328002893197286,0.9111237633666686,-0.2487474148184744,2.9357963998823617,-0.5638288011465997,real,False
-1.5652746081393374,1.3062089564214223,0.6827456913193194,2.3462761788003674,1.1836971612282767,-1.297927150393299,-0.2090290135114902,-1.271712250545566,real,False
-1.5652746081393374,0.7096698468226373,0.6827456913193194,2.3462761788003674,1.227334476750947,-1.4543227886362111,-0.3634377856022453,-1.3896243515191604,real,False
-1.5652746081393374,0.8944704375057864,0.6827456913193194,2.3462761788003674,0.978597686242212,-1.334353691193066,-0.5436649075718117,-1.3458695126561369,real,False
-1.5652746081393374,0.7173256628854172,0.6827456913193194,2.3462761788003674,0.8854338570738136,-1.5097154384871687,-0.749459715829133,-1.489048492409787,real,False
0.5043955918050766,-0.508034390823778,1.1795354541095942,0.2932758763000494,0.1417998504377653,0.1175404072489809,0.2504373488949286,0.7329988877842403,real,False
-2.5469963535895377,-0.5593969794273403,-0.0979914379644447,-0.5899006797126858,0.7111599089489467,-0.2243349367243234,1.4588865213779318,0.4152113961358941,real,False
-2.5487426374342936,0.2557429620114946,0.4705582692213259,0.1671670619619305,0.905488994232029,-0.7386514292621491,0.3030767030167768,-0.6630475202585268,real,False
-0.8654967182559068,-0.1602599189967413,1.0786484904971363,0.303319423534323,-0.3736543046207403,0.9735802107582604,1.2726434732230114,1.3237919233244106,real,False
-1.8386125086956375,-0.527737673288378,1.2221734601166814,0.7560376359207178,0.5043825292059114,-0.5579231167463612,-0.2646763307260156,-0.6010101430912349,real,False
-1.8386125086956375,0.4164142011265274,1.2221734601166814,0.7560376359207178,0.4188834505244752,-0.4201484054965763,-0.203514414508249,-0.4290721143196345,real,False
1.7950684634581184,0.5681874215805431,-0.5257691853136668,1.4423496567559713,0.6281526981083223,-0.6082591182737191,-0.1120222037726555,-0.614157136928012,real,False
-0.2778009863101265,-2.6905071853878177,0.4065203404872915,-0.307588142794989,0.7467964444827357,-0.2091807790260058,1.7900131251634634,0.216157692575941,real,False
-0.5577736867816807,0.03478407829744,0.464771178679198,0.1803966672106853,0.9739467626077556,-0.8123725171589251,0.3138552374322029,-0.7462433406318818,real,False
-0.5547655887714033,1.6682847401628762,-0.852415225825,0.0528354383880496,-0.0411849630027671,-0.4231042177551412,-0.7522170153307536,-0.981451277242972,real,False
0.2736865158123172,-0.8246701589385195,3.567195824783597,1.666981388943558,-0.2935875357663133,0.6521651372389575,0.2988154219688177,1.3237919233244106,real,False
1.1317487534513435,-0.515455712380571,-0.7252873326879592,-1.011151062200709,0.3935395891623612,-0.5176972388542044,-0.3867494995704924,-0.6905740386042788,real,False
-0.5299842291182139,-1.058167098026246,1.8052688509130672,0.2916885490099137,-0.1611540719649762,0.2294740232084716,-0.2676842938186927,0.3396161815744258,real,False
-0.2967001255045307,0.056585158058568,-0.0361199832004841,-0.829119540730313,-2.0433742102865238,-0.1426298981716316,-1.0610345595122637,-1.277464060349156,real,False
2.100816012985313,-0.1307823419372029,0.4738728777761121,-0.3714143503971386,1.2291352535908004,-0.7452995114748796,1.8341299171893932,-0.2877419305742808,real,False
1.0943855110751637,0.5134475627240995,-0.3125118358592471,-0.108876364429128,-0.5709859151290038,1.469016817418889,3.045587052765074,1.3237919233244106,real,False
0.1484712960459867,-0.2784631126011223,0.4164999357163785,0.2144406553932048,-0.4338392861490738,0.805650254809115,0.2391574872973896,1.3237919233244106,real,False
0.1484712960459867,0.076227776869908,0.4164999357163785,0.2144406553932048,0.0648361809071947,-0.0774974469153597,-0.3160623668925818,-0.1854418847818591,real,False
0.2060303818778031,-0.7504228760909545,1.5755068032725834,1.1622533372982988,-0.4028056540212439,1.129285927624831,2.23143170901382,1.3237919233244106,real,False
-0.2481858654016453,0.3734241946001752,-0.2401642555051007,-0.2110660327025791,-0.1331028252345973,0.4739668680671713,0.343684204767917,1.3237919233244106,real,False
-1.5684238429061128,0.8640435361052634,-0.8352700222144771,-0.8264554165765937,1.5451518240654685,-1.512664809749437,0.1752382715780024,-1.352032166017126,real,False
-1.5684238429061128,0.3667050438403934,-0.8352700222144771,-0.8264554165765937,1.4963173686736138,-1.6325245859042437,-0.1774454010383813,-1.460494865170537,real,False
0.3499004486472032,0.9790347308593071,2.1280077751048347,3.674953631769573,-0.587757796387388,0.9738042399667496,0.1506732396544731,1.3237919233244106,real,False
1.4192197941925406,0.2088315964785,-0.4267792007014346,-0.6965066839752199,-1.7993421502134603,2.186063547866475,-1.0610345595122637,1.3237919233244106,real,False
0.2321952612903065,1.7638195068449745,-0.6405997873185485,1.2124522182072686,1.4591331569883488,-1.0507284120995612,1.5528853680240895,-0.7499409326484753,real,False
0.2321952612903065,2.481841169224386,-0.6405997873185485,1.2124522182072686,3.0125062052521043,-2.8880512577292423,1.1099628026273949,-1.792661881327858,real,False
0.2321952612903065,1.804067817146351,-0.6405997873185485,1.2124522182072686,0.9838269931536596,-0.6302385859027373,0.9796177352780558,-0.3390973752491913,real,False
-0.4912769494187066,1.6415972493975697,-0.7733623238366406,0.0066521719958387,0.8843749165911887,-0.8844091099931132,-0.0814412456637722,-0.912429559599892,real,False
-0.8914664108249493,-1.000061974546251,1.3561798220224763,-0.1886682119290888,-1.7381445671278963,0.9021272392317252,-1.0610345595122637,0.2471763811595869,real,False
-0.5560577837851602,0.1913241966393608,0.1336190673489326,-0.429135511125585,0.7177113602528506,-0.2121753179928579,1.570431819398039,0.3544065496408,real,False
-1.536162931525213,1.095497508302793,-0.702664507474221,-0.0763393503468376,1.5853885001607246,-1.1128606762837328,2.0602284763222847,-0.7250848974258186,real,False
0.4899603592066657,0.0119541238637372,-0.536193250109456,-1.1061160853824668,-0.5051028376271052,-0.1867727687032223,-0.9066257874215086,-0.9339988463633544,real,False
-1.272440565470211,-0.6868958117329014,3.534119505777567,1.6650358262549567,-0.1949443230077192,0.3572254648221238,-0.1187901207311788,0.7814784275573557,real,False
0.794866136687948,-0.6121078453387643,-0.1105360468983845,-0.5416061294229915,0.4768944441109301,-0.4701320354705131,-0.1749387651278171,-0.4502305575256976,real,False
0.8011522394294531,0.0900772285089276,2.974681029988416,1.73834475545725,-0.1259486899488935,0.744871745049003,1.6092846760117845,1.3237919233244106,real,False
1.3310272458724657,0.2792790196038551,-0.1818111262451115,-0.6459214529819034,-0.0132189055096479,0.5794502401173517,1.3744128911919182,1.3237919233244106,real,False
-0.9656719512351244,0.259748717403089,-0.743161754929813,-0.276071454597617,0.1141522367598007,-0.5547598056852098,-0.7178761033560239,-1.0430778108528644,real,False
-0.9656719512351244,-0.4748119061061641,-0.743161754929813,-0.276071454597617,0.2470539882745198,-0.4650304687236573,-0.520603857194621,-0.782808417240418,real,False
0.0094535911590526,-0.5733053582583144,1.8189923932978644,0.9110522981748947,0.2160350575374662,-0.570113393992816,-0.6444316711764927,-0.9816566990216716,real,False
1.0443200661943774,-0.271929091865789,-0.3339953137980663,-0.5971640452619731,0.3810477549624382,-0.3928455538826859,-0.230335418751286,-0.4317425974427298,real,False
-0.1404723957861401,0.3155905446819009,-0.397913404494136,0.703439935110295,1.185332226379645,-0.7999271228455854,1.2458224689799744,-0.5095974515698942,real,False
-0.1404723957861401,0.5137429865810608,-0.397913404494136,0.703439935110295,0.0700633315215262,-0.068510317232377,-0.2940039708796168,-0.1501093388455207,real,False
-0.1208534645317957,-1.6934219787623233,-0.5253651381123555,-0.7044248088381718,-1.9781203684573925,0.9719727147629648,-1.0610345595122637,-0.2419328739242606,real,False
-1.98065759525646,-1.037621070536808,1.187429677476567,0.7386531551344909,-2.045454409354196,2.277965070535528,-1.0610345595122637,0.88234052089888,real,False
0.3763430585005541,-0.2377818694786714,-0.8617181524076293,-0.0704106661926085,0.609266089555826,-0.6409471783526997,-0.2055197232367004,-0.6798921061118974,real,False
0.3763430585005541,-2.0102136738800502,-0.8617181524076293,-0.0704106661926085,0.5636651925179433,-0.5582836469534532,-0.154635014252247,-0.5630071140318011,real,False
-0.3949944861603988,-0.5614036676249384,0.4504125578615914,-0.1880786421431056,-0.5912338844021339,0.9171327349106192,-0.0120074309411437,1.3237919233244106,real,False
-0.3124656638402048,-0.1106585776966883,-1.124725794685704,-1.5660110939447156,0.8929508212150368,-0.631049205106006,0.5853239065463064,-0.4492034486321994,real,False
0.0351558163098832,-0.4943035220995103,-0.2605138653028737,-0.0091965660025089,-1.3650437342309636,1.6318471907098795,-1.0610345595122637,1.3237919233244106,real,False
-1.3142482420437454,-0.7212414149230281,-0.2646349930980615,-0.933569699041906,-0.1693253499552111,-0.4459622211592166,-0.8394479450183879,-1.0860109626010896,real,False
0.5658406710325,1.4175399118079168,-0.7679239427869936,2.0347114691320525,-0.6384140489354472,0.7508764464934431,-0.4333729275069866,1.3237919233244106,real,False
-0.1498238684674827,-0.5886044884638901,-0.3861323982320044,-1.12434700830159,-1.7590937619384004,-0.0681900677403953,-1.0610345595122637,-1.109839888930248,real,False
0.9467863770312837,-0.5468135105328251,-0.4600266362201237,-0.2520389314219825,-1.5496144238522829,1.0402488260457894,-1.0610345595122637,1.1387069007160333,real,False
0.5024206188744753,-0.2487505513730957,1.0673562939447647,1.2010708824233507,-0.3055926912422456,0.5833644225736498,0.0732181900180392,1.3237919233244106,real,False
0.8497577597677924,-0.9536748290623724,-0.0628224639549885,-0.1125801674781051,-0.2975741782479603,0.7528185121633586,0.6281873806169543,1.3237919233244106,real,False
0.2056058060527661,-0.4213585493576205,-0.4651248671111884,-0.2800105229551305,-0.4629225187523753,0.8177284059957969,0.1679690274373662,1.3237919233244106,real,False
0.4222404946993517,-0.4946075857288887,0.6263291387764903,-0.3154833275025523,0.9244863419590174,-0.3072809954191915,2.541502571150612,-0.3672401589310423,real,False
-0.4405423715245852,0.242845841125977,0.3871493152418724,0.1146608647768209,1.051849886979537,-0.5197784661070183,2.008090449382549,-0.1977671915038376,real,False
2.6251492587761955,-0.1809050572784602,-0.0946240377608945,-0.0493842553299332,-1.7573696423997052,1.5343532703387632,-1.0610345595122637,1.3237919233244106,real,False
0.5284159847771397,0.3085908833762962,-0.3048358270256707,-0.4396189157476966,-1.833274114608776,2.4443728335092505,-1.0610345595122637,1.3237919233244106,real,False
0.3975119207493243,-0.1516549089849202,-0.1668892003801622,-0.5015128086807846,0.8345575594999657,-0.3196378058305387,1.716318029392876,0.163364295450133,real,False
-0.4173425724538696,0.1735913955353103,-0.4952847529612914,-0.6922685604124311,-0.8651754538238001,1.3224226982920355,0.0082963199344263,1.3237919233244106,real,False
-0.0791927007456265,-0.633000286794496,-1.0691260485405003,-1.5685005283167022,0.4613669376574639,-0.91223119976143,-0.682783200608125,-1.213783308952267,real,False
1.349126287675595,-0.1510285171932156,-0.6583063828509577,-1.232493101075765,-0.4194874821620932,0.6271902072466663,-0.145109797792103,1.3237919233244106,real,False
0.4138923306628242,-0.2250031491042304,0.0698199046753789,0.227540602689462,-1.6878510047449893,1.4205536964565415,-1.0610345595122637,1.3237919233244106,real,False
1.429497573811134,-0.2335001395045666,-0.5077103074015283,0.5682805698633215,0.2537118266983788,0.3876693765880308,2.093566733932789,0.7558007052199005,real,False
2.381116748448236,0.729036149249081,-0.7201842460855287,-0.5288493188880435,-0.107239129516411,-0.52779684349703,-0.8404505993826136,-1.1451724348665866,real,False
-0.2854664157511889,-1.0350703462175224,-0.9411031433246926,-1.2593690045865171,-2.224251430224064,2.583869338327835,-1.0610345595122637,-0.2708973447209102,real,False
0.0090288725011238,-0.6666860311614877,0.3777600704151266,-0.3654307203965538,-0.9816490040346167,1.506664634591944,-0.0250419376760776,1.3237919233244106,real,False
0.1628847941868538,-0.9331006381959231,0.0019445508841935,-0.620228890608644,0.3014638281288417,0.2695758266291521,1.647886869034473,0.8377639949210577,real,False
1.429526362721875,-0.119415242844207,-0.4570486324015272,-0.7204234923075027,0.2220800113838434,0.3307938995827045,1.476683636342938,1.0136050374879513,real,False
2.1906008684579774,-0.3344862676705036,-0.2068835540241693,-0.7703360696379264,0.4053881292034205,-0.6737764433089296,-0.5429129167986424,-0.9506380104380256,real,False
0.699021967458877,-1.617742108366855,-0.3088393372165399,-0.809304006841331,-1.8108138508915157,0.8528698969888261,-1.0610345595122637,-0.0126821688954601,real,False
-0.4036042253448322,-1.840498130142078,-0.7407898848069598,-0.8031777527892028,-0.2176123401679834,0.1385923459826621,-0.4812496733987629,-0.0632159264555721,real,False
2.256707906666421,-0.7122098103841884,0.5932325057856759,0.7399848575140274,1.1907529435821114,-0.5765953558046912,2.802192705849289,-0.7871222745931106,real,False
0.4522691227176002,-0.0864113601012647,0.3292865611434673,0.4440086575043581,-1.954198740168656,1.117206668254166,-1.0610345595122637,0.0168985672372882,real,False
-0.1394081647999167,0.6284299923821351,-0.7488274030259364,0.1749486827326871,0.2719139011601224,-0.0215993359090007,0.2827729521412068,0.5407241029213753,real,False
-1.3946005023705588,-1.26100121832176,0.1131213482517164,-0.2619763568808792,0.0663346283955702,-0.5404858874385521,-0.7439451168258917,-1.058895287812737,real,False
-1.055548463262051,-1.1345043848310312,0.4249431869139192,-0.693503572087781,-0.2344501549743132,0.2836122536455868,-0.3238329382153309,0.3770029452977607,real,False
-0.7204834693332798,-0.2100087347495477,0.1007768537412188,0.5862545403521014,0.9250002666048466,-0.8519499719980789,0.0792341162033933,-0.843613263735512,real,False
1.7072735319165908,-0.2177007871132617,0.1290724004199896,-0.1041325355129185,0.4799970107467838,-0.4584761925957277,-0.1488697516579493,-0.4253745223030409,real,False
-0.5605732328694734,-0.8533265912922681,2.2869407154825807,2.954172493379989,2.067598099616621,-1.6586919410148608,2.041178043401997,-1.2209730712067544,real,False
-0.5605732328694734,1.1184910814732814,2.2869407154825807,2.954172493379989,2.051643726322044,-1.6199387087204489,2.1898215528984544,-1.1757802798928332,real,False
-0.5605732328694734,-0.7614841674489778,2.2869407154825807,2.954172493379989,1.920940156142038,-1.5058273690553332,1.9567044132159832,-1.116824229406036,real,False
-0.5605732328694734,1.520216091543725,2.2869407154825807,2.954172493379989,1.7112497993561997,-1.3470713020037823,1.4842035440746304,-1.0517055255582497,real,False
-0.5605732328694734,0.6794821646820058,2.2869407154825807,2.954172493379989,1.854311574780653,-1.464668699864223,1.738376425405841,-1.1129212156107426,real,False
0.3785744932651372,-0.8513739918914507,-0.6811479664571309,-1.5533339175647367,-1.3392686287296338,0.8983419874860867,-1.0610345595122637,1.011961663258354,real,False
1.3257079388763735,-2.0706313884953613,-0.1238350093900705,-0.3114135853799646,-1.8666473384943825,0.8703989725181462,-1.0610345595122637,-0.1065599217611965,real,False
1.7336535635702603,1.5869373420291286,-1.0154754691176684,-1.078089121431813,0.0667867492653208,-0.3058306768409708,-0.5739952020896386,-0.7018722364327591,real,False
-0.6613269475061928,-0.7274313943282336,-0.050494224765703,-1.4688798739352522,-0.2934423887501839,0.2162733323533451,-0.5025560786385587,0.041138337123846,real,False
-0.6613269475061928,0.1622379000905713,-0.050494224765703,-1.4688798739352522,0.0885362344197456,0.0750503573019182,-0.0004769057525483,0.3784408977486582,real,False
-0.5573709727410203,-0.0211310668114269,0.9429145624125808,1.3458246407812635,1.3360505112649257,-0.9178128033061036,1.520299101186755,-0.5993667688616378,real,False
0.2298757429070489,0.3576345565031564,-0.2965842925532407,-0.1335578617872703,1.354228231213387,-1.002496880690549,1.1871671886727722,-0.7682234709527435,real,False
-2.412013768382593,-0.2297481771382234,0.290557752456018,-0.3329450698419342,-0.3438060106171829,0.5950743266993084,-0.0107541129858616,1.3237919233244106,real,False
-0.752574462990442,-1.1459778069822038,2.208172475773472,0.4875139964769746,-0.4421591434195187,0.8628045729845629,0.387800996793847,1.3237919233244106,real,False
0.7582695977201632,0.1815203263005545,-0.3523923771910264,-0.4215854030458235,-1.6656484139954766,1.4658824347385604,-1.0610345595122637,1.3237919233244106,real,False
0.3167811259417802,1.0506122246128078,-0.6422923883066487,1.0017654028556933,-1.4877685708782258,1.3644482934793212,-1.0610345595122637,1.3237919233244106,real,False
0.5557056624139195,0.3984811558666016,-0.9502801945583964,-0.9925887751034106,-1.9527222773531492,2.376620109330285,-1.0610345595122637,1.3237919233244106,real,False
0.2767592523120225,0.045132327014093,1.8005838836583783,0.7010565474856836,-0.2295100631063614,0.2663546509334202,-0.3396247444518854,0.324620391729352,real,False
0.2767592523120225,-0.40316345421236,1.8005838836583783,0.7010565474856836,-0.6454741739231696,0.9820024310686176,-0.0355698085004472,1.3237919233244106,real,False
-0.5572933252244564,1.0862556225004705,-0.4410644985490605,-0.3041937211489272,0.6180220990830864,-0.9490585888849918,-0.5692325938595666,-1.1254519441114208,real,False
-0.8111490419689296,0.3216069083856532,0.7127441906254528,0.3692944541290956,-0.1184056991553338,0.5131788573318015,0.5271699534212169,1.3237919233244106,real,False
-0.3001860977276173,-0.4904950757715969,-0.2817467946250026,0.0317218442173528,-1.705531798478337,1.4891050554745178,-1.0610345595122637,1.3237919233244106,real,False
-0.5605109592607757,-0.4974701412917787,0.5112482367480091,0.4456117148080273,1.4143660670261695,-1.2315585246219996,0.5497296766162947,-1.1016230177822623,real,False
-0.5605109592607757,0.9976544040191628,0.5112482367480091,0.4456117148080273,0.90702927555308,-0.826404736562192,0.0907646413919886,-0.8140325276027637,real,False
-0.3975332314465279,-0.7167304786335066,1.006562622212226,-0.4260317670319223,-0.986247086513688,0.9895476419326704,-0.8093683140916175,1.3237919233244106,real,False
-0.8796019804765547,-0.8253792845870507,3.142270041197854,2.920459662474584,-0.4570553689361585,0.3928734770056883,-0.5461715434823758,0.3342752153282351,real,False
-0.8796019804765547,0.0086278815347783,3.142270041197854,2.920459662474584,-0.7022954888299024,0.6554143914148629,-0.6411730444927592,0.9090453521298334,real,False
-0.7597839085667467,-1.062291561738256,-0.6850624047370825,-1.1125071847585268,0.1059742443481446,-0.4041508151115697,-0.6176106669334558,-0.8312879570135335,real,False
0.7795298514661311,-0.4091702500472167,-0.0499221141026449,-0.6896536714664798,-0.1246628812898682,0.6017722535720856,0.8442593961075888,1.3237919233244106,real,False
0.689067419748251,-0.5377804135043487,0.09235227464986,0.1454234594216159,-0.258239210575965,0.2715464733770508,-0.3824882185225333,0.2837414577681232,real,False
0.2389488816086762,-1.6135520572759674,-0.7368266880995742,-0.4183986400592548,0.8173994922632772,-1.3595869376264484,-0.706596241758485,-1.4079068898234286,real,False
0.0627835726015168,-0.7689364813697256,-0.7525814407275646,-1.2001225922324137,-0.9989984291430912,0.9453629555544876,-0.8497251522517012,1.3237919233244106,real,False
1.088183202259715,-2.110479519142791,0.050404018653875,-0.0437574170420439,-0.3493689223619963,0.7403779017030773,0.3612306561418664,1.3237919233244106,real,False
-0.381966199041525,0.402470224713051,-0.752759700432616,0.3791965194876071,0.3510718875784848,-0.675835318594395,-0.6015681971058449,-1.008361530252625,real,False
0.7346993930233885,0.2564876234030019,-0.4032252434494829,1.183204337617024,1.2184599869292243,-0.6722679416996905,2.262513994304816,-0.4882335865851314,real,False
1.3726633162314967,-0.4026485960349491,-0.0590906817899252,0.7937646812583373,-1.0963443114072773,1.0618732754280225,-0.9389613906677868,1.3237919233244106,real,False
1.2224076026422075,-0.3382159366085964,-0.180070610941232,-0.6501051080951696,0.2485898582613051,0.3635358513370256,1.875990736895816,0.8387911038145559,real,False
-1.28572068234062,-1.1766419652989193,-0.0057607674212032,-0.9034918869278946,-0.3375293121799501,0.8922187749424179,1.048299559227515,1.3237919233244106,real,False
1.2291847482223013,0.4896696549140259,-0.2539843686052864,0.469511055461027,-0.1282474253673865,0.2661810474620067,-0.1363365721051283,0.5655801381440321,real,False
1.6857315730709397,-0.3693160359520454,-0.1862485348584989,-0.5560072853912656,0.4229011900880726,0.1271718647508579,1.6130446298776306,0.6820542866667291,real,False
-1.491969296573299,-0.3064368178992517,0.0746449399403005,-0.5911140901011204,0.992687828321776,-0.498289779161781,1.7125580755270295,0.0197744721390832,real,False
0.2026630759772228,-0.5484657987810345,-0.4806067233990164,-0.9529601336227052,-1.0173917651011302,0.7234619627905735,-0.9422200173515204,0.7069103218893857,real,False
0.9061476034754258,-0.0005184249602328,-0.4705103410344271,1.3762392309385234,-1.7542669763192773,1.205755411457614,-1.0610345595122637,0.9893652676013934,real,False
1.621840801659004,0.3291439615171474,-0.757967312487235,-0.7159991983924086,1.0937138583122472,-0.5394524260675865,2.205864022726065,-0.3483413552906752,real,False
0.5770012539268682,-0.0517003175778753,0.0183537136664817,0.1964463109042155,0.563241575494159,-0.5129743703371087,-0.0731693471589103,-0.4777570758714496,real,False
-0.4769740910626637,-0.7566384833996018,0.6206249549731077,0.1254577296552418,-1.7588304189775763,1.284115694323191,-1.0610345595122637,1.218615972630194,real,False
0.1567212328695967,1.2844527894458064,-0.2891422163339048,1.3908865503144572,-0.2432005018563559,0.3967274323319025,-0.1568909865717548,0.8268766406499767,real,False
1.652473738020478,0.4551794441812686,0.9557413584661788,1.2964914214764611,0.0610781617671149,0.2731210844805839,0.4289098257270999,1.2520997225582355,real,False
-0.4870209535748109,0.8513973134332479,-0.0720731368212964,0.3642039552352052,1.8271820407573436,-1.3441224099491047,2.364784739455836,-0.9473512619788312,real,False
2.224557450845694,-0.90849998867573,-0.6875312712991158,-1.1488891833573245,-1.9844284964947871,2.1228031809797727,-1.0610345595122637,1.2927732347407648,real,False
0.661332787277275,-0.1626634494425299,-0.6784128544870518,-0.7006581962321037,-0.8635374454153874,1.1220232620345645,-0.4268556741395197,1.3237919233244106,real,False
0.1828084562570489,-0.6908057747432692,0.3559716032899639,-0.2334323453678358,-0.0943781044043002,0.4434513232570096,0.390808959886524,1.3237919233244106,real,False
0.1828084562570489,-0.1386600566204229,0.3559716032899639,-0.2334323453678358,-1.027338873481754,1.844772103862196,3.045587052765074,1.3237919233244106,real,False
0.1245393837364789,0.4448587449653634,1.141561984905933,1.1820087150121883,-2.1554239944720983,3.3446574394762703,3.045587052765074,1.3237919233244106,real,False
-0.4044585955193915,-0.5448208991950927,-0.6461405345248549,-0.2680530402280948,-1.73060579237095,2.2077632085396712,-1.0610345595122637,1.3237919233244106,real,False
-0.6028041001259605,-0.4872585199150724,-1.065327931994762,-1.2827361617037976,1.28661815324868,-0.7487394649955742,2.2640179758511545,-0.5432866232766355,real,False
-0.7194176539740724,-0.5327487840955987,0.7000288750492657,-0.0833012896157393,0.3340464575758007,-0.5746202913699618,-0.5278731013352572,-0.8705235167451651,real,False
0.8952844410673032,2.801182310162917,-0.7737210013787704,0.6965933890325197,-2.059561663126217,1.7515322801391917,-1.0611117638983092,0.2024010068999832,real,False
-1.774571649645888,-0.7931091770945914,0.7313430849340241,-0.3288228220061786,-1.7048169010317749,1.251452708981876,-1.0610345595122637,1.3237919233244106,real,False
-0.6788712806250514,0.3383133365955604,0.3612876053218365,0.0761470846704866,-0.3014289310339375,0.8446945009284904,1.0197239098470832,1.3237919233244106,real,False
-0.6788712806250514,1.5112293337748623,0.3612876053218365,0.0761470846704866,0.118834474321821,0.2271353534224758,0.4970903224944463,1.2313521229095716,real,False
-1.6863356184287106,-0.2628158604092226,0.0920125859552559,-0.5209416765188888,-0.2517857391332386,-0.4853295022075534,-0.8903326540028413,-1.1650983474004517,real,False
-0.0628997355623716,-1.67646679336396,0.5723320705854013,0.0136063648007614,-1.1085989567693553,-0.6117841822458859,-1.056522614873248,-1.409961107610425,real,False
-0.0174800491869115,-0.1622390323293197,-0.6322450726405403,-0.5807426666164296,-1.3350056811229547,1.117575768825569,-1.0610345595122637,1.3237919233244106,real,False
-1.2993358747859796,-0.2337939234861396,-0.5424200306021097,-0.7382162786742079,-0.0300164184224782,-0.5969001596413898,-0.8291707377850747,-1.1794778719094268,real,False
-1.7163994727864842,-1.2102704395028152,1.729164762865181,1.542923265979507,0.4489992503331902,0.0648679477852356,1.4220389734926382,0.7253982819723535,real,False
-1.7163994727864842,-0.3413471984135545,1.729164762865181,1.542923265979507,-0.4020629510166215,0.4692122293413148,-0.3671977394680916,0.740599493596127,real,False
-1.7163994727864842,-1.345108462600689,1.729164762865181,1.542923265979507,0.3849579941944188,-0.6449549031789243,-0.5381503085685705,-0.9278361930023652,real,False
1.6378107434327542,-0.4217406048972894,0.8297439972992656,0.5133420819439837,-0.5468187628454638,0.2152827182093804,-0.7740247477526622,-0.2774708416392987,real,False
-0.2347812083692533,0.5524975818530558,0.399650308391992,1.4505684383881732,1.0736041598085928,-0.5355232712711746,2.0695030291913725,-0.2519985410805431,real,False
-0.2249758205779876,0.7335511975137553,0.1812680150126718,0.4729918593911078,1.1946257355072532,-0.6387594909741345,2.314150694062439,-0.4993263626349121,real,False
0.9675419137371988,0.6075230270011728,-0.6462426026369681,-0.6889835742467378,0.0427462174258578,-0.6260008958045712,-0.8026003971330941,-1.1720826878762396,real,False
1.1977072239603044,-0.2382571967176204,-0.592207518176806,-1.0672772110410846,-1.4772504291771935,1.507988881850236,-1.0610345595122637,1.3237919233244106,real,False
0.6882316925253175,0.3259486742164638,0.5421042882136291,0.0635468284684188,-0.5056251151682618,0.6630597989385467,-0.2847294180105292,1.3237919233244106,real,False
1.816244149736448,-0.9057985396607812,-0.675791080608117,-1.0333811356464668,0.273529631773751,0.2920691601699705,1.5922395518199477,0.898363419637452,real,False
1.4111522078690986,0.0033653023173536,-0.4531178073161661,0.5284697932604676,-1.6950376298423249,1.2424522889915577,-1.0610345595122637,1.3237919233244106,real,False
-0.1598736895326645,1.509689383253753,-0.7655776023245923,-0.0284217502464432,0.9056182163405327,-0.4368125521973862,1.4969873872185078,0.1459034442606634,real,False
-0.1673446622283324,0.4976255589134713,-0.5219330279221679,-0.5259603666355657,0.5767978927913593,-0.592295474708414,-0.1869706174985252,-0.6153896676002099,real,False
0.4046649589873473,-0.2759981411309276,5.770360608588415,3.228979648992261,1.0073875896762232,-0.5164243123710125,1.702782195475829,0.0125847098845957,real,False
-0.7187873466134459,-0.5030132686582339,-0.5181512389198414,-0.8820868550452986,0.6600312611199926,-0.1289567930705517,1.6802224722807513,0.3642667950183829,real,False
0.9272682791717752,-0.4993309778951448,-0.7494766785521639,-1.3271396089154337,0.3397075766050574,0.2341317936226238,1.6957636149262494,0.7648392634826847,real,False
1.430762899433927,-0.8413206353601606,-0.2269156125031215,-0.1886682119290888,-0.1984098729381185,-0.0100774645582597,-0.6025708514700705,-0.4107895760153663,real,False
-0.3649479645265241,0.212754368364359,1.117367918918496,1.0779700293860977,0.9958975808383266,-0.8514475226892703,0.275754371591627,-0.7982150506428912,real,False
-0.3649479645265241,-0.1921491408215332,1.117367918918496,1.0779700293860977,0.8875041032416277,-0.8448022628905121,0.0035337117043543,-0.8536789308917946,real,False
0.5059861732589525,-0.0694230848155532,-0.988652675973504,-0.0310606515889214,0.2938700959886866,0.2661026114214478,1.5736904460817724,0.8751507586443925,real,False
-1.2769271604883354,-0.4859931694931521,3.3003421519542955,1.7512519150472892,0.4048481459050783,-0.4290752229740968,-0.2438712526683327,-0.4771408105353507,real,False
-0.2360568053314649,-0.0712318431676622,0.6453505966574439,1.0318387510100873,-0.2986089101615194,0.6042049111504705,0.1471639493796833,1.3237919233244106,real,False
-0.074780879538896,0.394529683943115,-0.7322784599619345,-0.7449384865047985,-0.4388524975337672,1.1194425956816063,1.7842478625691658,1.3237919233244106,real,False
0.5551511490534562,0.3924073397485687,2.051564181016349,2.821251337176576,-0.3756025482088573,0.5187794316899368,-0.2378553264829786,1.0409261340550036,real,False
0.5551511490534562,1.488623565481102,2.051564181016349,2.821251337176576,-0.8954775044138452,0.7672858684779055,-0.8088669869095046,1.0592086723592715,real,False
1.5061195369464335,1.9740693833893044,-0.8477599342198917,0.3163863161434699,1.12128091341948,-0.5776103541456773,2.1529740050131605,-0.3417678583722867,real,False
1.561944854241944,0.0870895779616719,-0.392106355639113,1.242973702675619,-0.3387076832411976,0.6854618343302814,0.2341442154762612,1.3237919233244106,real,False
-0.1746146100865533,0.3786824260079156,-0.1065042850136053,0.9494888799299324,-0.9967457406283484,0.9708937935536324,-0.8344346731972595,1.3237919233244106,real,False
-0.7872051773044912,-0.0719358736092126,1.5951894048618391,1.4123997725496615,-0.5404351433678386,0.8925288329063172,0.0982845491236813,1.3237919233244106,real,False
-0.7872051773044912,0.8196169995009542,1.5951894048618391,1.4123997725496615,-0.5175572036686024,0.5375097785188536,-0.4809990098077065,0.7742886653028683,real,False
-0.60142366145214,0.0447126939383389,-0.6432139469873172,-0.7740289773432094,-0.3373053654497671,0.3114032604263366,-0.4599432681589672,0.2689510897017489,real,False
0.374378171492884,1.5274970874026266,-0.459373132408472,0.5761119178928528,0.1175066691732264,0.4239375133495417,1.3338053894407782,1.2165617548431975,real,False
-1.074468202393382,0.0282682266739121,1.8397612846452909,0.6349217093762551,-0.22932180537039,0.0762700854349081,-0.5604593681725919,-0.2466575748343524,real,False
0.2251351056264232,0.6289990836791512,-0.6850157031051471,-0.7240107378342288,1.3247784875113608,-0.873532957310311,1.7052888313863934,-0.5015860022006081,real,False
-0.5554437194732752,0.657956292893966,-0.1218151263743557,-0.1258923699666382,1.676817541851569,-1.4006850706248757,1.02975045348934,-1.1607844900477593,real,False
0.4917679556574953,0.7051167532033062,-0.1199489408025357,1.490264186716605,-0.4023226554208858,0.9029300520551392,0.7312101165411431,1.3237919233244106,real,False
0.5694936460027379,-0.801489067954049,-0.460203836766087,-0.614141123945632,-1.7411741975487018,0.8240661966465189,-1.0610345595122637,0.0754437741666862,real,False
-1.1169658505516875,-0.2185870909586668,-0.4299331165854114,-0.8789185547035085,0.3060312572414785,-0.065777702848575,0.2697384454062729,0.443970445153844,real,False
-0.7554737753155907,-1.4052247931643818,-0.5787292704993983,-0.0800582512962167,0.7804652680260201,-0.7948202075772861,-0.1340805997856205,-0.8337530183579293,real,False
-0.2171473381318904,0.190780319626775,0.226269429848448,0.1594870943851848,0.4705601393175067,-0.3786500674346661,-0.0185246843086106,-0.2622696300155252,real,False
-0.0179447237497019,1.364621636236663,-0.6219862503848286,-0.0280273365812811,1.2735473275957443,-0.7575359397698838,2.090558770840112,-0.4272233183113377,real,False
1.674427338348269,-0.3644516937858997,-0.5220798231723949,0.0702000935140717,0.4512191342031714,-0.5743695097243211,-0.3734643292445021,-0.7195385094009283,real,False
1.144154507595351,-1.8561024794134648,-0.1756806313811154,-0.0973924890318911,0.9034100881621638,-0.9637794147896824,-0.1834613272237353,-1.0087723738100245,real,False
-0.921110793612152,-0.9937106256473311,0.2751885270155956,-0.5097486061228399,0.6001350175600999,-0.6344482834273444,-0.2120369766041673,-0.6741402963083074,real,False
0.4380339767621388,-0.9237027351122292,1.1317985217890696,0.5081976094072981,-0.5170522786740095,1.0348092620410023,0.7006291584322598,1.3237919233244106,real,False
0.4380339767621388,-0.924379687050383,1.1317985217890696,0.5081976094072981,-0.1137170370664709,0.596080798264061,0.8750910178075285,1.3237919233244106,real,False
0.0536697460571765,-1.3300439805984867,0.6058193754891488,-0.4351120266761754,-0.2372395458645132,0.4745532448897835,0.0163175548482317,1.2465533345333453,real,False
2.129543075807585,-0.09833143646485,0.147722688591185,-0.2551680619944152,1.0412129020368843,-0.4779591180270344,2.2246637920552965,-0.3107491697886407,real,False
0.6901185050412938,-0.4133262577110739,-0.3976041153982612,-0.5977262341040203,-1.0578936233805505,0.5404788154468048,-0.9996219797034408,0.0976293262662475,real,False
-1.1589397282024845,-1.271238711515013,0.0482041344961962,-0.6624168612836482,-0.3928955601972724,0.507720386483959,-0.2924999893332783,0.9390369318199812,real,False
-0.7670949089598147,-0.5467002308702429,6.852155305526062,3.79666884794695,-0.4815821670301194,0.5994846208830386,-0.3331074910844184,1.1547297994546053,real,False
0.277943251709502,-0.2636744717285879,-0.4802592493558928,-1.2488314539103578,-1.1884812655999086,0.962692759990732,-1.0555199605090224,1.3237919233244106,real,False
-0.2545602587656411,-0.34834165457544,0.2540680599104723,0.2206558821310567,0.5203925094805727,-0.6154360269602484,-0.3213263023047666,-0.6975583790800666,real,False
-0.4626623910769447,0.1384811302726557,0.4009138529210963,0.0877356187011425,-0.4895866666673252,1.2893957220469578,3.045587052765074,1.3237919233244106,real,False
-0.145988930084094,0.671714967393156,-0.8277753674618018,-0.6939632574726701,0.075775961854667,-0.3054142291889586,-0.5637179948563253,-0.6909848821616781,real,False
1.7874356838906995,0.2214326544248155,0.293242769405856,0.0964559498394151,-0.0908927226844154,0.5452579207178508,0.771065627519114,1.3237919233244106,real,False
0.5680692490509971,-0.5650362409929429,-0.1538455197927119,-0.7397365038709994,0.5117801848649127,-0.5229400914307886,-0.1959945067765564,-0.5289070987676605,real,False
1.2313161519884384,0.3002886323699816,-0.4480893741308226,-0.0115865016976305,-0.6290850308178678,0.712442768399316,-0.4647058763890392,1.3237919233244106,real,False
-0.5480244380833494,0.825843953491574,-0.385025643395195,0.1166265524784809,-0.0944449455295492,0.171306359548163,-0.2298340915691731,0.2790167568580314,real,False
-1.5697208862918204,0.0189198643295726,0.3946535775754362,0.6419017427150995,0.6569216862962106,-0.454830018369564,0.3060846661094539,-0.2733624060653059,real,False
0.6121482761794798,-0.6735386894597934,4.7484048910222745,2.5405350333229,-0.8791780697918695,0.6887059672203448,-0.8294214013761311,0.7525139567607062,real,False
-1.183678985097948,-1.0189510513242668,0.1310776504614377,-0.7585028219321206,0.5159346630898392,-0.5840725774052383,-0.2837267636463036,-0.638807750371969,real,False
0.2713725583477764,0.4261973437290952,-0.510197330543891,-0.0960017345016339,1.004170260021889,-0.6400801799005335,1.037019697629976,-0.3378648445769934,real,False
0.2713725583477764,-0.0515025438499749,-0.510197330543891,-0.0960017345016339,1.3626996177347588,-1.1503077575730951,0.626182071888503,-1.0198651498598048,real,False
0.2713725583477764,0.1306908248448783,-0.510197330543891,-0.0960017345016339,1.098574442869578,-0.9385316762838408,0.3557160571386252,-0.871756047417363,real,False
0.2713725583477764,1.658467506849559,-0.510197330543891,-0.0960017345016339,0.5455993000183166,-0.6953623462516311,-0.3882534811168309,-0.8154704800536611,real,False
-0.2388158244673127,0.2524026624997629,-0.2622556764603665,-0.2251998771573067,0.6116362532794593,-0.7344678359742564,-0.3401260716339982,-0.8208114462998518,real,False
0.3916506150346096,-0.2777234873791327,1.071049365378364,0.1860172486974714,-1.651491062333018,0.9323710986224156,-1.0610345595122637,0.5224415646171072,real,False
0.4411161004139209,-0.7026311228122102,0.7159048843193464,-0.0665119539605083,-0.9223271061406152,1.4334791366521844,0.0759754895196598,1.3237919233244106,real,False
-0.2306160879419973,1.6405336873587208,-0.7714144053509914,0.1548118833557051,0.5115459930931755,-0.6637410259077126,-0.3980293611680313,-0.8043777040038804,real,False
0.2728484337309351,-0.0887523537955238,-0.2198697041501782,-0.7556394194024522,0.4407065826496199,-0.4937467096997676,-0.2789641554162316,-0.5654721753761968,real,False
1.4451686103046173,0.1889682846905835,0.3347842590106885,0.32805789459335,0.3959571725030445,0.1652061306100168,1.660420048587294,0.6995151378561986,real,False
-1.0368107177656476,-0.8636774256604419,-0.0805460946321049,-1.0670644098586672,-0.5371367373306148,0.6432851281912286,-0.3807335733851383,1.2315575446882714,real,False
0.3273263353402373,-1.2990944405348848,0.3406162212368577,-0.0211673715242702,-1.721050439207375,0.987952716254058,-1.0610345595122637,0.4942987809352562,real,False
1.1882091651933586,0.824629610874305,-0.3795319020381484,0.7649464155545196,-0.4743786903715176,0.7157989745527722,-0.1117715401815991,1.3237919233244106,real,False
1.3770344619843915,0.4331979585789925,-0.5445204270485092,0.3960457101073268,-2.030204485428817,2.187560682978533,-1.0610345595122637,0.8728911190786964,real,False
-0.7993212718644702,0.1282492565398247,-0.5469769914838029,-0.3596841809500031,0.1207812397234964,-0.1547857129435069,-0.3308515187649106,-0.2939045839352701,real,False
0.4610092041523255,0.5850842707604452,-0.7836909793165615,-0.5956214513909296,0.41434770386437,-0.8922995379602806,-0.7058442509853158,-1.2259031938955458,real,False
-0.5227306274645255,-1.1499617205465569,-0.211063725551281,-1.3912728888799568,-1.8568298261874188,2.6891337638718418,-1.0610345595122637,1.3237919233244106,real,False
-0.8000979444536255,0.0198258244009157,-0.2393670143949313,-0.2008524788152632,1.8033065648796016,-1.4412473896150375,1.537594888969648,-1.121343508537428,real,False
-0.8000979444536255,-0.0634275822557762,-0.2393670143949313,-0.2008524788152632,1.051143357261373,-0.9584192109866352,0.1639584099804634,-0.9315337850189588,real,False
1.6496905549340777,-0.4410344136989107,-0.3795941879522291,-0.586802828434842,1.263624038184065,-0.8009005847187031,1.728349881763584,-0.3957937861702925,real,False
0.0201267557849076,0.0108058103266226,-0.69928715427539,-0.563211550383631,-0.2902748633475223,0.7835567694129745,0.791870705576797,1.3237919233244106,real,False
0.132690997733818,-0.930997753707008,-0.0607611071040163,0.5304801096257505,-0.6151975742644437,0.4313401900592088,-0.7060949145763722,0.2192390192564356,real,False
-0.9521424862290272,-0.1900943242692197,1.140467438941599,0.2918912385200117,-1.7849584200604507,1.4826935003447803,-1.0610345595122637,1.3237919233244106,real,False
1.5693348913867704,2.5853394794117097,-0.1363067231783132,2.876324189887063,0.4516079126107823,-0.4139101749350664,-0.12781401000921,-0.3536823215368659,real,False
0.7941517980881125,-0.8963388980141771,-0.9108093352882258,-1.1124092176082678,-0.6265546955734985,0.9012426969794912,-0.1563896593896419,1.3237919233244106,real,False
0.8895909081308465,-0.2132428042483336,-0.5406678660584234,0.2358155616196971,-1.8897022874773453,1.8167144531831263,-1.0610345595122637,1.3237919233244106,real,False
1.573144341399524,0.1820229067600717,-0.5103596501137461,-0.8200280102999894,-0.5050446234535462,0.832960808560779,0.0636929735578952,1.3237919233244106,real,False
0.1786430285845686,0.5328826414575739,-0.3363293740606249,0.5620150164848361,0.9763961994272098,-0.6287292187905833,0.9502900951244548,-0.3448491850527813,real,False
-0.7050388925017669,-0.8344314081159058,2.841848813377883,1.4187828045792217,0.014235021212006,0.0058059449201996,-0.2829747728731343,-0.0389761565690143,real,False
0.4754425423133893,0.0547723907320031,-0.8180794275368376,-1.285144091484868,-2.045851088832251,2.3681632529084866,-1.0610345595122637,1.1391177442734326,real,False
2.0123627985854795,0.0997573180492268,0.1003987893646283,1.2575440999913503,-0.298603688062518,0.8809317116882408,1.2350439345645483,1.3237919233244106,real,False
0.8108227966759357,0.5124105749823612,-0.6811481760587522,-0.8606654283665248,0.0026820283603799,0.511146532946737,1.1057015215794357,1.3237919233244106,real,False
-1.3438118618886308,-0.2070494880721419,-0.734887758009594,-1.2662603003847723,0.0541897778953383,-0.4080827552696457,-0.6684953759179091,-0.885519306590239,real,False
-1.2854661203915252,-0.195093501872767,0.2701029291990864,-0.3873487934371435,-0.1288885452973746,0.0537641170053373,-0.4511700424719925,-0.1570936793213085,real,False
-0.3660407361484101,0.458117670813275,-0.3342090498436019,0.2077526925469326,-1.940788686726352,2.4308452705981702,-1.0610345595122637,1.3237919233244106,real,False
2.3305981036735512,-0.0700359959704027,-0.5184721493874157,0.4101295707746878,0.492719467406958,0.0673532509782837,1.730104526900979,0.5427783207083717,real,False
-0.059673204868323,-0.6897047338501817,-0.3703120129694138,-0.9501233610815478,-0.8897419170825902,1.128223348250371,-0.489020244721512,1.3237919233244106,real,False
0.0219852139898839,-0.0729903966711235,-0.4029569767236332,0.1675916235136624,-1.6860324085028104,0.512507926733126,-1.0610345595122637,-0.4033943919821792,real,False
0.1050432719380448,-0.4564180275743242,-0.692300355120575,-1.2733926638662436,0.1844280877052368,-0.5500509165896553,-0.657716841502483,-0.9808350119068728,real,False
-0.1064550604219429,0.7153551246306032,0.561738711544295,1.2795164397532652,0.6873209187934648,-1.06735459737463,-0.6025708514700705,-1.2084423427060762,real,False
0.9816785910878004,-1.1733040458205664,-0.1560205096954392,-1.1671636108514103,0.037959906739401,0.4211332707037749,0.8760936721717542,1.3237919233244106,real,False
-0.3815734952683848,-1.3908357507006013,-0.272358183818241,-0.7995484591691461,0.4133666098303998,-0.7884865266611726,-0.6336531367610666,-1.1042935009053578,real,False
0.1442894600291392,-0.7229700825508883,-0.4474484321628095,-1.481155822335703,-0.3270863929050789,0.8841241905589171,1.0698566280583672,1.3237919233244106,real,False
0.8348956755863463,-1.97422082626519,-0.4054824739616114,0.9260591943029026,-1.330267222223754,-0.3995227148043011,-1.0610345595122637,-1.2850646661610428,real,False
0.8761208710276231,-0.9538649812092176,0.3103726972186745,-0.6631492120236343,-0.0157955977528196,0.1477937850370541,-0.1034996416767372,0.3833710204374496,real,False
0.6983454483043015,-0.4065379180415202,1.4010228096810298,0.4384872570812024,-0.0317409414791015,0.3319653988032963,0.2800156526395861,1.20937199258871,real,False
-0.1959787254708778,-0.4619735244828304,0.8539049836481061,-0.0032023505461609,-0.708753303638231,0.6770723432374737,-0.6316478280326153,0.9938845467327856,real,False
0.3311873361451409,-0.9997108929634834,0.5637480225074697,-0.2832526912696887,-0.056763256323604,0.5058456321794715,0.7720682818833396,1.3237919233244106,real,False
0.4146325529207893,0.9293424346763244,-0.7855938660229759,-0.6136152514671299,0.8235240811008716,-0.4805894827426793,0.8485206771555479,-0.1416870459188353,real,False
0.8533046567745147,0.151833664234287,-0.8358317173405647,-0.8826321404087294,-0.229377820258484,-0.2159315697527489,-0.7695128031136466,-0.818962650291555,real,False
-0.3613639299289353,0.2866436260409928,1.720855453948467,1.2463388788794203,-0.7181718597077877,1.2871208299977477,0.7111570292566295,1.3237919233244106,real,False
-0.6452749513305591,-1.0341463548802825,-0.5729532216909827,-1.4769056447128468,-1.5181248831834988,1.630585778330467,-1.0610345595122637,1.3237919233244106,real,False
-0.2612699378012389,0.6550913022677183,0.7341383089223847,2.4859100156877543,1.0905937751171355,-0.6106360357972468,1.6997742323831522,-0.1065599217611965,real,False
1.3412337113175157,0.0902524663511536,0.7788708549857191,2.23052496910835,-0.2298013729818036,0.3708729625804765,-0.1734347835814785,0.7457350380636181,real,False
1.2170624343468175,1.607074678004426,-0.4338635498740651,2.522925410761793,-2.0094478923923167,2.6268761857132823,-1.0610345595122637,1.3237919233244106,real,False
-1.5244752773138732,-0.1882644263338097,3.4363231752405787,2.770183277116834,-1.7165547594013644,1.2364699698924484,-1.0610345595122637,1.26668466884591,real,False
1.303114727413185,0.5576078170550678,-0.1285686756549771,-0.061621072235587,-1.2772208910153933,1.5458847608960524,-1.0610345595122637,1.3237919233244106,real,False
0.6052416938902349,-0.4427523279302463,-0.6217141291443345,-0.8838590764668027,-0.6444382990263015,0.1405081257824345,-0.8725355390378354,-0.5067215466680992,real,False
-1.299738951851678,0.8156297909597936,-0.7572497881783571,-0.5883351552990851,1.9321318691603684,-1.621203551839424,1.349847859268389,-1.2754098425621596,real,False
-0.0262721099547463,-2.8524531971207256,-0.3232508680078526,-0.0887770776334936,-0.115765823513544,-0.5833027865872947,-0.8650156313061428,-1.205771859582981,real,False
-0.072849900154427,-1.0968105350327026,-0.1786140164624723,-0.3188770344842199,-1.699824518091246,0.7640050673790558,-1.0610345595122637,0.0284021868444682,real,False
0.2285118157709189,-0.0469615466358436,-0.7605993991696587,-1.029605958584347,0.3531497937769249,-0.5583767183492445,-0.4882682539483428,-0.8206060245211522,real,False
0.0301904120797321,-1.4721311850959742,-0.5389253126429506,0.3077639591159365,0.2655659245418615,-0.5170969758234704,-0.5499314973482222,-0.8514192913260985,real,False
0.0301904120797321,-0.6093046710717249,-0.5389253126429506,0.3077639591159365,0.2100017212993206,-0.4598667366098061,-0.5579527322620277,-0.81608674538976,real,False
-1.641218080387339,-0.9458489421439538,0.1467854604296282,-0.4292823511903723,0.5764367792570977,-0.6162389802159469,-0.2263248012943833,-0.6562686015614386,real,False
-0.5231218465599248,-0.5745939928968402,-0.7868828485487893,-1.289873564665661,0.2113748473676048,-0.5068801251405982,-0.5983095704221114,-0.8914765381725287,real,False
1.4489690410624114,-0.2361089352348634,-0.3714152402046973,-0.4935381813399431,-1.658388479296544,2.2874920701650336,-1.0610345595122637,1.3237919233244106,real,False
-0.4905264920007692,0.4783806418458875,-0.6414852333841793,-0.8284355546831759,1.3794632155600035,-0.8672552803927535,2.1589899311985143,-0.5461625281784305,real,False
0.0795392968440513,-0.4453330503087061,0.0633639307093573,-0.5943732302622834,-0.0311238351581284,0.3557033540139105,0.3509534489085532,1.3237919233244106,real,False
1.4016798700148991,-0.2327193143224029,-0.646696382238045,-1.0179722269974625,-0.4664894602424612,0.8616013233948621,0.2845275972786018,1.3237919233244106,real,False
-0.2400852057225284,0.0270202511767386,-0.2992592732737505,-0.5858111129006139,-1.9622471844196008,2.952207826398979,-1.0610345595122637,1.3237919233244106,real,False
0.3224361459864103,0.2274095336278334,-0.6331102068281591,0.8430044956680627,-0.3433483343558286,0.4964421751227111,-0.2047677324635311,1.0218219086359368,real,False
1.3452117209243315,0.1000823172669727,0.1827176409734157,0.7580434860346775,1.068013166029661,-0.5833849124828455,1.711054093980691,-0.0568478513158832,real,False
0.7988731058707388,-0.5745080729163244,0.9859802523277748,0.5216945485417508,-0.7780977394052648,1.1122796687550334,-0.1827093364505661,1.3237919233244106,real,False
-0.259521663439617,0.0472716634603143,0.3802752513458452,1.5037688923333623,-1.0716993096984229,1.1187736453865922,-0.8820607554979794,1.3237919233244106,real,False
2.328672046945018,-0.0147524508168944,1.4960394994131303,1.623379383023193,-0.5014572405188261,1.0281640266587575,0.7575297936020673,1.3237919233244106,real,False
0.3647767422425441,-0.0889877200520221,-0.0161052905103427,0.0514474571699219,-1.4678168803395455,1.5060844532497732,-1.0610345595122637,1.3237919233244106,real,False
-0.006126103705299,0.0212868925323227,-0.4539764292570313,-0.8026592451577925,-1.7940363622009043,1.052574728787549,-1.0610345595122637,0.4343156215549608,real,False
-0.4695642593714871,-0.1238478486462406,0.234265142247785,-0.3746239026571542,-1.053411199953998,1.1445266822796831,-0.8379439634720494,1.3237919233244106,real,False
1.375789604928963,-0.0300373617975484,-0.6516781091899915,1.0738484949213365,-0.0518819136943272,0.5913365334088925,1.1969430687239724,1.3237919233244106,real,False
-0.8115484951281259,0.0906158542846051,1.7070778670649922,1.2238374191266184,-0.0859762405199079,0.646346749493271,1.2844246620026631,1.3237919233244106,real,False
1.2584529311724388,0.0795728530079404,-0.276360367354615,1.0607864065947257,-0.3501658108314819,0.7829434946246703,0.5033569122708569,1.3237919233244106,real,False
0.2630914054517819,0.0280761085387505,-0.5987365192985301,-0.7129406686653161,-0.4468855167779456,0.295497550867773,-0.6226239387545841,0.0425762895747435,real,False
1.450122680600198,-1.0815652100625448,1.8072515172708057,1.2960027897122286,-1.379950112215707,1.5184005936406897,-1.0610345595122637,1.3237919233244106,real,False
0.9112632460797844,0.2882632540087887,-0.3058513650248013,-0.4733817781491584,-0.4889071487200564,1.2980941729918942,3.045587052765074,1.3237919233244106,real,False
0.7760977254799863,-1.0473847231505011,2.335817126145456,1.0716312768431275,-0.1614259171477173,0.6683518489951953,0.9525460674439624,1.3237919233244106,real,False
-0.4156468888209896,-1.713975096149657,-0.7183770986900869,-1.1817547562249118,-0.4347271448187236,0.4080173985996684,-0.4977934704084867,0.4281529681939715,real,False
0.7206276671230454,0.8694021029679487,-0.7952228693852905,-0.6373759523774026,0.4023203234051745,-1.576977807061621,-0.9572598328149056,-1.689950991978037,real,False
-0.5126341753604162,-0.3735403521075875,0.1993819121332102,0.1055636015375938,-1.569356095545018,0.7413619796449314,-1.0610345595122637,0.1783600852952068,real,False
2.0630831284669644,-0.3830405366072099,-0.3377785202034758,-0.4062393669266024,-1.0839110504555889,0.9807088252080975,-0.9442253260799716,1.3237919233244106,real,False
0.7931843746468481,0.9387120082318328,-0.3664620296065551,-0.1050414489960923,-0.7038104881274073,1.203464332426583,0.4088567384425863,1.3237919233244106,real,False
-0.900948262085931,-0.7177692939098791,-0.2434351493070897,-1.1748286922014337,-0.0816537388914596,0.2373390046497734,-0.0834465543922235,0.5709211043902227,real,False
1.596640430001195,1.1827826785110018,-0.6969511762260913,-0.1382798581497484,-2.085389302014161,2.681568708781626,-1.0610345595122637,1.3237919233244106,real,False
0.2279608102352372,-0.8839265875024607,-0.1736438676861246,-0.7549767364437674,-0.0366707844777396,0.3305568025371776,0.2599625653550725,1.1814346306855588,real,False
-0.0631823341772237,-0.1469771109157425,2.2025674407169005,1.4103958119601578,-0.6914662912371544,0.9773558541024856,-0.1914825621375408,1.3237919233244106,real,False
-1.5659140655912516,0.0939267433485026,-0.6068035940954731,-0.4663843400635163,0.7526139223454417,-1.355359040254324,-0.7482063978738508,-1.4440611228745657,real,False
0.0576220655787396,-1.2258111325794356,-0.8419254571669009,-1.1529786230207173,-1.721746971218024,1.005667928170519,-1.0610345595122637,0.53805361979828,real,False
0.5026102313293439,-1.027601441780757,1.161426751011805,0.3457977414271307,-0.3187791156624285,0.4215891301481375,-0.2769588466877802,0.7364910580221342,real,False
0.7626516989089427,1.1474540632034065,0.2594391538051832,0.7066425563292745,-0.5120190452633777,0.7215503768295658,-0.1985011426871206,1.3237919233244106,real,False
1.5811000538606312,1.4136438856273397,-0.8743696593080482,-1.510141244011834,-0.3129294511211227,0.3439064229970169,-0.3792295918387998,0.4336993562188618,real,False
0.925899430028014,-0.6696509179762075,-0.6628308459983929,-0.987016512380968,0.6358833069312808,-0.5809254605470472,-0.0433403798231963,-0.5597203655726068,real,False
0.0885630422623362,-2.8897671755495784,0.1379761097946109,-0.2790913476649142,-0.5425191149477648,0.6584174046072434,-0.3699550389697122,1.2979087792082558,real,False
-0.8487978853075674,0.6810412028055698,1.3535636754293416,1.8178921814976503,-0.834775955998578,0.7022273984981555,-0.7747767385258314,0.8753561804230922,real,False
1.0523399543662717,-1.49779101606029,-0.6024290823338935,-1.2174114539691463,-1.5350248812513074,0.7198381458442753,-1.0610345595122637,0.1721974319342176,real,False
0.3633907030766355,0.1189875347769719,-0.3831334488241506,-1.050002472644083,-0.4797594400868853,0.3679208699608016,-0.5998135519684499,0.2143088965676442,real,False
-1.2721152011087111,0.682494840276362,1.8868805473743195,3.408825736926241,0.9018143803886692,-0.4749629041047493,1.271139491676673,0.0019027773922143,real,False
0.4929585299991434,0.0701933333274695,-0.563863711316841,0.4439283882151863,-1.8859279165577283,1.9840193367817545,-1.0610345595122637,1.3237919233244106,real,False
1.6582037124096858,-0.1493513540578015,0.1208497334549903,0.0581364488966564,-1.8405269820152563,2.5282231946534544,-1.0610345595122637,1.3237919233244106,real,False
-0.0063908315830062,-0.5119648738820117,2.6660858533795624,1.1018622815507058,-1.629157617543424,1.0685891474533242,-1.0610345595122637,1.007442384126962,real,False
-0.2375845309838143,0.8217562897558267,-0.3840231703044661,-0.6897773175770066,-0.2827820118713375,0.4212058165551504,-0.201759769370854,0.8301633891091709,real,False
1.3389671322489365,0.3507168555569013,0.4911799195781511,0.3105030692728465,0.8430003022347337,-0.3296307470646263,1.7130594027091424,0.1567907985317444,real,False
0.2719701078628014,0.2787757209921294,-0.4441370962125422,-0.5456049957279265,0.4266455457568087,-0.1792616145685069,0.3399242509020707,0.2311534824210148,real,False
0.921827324875156,-0.21854160286778,-0.280414573701771,-0.8670663614468964,0.9748668789240053,-0.6669558229176026,0.7893640696662327,-0.4436570606073091,real,False
2.117072064071825,-0.0023840986249625,1.263824131229323,0.7602368577126924,-0.1549668245820461,0.6409369928462965,0.8615551838904818,1.3237919233244106,real,False
-0.8882885902547422,0.7803067643921191,-0.7837147263632845,0.4243392494681959,0.6218869478528832,-0.3337235796554793,0.5504816673894639,0.0142280841141929,real,False
0.5187872770750074,-0.2510420791740576,-0.2778305532287869,-0.747811299996208,-0.8623604268059326,0.85766807919833,-0.7093535412601056,1.3237919233244106,real,False
1.5921618692549493,0.3670289489328359,-0.3625660032489629,-0.4241940697696602,0.7048733900129205,-0.4736275709719225,0.408104747669417,-0.269870235827412,real,False
-0.8979822140922815,-0.0120408308301303,1.1969400606691736,0.599968097021525,0.6691701868155048,-0.5259915489111984,0.1591958017503914,-0.4251691005243413,real,False
0.4381033154809511,-0.3133795986863918,0.0168556410315402,-0.4332730559542886,0.3457152401951321,-0.5468993676819317,-0.4855109544467221,-0.8095132484713715,real,False
-0.1057297890711252,-1.0104636015206911,0.1764798026148922,-1.0760509559914448,0.4107833615089488,0.1352392139046696,1.5794557086760703,0.7114296010207779,real,False
1.5007738056128297,0.2066790049648336,-0.0255308030647814,-0.2382106367576571,-0.6799433198923932,1.033235962263414,-0.0288018915419239,1.3237919233244106,real,False
-1.216089426194694,0.1198043786040512,1.742805623587355,1.022357182120495,1.1733421779880744,-0.7423427154695008,1.476182309160825,-0.3731973905133319,real,False
-1.216089426194694,-0.1532129128135205,1.742805623587355,1.022357182120495,1.4546945895986798,-1.0429949054298298,1.5686771742606442,-0.7384373130412953,real,False
-0.4877083902908646,0.2793945105492187,0.7168635750175957,0.5488947357780259,0.3096771223142665,0.2768036561809401,1.753416240869226,0.7876410809183451,real,False
-0.4377646953165002,1.7629787457543469,-0.0605606237053176,1.5016843368824302,-1.8618722543293431,0.972152975247628,-1.0610345595122637,0.073800399937089,real,False
0.8218106409250168,0.5928203523192809,-0.9551525478669324,-1.8387022086943356,-1.755333078073347,0.9293089330935644,-1.0610345595122637,0.2664860283573533,real,False
0.0482819796753148,-1.5336589345120475,-0.6004445227008679,-0.1637959378344461,-1.8875051888813452,0.9292964951174248,-1.0610345595122637,-0.0640376135703706,real,False
0.4152761463824378,-0.8619087850374172,-0.224759139162099,0.0366880996069082,-0.795331376170705,0.8453655748871712,-0.6130987222944402,1.3237919233244106,real,False
0.6321070842455113,1.2254111588338024,-0.0930914180373887,1.9948233375988869,-0.1840751807779485,0.466122584075243,0.1519265576097553,1.3237919233244106,real,False
0.4583742509257218,-0.3510261062130838,-0.6405997873185485,-1.370758130437699,0.1888388862331207,-0.095172173661761,-0.0847028803105982,0.0509476379003112,real,False
2.516348043283384,-0.1371127800821655,-0.5430477094848936,-0.3683220721072022,-0.4105633334670479,0.5489600632786664,-0.2636736763617899,1.094130374738211,real,False
0.2582616697537963,-3.835256417068581,-0.6055850824531172,-0.8711363676884614,-2.0589561469014512,0.165998389190764,-1.0610345595122637,-1.093816990191676,real,False
1.407264506853931,0.8108598049687384,-0.6472610519183689,0.9216164311524028,-0.2515279043925699,0.6995613094665883,0.633952643211252,1.3237919233244106,real,False
1.6895891204657134,0.951747820391217,-0.5875920886009856,-0.1401406350970969,1.2962005558056329,-1.0854859535298882,0.5913398327316605,-0.9674825962913962,real,False
-0.7000817511077015,-1.0696493675434382,3.1640338762721414,1.0868875533634996,0.4405895962445965,-0.0518190327258409,0.8252089631873009,0.7323826224481413,real,False
-1.602948824073151,-0.5862426910694055,0.0589105697230354,-0.4505689113726281,-2.2386511787340493,1.362471937194672,-1.0610345595122637,-0.7409023743856911,real,False
-0.1815185146220466,0.1090108328180917,-1.0700281709297084,-1.3257562570404542,-0.236024675228817,-0.0629305097538868,-0.6812792190617866,-0.5611583180235044,real,False
-1.784168360258183,-0.9047130249719848,1.7690975550672643,0.4142712596189905,-0.2408630937578137,0.3046754776029011,-0.3047825052950429,0.4423270709242468,real,False
0.8907906402715483,-0.6728931587944633,0.8403778840503976,1.5453741378044676,-0.4823819644372498,0.660672851658804,-0.2361006813455837,1.3237919233244106,real,False
0.3509202162792213,0.1271141433250785,-0.0273822140734632,-0.1400013094849586,1.857276004523178,-1.3665003489030272,2.4565276137824856,-1.0258223814420946,real,False
0.4077962806060932,0.2283060140274472,-0.471382274063323,-0.1965679448294346,-0.9656811523020732,0.6480646770667544,-0.9206629485206682,0.4969692640583516,real,False
-1.2925025046480303,1.0239809452155582,-0.7293052938707276,0.0632081125642213,1.927981535686297,-1.6055122478370525,1.4075004852113655,-1.2581544131513895,real,False
-1.2925025046480303,1.1173763556163314,-0.7293052938707276,0.0632081125642213,0.7678358593007284,-0.4362082912377238,0.7755775721581296,-0.0899207576865255,real,False
-0.3690845543806098,-0.046967191272275,2.298405931422426,1.5728250032390598,-1.872752869011146,2.433249569168276,-1.0610345595122637,1.3237919233244106,real,False
1.1253292406711932,1.1001792202591412,-1.0154754691176684,-0.8983184164942052,-2.2859234080498023,3.2056405890244912,-1.0611117638983092,1.3239973451031108,real,False
-0.1333706643292885,-0.3432163959036324,-0.2835666362557658,0.8664141381389777,1.8834283166340169,-1.5469061619753963,1.4526199316015214,-1.2119345129439705,real,False
-0.1333706643292885,-0.0739075770578017,-0.2835666362557658,0.8664141381389777,0.8657918497256037,-0.5043342908554962,0.947532795622834,-0.1503147606242203,real,False
-1.1542585404417145,-0.2318090137878188,3.2129758529640995,2.7084206610546397,0.175925765970323,-0.0955883681531523,-0.1328272818303384,-0.0116550600019619,real,False
-1.1542585404417145,0.9310328269016452,3.2129758529640995,2.7084206610546397,-0.7817893034569927,0.2409871310755393,-0.916401667472709,-0.4023672830886811,real,False
0.2848714978891966,0.4581353392527608,-0.2597695393143148,0.4480516162229943,0.6886331380363268,-0.5284260023888004,0.207824538415337,-0.413870902695861,real,False
0.9076784828297412,0.0045661238736835,0.3200337596578658,0.0808833162832234,-0.1059216459509379,0.2897087461534283,-0.0370737900467857,0.7323826224481413,real,False
0.0163078921692779,0.4321031720751608,0.6095805325536908,1.5932189960437275,0.0680877600346069,0.3277395090461019,0.6424752053071703,1.3237919233244106,real,False
0.7107267578191643,-0.7799419364826653,-0.0767057586257764,-0.7443259941269943,-0.6983926314837953,0.768736676806529,-0.5241131474694108,1.3237919233244106,real,False
-2.199027790021417,-1.0842629530926238,4.8948334731158605,2.383202045563785,-0.0867975048967985,0.5677476626151707,0.8876241973603496,1.3237919233244106,real,False
1.2135931371732402,-0.1969937972532985,0.1408124813424173,-0.1760032930044655,0.3149633548396565,-0.3704090159087332,-0.3123024130267355,-0.494190818167421,real,False
-0.59951993509801,-1.1092525481138025,0.0126523673436185,-0.856702347755286,0.5119799908114494,-0.5454294877976831,-0.2318394002976245,-0.5691697673927903,real,False
-0.1226911161045693,-0.4133028517147654,2.301612294227569,0.9967591283226276,-1.4703194475210415,2.5869062886328726,3.045587052765074,1.3237919233244106,real,False
1.1119548178494734,0.417284217263944,0.728994022332974,0.605423751433752,1.0308756216972028,-0.4922745557250796,2.0354127808076994,-0.1944804430446433,real,False
-0.0696069488636347,-0.1515708109705152,-0.1792020556441,-0.8070182288291392,-0.0498488709219266,0.6348837073287926,1.4566305490584242,1.3237919233244106,real,False
-0.8313184064218827,1.6343659114320075,-0.240084743284088,0.4618330856078412,1.2793816645153977,-2.1237420676011927,-0.8284187470119054,-1.710082326290602,real,False
2.738274671981637,-1.740197974088975,-0.7597953924483456,-1.0286130387124437,-1.2001823725460203,1.92630506286016,-1.0610345595122637,1.3237919233244106,real,False
-0.6040479387189014,1.8614961825675755,-0.3053650046461446,-0.0995400881457497,-0.16352081071709,0.0062356377636507,-0.547424861437658,-0.3290317080929089,real,False
-0.3348558862308519,-0.0043050908404806,0.8377023311471173,0.515955858212868,1.0480590336898674,-0.5769838276792901,1.6140472842418565,-0.0736924371692538,real,False
0.7646119196308464,-0.2248450708615712,-0.0874577867218583,-0.2799832485356162,-1.239887529177513,0.6843813046732766,-1.0610345595122637,0.3759758364042624,real,False
0.7646119196308464,0.0658110676579145,-0.0874577867218583,-0.2799832485356162,-1.748645506221015,1.6792623069718708,-1.0610345595122637,1.3237919233244106,real,False
0.3956398350805187,-0.0082436952907677,1.3829752222221083,1.1535891564335028,-2.107634068483202,2.8813163765916565,-1.0610345595122637,1.3237919233244106,real,False
1.023723449796998,0.2385865113252767,1.1611521161612828,0.9869071174108306,-0.73518322305908,1.025537077575643,-0.2258234741122704,1.3237919233244106,real,False
-0.3492871375471261,-0.8577191703516948,0.8729741471518812,0.0204796227099805,0.1567697709480309,-0.123959951240022,-0.2203088751090292,-0.1402490934679378,real,False
-0.1421736202824359,0.7196203213409373,-0.4896241345859649,1.550066488720589,-0.2357113795060885,0.5412636429730034,0.1845128244470899,1.3237919233244106,real,False
0.842511977175823,-0.5260758590978842,1.2253028712156957,1.281391688448523,-0.9258915137585136,0.6186905986216779,-0.8983538889166467,0.4419162273668475,real,False
0.4613177109281844,0.5126401099788758,-0.3962810203426395,-0.0291538290654096,0.9699197949426732,-0.7931672392114039,0.3544627391833431,-0.7146083867121369,real,False
-0.2332601826024653,-0.862897187242673,1.2533536048434906,0.8178196319009019,0.8461935573694236,-0.6606976900480684,0.3324043431703781,-0.5582824131217093,real,False
1.5086945598705277,0.397972334497785,0.0291989366171655,0.8106684967666409,-0.6373600597061415,0.4031698172968323,-0.7464517527364559,0.1070787280864311,real,False
1.433771223319687,0.8197725294720857,-0.6549465703526914,0.334342495828992,-1.145137717362975,1.0563469519264026,-0.9933483713464804,1.3239973451031108,real,False
-1.556165815583046,1.230788735364483,-0.6323733129818215,-0.0202992842832601,1.2271409115989675,-1.378863174313148,-0.2581590773585487,-1.3306683010323632,real,False
-0.6241871497172906,-0.7932049377778126,1.669752915980929,0.8195431166454459,0.2030719382510957,-0.6431418174036664,-0.7063455781674286,-1.089297711060284,real,False
1.015090047587074,-0.8810729322107259,0.2124616717826371,-0.7044602774691526,-0.2009195134136536,0.6956560803882849,0.8668191193026666,1.3237919233244106,real,False
-0.1659272622855197,-0.4344999514874927,2.8368444851515355,1.5932282862749887,-0.0199786644368692,0.2288487184312397,0.0546690842798641,0.7165651454882689,real,False
-1.450487588131577,-0.4754797726171605,0.5168073696450832,-0.4088512757080365,-0.0926327347066027,0.2535415155005979,-0.0776812917979259,0.609745820564455,real,False
-0.5568722200950843,0.6450247953944032,-0.9470950365554468,-0.7711258664505853,-0.114532891159135,-0.2441266295336273,-0.6990763340267924,-0.7729481718628353,real,False
-0.5520313943408544,0.5507184508479559,-0.1396243738180489,-0.1336963590826016,0.8950229580034527,-0.293152170555038,2.385088490331406,-0.2507660104083453,real,False
0.1081187592491675,-0.7010140631901831,-0.554127183288441,-0.9451359447078548,0.3770069736655533,-0.5646057283200905,-0.4649565399800956,-0.8021180644381843,real,False
0.1538691206082393,0.6327117009743517,-0.7622541174969705,-1.2999850879584658,-1.6614588895017388,1.3259543533700655,-1.0611117638983092,1.3239973451031108,real,False
0.5642086263124696,-1.3076535050137632,-0.4862555391811135,-1.0628048759851103,1.3353297051548316,-0.7840577730086372,2.416421439213458,-0.674961983423106,real,False
0.7926361257737468,0.1884217380716519,-0.3787906566527099,0.0446153869544989,0.4386006191235831,-0.6535474640259529,-0.4835056457182707,-0.8803837621227479,real,False
-0.2184372910521458,1.0238346151380249,0.1124949875533407,1.7479194613569764,-0.7436480197978838,0.9112694249012452,-0.4366315541907201,1.3237919233244106,real,False
1.4208790874816766,-0.8453480032274264,0.963067389910062,-0.8669733586705233,-0.4407733102181554,0.338298917038638,-0.5772538287733721,0.1810305684183022,real,False
-0.5604697078130227,-0.6968147879030372,-0.3896705035246983,-0.0789241933463856,1.550041786111916,-1.444298428560714,0.368750563873559,-1.283832135488845,real,False
-0.5604697078130227,-0.4252338208892942,-0.3896705035246983,-0.0789241933463856,1.5120066284722034,-1.4574980799809514,0.2188537364218195,-1.3125911845067948,real,False
-0.5604697078130227,0.4432742467747588,-0.3896705035246983,-0.0789241933463856,1.0506465130694749,-1.1579950769558052,-0.2265754648854397,-1.175985701671533,real,False
-0.5573979235604956,0.5098009978761386,-0.0745933589611681,1.359299314040795,1.0472317977951806,-0.5664611537271338,1.6714492465937765,-0.0387707347903147,real,False
-0.5573979235604956,1.109544570398574,-0.0745933589611681,1.359299314040795,0.2697119109189325,0.016723071365948,0.3847930337011699,0.6943795933887076,real,False
-0.5573979235604956,1.3280168046598564,-0.0745933589611681,1.359299314040795,0.8912988645460889,-0.7991702328958941,0.111820383040728,-0.7795216687812238,real,False
-0.5573979235604956,0.7564689725959394,-0.0745933589611681,1.359299314040795,0.705774975002806,-0.8282031193658959,-0.3205743115315974,-0.9118132942637932,real,False
-0.5576547547971754,0.8213343268674466,-0.4443983727577509,-0.0618469446536841,0.919269956190762,-0.9632120567706186,-0.1518777147506264,-1.0017880333342364,real,False
0.4394229692957962,0.2549736186307382,-0.8155919436384002,-1.2543250368169472,-1.496261217678628,-0.4303289396372513,-1.0610345595122637,-1.323889382335275,real,False
-0.2089839536709979,-1.1624159758413053,-0.1086028029257874,-0.4596930377410491,0.2016274998338141,-0.523099732743555,-0.6211199572082456,-0.9259873969940684,real,False
0.288758482002362,1.17219072239692,-0.2744348434425454,1.653551791686796,1.2422202257863295,-1.3088714153966303,-0.1147795032742761,-1.2645224882910786,real,False
0.288758482002362,2.0144237216636376,-0.2744348434425454,1.653551791686796,0.6795008849843694,-0.8987663946354881,-0.4469087614240333,-1.0067181560230278,real,False
-0.1428917048370747,0.7628396478819021,-0.6697728103683135,-1.2582857204218172,1.188719258270993,-0.7272289033541005,1.6631773480889147,-0.3033539857554536,real,False
0.1408301508525204,-0.2962083893615913,1.5671566357133482,1.8270066563898435,-0.9484848355557376,1.032473405426741,-0.7186280941291933,1.3237919233244106,real,False
0.5893993772944348,0.1604314796139233,-0.8395523629339013,-0.951862544778042,0.5621756833043707,-0.8641373584426466,-0.5506834881213915,-1.0660850500672243,real,False
0.2003330701367913,0.1934905596529034,-0.7652709756677798,-1.07767354340523,0.1059770451476782,-0.5364215660333738,-0.7126121679438391,-1.0252061161059955,real,False
-0.0448530495069009,0.2901710071851778,-0.773415164392775,-1.0952475490829126,0.342011904687866,-0.575255534452213,-0.5190998756482825,-0.8627174891545788,real,False
-0.6607216433200171,-0.7918495254268927,1.036402871578259,0.4506123776529621,-1.1215950288644263,3.055130656845618,3.045587052765074,0.1980805760503725,real,False
2.473417168860893,0.1918156433299509,-0.2863911089994969,-0.4366461610544024,0.3040723887144796,0.2012399088320826,1.2736461275872373,0.967179715501832,real,False
0.7725755589833063,1.2964801415931413,-0.6177705899459569,0.6648234333277848,0.2505216701754748,-0.7724744007955291,-0.7497103794201894,-1.2059772813616805,real,False
0.5035118331524651,1.0611474003121473,-0.3819681239967424,0.2147723329800906,-2.131748001458787,1.844876020769826,-1.0610345595122637,-0.155655726870411,real,False
-0.2410975985218545,0.026994534503897,0.3261619013259957,0.334342495828992,1.0654378065536885,-1.0792388384039409,-0.0606361676060893,-1.0839567448140932,real,False
-0.2410975985218545,-0.4448675741723253,0.3261619013259957,0.334342495828992,1.067200847411905,-1.103390493866911,-0.1019956601303987,-1.1112778413811455,real,False
0.0424517041303081,0.3317691481025024,-0.4285191051719328,-0.4533267732066537,-0.2091824896935102,0.1399357306116909,-0.4677138394817162,-0.0457550752661025,real,False
-0.5573028115188029,0.1124516888345024,-0.3820568585961099,-1.3531050733439312,1.9000585360499045,-1.470324683328058,2.0386714074914325,-1.076972404338305,real,False
1.196411352575902,-0.0144121545396792,-0.1672507316865557,-0.6868490785616491,0.4338663858160347,0.0140874857266173,1.0766245450168903,0.8815188337840815,real,False
0.1932657548727134,0.8161499789849805,-0.0793120316169364,0.8025544396613746,0.8602758456603017,-1.515083452649867,-0.7677581579762517,-1.506920187156656,real,False
1.4862023230782075,-0.505785428316179,-0.0355024129897881,-0.4933223632032579,-1.645977451391958,1.4702867102157104,-1.0610345595122637,1.3237919233244106,real,False
-0.5574751724673026,0.1775449605751456,1.635762497230476,1.8349049549059369,2.1540763362048763,-1.775677570426189,1.9085770037331504,-1.313002028064194,real,False
-0.5574751724673026,0.7472283479681986,1.635762497230476,1.8349049549059369,2.2503764125276056,-1.993460025377369,1.280664708136817,-1.4906918666393845,real,False
-0.5574751724673026,0.7105478525435908,1.635762497230476,1.8349049549059369,0.975256131420637,-0.6490790926150947,0.8613045202994254,-0.3990805346294868,real,False
0.0790203607004367,1.4487125643147518,0.3607282586998109,2.0244061755474525,0.0764273696315284,0.041114262814708,-0.0972330519003267,0.2175956450268384,real,False
-1.2201822720370747,0.343422531685184,0.108116688585481,0.1018490730211258,-2.094734880063996,2.8456410913238432,-1.0610345595122637,1.3237919233244106,real,False
-1.574323770204316,-1.0644149141970436,1.2896960805272353,-0.3374943563831128,0.3485876951272366,-0.6163647178007658,-0.5514354788945607,-0.9220843831987752,real,False
1.9887065674565276,-0.0162212034986094,-0.306626391846459,-0.3567977152845857,1.1035994870378043,-0.6832325549774211,1.3709036009171285,-0.3125979657969375,real,False
-0.5554388601205662,0.8495958726900524,0.173826777660547,0.4094003726182213,0.9495544370454666,-0.8844371154454855,0.0692075725611365,-0.8791512314505502,real,False
-0.5599028589180669,1.2070282718743797,0.6233829397738034,2.055976789194265,0.2381453177041566,-0.5685178614657562,-0.6228746023456406,-0.9592657251434104,real,False
-0.5599028589180669,0.6067695151178543,0.6233829397738034,2.055976789194265,0.2149680307109235,-0.5387700789079419,-0.6211199572082456,-0.9368747512651496,real,False
-0.5599028589180669,1.5611948864548786,0.6233829397738034,2.055976789194265,0.6986852515661789,-0.8900834613988667,-0.4110638679029652,-0.9909006790631554,real,False
0.1921133964143542,0.3678604179308452,-0.6441504479565893,-0.5554480333682272,0.9067656630224866,-0.6385657932380038,0.6128969015625126,-0.452284775312694,real,False
-0.9348043705839184,-0.6239103206164364,1.414823735720408,1.5046814823242511,-0.2270026111244252,0.5892133813252893,0.3524574304548917,1.3237919233244106,real,False
-0.750272914643445,0.8121319002539132,-0.2544226365974973,-0.6111284750442739,0.8391741236774621,-1.3575651924545282,-0.6890497903845356,-1.3916785693061569,real,False
0.2211066540452675,0.6059717588484073,2.094783169124949,1.9059544672617663,-1.309409779000524,0.9184856663830352,-1.0610345595122637,1.1430207580687255,real,False
-0.8658528641604177,-0.2589210196886837,0.0285644035296018,-0.2350902420568408,0.8206819965759116,-0.3719302610128391,1.3297947719838754,0.2167739579120399,real,False
-0.8505545907700643,-0.604623391505432,2.437474729040723,0.0204899402744655,-0.1272809251269176,0.3499187374286591,0.0376239600880275,0.9560869394520516,real,False
-0.038255754713126,-2.8853668658413416,-0.6310861761595764,-1.096714533814208,0.1568353012762972,-0.8936645612901557,-0.8554904148459989,-1.3666171123048003,real,False
0.0663679558395273,0.3302326916634715,-0.3570923645741153,-0.4355554925261531,-0.1380582407493878,-0.3754760887069736,-0.7908192083534423,-0.98247838613647,real,False
1.352320879759114,-1.5031010820639468,-0.4364520138359342,-1.049998291093781,-0.7040705070052389,0.1537667244620156,-0.9006098612361545,-0.519457696947477,real,False
1.2919030430837035,-0.2555637535059881,-0.7133405518381862,-1.307926516263746,-0.5708205488700934,0.5526209031386642,-0.5479261886197708,0.7274524997593499,real,False
1.8870247744141884,-0.770590052228102,0.4920681218576485,-0.3722590972338479,1.0890482997516997,-0.6423991684851496,1.5035046405859749,-0.21358466846371,real,False
1.2424762165264889,-0.2249386276172329,0.806309403699638,0.3528369051929725,-0.8885718152564871,1.9948409541157728,3.045587052765074,1.3237919233244106,real,False
1.119308665283591,0.4221510630047549,-0.4319412035586193,-0.3923233096508344,-2.0584402530250414,2.127282175526049,-1.0610345595122637,0.5066240876572348,real,False
-1.3604428855615387,-1.2426693031659428,0.8925673529865217,0.2912408350304608,0.6553920723562127,-0.2607072978159644,0.9708445095910812,0.3135276156795713,real,False
-0.7956431748859663,1.1642193907100011,-0.6756796764576266,0.9844331291513426,-1.47835890447351,0.6405783134448872,-1.0610345595122637,0.0479172558209341,real,False
-1.5659885924155197,0.2697972027428205,-0.159106154544826,-0.0173445389544971,2.125286432231256,-2.964974476941953,-0.7757793928900572,-1.8785281848243085,real,False
-1.5659885924155197,0.7156224723044778,-0.159106154544826,-0.0173445389544971,2.220072051048977,-3.056342912215742,-0.7680088215673081,-1.8906480697675876,real,False
-1.5659885924155197,-0.0826105813070949,-0.159106154544826,-0.0173445389544971,0.7740895490540798,-2.0083241266532346,-0.9572598328149056,-1.77437934302359,real,False
-0.1724658657425054,-1.015862424115958,1.367024276945505,0.0455640548163908,-1.5147417945570607,0.7215623027581766,-1.0610345595122637,0.2021890116243653,real,False
0.6202352623642216,-0.7653968725494362,2.4063590412779807,1.0302988994497106,0.147871150625254,-0.4740655618335948,-0.6331518095789538,-0.9017476271075108,real,False
-1.5331973913639745,1.874866808247009,-0.683939379678003,0.2375898045123394,0.5519429279769421,-1.2761997152485716,-0.8270200441738106,-1.5031322095574349,real,False
-0.3191084693170954,-0.5136917561839449,0.0670669781058449,-0.8749408598213921,0.1872857591476565,-0.304900840203903,-0.422845056682617,-0.5461625281784305,real,False
-0.2170314085700378,-0.4486109997305337,1.8224838996665216,1.0989827455814598,0.1603693616144264,0.1000300182085161,0.2614665469014111,0.7147163494799721,real,False
1.1103615982524035,-0.557955110713915,2.001279135300494,1.2084582731177695,-1.585423585459806,1.1090434826884823,-1.0610345595122637,1.3061256503562415,real,False
2.298601208680371,-1.8319309377230364,-0.9879652619029834,-0.7869741657301874,-0.0199941538098487,0.1597255963054498,-0.0902144713507469,0.4193198317098869,real,False
0.6828645516726661,-0.8980204487548085,-0.4643921449203381,-1.1342757266992969,-0.3919088158654727,0.8390411556301857,0.5234099995553705,1.3237919233244106,real,False
-0.3041559762820471,-0.7645340159379496,-0.2120724786405644,-0.6550344219050225,-2.111943252234852,1.2327969289122926,-1.0610345595122637,-0.4054486097691757,real,False
2.076375868705784,-1.806439679230113,-0.3013349041548299,0.8890917582112325,-1.39016876491105,0.7867094563509287,-1.0610345595122637,0.5417512118148735,real,False
0.0405623471436684,0.2514753536210592,0.030600482761405,-0.3600361422646748,0.7121608223236496,-0.4068961726141382,0.6509977674030886,-0.0806767776450416,real,False
0.4630197915719892,0.5683325415317872,-0.037329075662148,1.421951797992481,-0.55511208790912,0.9592202966977884,0.2356481970225997,1.3237919233244106,real,False
-0.3663543143361927,0.0153774398512883,-0.2647158466430161,0.5669230524291536,0.7683539685193393,-0.8637963756998093,-0.2686869481829184,-0.9344096899207538,real,False
-0.3663543143361927,0.3367282869459528,-0.2647158466430161,0.5669230524291536,1.131799812813178,-1.3010137054134534,-0.3025265329755351,-1.288351414620237,real,False
1.99224749882991,-0.3238223823172136,-0.389800789827633,-0.7685826161486432,-0.7696213441280361,0.3622413491931594,-0.8717835482646662,-0.1316213787625529,real,False
-0.683836731230186,-0.5191450065497141,0.1787433567021412,-0.3769246671747034,-1.3165185228481788,0.8674034378772598,-1.0610345595122637,0.9221923459666104,real,False
0.4250878274175286,-0.8437156270452666,-0.04132528890734,-0.7783114343381178,-1.83561866702772,2.90172986830808,3.045587052765074,1.3237919233244106,real,False
0.6901906626174266,-0.559483028978802,0.1484366443594257,-0.6275318527322975,-0.4436690259713272,0.4394613472689167,-0.4759857379865782,0.5286042179780964,real,False
1.1192923159960135,-0.6877135706494064,-0.3401133986819819,-0.7880054892022248,-0.3132509505279449,-0.1789830878898552,-0.8058590238168276,-0.8208114462998518,real,False
1.0499358544042567,-0.4336532012090068,0.3480990189670487,0.7248769816433563,-0.2391043497507654,0.1944627061829286,-0.4484127429703718,0.0661997941252023,real,False
0.9729913614395712,0.0877351862350387,-0.2747931858230659,-0.6985852372003188,-0.4750766612881227,0.5915432298702925,-0.3318541731291363,1.1317225602402454,real,False
-1.5074795847053315,0.6103114162190503,-0.6868933726156841,-0.8775039545001729,0.972305381350299,-0.5565474574009677,1.261112948034416,-0.1425087330336339,real,False
-1.2989480203469883,1.2918974896514213,-0.0422261577736568,0.7108619120760458,2.105581303534272,-1.6556755554661144,2.380325882101334,-1.1800941372455256,real,False
-1.2989480203469883,0.7336801622101737,-0.0422261577736568,0.7108619120760458,1.84960772082499,-1.3970286059194963,2.1559819681058374,-0.9976795977602436,real,False
1.8913271642471532,0.4937359820628139,0.0938684753156927,-0.0876385269048181,-0.240839988715819,0.5817092436416513,0.2797649890485297,1.3237919233244106,real,False
0.8955519978873072,-0.647789579699423,0.6663410070202543,0.2453726115266677,-0.0004123070679217,-0.2861037051832495,-0.6266345562114869,-0.7376156259264968,real,False
-1.038780261547849,-1.0642553854386207,-0.8343212600208877,-1.3883830307694025,0.3369005322237637,-0.4075240538219091,-0.3283448828543464,-0.5432866232766355,real,False
0.722104590740889,-0.7905434265094143,3.201061310144872,1.7519801324308355,-0.2957668133065814,0.9903776876538494,2.0314021633507964,1.3237919233244106,real,False
-1.4387682425667243,-1.2203860201418044,0.3567815452772753,-0.3541431307991952,0.3384326388083163,-0.3095402574047634,-0.1749387651278171,-0.2967804888370651,real,False
0.5375240741504907,-1.058584848504658,0.9550678226918788,-0.196166342621319,-0.4847342765938452,0.920185317125562,0.4028408122572322,1.3237919233244106,real,False
-0.4542684810781525,-1.4124362704910145,3.718940630910057,2.4275435908270437,-0.2418982257737653,0.2345243110663493,-0.4035439601712726,0.1894528613449875,real,False
-0.6276680524084418,-0.970882835545124,-0.5442049683380956,-1.1684489914861718,1.320115336878586,-0.7645427900293327,2.435722535724803,-0.6753728269805053,real,False
-0.2720641445044704,-0.714454056966422,-0.5292538884864867,-1.1580908794816034,1.32628922147931,-1.3925606502015828,-0.0939744252165932,-1.3154670894085898,real,False
2.28362009930908,0.8173482879834187,-0.624384212306005,-0.3948732326071464,0.5286214551853315,-0.0491300353611093,1.293197887689638,0.6855464569046229,real,False
1.2708463497084352,0.4378106766663706,-0.7160623497195281,-0.6859674792156064,0.2990527553689831,-0.7448500241560212,-0.6983243432536231,-1.1416802646286923,real,False
0.9548459582843426,0.9216152246383258,-0.8085251690220118,-0.0297653992922003,-2.294813494613547,2.787631890277062,-1.0610345595122637,-0.5093920297911946,real,False
-1.622286818873364,-0.9696512058644654,3.3646292927802657,1.8252153905066455,-1.0002767770386327,1.6246036883676749,0.4163766461742789,1.3237919233244106,real,False
0.4612943851942,-0.3744304822236452,0.1800281364588221,-0.4114791299639682,-0.891684338054973,1.273336047983125,-0.2386073172561479,1.3237919233244106,real,False
-1.062999055686277,0.4807911262307152,0.3675763859609559,0.6609138421658589,-1.0374679594121867,0.8650048582502772,-0.9239215752044015,1.28394009825668,real,False
-1.5114903373222246,0.1007441552742952,-0.6818625585141925,0.3962568397856041,0.7003943486806959,-1.5306464533368809,-0.8547384240728295,-1.5880617897430147,real,False
0.5507207908310692,-1.162093163696415,-0.7595452011559549,-1.6332267720549676,-1.5004083490675943,0.2378469394053329,-1.0610345595122637,-0.682973432792392,real,False
-0.2067704333567765,-0.972501235165294,1.3078777445974843,0.4753559855761137,-1.8075479690119476,1.2566810846568963,-1.0610345595122637,0.8882977524811696,real,False
0.1616003984931109,-0.3768168375920376,1.6089964631023017,1.6831274626462065,-1.726801695332411,1.3363979137720785,-1.0610345595122637,1.3237919233244106,real,False
0.0559856556868845,-0.6318757307937715,1.3828166062538996,0.5139316354969292,-0.4704908682304167,0.5762257694610545,-0.3451393434551266,1.066603856392459,real,False
-1.0959532354799677,1.2588714499222684,-0.7541727474741148,-0.4513300792895288,1.1261804033600538,-1.625750648424824,-0.6471889706781133,-1.5122611534028467,real,False
-0.478874082289748,0.8258503320396853,-0.5921232362321704,-0.5100472984281952,0.282718238659127,-0.2745331679668811,-0.2243194925659319,-0.3123925440182378,real,False
-0.49482621836703,-0.76930555823295,-0.4412858431407801,-0.7723267746008329,-0.8944053863568854,1.327480708479151,-0.1157821576385018,1.3237919233244106,real,False
-0.8738140462077671,-0.0735467130946809,2.581444832247331,1.5245685993094056,-1.812447781607745,2.282254834486418,-1.0610345595122637,1.3237919233244106,real,False
0.6467885021188847,-0.9176730724218252,-1.0042537469478947,-1.71254355391867,-0.7691522664026437,1.1373433230087302,-0.0934730980344804,1.3237919233244106,real,False
0.3179957085685131,0.1043233145713782,0.2796924167171871,0.1588895598284191,-0.9233680316773312,1.0437754267198045,-0.6614767953683294,1.3237919233244106,real,False
-0.4000158399253584,-0.5189520593576951,-0.609390476965704,-1.1516465691259634,-2.0119520162571702,2.1437667748192117,-1.0610345595122637,0.9979929823067784,real,False
0.3757200185111011,-0.023749326537248,-0.6118188777869711,-0.6215322166427577,0.0161681976658134,-0.3295193550665518,-0.6446823347675492,-0.7953391457410962,real,False
-0.4960511441279759,1.2794188484597186,-0.0536662662673518,0.451510727993466,1.035305407166708,-1.078573066519181,-0.1225500745970251,-1.095049520863874,real,False
-0.4960511441279759,1.2633192232981854,-0.0536662662673518,0.451510727993466,0.836672270696211,-1.1619043016839647,-0.5338890275206113,-1.232682112592634,real,False
-0.4960511441279759,0.1250127034978063,-0.0536662662673518,0.451510727993466,0.8181884606494062,-1.3377509995014143,-0.6918070898861562,-1.3879809772895633,real,False
-0.2720167541002762,-2.200254941170109,-0.2663478859358255,-0.967476985657862,-0.3495161972766626,0.2511099829852421,-0.5424115896165296,0.0559287051902202,real,False
0.4541503931455644,-0.2790864963420183,-0.6055662504369761,0.10439105103886,0.5998481477076322,-0.0560297807915311,1.7123074119359731,0.4184981445950884,real,False
0.6162513291639232,-0.9230883061299174,-0.3604804834146713,-1.5258600108474043,0.1129541101019453,0.0239271081923908,-0.0463483429158733,0.2479980682743855,real,False
-1.0297204503791435,1.066146621983051,-0.7877850104234504,-0.524722548227123,1.1405864376748311,-0.691206184327936,1.556143994707823,-0.2760328891884012,real,False
1.438039150857429,-0.3073271672456971,-0.8239058330669727,-0.0738803336820793,-1.469745020754309,0.8169473831994052,-1.0610345595122637,0.5269608437484994,real,False
-0.6943454659901326,0.3694390017009116,-0.1208310726915284,0.0155389339507076,-0.6160650942261184,-0.7754425496706282,-1.02067772135218,-1.465014144301929,real,False
-0.6943454659901326,-0.5201897812466163,-0.1208310726915284,0.0155389339507076,-2.291009874744741,-0.2548207768869179,-1.0610345595122637,-1.4475532931124595,real,False
-0.0947732149021716,1.7483480453908675,0.6663829977195002,1.8904689224657576,0.9834199550783213,-0.5572364381114808,1.321272209887957,-0.1258695689589629,real,False
0.7431836766099105,-0.0277985810967001,-1.0950373148737622,-1.5760701218534556,-0.1415802688459557,-0.0554120632524769,-0.5792591375018235,-0.442013686377712,real,False
1.6884540134262072,1.234561965528518,-0.8579882165868712,0.2156613646244332,0.7744838879675565,-0.9599020580946774,-0.3902587898452823,-1.0482133553203554,real,False
1.8295314105978395,0.3857163663433184,-0.4914405792000182,0.229767308392291,0.9734738379874652,-1.093130251387494,-0.2616683676333386,-1.1326417063659084,real,False
1.8295314105978395,0.8812838916968243,-0.4914405792000182,0.229767308392291,1.2649791505108694,-1.4416934931416592,-0.2877373811032063,-1.372163500329691,real,False
1.8295314105978395,-2.779793076622224,-0.4914405792000182,0.229767308392291,0.8312323947935407,-1.0406190817243572,-0.4095598863566267,-1.119083868971732,real,False
0.8968197851120897,-0.7051489037071128,0.0932977646037572,0.2604002910310106,2.285084652481346,-1.9493056400030715,1.7426377064538,-1.4286544894720925,real,False
0.8968197851120897,0.3829428213026093,0.0932977646037572,0.2604002910310106,1.3797482298809003,-0.9646617990766264,1.5335842715127452,-0.6542143837744422,real,False
-0.3503032308785131,1.3678022014922446,0.0524802719300162,1.0789770575463389,-1.9039937714477304,2.4610459053204554,-1.0610345595122637,1.3237919233244106,real,False
1.8048507850315,-1.111319660325889,-0.6757602626775268,-0.4038487842164689,-1.1950346052753476,1.087409657316046,-1.0610345595122637,1.3237919233244106,real,False
0.7833071348402572,-0.0516236282443171,-0.9334083188824536,-0.8389204620559424,-0.3086330162590295,0.3115008322702206,-0.4143224945866987,0.324004126393253,real,False
-0.544804721599566,1.105593100398999,0.0300565893742731,0.262416425638864,1.9570583892625448,-1.5092002604267731,2.22090383818945,-1.085189275486291,real,False
1.47193410175459,0.9212886956856668,-0.9378153483829348,-0.7652282201690395,0.54096400345197,-0.8309577371660203,-0.542662253207586,-1.041023593065868,real,False
-0.358225412915694,-1.0639119574811438,-0.2510405936958418,-0.8917471681407183,-0.9850139309499492,1.3999037142667976,-0.3478966429567472,1.3237919233244106,real,False
-0.3661569876915094,0.9991629048123992,1.302032709909518,2.3749265651728657,1.0392134021096289,-0.4416907267975156,2.494377816032005,-0.461528755354178,real,False
-0.3661569876915094,0.9985846201520088,1.302032709909518,2.3749265651728657,1.1384940475535903,-0.6241635857666205,1.9607150306728856,-0.2437816699325574,real,False
-0.3661569876915094,-0.3031729699439336,1.302032709909518,2.3749265651728657,0.6870785986650078,-0.2224825742850284,1.322525527843239,0.504775291648938,real,False
0.7493541641790918,-0.4748244827792928,0.7950644478196648,0.4081651429311753,0.2732476440032156,-0.866699671169721,-0.7850539457591447,-1.2875297275054385,real,False
0.8003506105772416,-0.7069628399000687,-0.3333236142532003,-0.5328920975635348,0.4141427420614862,0.1095406572146943,1.4516172772372955,0.757238657670798,real,False
-0.1656261949061435,0.8966313312788933,-0.4530299001365359,0.3503887570403364,-1.4280991520005246,0.5346091713383352,-1.0610345595122637,-0.141892467697535,real,False
1.0808601513342904,-1.0903203901130232,-0.310072248870365,-1.1634656113281847,0.4496751371754693,0.055665880224583,1.3756662091472005,0.7432699767192223,real,False
-1.0765863860195006,-0.8926953741327661,1.7023315208948144,1.3569537920454209,-1.7294277085161451,1.2169383453606315,-1.0610345595122637,1.1378852136012347,real,False
-0.596648796205816,-0.6476893165513905,2.810731791219593,1.391768105961538,0.7233675862371756,-0.4407309843685575,0.5783053259967266,-0.1620238020100999,real,False
0.8242741676879071,0.0932151607368484,-0.1838535554050354,-0.0048129041923891,-2.041300382894589,2.467151114199285,-1.0610345595122637,1.3237919233244106,real,False
2.231745221197331,0.6093866806714857,-0.3654215429809038,-0.1479366070519639,-0.3305446068721481,0.5368665363098097,-0.0984863698556088,1.2767503360021926,real,False
-1.1082053073665863,-0.4441316690420171,0.8568511374652762,0.8414087034534303,-1.2809978509717594,1.037193353237723,-1.0610345595122637,1.3237919233244106,real,False
-0.3014988529892797,-0.4953317663290773,0.997296329709674,0.5064396302569076,-0.1788672948083442,0.3082820143099463,-0.1726827928083093,0.6089241334496565,real,False
-0.437660616739819,-1.063267834135169,0.0063268994308646,-0.924832984402194,-0.0119152155270356,-0.0098627492030571,-0.3506539424583679,-0.1347027054430475,real,False
0.8052751453488578,-0.7417997692389349,2.040336087995978,0.6889059898078507,-0.5309733946726368,1.0686869799595762,0.7800895167971451,1.3237919233244106,real,False
-0.3579307491712598,0.9704019220832504,0.7743168881831437,1.23688742121372,0.5823002944056233,0.1193643375767775,2.9438176347961678,-0.1153930582452811,real,False
1.819893888516932,-0.1237482450707585,0.695775344432087,0.3799836391228953,-0.3691990650172067,0.7626508989550911,0.3547134027743995,1.3237919233244106,real,False
0.5823970332294093,0.4345113373341256,0.7691061343610448,0.7751814483231271,-0.245083257489689,0.8627410241227084,1.4992433595380157,1.3237919233244106,real,False
0.9626138665087456,-0.4867220514465009,5.421087477398504,3.6885247453594174,-1.1452121867121248,0.7507259631988666,-1.030704264994437,0.6713723541743477,real,False
0.853824158561637,-0.1074055315399677,1.30757949796019,1.383483010190031,0.0670079968968872,0.3687133255380693,0.7966333138068689,1.3237919233244106,real,False
-0.1863796318437519,-1.6886666277062004,-0.544541858561048,-0.1435834591233328,0.6452388291256484,-0.0933771722389077,1.8000396688057203,0.3248258135080516,real,False
-1.5404381294606868,1.8228855257130832,-0.7957677028762615,0.154682278468136,0.8621752350328205,-0.9510982537305416,-0.2386073172561479,-1.0089777955887238,real,False
1.2387542813621075,-0.0617006447794058,-0.4190998233904947,-0.9888154127254324,-0.4868864580022574,0.9206926127161852,0.3950702409344832,1.3237919233244106,real,False
0.2649570777081036,0.8434569844355972,-0.787187809017357,-0.1618569818531653,0.3337799091520916,-0.5024996132133841,-0.4519220332451618,-0.7435728575087864,real,False
0.5385145220023947,-0.94412109900122,-0.8647845791090575,-1.51196933632947,0.2524868694529255,-0.8308361210471005,-0.7795393467559034,-1.2645224882910786,real,False
0.2001416007175763,-0.7741530320641747,0.1898413124379272,-0.1748829128765469,-1.8205719512261096,1.31736579093731,-1.0610345595122637,0.9862839409208988,real,False
-0.104403646434023,-0.2188474477514388,0.0840801124382,-0.1528148315030563,-1.801492587672751,1.6374258721063435,-1.0610345595122637,1.3237919233244106,real,False
-1.0037137399625182,-0.0202451805046986,-0.6931396326877638,-0.9833578400813566,1.063813412156142,-0.4934362064436155,2.300614860145392,-0.3752516083003283,real,False
0.847665923049795,-0.1855297464490176,-0.1627345232097346,-0.6112417290370005,0.3849456132293873,0.2140956497655316,1.9003051052282884,0.6216602837290343,real,False
0.8908902184284022,-1.084976445590388,0.1190540351361514,-0.8207415800016827,-0.9830663122711396,1.154674907318869,-0.6867938180650278,1.3237919233244106,real,False
1.8546094185530813,0.160929237916602,-0.1883593145887876,1.0755806539449626,-1.9789511991908704,1.608735368156636,-1.0610345595122637,0.5863277377926959,real,False
-0.5476157610206618,0.3145192266435044,0.119662290592401,-0.0703190368706774,0.1887053105289087,0.2300348920608263,0.8016465856279973,1.2716147915347016,real,False
-0.8285436568252615,-0.7035709513247252,-0.3817447885331241,-1.055780787605267,-1.5453230554228394,1.0593347979177403,-1.0610345595122637,1.2278599526716778,real,False
0.0984789761906164,-0.6902590909551363,1.6986879298439828,1.1075964047512616,-0.4455299500750719,0.8361708969429053,0.2872848967802224,1.3237919233244106,real,False
-1.8013999732078465,-0.8844898505464479,1.8747315066396149,0.0665066080038778,-1.543402280628133,0.5736691018577311,-1.0610345595122637,-0.1583262099935063,real,False
0.1416877992483336,-0.2700444295855445,0.7863027323364876,1.4604710752354195,-0.2622232979324032,0.482971095672547,-0.0328125089988266,1.2067015094656146,real,False
1.9576149363472084,0.6842656650302639,-0.7379952516999186,-0.6889058328100571,1.2546140738434204,-0.725432265379395,2.168765811249715,-0.4605016464606797,real,False
1.7599534205946097,0.6992255180722784,-0.4353517223267593,-0.2020515831151594,-0.0326430009989418,0.5283038075834591,0.992902905604046,1.3237919233244106,real,False
-0.3513370188579737,1.3702091200337336,-0.4278174949728425,0.4192963703665937,0.1551540766107839,0.4957338962491365,2.0785269184694037,0.9314363260080945,real,False
0.2442467752858927,0.0159583903282195,-0.4010031360507625,0.2119529397803677,-0.6318551737072239,0.6704598769593493,-0.518849212057226,1.1302846077893478,real,False
2.517212531751305,-0.0135823383044566,0.2601096383013476,-0.0391719355279708,-0.4923404791803103,0.9814307813149916,0.6003637220096916,1.3237919233244106,real,False
0.2873713168400097,-1.0834522002366416,1.7223819558272522,1.0103508763556008,-0.4646749004121001,0.589070111169234,-0.3140570581641305,1.1477454589788174,real,False
-0.4299036734846475,-0.7037935020271879,0.47005454351256,-0.1437048615381602,0.0076621500137341,0.4916232181171309,1.0382730155852582,1.3237919233244106,real,False
-0.3465469190622592,0.9160088722957124,-1.070205967329234,-0.1655740292663831,-0.4524096945941943,0.6349989487546767,-0.2107836586488852,1.3237919233244106,real,False
0.4244864650578422,-1.2930259953352907,-0.2237035079217225,-1.142339381963409,-0.0104019459819642,0.4124259057662173,0.6189128277478667,1.3237919233244106,real,False
-0.5584411117583478,0.4231792316137243,1.560550855504869,1.6081228903524587,1.2929634095128089,-0.9991944880215065,0.8966480866383807,-0.8228656640868482,real,False
-0.5584411117583478,0.2895750372973911,1.560550855504869,1.6081228903524587,0.607765343076536,-0.531263609066586,-0.0084981406663538,-0.48330346389634,real,False
-0.5602785725760293,-0.7732060788061158,-0.8314897449756442,-0.4469821733868256,0.3058773912242712,-0.5172494351914148,-0.503308069411728,-0.8054048128973786,real,False
-0.5602785725760293,0.4267009999599069,-0.8314897449756442,-0.4469821733868256,0.9454296930663768,-0.8576918199378855,0.1188389635903077,-0.8405319370550175,real,False
-0.1406873626421736,-1.0970626005489936,0.7987549270765301,-0.2764900308510092,0.5193331268670027,0.0356882962481706,1.7193259924855528,0.5136084281330227,real,False
-0.5542361971953419,0.294313552173018,-0.1903956132894702,-0.2652969171905676,1.0623151131577606,-0.7536307984756551,0.8369901519669526,-0.5482167459654269,real,False
0.6065897133307623,1.8829271189508303,-0.8190185106525225,-0.4281439870738882,0.574555043022009,-0.8645917839048859,-0.5376489813864576,-1.0539651651239454,real,False
-0.7355100047549504,-0.6152564554496913,2.726452251917682,1.5478660980681669,0.2776732377816883,-0.6106349684888717,-0.6191146484797942,-0.9839163385873676,real,False
2.5328293351487803,0.245586869578136,0.008368393364378,1.1360049293051206,0.1244848761426284,0.3419465455829696,0.9648285834057272,1.310439507708934,real,False
0.5817296783383787,1.1958107886049032,-0.4533575395095975,0.282789242842956,-1.301601289474896,1.5533686773694868,-1.0610345595122637,1.3237919233244106,real,False
1.7117416538096846,0.4198885976339581,-0.6473133349008288,-0.9291005564270284,-0.2536639231569007,0.215750786958673,-0.4451541162866384,0.1070787280864311,real,False
-0.1986110670286654,-0.7535159002398215,-0.3064706813173128,-1.0904859903223003,-1.2834047277104808,0.5794548812093284,-1.0610345595122637,0.060037140764213,real,False
0.7388637525121263,-0.058461906950121,0.937912200755579,0.3436426536144497,0.9590376393336992,-0.4900184239732562,1.5365922346054224,0.0581883447559163,real,False
0.7194763996127537,-0.8525377364015121,2.604836510946293,1.1975056713175447,-0.7643672867111669,0.9386697351959786,-0.4454047798776948,1.3237919233244106,real,False
-2.154874598105877,-1.3003670000743526,-0.5696795263996267,-1.0699365340255056,0.1325084662167829,-0.5759632128028146,-0.7171241125828547,-1.056635648247041,real,False
0.8873524007954914,-0.9324839140884088,-0.1573472472977252,-0.7929022895994746,-0.4687944589815884,0.9831520809825782,0.7322127709053688,1.3237919233244106,real,False
-1.6591965365582173,-0.5298489213029068,-0.1467543546666218,-0.8148067949601884,-0.4497136408652876,-0.2613932226869818,-0.9046204786930572,-1.0017880333342364,real,False
0.7097981255245451,0.2146816641804354,-0.3742212263601306,-0.6200181750486911,-0.5618117771341415,-0.0883709904946563,-0.9031164971467188,-0.8290283174478374,real,False
1.9928168126548735,-2.5797981121931257,0.2725780125179755,-0.0485065179995868,-0.5166137225151909,0.5885516501047916,-0.4160771397240936,1.00846949302046,real,False
0.2651317216754619,-0.3767485552509804,-0.516730383332911,-0.4532640939932494,-0.2631146291283807,-0.019671149069272,-0.6755139564674889,-0.5024076893154067,real,False
0.5959550493028517,-1.0841584671512223,-0.5728418522907761,-1.267586617171213,-0.2494840087603156,0.7536001042489617,0.8723337183059079,1.3237919233244106,real,False
0.9479512920592292,-0.5943520899279403,0.799194775766212,0.1386575067852785,0.0100535034930121,0.5481931131557762,1.346839896175712,1.3237919233244106,real,False
-1.3664234833159328,-0.6377572360866839,2.5399301257790903,1.1850065915323849,-1.8790511633809963,2.7204860720259707,-1.0610345595122637,1.3237919233244106,real,False
0.7859090761793236,-1.0203875477878863,-0.5025077603935364,-0.8932325724266195,1.3362865571798628,-0.8430507080028071,1.9862827169606407,-0.408119092892271,real,False
0.1651503650614868,0.0141286240675664,0.8776333547134676,0.326334599591036,1.2880195211198222,-0.7145788458949711,2.550275796837587,-0.7201547747370273,real,False
1.0014425106866285,-0.38424223398587,-0.0299860181560893,0.5447244339401803,-0.4515310942067774,0.3676582808984837,-0.5634673312652689,0.2584745789880672,real,False
-1.0867789511825678,-2.904047662019573,0.2242891311739008,0.2056522171267133,0.4731601894001305,-0.5741013230412338,-0.3393740808608289,-0.6860547594728866,real,False
-0.1147847033593331,-0.3125688630000696,2.088269677854914,1.6359931405015111,-0.292570760695209,0.6731171601734661,0.3674972459182769,1.3237919233244106,real,False
0.3782594550466082,0.0789572677533927,0.1115308487997817,0.0509260111651086,0.1892135719914189,0.3270065833135621,1.2500837500279336,1.1339821998059414,real,False
-0.7572535557426158,0.390813748082977,-0.82700614679775,-1.597027954280129,1.1703456860220232,-0.8717195078773506,0.8525312946124507,-0.6905740386042788,real,False
-0.7572535557426158,-0.3042541230187433,-0.82700614679775,-1.597027954280129,1.313153936770645,-0.9495370967205546,1.219252128327994,-0.7018722364327591,real,False
1.2397694753119104,-0.6723666488984129,-0.3125465732833902,-0.7892134997169292,0.4369821283307608,0.1118708797549518,1.6165539201524204,0.6621283741328637,real,False
0.2563731687314015,-4.352012135064283,-0.3785843318440353,0.0682139044403889,1.7246417085390555,-1.408663225769979,1.242563842296241,-1.1369555637186008,real,False
0.2563731687314015,-0.1241016203203541,-0.3785843318440353,0.0682139044403889,1.6680615886160852,-1.3885045949378414,1.0400276607226533,-1.1501025575553778,real,False
0.2563731687314015,0.5834973489011545,-0.3785843318440353,0.0682139044403889,1.6825564831951365,-1.535679284945777,0.5449670683862227,-1.318753837867784,real,False
-1.376777849408506,-1.1805132989599545,0.3278811429476391,-0.3513481784058756,1.1678669645598765,-0.6668048369021831,1.8962944877713857,-0.2294021454235825,real,False
0.2833766386444324,-1.212419122924629,0.039577879076195,-0.414021986455541,-0.8721085569648502,0.6260658800806309,-0.850226479433814,0.529425905092895,real,False
-2.185789283242131,-1.3601612117467827,1.7846650707752971,1.2934908542946724,0.7127510988575051,-0.4455493562351517,0.5226580087822013,-0.1883177896836541,real,False
0.7690028869982044,-0.1028673366855045,-0.4724553662221086,-0.8607371861501828,-0.2914294750839977,0.232788376263751,-0.4815003369898194,0.0947534213644525,real,False
-0.6138407658067081,-0.3460382397780117,-0.4880291491018044,-0.5787055992955301,0.2538231108334114,-0.4724367155253067,-0.5201025300125082,-0.7881493834866087,real,False
1.2954925240705235,0.8089992400064079,-0.3726222757964191,0.5269362062544829,1.0654811061746825,-0.4916752664687737,2.328939845934768,-0.3929178812684975,real,False
-1.272786949700974,-0.8459786720093377,0.0173085637723726,0.0998886888433517,-0.6725524923451766,1.3335449042124483,1.3779221814667082,1.3237919233244106,real,False
-0.5698668764608374,0.2987954165003905,-0.9824937589794608,-0.6982409893078212,0.3451197908614201,-0.7598540433716947,-0.6715033390105861,-1.1246302569966222,real,False
0.8971879836142966,0.2791362826464585,-0.4706939476637392,-0.3166229022441877,-0.5146843624534627,1.4804315328846749,3.045587052765074,1.3237919233244106,real,False
0.1398543711261145,1.0138574063614192,-0.0456813442220895,0.5690803305287309,0.2631427043751367,0.2637825319912277,1.3603757300927586,0.993062859617987,real,False
-0.0468626114749687,0.505563830918572,0.777138991262167,0.3377349515470236,0.8639313324856847,-0.7141523098265202,0.2431681047542923,-0.6488734175282515,real,False
-1.3022716317855616,-0.3671591226704588,0.2812852193770213,-0.2017161368956832,-0.1514133963984254,0.3665297363672304,0.0095496378897084,0.9606062185834436,real,False
-0.4633852391668749,-0.6229134098126797,1.205649004443999,1.3584882423180706,0.6872740155572239,-0.1506461662890669,1.736120453086333,0.3071595405398823,real,False
-0.4633852391668749,0.0326608951843619,1.205649004443999,1.3584882423180706,0.5319086775515031,0.0481118433407844,1.893787851860821,0.4219903148329822,real,False
-0.4633852391668749,0.561475116016649,1.205649004443999,1.3584882423180706,0.696227922587107,-0.1032790515422383,2.128659636680688,0.1083112587586289,real,False
-0.0087353199316906,1.3044817256940362,0.1999049781878755,1.2842040771023029,-0.1418719960927151,0.4808896249955026,0.3331563339435473,1.3237919233244106,real,False
-0.7595498667222871,-0.2369623721785883,-0.4820819154622345,-0.7426790259831046,1.6615673366714818,-1.254347113266946,1.696766269290475,-0.9350259552568528,real,False
1.1260554713372597,-0.875400077278094,-0.1595778294699339,-0.8370204779575707,-1.0325279320581533,1.0416929530686023,-0.8534851061175475,1.3237919233244106,real,False
1.29686550350226,-0.0394557665852079,0.0210920830709742,-0.4622946563079546,-0.7935677762827608,1.1254223399973249,-0.2067730411919825,1.3237919233244106,real,False
0.7324642525923197,-1.9038128312164813,-0.623620785948593,-1.3414472783072997,0.0320818901365848,-0.3662000028600491,-0.657716841502483,-0.8401210934976182,real,False
0.1583972998461048,0.3687786562243887,-0.3291735623369413,0.4391040058112614,-1.5682030092001482,1.849427010273595,-1.0610345595122637,1.3237919233244106,real,False
0.5166973497863467,-0.8907599821519725,0.30258189139488,-0.3180857549159744,-1.4425977950701778,0.6384992165238893,-1.0610345595122637,0.0777034137323822,real,False
-0.0749677408452917,0.7278618218340709,-0.1467490763461153,1.6564351318655963,0.8494552765055867,-0.4381723229076548,1.1618501659760736,0.0333323095332596,real,False
-0.0191539566501132,0.6145557608097771,-0.9433483493629656,-0.4780586999511805,0.1395445119221197,-0.611008085089017,-0.733417246001522,-1.0952549426425735,real,False
1.6965293121893936,-0.5873249141391096,0.1767347065884474,-0.5369148136550357,1.0076273115753418,-0.4458536653549567,2.1823016451667616,-0.2552852895397374,real,False
-0.3077759106332247,0.2585540196363708,-0.1249033510017546,-0.1144375462397517,0.1295152736823186,0.4698240743513646,1.6910010066961774,1.0933086876234124,real,False
0.4767286626851595,-0.6622935862448153,0.1235573118733712,0.4723591482105202,-0.3686567377416336,0.5988815599540591,-0.0704120476572897,1.3237919233244106,real,False
2.030186252123132,-0.6065476194968434,0.0792981306545491,0.3798137745094628,-0.6650448500046476,0.5903176112331664,-0.6454343255407184,0.7042398387662904,real,False
1.3371108261058715,-0.7117543686081657,0.4177874240840251,0.287509311688559,-1.6489940809710375,1.3842067911701696,-1.0610345595122637,1.3237919233244106,real,False
0.8811444866779078,0.1511413742286914,2.3268826703464627,1.8405996113034575,0.9747374236723444,-0.5450169650612581,1.3338053894407782,-0.1014243772937055,real,False
-1.4763309017192976,-0.5848558088173026,0.7850581347827548,-0.1935103075306022,-1.7588616301288926,0.5477458434214758,-1.0610345595122637,-0.4272233183113377,real,False
0.1034082385395397,0.2391739107019203,-0.8563243947193971,-0.4149534171699667,0.1963322331004855,-0.3984828391928479,-0.5143372674182105,-0.7224144143027232,real,False
0.0207390812553536,-0.8579091925220315,0.1658078997503785,-0.1828536663806349,0.9987894243172184,-0.5916266204369429,1.2352945981556047,-0.2072165933240211,real,False
0.5557460357420074,-0.7403486248589551,1.0963301006673634,0.9352392910011516,0.7486398285930921,-0.5475187605988584,0.3386709329467885,-0.4017510177525821,real,False
0.6306775657120137,-0.3464223669171857,3.906501170177525,2.537113370375752,-1.7512039171864662,2.5787025004061555,-1.0610345595122637,1.3237919233244106,real,False
-0.756222747804697,0.7011037567832101,-1.0024564276937789,-1.3556811649841245,0.3580976430980401,-0.7555509383497906,-0.6574661779114266,-1.10881278003675,real,False
-0.4750650862454235,-0.3838534935567032,-0.8041721195217355,-1.3839630715321387,-2.136327437191612,2.896865605746453,-1.0610345595122637,1.3237919233244106,real,False
1.1762280737217483,-0.0843390328159434,-0.4322842239758793,-0.8449268563620477,-0.9105903574975492,1.0915800990081534,-0.5860270544603468,1.3237919233244106,real,False
0.6084536399549058,-0.2623131051228275,-0.2560924532520925,-0.8127820042072117,-0.3643522691266223,0.4411574653499638,-0.3366167813592083,0.7091699614550818,real,False
-0.4822039137630505,1.5312968940460354,-0.8515357038848814,-0.5862502538808002,0.3531484023939345,0.1452639565710851,1.2716408188587858,0.904115229441042,real,False
1.160755258220404,-0.566302501819464,0.7427082561618106,-0.005001699153403,0.948172077726661,-0.4762438471261357,1.545365460292397,0.0865365502164668,real,False
0.1610207366800535,-0.7814701278168852,0.4282779418024305,-0.19197007784026,-1.595544295793344,1.243521923982411,-1.0610345595122637,1.3237919233244106,real,False
1.1358275076156747,0.7828242767212733,-0.3601465038406083,-0.5319831651502176,-0.2580025582590163,0.7710492085088537,0.9071759574627504,1.3237919233244106,real,False
-0.401108052356345,-1.0105254707227047,0.8974603508879194,-0.4561005399178312,-1.029632307175314,1.2715016634967022,-0.6933110714324947,1.3237919233244106,real,False
-2.017799639472873,-1.5508975382794772,-0.3234696950388842,-0.6701303979120742,-0.1845769736235176,-0.4431987419074389,-0.8459651983858548,-1.0905302417324818,real,False
1.6878837950576622,0.3518563086477887,-0.3798969509336907,-0.1833119103354407,1.5144914886179324,-0.992834812388266,2.3590194768615382,-0.7653475660509484,real,False
0.069489522514407,0.497874195707874,-0.5074520161344049,-0.0656126438002724,0.509079827505933,-1.02408402064056,-0.7191294213113061,-1.2978008164404204,real,False
0.0641286622167412,-0.7618368567009481,0.4207432899296565,-0.4578669063427335,-1.014949992923146,0.7577646178816488,-0.9316921465271508,0.8422832740524498,real,False
-1.5650944488802183,0.6272678208577286,-0.2885835354944395,0.2103235339901522,1.411189245764324,-1.2189051356166365,0.5793079803609523,-1.086421806158489,real,False
-1.5650944488802183,0.2848362031458542,-0.2885835354944395,0.2103235339901522,3.3089817528288394,-3.5553818708920617,0.0524131119603563,-1.9245426632530285,real,False
-0.4334932736833872,-0.657128896996189,0.3633288865692121,-0.4321427905334381,-0.1993502058909048,0.55014705875236,0.3346603154898858,1.3237919233244106,real,False
0.7770895649812563,0.1449100668025652,-0.5386762912155979,-1.1430215385233202,0.8829339196548708,-0.4152251772595523,1.4746783276144864,0.1804143030822033,real,False
0.1964821952133515,-1.702288314276971,0.3038448691217014,-0.2772658746883956,0.9220677929740236,-0.5639032547659526,0.9648285834057272,-0.2415220303668613,real,False
1.485697199030649,0.0586169029673372,-0.4328813582316295,0.0882654617678453,-0.5672690688180765,1.1076010422408629,0.7540205033272774,1.3237919233244106,real,False
0.3642920452365675,-0.4238175067204502,-0.5177699171240641,-1.277161361891203,-0.5952726300731732,0.7070633570201077,-0.4070532504460625,1.3237919233244106,real,False
0.1049487865861625,1.4187157358367528,0.2207819469202059,1.0888428821308227,1.0647381663664537,-0.5663782593809848,1.7942744062114226,-0.0870448527847305,real,False
-1.2479686646611323,-0.5692665829037575,0.147726518964902,-0.3131623904893935,0.208745790787029,-0.2771232762439236,-0.3554165506884398,-0.450025135746998,real,False
-1.2479686646611323,-0.1406763368081908,0.147726518964902,-0.3131623904893935,0.1463913499846086,-0.2605197076589248,-0.4278583285037454,-0.5081594991189967,real,False
-1.2783910054182102,1.7655678726808808,-0.9934683947524476,-1.0755640271703748,0.925915457044371,-0.8202654759697142,0.1544331935203195,-0.7926686626180008,real,False
-0.930803870756048,-0.7776714916575689,-0.1622965941562234,-0.4434223855933406,0.823836327234638,-1.5321197147774224,-0.7968351345387964,-1.5369117668468038,real,False
1.5012331132141563,0.3116798107143469,-0.6722326560869438,-0.3146380948991997,0.1104206794673042,0.3086243871631084,0.7560258120557287,1.3237919233244106,real,False
-0.6086675027749838,0.6462640473523025,-0.3380818032830691,-0.0578587830489596,-0.1510311584039083,0.5813953052364164,0.6359579519397033,1.3237919233244106,real,False
1.0176017556034254,-0.3806183598539802,-0.5535654010597924,-0.9507256936154044,-1.9297994898742887,2.499068378259073,-1.0610345595122637,1.3237919233244106,real,False
0.6369144790779121,0.0940119589968557,-0.3481710272321742,-1.3433781791577943,0.3099571423388282,0.2172526429169048,1.395719296431714,0.9158242708269216,real,False
-0.8296153563244402,-0.6964865040058077,1.123566141572458,0.4954986292315253,0.5499640791506223,-0.7623955884068928,-0.4614472497053057,-0.9259873969940684,real,False
-0.3834908802011549,-1.1012527765593074,3.150001510218686,1.3599595442263173,-0.8142313295931929,0.923204443470327,-0.5684806030863974,1.3237919233244106,real,False
-0.3303275723235991,1.1491287747713037,-0.7782720506341877,-0.4613214698416568,0.7274488322153755,-0.7329776036951539,-0.1318246274661127,-0.7663746749444467,real,False
-1.4526305800702506,-1.960055833994787,-1.0128556158676731,-1.492932282253419,-0.0557850559024988,-0.7899952964041164,-0.9053724694662264,-1.3631249420669067,real,False
-0.0737942039552189,0.9838411104833672,-0.270143808351386,0.4095069399428669,-0.4313820685739418,0.812486632906003,0.2689864546331036,1.3237919233244106,real,False
-1.546465449213639,0.8793202303295938,-0.4177834190576047,-0.0592302467816981,1.5226973888049604,-1.0503280550067438,2.0040798319256465,-0.6628420984798271,real,False
0.8587735358151622,-0.001589758173078,-0.6166956531198075,0.3631468360868283,-0.3948809529170055,0.763910625308479,0.2599625653550725,1.3237919233244106,real,False
-1.3162921630008997,0.4097882672372215,-0.8620096606141535,-0.7911522615748282,1.3479940252357754,-0.8399160648017348,2.1005853144823683,-0.4874118994703328,real,False
-0.5565175445931951,0.8692134231462887,-0.966872289934846,-1.082172378980577,0.5188999051088271,-0.5544550822801775,-0.2335940454350195,-0.5812896523360692,real,False
-0.5603078255709797,1.0916773002793057,-0.7581188244474079,-0.1702246458110932,0.5823804069333437,-1.0874605262988162,-0.7055935873942594,-1.311358653834597,real,False
0.4924918283950988,1.6864459086813053,-0.8968422393798872,0.0421596149931552,1.6810647249711494,-1.244059718164619,1.9005557688193448,-0.891887381729928,real,False
-0.6119105429132914,-1.3494673670020143,0.0885278715262728,-0.0765940202727787,1.0682654931931412,-0.6179497003990972,1.5092699031802723,-0.172294890945082,real,False
0.6015468747746124,0.3025408423445103,-1.0176926593897164,-1.1376504668612757,0.1711868332238847,-0.3698677842410511,-0.5155905853734926,-0.6994071750883634,real,False
0.7502386349593829,-3.696333352607682,0.1606244603202739,-0.2825612961466993,0.043590259745526,0.4771003134329026,1.1696207372988223,1.3237919233244106,real,False
1.3836452814521665,-0.0416251150236259,-0.2684119549586716,-0.5615778483925137,-1.361579410851396,1.8505693928178295,-1.0610345595122637,1.3237919233244106,real,False
-0.131713625615689,-0.3241374573467278,-0.9382674303592604,-1.6672481389417655,0.4481667679734087,-0.6873914815264016,-0.5073186868686307,-0.9247548663218706,real,False
0.4217640033643813,-0.0644996857057376,1.9849489857184397,1.3389700792710122,-1.46557357447263,0.9322468912811238,-1.0610345595122637,0.92239776774531,real,False
1.337264833964906,0.8696146001671728,-0.221631420588548,1.245040302439779,-1.325188597720495,1.756821604367817,-1.0610345595122637,1.3237919233244106,real,False
0.3149696267654737,0.5418266687240085,-0.637272045122333,-1.053412895985655,-2.050772497583441,1.1697672541090138,-1.0610345595122637,-0.2511768539657446,real,False
1.32824089242792,1.0641491928030755,-1.2642271066154007,-1.2200142525796671,0.9156483654497828,-0.9253351466454762,-0.0912171257149726,-0.9541301806759196,real,False
-0.5046174336824134,-1.282283437569033,-0.4730761373781174,-1.2642097667027448,-0.0784958940346782,0.1047291515276279,-0.303027860157648,0.0855094413229686,real,False
-0.5255496557745469,1.4747589155835443,-0.6588426244908293,-0.2633001980718981,-0.9046776983857872,0.2888313665488573,-0.9645290769555418,-0.3789492003169218,real,False
-0.1524700836484471,-0.7570254686991492,-0.7727075264420954,-0.675387320939926,0.4738279357405769,-0.5777224820837952,-0.3433846983177316,-0.6924228346125756,real,False
-0.6544762118814896,-0.9596062735129128,-0.6483329626204685,-1.4264047004708946,0.0329650707338332,0.6025622371751271,1.85819362193081,1.2177942855153954,real,False
0.962595457800508,1.028654260151191,-0.3057023424798977,0.5548457426884086,1.4552404141367938,-1.0415857235864994,1.5802076994492396,-0.7345342992460022,real,False
-1.346302414217991,-1.022568857146562,-0.0375405588258871,-0.9690115235026672,0.1341527294042789,-0.4946965519378871,-0.661226131777273,-0.9448862006344356,real,False
0.1484427988106278,-0.886028053384081,-0.3337746925175891,-0.8233397131888922,-0.0553543151257055,-0.1407406927229885,-0.5592060502173097,-0.5198685405048763,real,False
0.652164891261323,-0.7227816875798496,-0.5525660737806884,-1.1033759738469318,-1.8352762995619087,2.2961598688963054,-1.0610345595122637,1.3237919233244106,real,False
0.746682076938135,-0.1826604197640654,-0.6461639868783874,-1.474405219016678,-0.5863158382283975,0.4816051637755226,-0.6349064547163488,0.4279475464152719,real,False
0.628156354751239,-0.5943933912350507,1.2483396452040023,0.8781135551152564,-0.4344349473206381,0.4133384501218587,-0.4915268806320762,0.4482843025065364,real,False
0.628156354751239,-0.1965087520496191,1.2483396452040023,0.8781135551152564,-0.5494680532388209,0.8204511298234867,-0.1027476509035679,1.3237919233244106,real,False
-0.6397391036216066,1.4402755451003422,-1.0939984833657914,-0.8458783491651246,0.9672323039383768,-0.5151628824547376,1.447606659780393,-0.0149418084611562,real,False
0.5867107424562726,1.6026765502814868,-0.783442046579078,-0.1764769325929635,0.2507732420154629,0.2805596271573895,1.3756662091472005,1.0053881663399655,real,False
1.5097080826851028,-0.4593685630437113,-0.8175973856668529,-0.9370078084844168,-2.0038389613825145,1.3832513584544872,-1.0610345595122637,0.1584341727613415,real,False
-1.530312906055354,2.2367122143330027,-0.8897436976513793,-1.2593257388295926,-2.1201323941966006,-0.0418028950703438,-1.0610345595122637,-1.2604140527170855,real,False
-1.2981934357485312,0.0011158798769893,-0.4238319480239719,-0.4851939675215622,0.986900102770094,-1.1005149633299915,-0.2498871788536868,-1.1361338766038025,real,False
-1.2981934357485312,0.1370939563486434,-0.4238319480239719,-0.4851939675215622,0.851213630577989,-1.3168233681297754,-0.6506982609529033,-1.3514159006810271,real,False
-0.6629414034357788,0.8841447428845653,-0.8129069391107585,-0.7865797121971947,0.4816222589525646,-0.5897201299898445,-0.3473953157746344,-0.7049535631132537,real,False
-1.257944612215958,-0.6595495909545608,-0.9994718174308852,-1.6943261341554137,1.2642011620725528,-1.608776907370928,-0.4940335165426404,-1.4861725875079923,real,False
-1.0465490179586232,-1.0702302638715775,0.1829183629585167,-0.7438288417910748,0.6088130193281583,-1.03758134819076,-0.6501969337707905,-1.2398718748471216,real,False
0.3281252883245057,-0.0305790902364463,-0.5375389772040663,-1.1567572955323202,0.7930501159368952,-0.8087471888705896,-0.1333286090124512,-0.8481325428669042,real,False
0.1892325145121945,-0.5850387488193786,-0.8840900670460027,-1.213777480344916,0.0565962232577492,-0.1428503292831491,-0.4155758125419808,-0.3699106420541376,real,False
1.735433451259499,0.1213326346324391,-0.25959433866074,-0.3642725245235753,-0.3544223644610322,0.9655152348293256,1.3598744029106458,1.3237919233244106,real,False
-0.6132755417623024,-1.021881405941662,-0.3684190539073782,-1.3134097597908965,1.4433272674336302,-0.9418053771406996,2.13968883468717,-0.5771812167620765,real,False
-1.304137315474208,0.2707636895755403,0.1066283942241671,1.281101115025904,1.9196619928791496,-1.6240091197248672,1.264622238309206,-1.2871188839480392,real,False
-1.304137315474208,0.5567507097321284,0.1066283942241671,1.281101115025904,1.3588565503394583,-1.0974077444158272,0.8023985764011665,-0.9395452343882448,real,False
-1.304137315474208,-0.4482502061843368,0.1066283942241671,1.281101115025904,1.56524720713749,-1.391972032922365,0.582065279862573,-1.218302588083659,real,False
-1.304137315474208,-0.1988095460499891,0.1066283942241671,1.281101115025904,1.5937185520842856,-1.4773668498256651,0.4156246554011097,-1.2988279253339188,real,False
-1.304137315474208,-0.7260940405473956,0.1066283942241671,1.281101115025904,1.418682261081864,-1.3425843854209203,0.2426667775721795,-1.2330929561500332,real,False
-1.5632377180067456,0.8176672769946056,-0.5843622350555999,-0.0951836903938169,1.4952059872654864,-1.2210799637717251,0.9227171001082484,-1.0313687694669849,real,False
0.2548486692953018,-1.0368028457422818,-0.4561481187363147,-0.9736264997251451,-2.1462122253099967,2.828496284556233,-1.0610345595122637,1.3237919233244106,real,False
0.3736050909553868,0.0704952929480356,-0.843029632902183,-1.0626558454450503,1.5332731324329902,-1.08352285863112,1.8617029122056,-0.7285770676637126,real,False
0.7817419037756104,-1.283298957498357,-0.4772435256815238,-0.6473276131525936,-1.839614660878209,1.470907038644948,-1.0610345595122637,1.3016063712248491,real,False
-1.29896524560894,0.8124366754439636,-0.4793496515179085,0.7785508614370586,1.4947719779148203,-1.24484564828413,0.8254596267783573,-1.067523002518122,real,False
-1.29896524560894,0.8613816724201229,-0.4793496515179085,0.7785508614370586,1.5968842770446912,-1.4428028442771563,0.5326845524244581,-1.2604140527170855,real,False
1.0322238898557363,-0.2960753224451793,0.7715234793958754,0.830963227628439,-0.8653383882488087,0.8018984823298834,-0.7519663517396972,1.2804479280187862,real,False
1.3456198252059413,1.7629398379559038,-0.7896420459709915,0.1786777894247945,1.1788005554763332,-0.6266302676366972,2.2702845656275654,-0.4600908029032804,real,False
0.1018768789404941,-0.1109733531564473,1.6350132962248558,2.263580627620297,0.0307757751102074,0.1299207123416683,-0.0285512279508674,0.4378077917928547,real,False
0.6950423742386941,-0.2324486985093267,-0.5146422590517447,-1.1888027539193484,0.4427068347826994,-0.3092732344546384,0.0604343468741617,-0.1205286027127722,real,False
0.8335192322871482,0.7182149776395246,-0.8465729816026829,-0.7881217581372881,0.3557953667674327,0.258682418226756,1.9842774082321892,0.6327530597788149,real,False
0.1908419033978039,0.6843820509545196,-0.7118731338435522,0.1091525417817892,1.1518732269327967,-1.3542094374382885,-0.3443873526819573,-1.3282032396879675,real,False
0.7337509901471443,-1.1830846351272006,0.9069527020322946,0.1783472715410624,-0.8912951312690397,0.8244176431677703,-0.7720194390242108,1.3237919233244106,real,False
-1.1048473588933916,-0.9818226174646149,-0.0982984251852811,-0.9493582749490984,-2.112856695834416,2.9968388906031787,-1.0610345595122637,1.3237919233244106,real,False
-1.304740000165091,-0.005122959583069,-0.7045646844683471,-0.0944104212001337,0.7783310106645572,-1.2641404572393504,-0.6727566569658683,-1.3466911997709354,real,False
-0.4992146827017978,1.6344970324354284,-0.5726243916019582,1.5993959131083364,0.2979141477580447,-0.4684197768893934,-0.4609459225231929,-0.7261120063193168,real,False
-0.3239816217972069,1.9881495933011044,-0.5842915928631733,0.1833486003800027,0.8674912993367201,-0.7342864550032768,0.2023099394120958,-0.6833842763497913,real,False
1.0860067020166335,-1.054666021341237,-0.0506745355642758,-0.6775247438650097,0.3180921762977561,-0.3549529242951483,-0.2844787544194728,-0.4520793535339944,real,False
1.3147884957977003,-3.098551235625341,-0.560915341185802,-0.7946756702410488,-0.8261707794045777,0.7988140048520648,-0.7003296519820745,1.3237919233244106,real,False
0.5585274632428264,-0.4553268154923642,2.3725439342663024,0.9650898999110246,0.1543947129903376,0.2979934254418636,0.9217144457440228,1.2814750369122845,real,False
-0.1157061115042448,-0.1505520210508563,0.2314196976733964,0.2139234293947145,-0.8570213607805013,0.8399221293034371,-0.7146174766722905,1.3237919233244106,real,False
-0.4879350644009164,1.4683102209559062,-0.88996914028244,-0.5307723861249662,0.7792188087978965,-0.4581528701911492,0.7412366601834,-0.1381948756809414,real,False
0.2600161717471232,-1.487736816794856,-0.8842292003412879,-1.298226043955076,-0.3006825880280952,-0.7655221975008336,-0.968289030821388,-1.4101665293891248,real,False
1.0471776666466086,-1.1421341757035215,-0.6411993931262996,-0.4475736004050443,0.8959036069154667,-0.3967808567278547,1.6666866383637045,0.1311130761942892,real,False
-0.5953069661978173,-1.0402380193768077,-0.4437870985780094,-0.6538940938871711,0.7297803469143936,-0.713166705452943,-0.0909664621239162,-0.733507190352504,real,False
-0.6760418097698876,0.2787769879642793,-0.2846587840772628,0.1422898748304228,-1.2228848005481374,1.1361603484818883,-1.0610345595122637,1.3237919233244106,real,False
-0.448502995806846,-1.151150236113547,0.6059731635067033,0.0761878082963048,0.2828236528637385,-0.6335882022685618,-0.6323998188057846,-1.0116482787118193,real,False
0.2693220426405238,-0.7966401056212729,-0.6891830829240974,-0.4564671163735009,-0.919011680825511,0.7949230274444321,-0.8219014936444384,1.1467183500853193,real,False
0.4793327116711828,-0.5042041767574835,1.1797005016832214,0.1920334803404953,-1.3412671835375614,1.203120432469018,-1.0610345595122637,1.3237919233244106,real,False
1.1819346805454638,0.3520781615204859,-0.4422538653356932,-1.094709262585044,0.228379618216115,-0.5527570750153448,-0.6193653120708507,-0.9450916224131352,real,False
2.70056865643168,-0.3753749333102512,-0.9546131344937904,-0.5967865401345439,-2.098662275090714,1.0930479191825202,-1.0610345595122637,-0.4635829731411743,real,False
-0.8386679902527748,1.186540498373529,-0.9454810487899892,0.1923721870984455,0.4571026114792458,-0.3895831096481082,-0.0709133748394025,-0.297396754173164,real,False
1.0095882637420437,-0.4555446729524687,-0.2675324826867717,-0.5566722614319398,-0.3126068159262361,0.8811490642918068,1.144805041784237,1.3237919233244106,real,False
1.1449465659687912,-0.2373688675398993,-0.5576522662417769,-0.3652072706258088,-1.5913187732669811,0.9517796473429928,-1.0610345595122637,0.7196464721687635,real,False
-0.6901464423538074,-0.5093745037232337,-0.3530885183721838,-1.0859878317052476,0.1116398808898448,-0.208597357824615,-0.4153251489509243,-0.4418082645990123,real,False
-0.2290935266722754,-0.1926819570989845,-0.5581800879677775,-1.1168725968943929,0.8762400114579849,-0.4131636695781085,1.4443480330966596,0.174251649721214,real,False
0.6089074602130279,-0.1050473692346672,0.8438921222860726,1.2554510615242187,0.2354322163919424,-0.8212339650065501,-0.7848032821680883,-1.264727910069778,real,False
0.1522865886151347,0.1344914312567736,-0.2023070023541477,-0.0340395301697396,-0.3755884449299985,0.8301324934831545,0.5645188284886234,1.3237919233244106,real,False
-1.981917782422644,-0.5597308257086985,0.412814934378536,-0.2550475181532298,1.1609708018908471,-0.6585240152412496,1.899803778046176,-0.2259099751856886,real,False
1.0032830099478478,0.1662953441461006,-0.8857731068155809,-0.2314533537590555,-2.1196912361359384,2.517678868097254,-1.0610345595122637,0.5772891795299117,real,False
0.7481649694257145,-0.9978930510320364,-0.900035161762618,-1.416983481564952,-1.452370126684526,0.3471932241827941,-1.0610345595122637,-0.4991209408562124,real,False
0.2467580501091019,0.2699969614972212,0.5154299027738249,1.8065959461174084,-0.5420525719488379,0.695864644971399,-0.3125530766177919,1.3237919233244106,real,False
0.6929974105497057,0.0756286854404731,-0.666112769083805,-1.2298698502646106,0.1209672565093829,-0.6519509987150757,-0.7685101487494209,-1.1548272584654695,real,False
0.6663965502624788,-0.8967535626522801,2.285238423644624,1.2530339623692746,-1.8629392353247505,1.730559525267949,-1.0610345595122637,1.3237919233244106,real,False
0.52068688609923,-2.248149886665089,-0.7350442318542956,-0.9781779972679367,-0.3323404080372683,0.23029919589874,-0.5406569444791346,0.021007002811281,real,False
-1.0385506504426565,-0.3938158030865546,-0.5670910174815665,-1.2051050820231275,0.2019890497450512,0.3897523443271896,1.7005262231563214,0.9716989946332244,real,False
-1.296459457710302,-0.2771376706926351,-0.8381844839992615,-0.6626611004470805,2.624335763274315,-2.682055963776431,0.2963087860582535,-1.783007057728975,real,False
-1.296459457710302,0.9559817249937348,-0.8381844839992615,-0.6626611004470805,0.7408446498348332,-0.545139506003719,0.3206231543907263,-0.4038052355395785,real,False
0.1514704080763515,-0.3279421686537754,-0.1012696570060519,-0.762754644574642,0.3493157834499771,-0.4611302298529151,-0.3802322462030255,-0.6400402810441669,real,False
0.4052501974337349,-4.056336470494109,0.9502146424825598,0.6120538423368298,-0.6493734553163663,0.5824524719775832,-0.6311465008505025,0.7005422467496968,real,False
-0.2009435964825638,0.1586574160600242,-0.4512871807161304,-0.4637183151626966,-1.5495365333718696,1.127709895216253,-1.0610345595122637,1.3237919233244106,real,False
1.5271396526969083,-0.2584310286662198,-0.7105914110703917,-1.2978026148669537,-0.9291820796302704,1.6720020216323408,1.972746883043594,1.3237919233244106,real,False
-0.7974723123751162,0.9558281574633006,-0.2225149827895806,0.4067258228741108,1.0096601939442142,-0.6764925664681984,0.9079279482359196,-0.4253745223030409,real,False
-0.7974723123751162,-0.3073710250929988,-0.2225149827895806,0.4067258228741108,1.317532264711187,-1.244522128217825,0.2018086122299829,-1.1685905176383458,real,False
1.7465672008020137,0.2837742477144176,-1.0432483228661442,-1.3495613532168458,-1.949024714714008,2.69453449090967,-1.0610345595122637,1.3237919233244106,real,False
-0.5587579177969604,0.8713730766241348,-0.7561689293480348,-0.7427328944760071,0.0592323763150806,-0.1015049232646639,-0.3586751773721733,-0.2606262557859281,real,False
-0.5587579177969604,0.6819108632474071,-0.7561689293480348,-0.7427328944760071,0.2570704891068062,-0.6264675794186745,-0.6501969337707905,-1.024384428991197,real,False
-0.4484720819226291,-2.140999197855698,-0.9317908418641376,-0.4115633817373864,0.5223328019534468,-0.6419122846771873,-0.3541632327331577,-0.7476812930827793,real,False
1.5825329596974231,-0.1937418041284911,-0.6244497990417194,-1.0755149500134698,-2.10579829872757,3.06625616367428,-1.0610345595122637,1.3237919233244106,real,False
-1.207098853607949,-0.8719473123753312,0.1494224141944812,-0.7545955367936626,1.143847940409821,-0.5630762118641698,2.46254353996784,-0.5428757797192362,real,False
0.8790773654903532,-0.1317377226181398,1.3974377162915603,1.6769599139820943,-1.751681653211554,1.650030478509987,-1.0610345595122637,1.3237919233244106,real,False
0.435741774298803,0.522094724205346,-0.547033285135656,0.7511533789049605,1.0277356495100909,-0.469081873620506,2.1775390369366896,-0.2717190318357088,real,False
-0.3640194811075404,1.4023148528476366,-0.7519715032455083,-0.2217785525727593,1.1921229372094198,-1.0240833695301708,0.4143713374458276,-0.9436536699622378,real,False
0.5346605949629974,-4.646885208003837,0.072439942399889,-0.4667129392901299,-0.5870022045221907,0.8970824262322544,-0.0458470157337605,1.3237919233244106,real,False
0.3397915831879205,-0.6277424619165887,1.958348959909612,0.8488185745698302,-0.0766627792714428,0.5086461226265201,0.6908532783810595,1.3237919233244106,real,False
0.8836748314257915,0.7772487932910999,-0.843243396782258,-0.6194787361254166,-0.8252836744123556,0.3083582243331147,-0.921665602884894,-0.2930828968204715,real,False
-0.2181277485844787,-1.0193005280626075,0.8539492656210953,-0.3140348152635327,-0.2767063632740819,0.3328314499954073,-0.3300995279917414,0.4702644328273981,real,False
0.5410950416439103,-0.7737871990465798,2.917254713023204,1.3208438903352873,0.7084312889273106,-0.4577219446164512,0.4685146731140144,-0.2252937098495896,real,False
1.965473947442541,-0.4627967158195076,0.2425086184343326,-0.5085319430439954,-0.1759415998416163,0.6648494762760572,0.859299211570974,1.3237919233244106,real,False
0.1556156794845042,-1.161588436336065,0.3314214218663315,0.0895056383510448,-0.055499728246766,0.6461356674174471,1.486459516394138,1.3237919233244106,real,False
1.921030908743906,0.5161351435454691,-0.4530121243860752,-0.4767816269680576,1.097126004206341,-0.777489337097732,0.8991547225489449,-0.5638288011465997,real,False
1.276841094988132,-0.548597855078537,0.1524252349093223,-0.2658185052800024,0.0037946670105064,0.3498856658317244,0.4604934382002089,1.3237919233244106,real,False
1.2735306642821669,-0.2940302377533725,-0.5750658864972863,1.3257042462037694,-2.181559135961708,2.980597176160216,-1.0610345595122637,1.3237919233244106,real,False
0.159929555239905,-0.0869993648470817,-0.4355470233178262,-0.946033121575814,0.8871995661686487,-0.6758177159236681,0.4228938995417459,-0.5535577122116175,real,False
0.7563378573163683,1.4495789179977614,-0.816955210440986,0.0586858245169167,0.4975882967412429,-0.0161789128022206,1.2821686896831554,0.7251928601936538,real,False
0.0177349179856569,-0.7868104509389678,-0.5357628381196635,-1.263729058367477,-0.5624918796763331,0.0587304919561139,-0.8552397512549424,-0.6001884559764363,real,False
-0.9443978257036546,-1.095677251711849,-0.5224452725506938,-1.1640495372156183,0.6077933630256847,-0.6126957728933478,-0.1611522676197139,-0.6334667841257783,real,False
-0.4604834800314684,-0.7810316756226903,1.1611704731500228,2.643238031911635,-0.1548731085247653,0.5421528652149715,0.4787918803473276,1.3237919233244106,real,False
-0.3831055355934524,0.4545643841905213,-0.4151986811808668,-0.2425616171373519,-1.272688043877727,1.494576827971439,-1.0610345595122637,1.3237919233244106,real,False
1.6430383770230037,0.0104819309637458,-0.7313187618430788,-0.9316642325622057,-0.6378477343576222,0.9643294419642504,-0.0523642691012274,1.3237919233244106,real,False
1.058811948445384,-2.110416827037987,-0.5580390001535324,-1.3559453869740623,0.6926759261479861,-0.6210750668716347,0.0067923383880878,-0.596901707517242,real,False
1.1140902534204085,0.3638018746648755,-0.4258314463693929,-0.8388530524352682,0.5647426953839786,-0.5190074683128364,-0.0814412456637722,-0.4884390083638311,real,False
1.3865184265752175,0.2467917073895127,0.0773867927004051,1.505721908386103,-0.2144287449577385,0.684167673486472,0.7485059043240362,1.3237919233244106,real,False
-0.4033467887062669,-0.7844537591976622,0.4028411368586611,0.1515391064346936,-0.5775518085120347,0.4305141338307383,-0.6652367492341756,0.2689510897017489,real,False
1.681152655256389,-0.6511799612249386,1.736334366265854,1.0444656447321183,0.0058681344580885,0.4181959402937935,0.7121596836208551,1.3237919233244106,real,False
0.2366098062547113,-0.4651227808326465,2.7736724001146844,2.410399426339904,-0.3364425163539512,0.4215588221557754,-0.3120517494356791,0.6925307973804108,real,False
0.5865495770433965,-0.4256047119642358,0.3175887940739149,-0.193974336122936,-1.9976631858888756,2.171040403383268,-1.0610345595122637,1.2348442931474657,real,False
-1.301963896154647,-0.3288107770137137,-0.7745375876644113,-0.4783354645251948,2.10003244918852,-1.824904268178596,1.2764034270888578,-1.4054418284790329,real,False
1.0391857054475475,-0.7923676822604842,1.571145658076657,1.42551169160145,-0.5904072127370873,0.8358836203892595,-0.1854666359521867,1.3237919233244106,real,False
0.7091076375524432,-0.1674734339468926,0.256503476980479,0.0555538044729353,-1.7086376292491685,1.906874278960417,-1.0610345595122637,1.3237919233244106,real,False
-0.5839886011982278,-0.5708117752802885,-0.1322613812983161,-0.873480322339074,-0.9681224275761912,1.290630242672082,-0.4835056457182707,1.3237919233244106,real,False
0.1545901571497543,-1.3724618281400085,1.7989149136702298,0.8702881565544687,-0.281994822562209,0.5882318715440881,0.158945138159335,1.3237919233244106,real,False
1.417148540198808,2.244590387409085,-1.0131015078398256,0.1545628991157439,0.2055199237626866,-1.0549035656042487,-0.889580663229672,-1.4676846274250244,real,False
-2.2009818748552226,-0.9670714087957536,1.0239697426874237,-0.4931393216066697,-0.491997452903864,0.6592844913065852,-0.2604150496780565,1.3237919233244106,real,False
0.0211733827226458,-0.0937820261539689,0.0410087746297592,-0.3009489150801813,-0.079011753040718,-0.3187122149625251,-0.7183774305381369,-0.8610741149249816,real,False
1.7030869166406517,1.2831517697665853,-0.6534763789028678,0.6298457190052875,0.7723612903762946,-0.4958441182774161,0.5800599711341216,-0.2505605886296456,real,False
0.6818615142859584,-0.1674838536790095,-0.0954721887608186,0.662544597982672,-0.0150665911245336,0.3774676687942884,0.4785412167562712,1.3237919233244106,real,False
0.8178762904861114,1.5926844312122568,-0.9454691432859228,-0.2278917732877633,-0.0193375971039704,0.6047859036970051,1.4837022168925176,1.3237919233244106,real,False
0.0148865534754889,-0.0011444486502269,-1.305884453817278,-1.923893040435663,-0.2934139665789147,0.8551797072916801,1.123999963726554,1.3237919233244106,real,False
0.2723669065669608,-0.7258066741657799,-0.3685899727821118,-1.1876636966868992,0.934338274153556,-0.3871073036784349,2.0115997396573397,-0.0905370230226245,real,False
0.1314890957539928,-0.1140097305764603,-0.0362805912659102,1.9660042648874791,-1.721716049586734,0.9442660302533246,-1.0610345595122637,0.3839872857735485,real,False
0.2739106182770053,-1.4540329243021872,-0.6059841947824252,-0.4135837689121985,-1.358238652716822,0.378287026536962,-1.0610345595122637,-0.4009293306377836,real,False
1.0148471955041225,-0.7749277786052963,-0.1850838670679023,-0.5011677468320339,0.8242492119647274,-0.6595628867773103,0.2677331366778215,-0.5743053118602814,real,False
0.9221217037401732,-0.0472978141882646,-0.443786425952876,-0.1537414178823503,0.55778672257891,-0.3962894839144643,0.1649610643446891,-0.2275533494152857,real,False
0.7487296989006363,0.4899646329696557,-0.571564859037057,-0.4678004570821966,0.4748213870343095,-0.3518824803475098,0.0479011673213407,-0.1963292390529401,real,False
-1.3043400977758604,1.0312830335067693,-0.9244842260172852,-1.1354209976066607,0.9263900754263696,-1.203211996644594,-0.4712231297565061,-1.2503483855608033,real,False
0.9302664985195328,0.3811356717525975,0.6545517093487917,0.3965890244284418,-1.5282526392962217,0.9959612755671238,-1.0610345595122637,1.0236707046442337,real,False
1.7563200082080153,0.0624955475047482,-0.4059592122732597,-0.5274199498339445,-1.0062514137638503,1.1085513896146564,-0.7710167846599851,1.3237919233244106,real,False
-0.4450476536308708,-1.002354260078018,0.233501395834605,-0.6427326301888473,-0.1557821681981714,-0.0047477806924613,-0.5486781793929401,-0.3448491850527813,real,False
0.4144097648369313,-0.5677121394486854,-0.5377622671416102,-1.022680030131838,-0.289209390329504,0.3588286942218675,-0.3153103761194126,0.5442162731592692,real,False
1.6525945895412344,0.1338803552581815,0.1284636834495961,0.025953069022405,0.0121780259276338,0.4096586609673843,0.7073970753907832,1.3237919233244106,real,False
0.5459915034192623,-0.2833113788056332,-0.8013486321545655,-1.001277086315956,0.489980102389344,-0.5758883573318245,-0.3150597125283562,-0.663458363815926,real,False
0.5685060494957872,-0.9779269434850612,2.0945625234117844,1.217155169126167,-0.854301425206636,0.9886511556342836,-0.5775044923644285,1.3237919233244106,real,False
-0.4334639666169657,-0.3373752392242635,-0.587662721149694,-0.9620419613236156,-1.9324145200686675,2.0944402919491907,-1.0610345595122637,1.3237919233244106,real,False
0.7332062641630347,-1.9879928502700803,-0.062096138396363,0.7141024440457173,-1.8186379562804635,2.661992312926394,-1.0610345595122637,1.3237919233244106,real,False
-0.546590964472339,-0.5155055709233485,-0.037717857814939,-0.6765865504005644,-0.0868304324667973,0.7103001167152188,1.6727025645490587,1.3237919233244106,real,False
1.3255068247509232,0.2764734981849057,-0.4167956408110532,-0.8375352718646577,0.3786213050564163,-0.933353647073376,-0.7549743148323742,-1.2910218977433323,real,False
-0.662839192851884,-0.5601189019012097,2.2185625241564626,3.124090754743715,1.1998643799021966,-0.6965101831492342,1.9386566346599208,-0.2793196376475955,real,False
-0.662839192851884,-0.636709403698533,2.2185625241564626,3.124090754743715,0.2736245835817999,0.1973602113009534,1.0823898076111882,1.073382775089547,real,False
-0.662839192851884,-0.3609642409492043,2.2185625241564626,3.124090754743715,0.3178029488383015,0.0491813769340251,0.675061472144505,0.9240411419749072,real,False
-0.662839192851884,-0.5220189230411693,2.2185625241564626,3.124090754743715,1.7426332085803744,-1.567698605946522,0.6655362556843609,-1.3236839605565751,real,False
-0.662839192851884,0.0839807169698834,2.2185625241564626,3.124090754743715,1.3749114479472493,-1.0888034262816302,0.9084292754180324,-0.9116078724850936,real,False
-0.662839192851884,-0.1445416191749499,2.2185625241564626,3.124090754743715,1.6463401558068986,-1.541660993487319,0.4013368307108937,-1.3407339681886457,real,False
-0.662839192851884,0.1369962174191902,2.2185625241564626,3.124090754743715,1.3295515109277374,-1.1908967149639826,0.3810330798353236,-1.0966928950934711,real,False
-0.662839192851884,-0.3323066436928255,2.2185625241564626,3.124090754743715,0.5822733669231525,-0.4643043218626786,0.0719648720627571,-0.3629263015783498,real,False
-0.662839192851884,-1.700448804371803,2.2185625241564626,3.124090754743715,0.976243670877258,-1.6263688157904648,-0.7564782963787127,-1.5252027254609242,real,False
-0.476375986372567,0.5872154440842505,-0.8148098376663355,-0.4710226090108909,-1.4922053224611755,0.81354962399556,-1.0610345595122637,0.4832060048854756,real,False
-1.7273866730819292,-0.8760151840489514,1.6311590735198287,0.9047337970754432,0.4806161615484601,-0.7824951047344666,-0.5627153404920997,-1.0336284090326808,real,False
-1.7273866730819292,-0.5564557285203723,1.6311590735198287,0.9047337970754432,0.3724130177531021,-0.4558493455945468,-0.3378700993144904,-0.5934095372793481,real,False
0.979407035851735,0.2789105560194853,-0.5052387840653756,-0.6081574682969416,0.8311266700560304,-0.2413305035195424,2.2291757366943123,-0.0983430506132109,real,False
0.1176718363975836,-2.4656840970498908,0.4428266188963308,0.9283903650894438,0.7943315532021415,-0.554461578212219,0.471271972615635,-0.3725811251772329,real,False
0.1176718363975836,0.8612475504881882,0.4428266188963308,0.9283903650894438,-1.503711124307319,0.6711966680258878,-1.0610345595122637,0.0929046253561557,real,False
-1.3640030884857268,-1.07212235927441,-0.4980174872605374,-1.6013603832140455,0.6069243811708837,-0.9653126082986035,-0.5948002801473214,-1.156470632695067,real,False
0.0141215838167106,-1.159628343571654,-0.6851886178450293,0.0145305521143085,-0.675254242131784,0.4878992774882088,-0.7319132644551835,0.3182523165896631,real,False
1.0879330544324977,0.5201017837849715,-0.747749781847666,-0.6991164959668538,-0.5918125388566567,1.4339952023263756,3.045587052765074,1.3237919233244106,real,False
0.3943511605777206,-0.0080801941680569,-1.1357299823671192,-1.24851892625825,0.5666743625768176,-0.8921714250489453,-0.5714885661790744,-1.0997742217739657,real,False
0.3943511605777206,0.8460843341478133,-1.1357299823671192,-1.24851892625825,-0.3703044736764175,-0.6989565555014078,-0.9728009754604036,-1.3789424190267792,real,False
-0.7621391615143779,-1.1823885580090048,-0.6516828056562062,-1.4431367193939095,0.3018801592369525,-0.5919388083368928,-0.5792591375018235,-0.9325608939124572,real,False
0.4131325918236819,0.0280677931265773,-0.3296090661402485,-0.140613061871519,0.8895788813938742,-0.620078635237436,0.6096382748787792,-0.4272233183113377,real,False
1.02554807253537,-0.9194981837628474,-0.1004322392832852,-0.6960770895707857,-0.5408913066334538,0.6077860925893267,-0.435378236235438,1.041747821169802,real,False
1.0683269988129307,0.1643549148568473,-0.3348880154140271,-0.3531631132726071,-0.0019961770199225,0.0047490551345879,-0.3133050673909612,-0.0736924371692538,real,False
0.9153924913858736,1.3886873882469992,-0.7240094469424321,0.5981789084446717,0.7729134366832884,-0.2216689074274742,1.901307759592514,0.1325510286451867,real,False
-1.1180032750553606,0.6166203999691175,-1.0236751333918024,-0.7156860923670345,-1.7088893910431369,-0.4243656669965327,-1.0610345595122637,-1.3505942135662286,real,False
1.5693119371271536,1.3955159985559649,-0.5745779737129898,0.0915764748731362,0.9821855982015716,-0.4938845612856586,1.6671879655458175,0.0538744874032238,real,False
-0.3362621660736599,-1.2314787911862564,-0.6318038553795895,-1.1207282695535024,0.5483470379219131,0.0014405872712261,1.7090487852522396,0.4817680524345781,real,False
0.4088667630046021,-0.0169083302770132,-0.5773755665696335,-0.6191818902412637,-0.2168723491986012,0.8164247909774955,1.408252475984535,1.3237919233244106,real,False
-2.548442994007979,0.636186356329585,-0.4971305798926203,-0.7587981465762028,-1.6122766663011163,0.1280830567134714,-1.0610345595122637,-0.8655933940563738,real,False
-2.548442994007979,0.3052973192672391,-0.4971305798926203,-0.7587981465762028,-1.898364405018321,0.5959635287919963,-1.0610345595122637,-0.5404107183748404,real,False
-2.5489282095345773,-1.5746805183622157,-0.2557901049251581,0.0413741765197633,-1.6738639624328728,0.2960135626603259,-1.0610345595122637,-0.6981746444161655,real,False
-2.5489282095345773,-4.231427156911738,-0.2557901049251581,0.0413741765197633,-2.26292782633843,0.1388074118067375,-1.0610345595122637,-1.2723285158816648,real,False
-2.5488824149805804,0.8810700006672892,-0.8495018274804463,-0.8646909184307181,-2.022832407912877,0.4696842507313247,-1.0610345595122637,-0.829850004562636,real,False
-2.547502549083781,0.1695123869995557,-0.9415886131887292,-1.4198964144385675,0.8971956723108931,-1.2370141108940855,-0.5394036265238525,-1.2842429790462442,real,False
-2.550504482979353,0.7442058261364668,-0.7013286713269594,-1.3311109982915437,0.5886672419751167,-0.8341384372977425,-0.4907748898589069,-0.9937765839649504,real,False
-2.5478202719163865,0.3213812724027188,-0.5081288048926709,-0.9248176725350764,0.115245645678296,-0.0371109308275077,-0.1563896593896419,0.0403166500090474,real,False
-2.5475824364758286,-0.7798844949060454,-0.3595660118245188,-0.666102578235951,0.2744400639816202,-0.2148906387119775,-0.1398458623799182,-0.1609966931166017,real,False
0.2521363343786349,-0.5099944613148936,-0.3387582075081276,-0.3175493518778661,-0.4169501137314493,0.632625827453634,-0.1280646736002664,1.3237919233244106,real,False
0.4569209213803599,0.3942019203656702,-0.90876572749242,-1.673200526230398,2.845750449617252,-2.5112742203248013,2.2138852576398707,-1.637157594852229,real,False
2.782595620251904,-1.5208380440385565,0.1112107087508397,0.7963411386536003,1.0079357155565662,-0.7871421851582098,0.5013516035424055,-0.6722915003000106,real,False
0.2714299793369743,0.1252677076625117,-0.3960615577005346,0.1684883586711639,1.006318084430292,-0.7158944511274272,0.7389806878638921,-0.5235661325214699,real,False
0.2714299793369743,0.5579141993715016,-0.3960615577005346,0.1684883586711639,0.5863212009107481,-0.5892482686527459,-0.1631575763481653,-0.604913156886528,real,False
0.2714299793369743,0.1601845087871999,-0.3960615577005346,0.1684883586711639,-0.4329209795143809,-0.6407177425785215,-0.9775635836904756,-1.3503887917875288,real,False
1.690157894178454,1.2605412543929495,-0.7799726594868795,-0.7023654487456571,1.7509642160154844,-1.3053519807330174,2.0183676566158626,-0.9329717374698564,real,False
-0.5469233024217216,-0.0772914791819986,-0.2556301989656718,-0.8907616804468008,-0.6231847197260098,0.6675195909377775,-0.5075693504596871,1.1362418393716376,real,False
1.549412671880965,0.1685039806465805,-0.6892974937639522,-0.3954609207753857,0.3152474525396446,-0.7587876664026537,-0.6948150529788333,-1.1461995437600847,real,False
-0.1618259278067138,1.5319748160972035,-0.8125952996824302,-0.681098427552428,1.7611354353976592,-2.263248928480127,-0.5815151098213311,-1.730829925939266,real,False
-0.1618259278067138,1.325171474653449,-0.8125952996824302,-0.681098427552428,1.2497476249699582,-2.261154781199852,-0.8888286724565028,-1.7521937909240286,real,False
-0.1618259278067138,-0.2263244534946303,-0.8125952996824302,-0.681098427552428,0.2713265983804836,-1.036325745102406,-0.8574957235744501,-1.430708707259089,real,False
0.0688007443840307,-0.562655209079782,1.7015336768562237,0.7132364524270081,-0.1369334150492094,0.8094629369052475,1.9895413436443743,1.3237919233244106,real,False
1.2349674768413463,0.5434630909670276,-0.5076456832151807,0.3519703558436721,-0.5803913943650888,0.6206382437480502,-0.4887695811304556,1.0088803365778594,real,False
-0.5860493957372962,0.3985853775727053,-0.5812910402660512,-0.233208397727089,-2.311247753387617,1.347475022440452,-1.0610345595122637,-0.937696438379948,real,False
1.9076537046717963,-0.1475210926626526,-0.4776885148326618,-0.6344689873427939,0.1472909784721033,0.3993889960715223,1.3851914256073443,1.155551486569404,real,False
0.2427152553219134,-0.4753597883293014,-0.7598228083716668,-1.1668070497906633,1.245483771926199,-0.7506598491508466,1.919856865330689,-0.3023268768619554,real,False
-1.9401986101040405,-0.9930379451732112,-0.143302293148003,-0.801039345469559,-1.0000052264859547,0.5640973220076669,-0.963526422591316,0.2052703383048599,real,False
-0.548712646936131,-0.8001445018142864,1.8055162869174972,0.2116745563458729,-0.7264779897183931,0.6592750371567194,-0.6707513482374169,0.8802863031118836,real,False
2.2830393992002813,-4.742158706972058,-0.2560789640240035,1.1786354281136608,-0.4024811208805965,0.5769955433750423,-0.1972478247318385,1.2675063559607087,real,False
1.0155425263810152,-0.6258917362843738,1.891716058545443,0.9270168336036276,-0.488361641004235,0.9551736582668386,0.5148874374594522,1.3237919233244106,real,False
-0.3323464178180569,0.1533976108526671,-0.5684302942782927,1.0539193626570726,-1.3710016538993184,1.1299514152948644,-1.0610345595122637,1.3237919233244106,real,False
-0.1820954440163691,0.3720494621264829,0.7264891489325993,0.5623215016513333,-1.787906778990238,2.1219456084968606,-1.0610345595122637,1.3237919233244106,real,False
2.1175734072128995,-0.6156570765464732,-0.572817181879987,-0.2458852230072889,-1.6741823026854978,2.009896595054414,-1.0610345595122637,1.3237919233244106,real,False
0.6871939784689862,-0.1294861318789485,0.1682265242848064,-0.1249242515490061,-0.0697205614285511,0.4903663153192426,0.6517497581762578,1.3237919233244106,real,False
0.9982307508602912,-4.603542050232968,-0.3306374039506128,-0.8042125011380407,-2.094234364573295,0.7753346065165764,-1.0610345595122637,-0.6930390999486745,real,False
0.0528289684811774,-0.6093483045955803,4.147583845401452,2.08199965043238,-0.3859235437212544,0.7323493059521555,0.2010566214568137,1.3237919233244106,real,False
1.664949625097396,0.0464144311957113,0.5115403047541154,-0.0800038285355372,-0.7032774161477403,0.5931360000692348,-0.6915564262950998,0.6500084891895849,real,False
1.5571155588571393,1.4260573162678352,-0.5690894293975245,-0.3298369333684684,0.5928731234284828,-0.8781103956729206,-0.530129073654765,-1.0539651651239454,real,False
-0.4973621383862571,-1.0446834342807725,-0.320050528645538,-1.3319229191353943,-1.535521211078208,1.514272874840674,-1.0610345595122637,1.3237919233244106,real,False
0.6312586468275811,1.54708478928452,-0.8814012333110899,0.7560043161861822,1.1835351551209032,-0.9517416917545392,0.6128969015625126,-0.8310825352348339,real,False
0.6312586468275811,1.543338765384204,-0.8814012333110899,0.7560043161861822,1.0949309127143234,-0.9747612504900302,0.2469280586201386,-0.930301254346761,real,False
-0.3244368824703326,-0.4464975417391723,4.072032618890812,2.026310094130581,-0.3102220687952725,0.5385783839779447,-0.0418363982768577,1.3237919233244106,real,False
-0.5563253305499906,0.2424212788319502,-0.7754838111983803,-1.0694952974125331,1.5066229452119315,-1.0154590867855862,2.122393046904277,-0.6063511093374255,real,False
-1.6429254302034406,0.1004650718178214,-0.4436671722085245,-0.7252080628715002,0.3530042925242959,-0.591367988417647,-0.522358502332016,-0.8768915918848541,real,False
-1.0096658673838073,-0.2282701092708786,-0.633111576921009,-0.56581733381216,0.2373779190365664,0.3174224454846237,1.4997446867201285,0.9832026142404042,real,False
0.2020207518655416,-0.2498741550058865,-0.1882782749157964,-0.6457737432794433,-0.4746761276034645,0.647598560192069,-0.2408632895756557,1.3237919233244106,real,False
0.6793034554238961,-0.3703850172554579,0.5723112264942976,1.0677146325606308,0.5513502965436844,-0.4090226327497954,0.1170843184529128,-0.2637075824664227,real,False
1.443650733292637,-0.3517214679471224,-0.4591542997760383,-1.0140247841462098,-0.5096704066806872,0.8737108148053895,0.1566891658398272,1.3237919233244106,real,False
-0.4608408719685842,-1.2461567073861606,-0.4988552677449558,-1.1036104082726803,0.5715610056459617,-0.7391744221755899,-0.405549268899724,-0.8588144753592856,real,False
-0.5576308379397089,1.1058847468118471,-0.6087552063997286,0.3021195890481452,0.014949058208151,-0.8799556013128969,-0.9058737966483392,-1.4074960462660293,real,False
-0.5576308379397089,1.1278766649575775,-0.6087552063997286,0.3021195890481452,0.7536093479738074,-1.7913575543736235,-0.9156496766995398,-1.69981123735562,real,False
-0.5552508676910449,0.2142791605210006,2.567037161114557,1.6789123577959104,1.210996029731901,-0.669119102742703,2.222658483326845,-0.4582420068949837,real,False
-0.5566187306762267,0.3731124822141442,-0.5288127849778127,-0.5255887470390326,1.3451764651454097,-0.8632891811778387,1.9170995658290688,-0.4397540468120159,real,False
-0.5608307818037337,-0.7946191752237115,-0.3977125307590274,-0.9391617437114276,1.7098917032623666,-1.2749439798441282,1.9110836396437143,-0.9206464307478778,real,False
0.8091069582194473,-0.109767583821913,0.1457580738535439,1.323550094458172,-0.5142140995852491,0.9240151988633794,0.2905435234639558,1.3237919233244106,real,False
-0.7970411218509886,1.1667074036361258,-0.8763137007265289,-1.1215268211767613,0.001761522184252,0.5291444324793604,1.1919297969028442,1.3237919233244106,real,False
-0.2908281279860152,0.896381548630449,-0.5781219367815166,-0.4266877106566748,-0.2061637935744337,0.5733265632649723,0.3810330798353236,1.3237919233244106,real,False
-0.1207710216396239,-0.0190439111256287,0.1482665573067398,-0.1225371763259483,-0.4807863593512025,0.4826677686366772,-0.4850096272646093,0.6237145015160307,real,False
-0.2536501977201327,-0.3260550848320336,2.6127162077745862,1.447272240717666,-1.7664407437196383,2.7163614304461925,-1.0610345595122637,1.3237919233244106,real,False
0.9557908473391576,-0.9442539956291528,0.7787809312207643,0.0980350144197028,-0.9427529744409916,1.1767318687247632,-0.5654726399937203,1.3237919233244106,real,False
1.063008420687154,0.6558592147423894,-0.693971649106564,-0.7522265016469885,-1.048850875485468,0.5888589903318463,-0.9883421181059016,0.2369052922246048,real,False
0.7597352931553933,0.3698273143079269,-0.826543480018488,-0.4386481933090735,0.7008825132389567,-1.0306907756094847,-0.5569500778978019,-1.1507188228914769,real,False
-0.3786952057637262,0.182068537556408,-0.6575288154314632,-0.1716229518583854,-1.6272258466685394,0.5273574969257047,-1.0610345595122637,-0.3224582111745203,real,False
-0.6420676563136289,-0.3779970824678443,1.8340852335935685,0.9932105370227828,-0.3894624471513134,0.532625584437274,-0.2448739070325584,1.0713285573025506,real,False
0.0508634501000363,-0.3669649777135004,3.025553509914296,1.53200783934207,-1.2216885300449765,1.0388629063461932,-1.0610345595122637,1.3237919233244106,real,False
0.0508634501000363,-0.7009747685721356,3.025553509914296,1.53200783934207,-0.895853271707552,0.8073264727608775,-0.7878112452607653,1.248402130541642,real,False
0.0762648867456471,0.2362567364910383,-0.3060009538075484,-0.5611187383397873,0.202079354364802,-0.6369400464159837,-0.7030869514836952,-1.082313370584496,real,False
1.2782367643845145,1.9769888481901,-0.3903674495801091,0.7008030347363111,0.6783670611148693,-0.4126050335721472,0.5028555850887441,-0.1402490934679378,real,False
1.2782367643845145,0.2567985149540659,-0.3903674495801091,0.7008030347363111,0.9309527713660436,-0.9836969233853256,-0.164160230712391,-1.0225356329829005,real,False
-1.6965794103871965,0.006577657504008,2.6520802346474306,1.2873547346000065,-1.3216409541074083,1.1457549010632473,-1.0610345595122637,1.3237919233244106,real,False
0.2729721586906328,-0.4805370750033521,0.2287734724285159,-0.6452438251687739,-0.0573198637809195,0.4065960322073101,0.4123660287173762,1.3237919233244106,real,False
0.2234044073945724,-0.7218930965087341,0.325637299636573,-0.3080735855703269,-1.7595718559288516,2.18663459274439,-1.0610345595122637,1.3237919233244106,real,False
-0.0084701367758777,1.023478527822461,-0.9084601168265886,-0.6288221050983274,0.8435733043594116,-1.6326994657059155,-0.8309253829224696,-1.5915539599809083,real,False
-0.001002218407375,2.2155522534975463,-0.9101541798715606,-0.1609026423753803,0.8395819372430696,-0.9016212380550516,-0.2007571150066284,-0.955568133126817,real,False
-1.3210493767865032,0.1336900420317943,-1.007831879428578,-1.3909203277105502,0.991287263624356,-0.4843167827747067,1.79026378875452,-0.0221315707156437,real,False
-0.0072572914764349,1.363240790940088,-0.4827605817605285,1.124231237948362,0.4933438553385745,-0.8060301580125915,-0.5704859118148486,-1.0539651651239454,real,False
-0.0106037239338398,1.7172112382129778,-0.8007195989075817,1.3258420884615372,0.8246262996192251,-0.8425879300390897,-0.1293179915555485,-0.8818217145736454,real,False
-0.7459769112031925,1.144787631143023,-1.0475885599059565,-0.8766149070416129,0.5522524121898749,-0.682358685270945,-0.3619338040559068,-0.7817813083469198,real,False
-0.6457634438008683,1.2911941437751604,-1.268490925741837,-0.9155042445186086,-0.1782130556597739,-1.1454055888093015,-0.9973660073839328,-1.600387096464993,real,False
1.6168548646170051,0.2782315691423709,-0.2701780887174068,-0.5104153330050626,-0.3597380215183035,0.1902527054688866,-0.6110934135659888,-0.1293617391968568,real,False
-1.0022897973490104,0.8780253885160944,0.36164119640998,2.84621114665333,-0.7531733964978221,0.8730934731312897,-0.5058147053222922,1.3237919233244106,real,False
-1.671209309766542,-0.9106402392409788,-0.5393376246300151,-1.1255474436186168,-2.181874457778463,2.374065039405899,-1.0610345595122637,-0.1827714016587637,real,False
0.3333577299089682,0.0311881289008986,0.1730444958763025,1.0070003844578244,0.2358612910749171,-0.7369466816124205,-0.7394331721868761,-1.1766019670076318,real,False
0.8443738629760138,0.6292702774290426,-0.7859050397808326,-0.9259173798165728,1.2856199130836967,-1.2163893673457058,0.1822568521275821,-1.1505134011127771,real,False
-0.3352127928964283,-1.0094942234210993,-0.0546270499366212,-0.5382855474042382,-0.4593095245226519,0.8450233394825526,0.2612158833103546,1.3237919233244106,real,False
-0.5490421386883008,-1.256326929857715,1.6738777282115882,0.1642664522002945,0.0380301121987713,0.24542905782145,0.2679838002688779,1.0010743089872731,real,False
-0.5547974622433952,1.2313949227435297,-0.962005998435501,-0.7087828113167776,0.5873053154149601,-0.7108454770967402,-0.3461419978193523,-0.7969825199706934,real,False
-0.7358081670246901,-1.018614485550197,-0.3146060174704823,-0.9759515898788984,-0.7133299951434563,0.6617149069137277,-0.6511995881350161,0.915618849048222,real,False
-0.4061161960049816,-0.5993668158316462,-0.6118517557820311,-0.9638171197478425,-0.3187718068596379,0.1914805557169141,-0.5612113589457611,-0.0691731580378617,real,False
1.82670275803501,-0.2125023447001466,0.129360500701187,-0.3653165377355246,-0.5169976099329945,0.8743481454386488,0.132124133916298,1.3237919233244106,real,False
-0.557663199378995,0.9946898589957008,-0.4804711263145223,0.1318620151950829,1.1817285205768415,-1.440724286451572,-0.4108132043119088,-1.3883918208469626,real,False
-0.557663199378995,1.0338324887479338,-0.4804711263145223,0.1318620151950829,0.7955271358403799,-1.8281323536290712,-0.9126417136068627,-1.704330516487012,real,False
0.1845638066667219,-0.4062972242216609,-1.0719392357619029,-1.699093431246884,1.2811043599396732,-0.7031081614809629,2.5816087457196395,-0.7337126121312036,real,False
0.2166431199040521,-0.3955414925930495,0.4453167629953443,-0.6213505206532108,-0.4019420635499245,0.6558265368005229,-0.03958042595735,1.3237919233244106,real,False
-1.571492118600844,-1.053319772983714,3.3167954725329367,1.3656592118323183,-1.9891947614771133,1.1548712063551754,-1.0610345595122637,-0.0554098988649857,real,False
-0.0010664759677843,-0.1376919087988972,-0.3579504744790536,-0.8187629365940383,-0.2232028833902461,0.2775988642215054,-0.3120517494356791,0.3794680066421563,real,False
-1.1964756429342704,0.5498373997383252,0.1265324901325409,0.4750728653176548,-0.8702127127752304,0.9937960006563858,-0.6040748330164091,1.3237919233244106,real,False
0.84423930743,-1.8310715997996492,-0.6596534327015333,-0.5409487471839172,0.571636526821126,-1.363989016382697,-0.848471834296419,-1.536295501510705,real,False
-1.200025706272536,-0.8377158904112216,2.682661101050368,0.7033924225983003,0.5475591739117094,-0.4857286376111961,-0.0553722321939044,-0.4344130805658252,real,False
-1.1778941657622826,-0.6932638041446083,2.9063415396056613,1.3400130349510682,-0.0563778022098272,0.2742085439852025,0.0591810289188796,0.8143459121492985,real,False
1.2659463870929528,0.3778692406846139,-0.7645488836186501,0.6085605706079309,0.4397247032634236,-0.814123696960307,-0.6296425193041639,-1.1143591680616405,real,False
-1.4566677114463886,0.3780402649103054,-0.7160264186663654,-0.9393270135779656,1.9919268365289169,-1.5487900298040769,2.2186478658699427,-1.1174404947421348,real,False
-0.5029116332426978,-0.2205314012333211,-0.3751874171980414,-1.029190110410286,-1.567361981966182,1.5628288342201313,-1.0610345595122637,1.3237919233244106,real,False
-1.5699368730851504,0.5120563701777416,-0.8199645095424992,-0.6944588116444264,0.5737443137752257,-1.3449507240110825,-0.8401999357915572,-1.5233539294526277,real,False
-0.1537725178666615,-1.2896062931167975,-0.993100140609804,-1.4599579259216209,0.546787435920903,-1.2657945806469024,-0.8206481756891564,-1.4808316212618016,real,False
1.792714691096666,1.2114329224204596,-1.1516009658240276,0.1466171709524397,0.2751984200950026,0.2614250541636161,1.4230416278568638,0.9544435652224544,real,False
-0.0294113810650303,-0.342277851094742,0.5175618625725363,2.090051866137763,0.6942808628821877,-0.2211708434001568,1.372407582463467,0.4739620248439917,real,False
-0.0294113810650303,0.9222275142672632,0.5175618625725363,2.090051866137763,-0.8098216649135555,0.8750680220027912,-0.6095894320196503,1.3237919233244106,real,False
-1.3405209914026153,-0.6802359214699356,-0.4738069780619849,-0.0593484010247026,0.5686902991788704,-0.06752048810668,1.4370787889560233,0.5777000230873109,real,False
0.3642053088611949,-0.6646050779343594,0.2211750950795093,-0.818816755088226,0.5590232899679491,-0.0344906266196384,1.5636639024395158,0.5329180753307889,real,False
0.7770863751503391,0.3200475592396379,-0.7740482205787795,0.2694237965060632,0.045854677492319,-0.634088038692212,-0.8046057058615455,-1.1788616065733275,real,False
2.081449562320677,-0.1788211206298838,-0.704980781796914,-0.1179436962774695,-2.1129637845458027,2.9454507371149097,-1.0610345595122637,1.3237919233244106,real,False
0.8468687657989054,-0.6223785641765168,0.2237655106559894,-0.3771261216700297,-0.0154723581913244,0.3781699378617443,0.4792932075294405,1.3237919233244106,real,False
0.6007888559400779,-0.9582139865824112,-0.7651874368085538,-0.5047462771273775,0.2572346702367235,-0.4549642749869967,-0.4980441339995431,-0.7526114157715706,real,False
1.5671033496528977,0.2921711386891336,-0.4433679549733745,0.2317659662655764,-0.1098676966333287,0.4393422920623843,0.3226284631191776,1.3237919233244106,real,False
-1.531155703760604,1.7859012510858117,-0.7154340607286226,-0.3493279752654334,0.3305614201287382,-0.5196268517094744,-0.4752337472134089,-0.7793162470025241,real,False
-1.531155703760604,0.5261695794022394,-0.7154340607286226,-0.3493279752654334,2.4826420097548945,-2.637988666990845,0.0230854718067551,-1.7862938061881692,real,False
0.5087465031156061,0.8653894819867208,-0.2638833211535692,0.6032495362860539,-0.7022091665849078,0.6393885030601519,-0.6544582148187496,0.8398182127080541,real,False
2.0428195178300057,0.2077432815017639,-0.7319231530338542,0.3397958393063553,-1.5903174465413874,0.57427996202028,-1.0610345595122637,-0.2024918924139294,real,False
1.0420106540820349,1.5264123322815293,-0.6508785490019725,0.1362594493430687,-0.0877634027090012,0.2875671212135011,0.0050376932506928,0.7779862573194618,real,False
-0.4205023295294727,-0.484462552840442,0.1992810096139416,-0.1223275592328655,0.4058590494424506,-0.6545494623797118,-0.5238624838783544,-0.9200301654117788,real,False
-0.4205023295294727,0.3507588991460608,0.1992810096139416,-0.1223275592328655,0.1609806654569864,-0.3627644518836342,-0.520603857194621,-0.6983800661948651,real,False
-0.739719850337373,-0.9330555960689636,-0.3970670416579114,-0.3370754962968222,0.1535875344101196,-1.286508211327724,-0.9585131507701876,-1.6118907160721732,real,False
-0.739719850337373,0.1267676809586505,-0.3970670416579114,-0.3370754962968222,-0.0336767638414541,-1.104054246368992,-0.9667850492750496,-1.5572485229380684,real,False
0.2570498183216191,-1.17941567510629,-0.470134504910879,-1.2268661113505264,-0.4804588474006181,0.758007253297313,-0.0385777715931243,1.3237919233244106,real,False
-0.2946127943352922,-0.1671075828037494,-0.2396107224425573,-0.2631203091768277,0.2112874073037302,-0.7836557268670017,-0.7805420011201291,-1.2411044055193194,real,False
0.0744874163025453,0.8240051959397593,-0.2170891154130208,0.5951224401868483,-0.3468512174360447,0.7140826328679751,0.2887888783265609,1.3237919233244106,real,False
0.6020404101171529,-0.8332368534092911,4.150399888547831,2.152261599240786,0.3761544403409295,-0.2616660908935315,-0.0022315508899433,-0.069584001595261,real,False
0.3763952584574963,0.7850479852813633,-0.6699766240536644,-0.5465029024888464,1.1255829724342945,-0.5449097102952478,2.443242443456495,-0.5149384178160848,real,False
-1.001058189634628,-1.231439966371102,0.1034585480762469,-0.5249925113372856,1.1785550386403687,-0.6801162065459255,1.8877719256754677,-0.2326888938827767,real,False
-0.3717748865661641,1.0402964987276069,-0.3967097045688321,2.4128670586703733,0.0184514510434084,-0.9066361712349916,-0.9118897228336934,-1.4253677410128982,real,False
-0.6157926602582883,-0.499061828269462,1.8729741153231885,0.9665844482520908,-2.0115473119581515,2.5712862742668103,-1.0610345595122637,1.3237919233244106,real,False
-0.3270809086774249,-0.2656781095717889,1.5368956017892774,0.6559389785711891,0.1168328953850822,0.4499876049525586,1.4784382814803327,1.1762990862180678,real,False
-1.7665794841986435,-2.573197895894089,0.1277045606819985,-0.1077964285488189,-0.1425775313065161,-0.2182793402914934,-0.705342923803203,-0.7544602117798674,real,False
-0.8756831523238564,-1.6254572292310057,1.4812269661355535,-0.2405009415948788,-0.1562477848114982,0.1078951335590911,-0.4271063377305761,-0.0498635108400953,real,False
-1.3307783993470663,0.9185370838985988,-0.1700473904420691,0.2139151588082707,-0.2345950065927297,0.5677958314305469,0.2614665469014111,1.3237919233244106,real,False
-0.1906784358256399,-1.323464276729201,0.0938435347633923,0.1278291089174582,-2.0744540780308665,2.333301167123767,-1.0610345595122637,0.6643880136985598,real,False
0.095925495430328,0.0891577872644372,-0.2214781434670094,-0.3535168551567316,-0.4205407930279209,0.7042733174047473,0.0163175548482317,1.3237919233244106,real,False
-0.6249651000053484,1.2763494193271132,-0.3009548027559585,1.5672059516402153,0.3222822555564364,-0.5449338302279831,-0.5120812950987027,-0.8341638619153285,real,False
-0.7200255044079783,-0.4092665402830386,0.0330857061981128,0.2633283169593494,0.5337842578044929,-0.5044307907948041,-0.1202941022775174,-0.4806329807732447,real,False
0.8412395486376665,-0.9107048538973344,0.2108576139860859,0.242206930095998,-0.5990755835363601,0.792169364719439,-0.2862333995568678,1.3237919233244106,real,False
-0.0091081389019654,1.0377976167059262,-0.8096567456635981,-0.3940774186642918,0.7807551869833356,-0.7415366930050672,-0.0335644997719959,-0.7513788850993728,real,False
-0.0075978070714533,1.631320305935376,-0.6206265721988042,1.2023295112399552,0.8370042493623402,-0.5254893362806544,0.7344687432248767,-0.2499443232935467,real,False
-0.0075978070714533,1.3204008499201505,-0.6206265721988042,1.2023295112399552,0.6677533965545248,-0.548508006171006,0.1025458301716404,-0.4734432185187572,real,False
-1.2819713021507928,-0.0530689949109557,-0.0856847516308567,0.5536778448804255,0.2865869585390648,0.2230195481717894,1.2839233348205503,0.9871056280356976,real,False
1.3596974303734468,0.8337740112538198,-0.8667722113359401,-1.1830816708896434,0.3788557868114079,-0.7693192343067218,-0.6496956065886775,-1.1090182018154495,real,False
0.6531900683621453,-0.7527383635964946,0.1272764483464853,-0.4235508958124063,-1.2436039743317275,0.9635677576188072,-1.0610345595122637,1.3237919233244106,real,False
1.1012320631121213,-0.522642202975343,0.3259761249537832,-0.104443774503575,0.4334309377953256,-0.6385739510821709,-0.4739804292581268,-0.8612795367036813,real,False
0.4393767897344369,-0.8199531682107083,-0.2078810115130771,0.3647320469521589,0.0575577115252894,0.501242738381978,1.38619407997157,1.298319622765655,real,False
0.2712362603987579,-0.1069375312778931,0.2652639548097056,1.2973287714641553,1.2494073842926414,-0.9204429296159848,1.0217292185755344,-0.7098836858020451,real,False
0.2712362603987579,0.1194282327760686,0.2652639548097056,1.2973287714641553,1.1322056374463407,-0.8693399572729286,0.698373186112752,-0.7222089925240237,real,False
0.2712362603987579,-0.0228039569294175,0.2652639548097056,1.2973287714641553,0.7983662470059685,-0.6561147482460663,0.2010566214568137,-0.5878631492544578,real,False
0.2712362603987579,0.5756371018114552,0.2652639548097056,1.2973287714641553,0.2513863061969891,-0.6339909092134479,-0.66072480459516,-1.0393802188362709,real,False
0.2490591262940016,-0.5045191163324388,-0.0481519847090343,-0.5022589766569252,-0.1582825135087915,0.6072101551969152,0.7033864579338804,1.3237919233244106,real,False
2.713037132874435,-0.192874310043617,0.605278052662037,0.3725740903830903,0.6049041160783448,-0.0289417434769041,1.9276274366534385,0.3143493027943698,real,False
-0.1787339933008551,-0.1198080718033542,1.6181460134031105,2.7051860182763736,-1.0123295290685703,0.4448470094654784,-0.989094108879071,-0.1088195613268926,real,False
-0.1787339933008551,0.3042418907285513,1.6181460134031105,2.7051860182763736,-1.0959557740630186,0.9414414358717724,-0.9665343856839932,1.3237919233244106,real,False
-0.2367585121389063,-0.3861326267888674,-0.2430242957513649,-0.851065623400917,0.5341606833491055,-0.4838708174519163,-0.0814412456637722,-0.4399594685907155,real,False
-0.9192337798024935,-0.1040749745513708,-0.6062394716835515,-0.1954039943831986,-0.8074799205094942,0.4195396965142381,-0.8772981472679074,-0.021926148936944,real,False
1.8763346153969207,0.3224090217421937,-0.698994192726722,-0.6239788050472007,0.5232707400063746,-0.0722706596499722,1.1475623412858575,0.7535410656542044,real,False
0.7051620787448702,-0.3094719854502983,-0.5458258228308315,-1.1061849654722886,0.3367590042758573,-0.3609550102864076,-0.2609163768601693,-0.4335913934510266,real,False
0.5857464989129894,-1.2231320875760576,0.8988720224235234,0.7864299703779588,-0.7056598478586893,0.5751686848099762,-0.7070975689405978,0.5779054448660106,real,False
1.3737602117468344,-0.0316889419907618,-0.799312208476776,-1.2292511374697477,-1.3314860400851476,1.218166548261268,-1.0610345595122637,1.3237919233244106,real,False
1.2106513885262162,0.3165389108359978,-0.670315052082954,-0.8787365392624241,0.8368054666276946,-0.3040058099459931,1.8318739448698855,0.1013269182828411,real,False
-0.6379073340614575,1.4329326144504957,-1.142966407403655,-0.4753036027431251,0.5448347488491848,-0.1257104614795605,1.013457320070673,0.6348072775658113,real,False
-0.9115444284236623,0.3043892010778842,0.3693270415988687,0.1837930655705076,-0.3343096672899676,-0.6034318828157601,-0.9472332891726488,-1.298622503555219,real,False
-0.9115444284236623,-0.0385232218711569,0.3693270415988687,0.1837930655705076,-1.040962116723556,-0.2296007268974171,-1.043738771729371,-1.1174404947421348,real,False
-1.340935440318268,-0.7727073756079498,4.972163996158048,2.914386301941497,-0.3872759756159536,0.6010133913827865,-0.1147795032742761,1.3237919233244106,real,False
0.5727210414761508,0.0244453871541682,-0.3528870187540273,-0.1816199514169076,0.1477552100506823,-0.7818685992944496,-0.8153842402769715,-1.2733556247751632,real,False
-0.9850346207007984,-0.2573337935914561,2.3377033704312065,2.030632551611811,0.6137651405255431,-0.3443963516932581,0.4860611244879638,-0.0278833805192337,real,False
-0.9850346207007984,-0.2838486762493659,2.3377033704312065,2.030632551611811,0.6508913901509488,-0.4109594619919087,0.411614037944207,-0.1679810335923895,real,False
-0.9850346207007984,-0.0174637708294113,2.3377033704312065,2.030632551611811,0.8281252054343329,-0.770034531158659,0.0183228635766831,-0.7700722669610403,real,False
-0.9850346207007984,1.3224151547159808,2.3377033704312065,2.030632551611811,1.2525547632279206,-0.973741199759826,0.8166864010913826,-0.8121837315944669,real,False
0.1300515722920859,-0.5873227926579208,-0.0389243252168783,-0.6821260675993963,0.8196665170100769,-0.6287396021838397,0.3374176149915064,-0.5149384178160848,real,False
0.6089460386828022,-0.6210079024562294,0.1773837753276823,-0.0261499508544093,-0.6884183561054852,1.0500814947054875,-0.0165193755801593,1.3237919233244106,real,False
0.3473840882484393,-1.0954797881049418,0.2580360293373686,-0.4970984246115451,-0.0415888661496687,0.3392509422801918,0.2679838002688779,1.2118370539331058,real,False
0.4766364366284357,-0.2862084674702042,0.3977853822766165,-0.246095167984776,-0.3446568046646793,0.4431254186868144,-0.2955079524259553,0.7662772159335822,real,False
0.2831129123979107,-0.2842865417475194,-0.5194024540144966,-1.3486397654160722,0.1681440952070857,-0.4787911137460644,-0.6176106669334558,-0.8898331639429315,real,False
-1.2054563584137603,0.5908434289797467,-0.5286292645165138,0.606351444908239,0.3251617291446975,-0.3641798819570759,-0.2859827359658113,-0.4619395989115772,real,False
0.2957539909810254,-0.4920538334040896,0.9376940305678833,0.4840652189512345,-0.2816734139780584,0.434151900705564,-0.1764427466741556,0.8942549840634593,real,False
0.3124606447191815,-0.0046681187078833,4.818923011526421,4.01289317284843,-0.5834010694709676,0.6381515890589992,-0.4732284384849575,1.0863243471476245,real,False
-0.2316874133340667,1.055570164350771,0.6942279045236,0.5240911629189658,0.8713851916244931,-0.6878195146007261,0.3364149606272808,-0.5919715848284506,real,False
1.3683838111069873,0.447427394391761,-0.915048106424593,-1.5752185207232647,-0.4064945125068288,0.1601341964600652,-0.6840365185634072,-0.261242521122027,real,False
0.8012789010479047,0.87070756138163,-0.5532012442712383,-0.5283145590609022,3.0367981258794527,-2.942687590540577,0.9896442789203128,-1.8084793582877303,real,False
0.8012789010479047,0.5634261007699862,-0.5532012442712383,-0.5283145590609022,1.373971930095325,-0.9811890020168808,1.407249821620309,-0.699612596867063,real,False
-0.3886460008606472,0.1386303884178404,0.0216687006110508,0.6539554065420095,0.0814891573543216,-0.5216878849674483,-0.7218867208129267,-1.0239735854337977,real,False
1.1331790590183568,-0.5808876674874082,-0.1238238565457053,-0.5291599399670577,1.0548671756662715,-0.6637069087508336,1.192431124084957,-0.3308805041012057,real,False
1.9749420577035288,1.2823141450582236,-0.7375388871935192,-0.2029648196284353,-0.0393837465673844,0.5178803125120687,0.9096825933733146,1.3237919233244106,real,False
0.4899333243808576,-1.6328401448496668,-0.3733687604578709,-0.7407319724838004,-2.0940152300534427,2.6634814435184264,-1.0610345595122637,1.3237919233244106,real,False
0.4012434236401815,-0.1839970833566901,-0.3361227573239224,0.0897936145203123,-1.969649468669188,2.4746732519480137,-1.0610345595122637,1.3237919233244106,real,False
-0.3816133463439913,0.1693458972713781,0.2625237982769687,-0.0972128747566687,0.64117682326902,-0.6118253598731249,-0.0909664621239162,-0.6125137626984148,real,False
1.4459581724607429,0.0710115796958746,-0.2264949245754516,-0.2880131872859021,-0.6630963835945061,0.7028056993825278,-0.5358943362490627,1.2192322379662928,real,False
1.5281944955068518,0.382583658113296,-0.0857280048494378,-0.2493875754182885,-1.0091589795632825,0.635884139757654,-0.9552545240864542,0.4131571783488976,real,False
0.1523084464942767,-0.3534149256776706,-0.5008521919670462,0.2327625124897477,-0.1116796313229001,-0.416262044648603,-0.7943284986282322,-1.0184271974089074,real,False
-0.1938169810675496,-0.2490312274816909,-0.5138593290919014,-0.9524825835049524,0.379058514977121,-0.9927885622473211,-0.7855552729412575,-1.3458695126561369,real,False
-0.5574139175622778,0.9940676794275896,-0.5823334448492125,-0.2337769676756055,0.4673508538487916,-1.0535000553296343,-0.7637475405193489,-1.3512104789023274,real,False
0.6671019073743114,0.3192799036830723,-0.548063886679375,-0.8629356597940863,-1.2860685133647676,0.7770177730155094,-1.0610345595122637,0.6296717330983204,real,False
-0.0410902746158103,-0.076574706434791,-0.4811839224001748,-0.8547549637957621,-1.9677684571622431,1.9835772543312669,-1.0610345595122637,1.2219027210893882,real,False
0.4018185826176008,-0.4147264323013205,-0.325059131815526,-0.5005769457630882,-0.6281940319279163,0.1590931346718682,-0.8564930692102245,-0.4607070682393794,real,False
-1.4051670712876625,-0.169804617955061,1.3755352656008653,0.3095812436290429,-1.9339525820978,1.209512340153139,-1.0610345595122637,0.2280721557405202,real,False
0.6698755706714304,-0.2981669071028932,2.3294977008970994,1.105164051857151,-0.0821528259674623,0.6062678426326804,1.0951736507550658,1.3237919233244106,real,False
1.1753171347652966,1.4383211789525012,-0.7717902550951281,-0.3016556916489378,0.1633216086414934,-0.5740416017140321,-0.6920577534772127,-1.0309579259095856,real,False
0.0728915290092113,-0.8653465230353863,2.927581174401427,1.282035792250432,-0.2663812043451929,0.7838404072486614,0.9214637821529664,1.3237919233244106,real,False
0.1129538575873831,-0.1520823574624916,-0.1055430836822436,0.2190913964793578,-0.470512801947949,0.7525169450063721,-0.0215326474012877,1.3237919233244106,real,False
-0.6301499619507014,-0.6846164570478738,2.832385819835222,1.2848312323232711,-1.1768972588693378,1.385788672713255,-1.0169177674863337,1.3237919233244106,real,False
0.9902577092460092,-0.4053208860519829,1.5601660724026576,0.6280751662833032,-0.5497507742132747,0.7922265176905633,-0.1614029312107703,1.3237919233244106,real,False
-1.611981218398756,-0.6752446642830141,0.8810743880796088,0.144695749333332,0.751298258849044,-0.6600454207161209,0.0664502730595158,-0.6291529267730859,real,False
0.566050570135143,-0.612999734724656,-0.0034951463241851,-0.5809303893617005,-0.630063077974792,0.6530446650912003,-0.5348916818848369,1.0495538487603886,real,False
0.4824059061995683,-0.7858700118770618,3.1587829882348637,2.6928297792390974,-1.112580964331042,0.7229928124505507,-1.0116538320741488,0.6048156978756637,real,False
1.3906893177103743,0.9516709024519948,-0.3830580651487462,0.5364593129218612,-0.7024824463338756,0.485179226946946,-0.7609902410177283,0.27408663416924,real,False
1.3906893177103743,0.4461737644478298,-0.3830580651487462,0.5364593129218612,0.0637031598330163,-0.0919092291273801,-0.3381207629055469,-0.2271425058578864,real,False
-1.231185477017556,-0.1588855789843303,3.106400997443732,1.709146020163957,0.2506667473696747,-0.3223053163385611,-0.3499019516851986,-0.4880281648064318,real,False
-0.3290663612989841,0.147396370371884,1.0906987782189477,1.0421354032959076,-1.13976060986053,1.4796059753822255,-0.870530230309384,1.3237919233244106,real,False
-0.5504915936437087,-0.9009659640329264,0.1236965043033514,-0.6683149687190935,-1.9502397629122452,1.3425254941412337,-1.0610345595122637,0.3628288425674854,real,False
-0.4174385774766145,-0.6206629659657319,0.2740130323244783,0.1391607359864565,0.5631946714690619,-0.5564114642686896,-0.1523790419327392,-0.5597203655726068,real,False
-0.2598654801624846,-1.141178262110217,1.3891308337948465,0.8428622916773573,-1.5214242484982945,0.9052880056025404,-1.0610345595122637,0.7186193632752653,real,False
0.8762832633471709,0.1831386562064726,-0.6430899498775833,-0.8181621177955463,0.6943554702101342,-0.598215880281742,0.0594316925099361,-0.552736025096819,real,False
-1.0763096884941357,-0.3126885859700408,0.6553765505649481,-0.3931377183309798,-1.7489039047606258,1.6887927529975617,-1.0610345595122637,1.3237919233244106,real,False
0.6352560990673826,0.1805425832654978,-1.1361496731549587,-1.8000847822666255,0.0297936921258407,-0.7170947451588234,-0.8474691799321934,-1.268836345643771,real,False
0.3340961621035329,-0.6190426302819583,-0.237952739921634,0.4637833621319867,1.1845186310133673,-0.6934001740858352,1.8449084516048195,-0.2115304506767136,real,False
-0.391464468961882,-0.5748345431418254,0.4882707655510132,-0.4275573730357604,-1.4771702577877346,0.9347277154218157,-1.0610345595122637,0.9086345085724342,real,False
0.2746407535371579,-0.9809397356262284,1.9550714443124089,0.508042092509177,-0.0536469749600312,0.4799350112449302,0.6835840342404232,1.3237919233244106,real,False
0.1501900414636517,0.261081390772675,-0.0016714885614351,0.8620287825387802,0.6636767256034061,-0.4915893798325415,0.2291309436551328,-0.3536823215368659,real,False
0.1969578160817586,-0.8219004263819499,0.0751866659385093,-0.6816401070493563,0.5744642202573939,-0.6829097292697073,-0.3283448828543464,-0.7614445522556553,real,False
0.8974802876914109,-0.3835956150599475,0.1296949797998346,-0.4064873725914399,-0.6894110376856563,0.8250987902936906,-0.4376342085549458,1.3237919233244106,real,False
1.738992802636013,-0.6551970264333686,0.2416870559368442,-0.2498603199163888,-0.1544552762616709,0.5606223757853703,0.5447164047951663,1.3237919233244106,real,False
0.1971675522276838,1.1089776439574026,-0.1268870522181838,0.4936280727723348,1.3796297985329222,-1.2935924948818538,0.2551999571250005,-1.196527879541497,real,False
-0.5773281810308725,0.0211115611355731,0.3139892553423625,1.5230065866373743,0.2562799251299806,-0.616746587803442,-0.6436796804033235,-1.0118537004905188,real,False
-0.1457527303645761,0.2125598026158787,-0.504050835102763,-0.7966588104803255,-1.894187087043695,2.0380791370850013,-1.0610345595122637,1.3237919233244106,real,False
-0.54310255849262,0.2951492130766627,0.6701727516937019,0.7554927937215793,-1.6892360542782336,2.7041438877007518,3.045587052765074,1.3237919233244106,real,False
0.5131611205899944,-0.2386306679679782,-0.6202705437621384,-0.8489865568788718,1.39130159399653,-1.3565555760923922,0.1331267882805237,-1.259181522044888,real,False
0.5131611205899944,0.4149285172820696,-0.6202705437621384,-0.8489865568788718,1.0422800749679726,-1.0636065426109207,-0.0806892548906029,-1.0747127647726094,real,False
0.5131611205899944,-0.7158655999824455,-0.6202705437621384,-0.8489865568788718,0.585629403680414,-0.9605680333543524,-0.6110934135659888,-1.169617626531844,real,False
1.1906957660386306,-0.1628138562322658,0.1212436376196008,-0.2940148049115882,-1.977886344122878,1.364107617878895,-1.0610345595122637,0.2590908443241662,real,False
1.060976525918069,-0.3205635020693471,-0.8109002976544047,0.3165849580253315,-1.549950842475022,1.2310340855094402,-1.0610345595122637,1.3237919233244106,real,False
-1.012847548526611,-0.2618753683885399,0.8028671241393883,-0.1234184041448902,-0.3739784304658819,0.3765203280406866,-0.4396395172833972,0.4300017642022683,real,False
0.2377526679126698,-1.257290239225814,-0.7995324721004363,-1.2168845418805163,0.1622815982980694,-0.6141136425352153,-0.7186280941291933,-1.082929635920595,real,False
-0.1305213737148334,-1.268171784838219,-0.7588551370753496,-1.3096747136932931,0.7120942767571137,-0.541868649160263,0.2416641232079538,-0.4227040391799456,real,False
0.1106899232375235,0.4907542275383083,-1.0084022315868415,-1.6583505465640762,0.4025966928859351,-0.8652331233385624,-0.6973216888893975,-1.204539328910783,real,False
0.2710994143758163,0.1796617395356274,-0.5525181730059084,-0.646696018856436,1.3364545022528915,-0.8667114652046362,1.830369963323547,-0.4644046602559729,real,False
0.4903693288675214,0.7205731681539451,-0.8583434159906784,-1.3803002559570854,-2.3283054162061405,3.185585321564454,-1.0610345595122637,1.3237919233244106,real,False
0.4920087493335736,-0.1816746799756241,0.76747638363029,0.2899006491156588,-0.0100673428487782,0.8271698523553781,3.045587052765074,0.8730965408573961,real,False
1.1674878122519774,1.744443280238985,-0.6832520853348967,-0.0676078851564715,-0.5949131067704468,0.763356808348044,-0.3235822746242744,1.3237919233244106,real,False
-0.5606196359164793,-0.7245582688005506,0.345319515789803,-0.6254123312507132,1.0164652341313845,-0.7530703492919825,0.646485822764073,-0.5948474897302456,real,False
-0.5580380770846597,-0.0194625570207541,-0.0696037630765246,-0.7841851652867049,1.3360539840321353,-0.988480860167964,1.1565862305638888,-0.7589794909112596,real,False
0.187695561795355,0.1028604837860461,0.1870387371032301,0.5060896807446592,-1.1630779621800251,-0.3632320616765209,-1.0585279236016996,-1.2439803104211142,real,False
0.2612354693036837,0.0740232045278199,-0.7955818914732442,-0.9571556042014844,0.3191408956168024,-0.474398799263486,-0.4393888536923407,-0.7094728422446458,real,False
-0.758820787376807,-0.2580837065377151,2.1883526851057384,1.3750221588456235,0.9033565838931048,-0.7240351041884245,0.3366656242183372,-0.6367535325849726,real,False
-0.758820787376807,0.5637673111417857,2.1883526851057384,1.3750221588456235,2.690390035622081,-2.151546690542179,3.045587052765074,-1.9818553395102283,real,False
-0.0708666825392998,-2.437908981121892,-0.6116609166719255,-0.6613621170468464,0.2282187602701378,-0.548565520980401,-0.6161066853871172,-0.9391343908308456,real,False
1.3913737973772506,-0.4920549064884656,-0.8066511602460671,-1.3003306053977155,-0.1267793085356401,0.6172132966652719,0.9019120220505656,1.3237919233244106,real,False
0.4685019611603296,0.1119018966802612,-0.7516521114030944,-1.047320930729359,-0.9218709557101412,0.9600639082195144,-0.7268999926340551,1.3237919233244106,real,False
1.4502619337999865,0.2663248155977292,-0.7930107795060917,-1.0851171815674754,-1.5630796713280344,1.4166322041128276,-1.0610345595122637,1.3237919233244106,real,False
0.7244717499707267,-0.9668439085293594,0.466500278220148,-0.2825452868278016,1.0635636247395497,-0.6048694273077686,1.553637358797259,-0.1384002974596411,real,False
0.8902507140973274,0.3614644767724401,-0.2352585007111073,0.2191349409689359,0.1423772794237264,0.3736776464872611,1.2162441652353169,1.212864162826604,real,False
0.8902507140973274,-0.2582573242460029,-0.2352585007111073,0.2191349409689359,-1.2915845087219306,1.2071023280080804,-1.0610345595122637,1.3237919233244106,real,False
0.5278266792525057,-0.2263175453147973,1.2857433165781775,0.626310906074576,-0.3425876207521157,1.6853909020072926,3.045587052765074,1.0581815634657736,real,False
-0.9883961411686368,0.0996631017034448,-0.5649345747819953,-0.7729203577883135,-2.195837377995674,3.335148206264936,3.045587052765074,1.3237919233244106,real,False
0.8881649002684955,1.5355567356730733,-0.8566805075478586,-0.4665628873568126,0.7832553079854039,-0.559198860209344,0.4186326184937867,-0.3951775208341936,real,False
0.0401287900487248,0.1389659192954609,-0.8778399142033062,-0.9188422940445572,0.4039638115318971,0.0137949242123355,0.9239704180635304,0.951773082099359,real,False
0.0401287900487248,-0.0839613223945277,-0.8778399142033062,-0.9188422940445572,-2.3198621485688715,3.4042510956591308,-1.0610345595122637,1.3237919233244106,real,False
0.7938503248570387,0.685607069288886,0.6481720153738347,2.385785622576401,-1.3245014461489453,1.0321931534614694,-1.0610345595122637,1.3237919233244106,real,False
-1.576267576526399,0.6294565141660369,-0.7596165458599373,-0.6060829170132866,-0.8722575092689117,0.5321880936454796,-0.8853193821817129,0.2276613121831209,real,False
1.3496044728195622,0.8728909431902184,-0.5599130715785078,-0.0850336178512836,1.0339546646965514,-0.4464689001259405,2.406645559162258,-0.4068865622200732,real,False
-0.0758439189517249,0.2472472870482269,-0.6901232367788276,0.1035580855207843,-2.2372066756398965,0.8329168007412096,-1.0610345595122637,-0.9342042681420542,real,False
-0.2878613768515674,-0.4977022622884815,0.5698616312312305,0.7180973000884037,0.3534207223345098,-0.3769672986508993,-0.2556524414479845,-0.4430407952712101,real,False
0.5177457819475106,-0.609261566868532,-0.2075403973657227,-0.8202143042847984,0.3353681371901619,-0.6067557632022651,-0.5569500778978019,-0.9208518525265774,real,False
0.7962893785393549,-0.7398098729459069,-0.5176108412558476,-0.4217275594627948,-1.884346266127435,1.4136628473629371,-1.0610345595122637,0.8554302678892269,real,False
0.7156442317830191,-0.9144804083164584,-0.291987632842262,-0.9242067005243504,-0.2854101330038765,-0.6965776047163106,-0.9524972245848335,-1.3579893975994155,real,False
0.5885051058995024,0.4096221629203209,-0.1829417038024167,0.2742140582522942,0.883667437162052,-0.4002117398441751,1.5646665568037414,0.1964372018207753,real,False
1.5196407384547013,0.7162966513478017,-1.1971462034132296,-1.6549771131235544,-1.0004131552783575,1.576007255771762,0.1318734703252416,1.3237919233244106,real,False
1.147615643596103,0.2431393970269964,-1.0952477164014869,-1.4649278528713818,1.4041434670290442,-1.0975490262931018,1.010700020569052,-0.9011313617714118,real,False
1.3140831596244256,-0.606466076146321,-0.7601870937158786,-1.408454654219054,0.3621389069317991,0.168497959515628,1.4531212587836342,0.8246170010842806,real,False
1.567241434453044,-0.3406993173819786,-0.4874822558577798,-0.5025358642548347,-0.7190491550968754,1.3671991826566667,1.215742838053204,1.3237919233244106,real,False
0.7044689168044262,0.4237980220461088,-0.5649135858117744,0.1018825121165258,-1.4850181586836613,1.4871054774889998,-1.0610345595122637,1.3237919233244106,real,False
-1.7666694663124258,-0.4262700749777097,1.9364317737865928,0.7728477057004648,0.8257952458003548,-0.2779834308312073,1.9226141648323096,0.065788950567803,real,False
-1.0302768633299872,-0.2443230467309819,-0.4405478515575221,-0.8181190481745875,-0.2461711675386969,0.6420617057765414,0.4489629130116136,1.3237919233244106,real,False
-0.0189262920021326,0.2250978196931345,-0.166643648932995,0.0733454513921129,-0.3242470622553921,0.4975841114700348,-0.1588962953002061,1.0846809729180271,real,False
-0.0398886043477134,-0.3643429729945575,-0.0880893841777936,-0.6483488138078823,-0.4859058243797725,0.3270370880612347,-0.6416743716748721,0.0801684750767779,real,False
-0.0153920689880972,-0.8850306776118376,-1.111311493099971,-1.814571739598681,-1.8513100906175743,1.5323088657430797,-1.0610345595122637,1.3237919233244106,real,False
1.225183007926277,0.7528897743650236,-0.096310280657839,0.6824548807872194,-0.266480899824595,0.3631155650586476,-0.2644256671349592,0.6163193174828436,real,False
-0.5531835660406792,1.2856526912669364,0.194116449568156,1.458732556257012,-2.3095084494295963,2.954622058853386,-1.0610345595122637,-0.3783329349808229,real,False
0.925823602759551,-0.4790878184163636,-0.5201803772526215,-0.2510759318987639,-1.8769581623074891,1.8669718738659136,-1.0610345595122637,1.3237919233244106,real,False
-0.8576809736292665,-0.3385905518357983,1.9663327470355472,1.8841053994360843,-1.70468780952923,1.3963235347670262,-1.0610345595122637,1.3237919233244106,real,False
2.1560246857921714,1.005164527155998,-0.7789287808556431,-0.2155224541800805,1.2390375119762858,-0.7183250077502439,2.093316070341732,-0.4025727048673807,real,False
0.2414446139083355,0.7621062280366383,-0.8325914319525258,-0.4995600754902662,1.0252854410406536,-0.4925931984889435,1.9892906800533177,-0.1634617544609974,real,False
-1.0295539062812278,-1.4232308864833756,-0.4464446478583689,-0.8771389909516113,0.2276793131830115,-0.3018519475695756,-0.3586751773721733,-0.47755165409275,real,False
-0.270457127686654,0.6754493656204367,-0.4517429622271222,0.2722269589320595,1.2561507386334128,-0.7402416498870331,2.0742656374214445,-0.4040106573182782,real,False
0.6067966926735648,0.2458571670993941,-0.6602066549455595,-0.905035615509231,0.4787706613544365,-0.1152588734245142,0.747252586368754,0.5436000078231703,real,False
-0.7325918949204321,-0.7339372505838277,-0.405699575228593,-1.4997594366031537,1.749881999632548,-1.3497874777411691,1.721331301214004,-1.0188380409663067,real,False
-0.5553088069007456,1.0077939206279751,0.3505217168654314,0.8670288422400702,1.4521609245590072,-0.9305894941123354,2.2976068970527157,-0.6842059634645898,real,False
0.2703717797012671,-0.0406297543088285,0.0469508361643874,-0.8106110096031792,1.0914364102323957,-0.5064673057204901,2.4439944342296647,-0.48330346389634,real,False
0.2703717797012671,0.662408861422158,0.0469508361643874,-0.8106110096031792,-0.0517267937306206,0.0198454587871362,-0.3757203015640099,-0.1213502898275708,real,False
-0.5570521658494155,0.8436723771709536,-0.7208231386770952,-0.5459375218593461,0.4633953703565551,-0.9882485429698518,-0.7296572921356758,-1.2920490066368306,real,False
0.4587675965209602,0.5750228704206877,-0.1162311685568355,0.6436419255838699,-1.2538506471410655,0.7786903069648141,-1.0610345595122637,0.6687018710512523,real,False
0.1003277753647833,0.8693668792206958,0.5646457682584338,1.8887318312646075,-0.7701315711169887,0.7924613922250745,-0.6211199572082456,1.3237919233244106,real,False
0.9149372686744212,1.250199703646616,-0.4827120010595816,0.7883790124090869,-0.6998999844582359,0.3775583807810576,-0.8146322495038023,-0.0307592854210286,real,False
-1.2864654842015102,-1.1485553928716368,0.1503998630074045,-0.4262285141035833,-1.6928729525005486,0.5035875779579443,-1.0610345595122637,-0.4239365698521434,real,False
1.143120980614747,-1.5272710493622417,0.389142618690582,0.7854021221609929,-1.022476055871515,1.2833431575754952,-0.6614767953683294,1.3237919233244106,real,False
0.5386876227729066,-0.4336488216464344,-0.2788166632266087,-0.7982932167030011,0.623955257121013,-0.4292693059197796,0.2734983992721192,-0.2435762481538578,real,False
-0.773428622911121,-0.5516981962022078,-0.4603359802515388,-0.7439001883199517,0.5854508269899945,-0.7492906009148893,-0.3982800247590878,-0.857992788244487,real,False
-1.3312764361667404,-1.464824666232375,0.4399535357425037,-0.2233445490247385,0.037639550155596,-0.0355849930535721,-0.3025265329755351,-0.116625588917479,real,False
-2.5619504653386493,0.6705766689317767,-0.1282823598004653,-0.9482530155658216,-0.355216525895565,0.9104143708413224,1.0355157160836377,1.3237919233244106,real,False
-0.0626391840375303,-0.17855762415658,-0.2102671204127431,-0.7035831773509689,-2.026737612216829,2.203431020829487,-1.0610345595122637,0.9439670545087726,real,False
0.0169692134724586,-0.6842472658479387,2.082942587655007,0.432534312945862,-0.3005074979378253,0.4855232280929455,-0.1248060469165329,1.095157483631709,real,False
0.2243796023631586,-0.8373066487643702,2.33852359864456,1.1857726966327142,-0.4335863488178289,1.1599435544658845,2.2043600411797266,1.3237919233244106,real,False
-0.5483208568497601,-0.7305396431687335,0.3070778189281934,-0.7569274457351597,0.244769091494524,-0.3557109195295559,-0.402039978624934,-0.5718402505158857,real,False
0.4115637948451427,-2.3646366436708752,-0.3629126324426666,0.0724433891289049,-0.1971204249816933,0.5502534006046593,0.3431828775858042,1.3237919233244106,real,False
0.974273949548396,-0.8125219466087731,0.918665927042121,0.8704341433678489,-0.8065365546921782,0.6899636910211079,-0.749459715829133,0.8702206359556011,real,False
0.466790401440029,0.3537802716517053,-0.1206673427227269,1.211687898019156,-1.340825518302306,1.1134939876603014,-1.0610345595122637,1.3237919233244106,real,False
0.2686588296646899,0.0185051966554527,0.6899945066995168,1.1002760152613629,-0.4879720548300506,0.7148724039267723,-0.149872406022175,1.3237919233244106,real,False
-0.7266875579031834,-0.1704386768864897,0.1070022475539935,-0.3565352528506369,1.0617989890330304,-0.5898610669686762,1.6295884268873544,-0.091358710137423,real,False
1.7138478382965534,0.9669655342501764,-0.2527908104772371,1.0281606396694012,-0.7884614005218181,0.5352975819855371,-0.8153842402769715,0.3277017184098466,real,False
0.343098119116334,-0.9959434045438306,2.3356730711850737,0.830593692667107,-0.2101350879454548,0.5582475578843596,0.3201218272086135,1.3237919233244106,real,False
0.215489764547672,-1.305584905135231,-0.2933203117840583,-1.0425526744629048,-0.7051993722061324,0.7160660810837306,-0.5905389990993624,1.1884189711613466,real,False
1.7423816146061262,-0.2246009166282733,-0.379970358594622,-0.1131294466749509,-0.2523243804551533,0.6753862508387007,0.5397031329740378,1.3237919233244106,real,False
-0.5387595784002003,-0.2185091528705012,-0.4246390288569123,-1.3182162404635986,0.085643944477711,-0.2436384986695734,-0.4907748898589069,-0.5564336171134125,real,False
-0.1435422099621735,-0.2082714723694615,1.1817411244003853,1.156889973620456,-0.0201862263281149,-0.0347016292391947,-0.3965253796216928,-0.2176931040377029,real,False
0.6141588521312787,0.0061220652528518,0.4196036759022916,0.2500722240534985,0.4653050943286751,-1.3465810557361415,-0.8845673914085436,-1.563822019856457,real,False
-0.6041864016543615,-0.609136798267712,-0.1226592051320808,-0.8857215902144256,-1.0681951763183974,0.3148733769950106,-1.0241870116269698,-0.4050377662117764,real,False
-1.148491749845587,2.359702301155352,-0.2590134874947677,0.653328388170132,1.300529030664737,-1.523951460981497,-0.3458913342282959,-1.425162319234199,real,False
-1.148491749845587,-0.3400274758951871,-0.2590134874947677,0.653328388170132,1.1388247999828052,-1.420560430596877,-0.4441514619224127,-1.3818183239285742,real,False
-0.0680038420183322,-0.0074183192530046,0.9917559442634656,0.5231142681564761,-1.7350277220672057,0.8608888073821881,-1.0610345595122637,0.1643914043436312,real,False
-0.6813292166252358,0.7904717598444616,-0.7600410956520574,-0.8491203409080793,-0.3555726357967076,0.4212520298386679,-0.3488992973209729,0.6456946318368925,real,False
-0.0145521936956784,-0.3114634622659714,-0.7920649746073198,-0.5840494739275662,-1.6618263531486026,1.104212190055734,-1.0610345595122637,1.0232598610868344,real,False
-0.6011183292776173,0.0878076616728328,-0.3013820243178401,0.5422666853195053,-0.1384873752494418,0.3712396155008104,0.0551704114619769,1.028189983775626,real,False
-0.8341222051760298,-0.8631620581884216,0.8355996487002604,1.0673823660498327,-2.242654137459472,2.373270494711197,-1.0610345595122637,-0.5104191386846928,real,False
-0.8341222051760298,0.5380250868870512,0.8355996487002604,1.0673823660498327,-1.8999714975067343,1.3138058535133392,-1.0610345595122637,0.5622933896848378,real,False
-0.8341222051760298,1.0090915282182986,0.8355996487002604,1.0673823660498327,-2.273746478253195,1.3161142902617862,-1.0610345595122637,-0.8501867606539006,real,False
1.4035031780072165,0.0079788701463692,-0.5387286878914167,0.7024369767164921,-0.3256764359103584,0.5477472052568667,-0.0633934671077099,1.3237919233244106,real,False
-0.201990610317863,-0.3400171553694066,-0.6930310373560024,-0.1903245366777519,1.0465513996424325,-0.5251022397531421,1.930886063337172,-0.1492876517307221,real,False
0.632368268273763,0.095466017532275,0.5118954460015991,1.5037099105208784,-0.7628132030369676,0.9355967597673178,-0.4461567706508641,1.3237919233244106,real,False
-1.3135102011278144,-0.7308511572439155,-0.9320635984183137,-1.5368992771766072,0.694471111651937,-0.8612793094788741,-0.3814855641583076,-0.9576223509138134,real,False
-0.2264048890510011,-0.2325530388546524,-0.7094956726329109,-0.5347414312400828,-0.5932775272695262,0.6279805135045784,-0.5020547514564458,1.0140158810453506,real,False
0.5926531925548754,-0.8589482570486331,-0.2767070627032584,-0.8685639317746794,-0.3845035896077234,0.6607650579729925,0.021832153851473,1.3237919233244106,real,False
0.9813195395284572,-0.3833936838171994,0.0578491934933583,-0.5308231329226569,-1.8447897976410363,1.0946644369299707,-1.0610345595122637,0.3562553456490968,real,False
-0.3785104390742985,1.831522519488232,-0.7452047498873807,0.4570742883480477,-0.2456624657027944,0.3768956934838924,-0.1977491519139513,0.7295067175463463,real,False
-0.6738636704336483,0.3167036092426754,-0.788917580974041,-1.38761138654946,0.1731407307736882,0.4669393456345844,2.012602394021565,0.9201381281796142,real,False
-0.0424555846061046,-0.891736661347441,3.6412749067047057,1.7755233040106415,-1.8935566453123245,0.8963081868253403,-1.0610345595122637,-0.1293617391968568,real,False
-0.6445912772608461,1.1443964861245297,-1.2982725506686514,-1.3430944494627848,-0.3557317574657961,-0.2148157350204324,-0.845463871203742,-0.8974337697548183,real,False
1.0751079472632807,-1.0266207872070816,-0.5114636026954638,-0.5495031992492646,-1.4642112664530909,0.9292545634469852,-1.0610345595122637,0.9139754748186248,real,False
0.4264484848091289,-0.8997684900388732,-0.3941183355438401,-0.9043918914439304,0.5457036723373814,-0.5005062703218156,-0.0877078354401827,-0.4652263473707715,real,False
0.5963872283565497,2.122050618498795,-0.5835902881263599,1.1154280595098882,0.6563733466322236,-0.9418260861878476,-0.5208545207856774,-1.0767669825596058,real,False
-1.296146146965457,1.2018258302218765,-1.0551748507823626,-1.314423969701765,0.9869614914443304,-1.367319046513498,-0.5652219764026638,-1.3684659083130974,real,False
0.0507249796153187,1.2510970210714008,-0.3322840361308249,0.5768050686962405,0.5235339919912306,-0.1512436311930434,0.8051558759027871,0.4858764880085709,real,False
-0.5600011057532548,0.5518755169275826,-0.1426028440717984,-0.0850444532936154,-0.0651942902956547,-0.5208041130408162,-0.8153842402769715,-1.1157971205125377,real,False
-0.5607719297405515,-0.5138101775001679,0.5783942856885255,0.5663333530884126,1.5126605264476185,-1.2219785033474386,1.0019267948820774,-1.0188380409663067,real,False
-0.5607719297405515,1.1257893138823911,0.5783942856885255,0.5663333530884126,1.0146054908977271,-0.7311161741500973,0.71742361903304,-0.5490384330802255,real,False
-0.6287368374754393,0.4929780484982188,-0.6071332914793083,0.4947666283549246,0.0910171671792957,-0.8436595564889297,-0.8660182856703685,-1.352648431353225,real,False
-0.7081685283763295,1.1594208220737232,2.0242734638832216,2.578604262107092,0.7664339552091526,-0.7605432363692337,-0.100993005766173,-0.7891764923801069,real,False
-0.7081685283763295,0.7848003585890695,2.0242734638832216,2.578604262107092,0.7806062644305475,-0.900045802445782,-0.3010225514291966,-0.9759048892180816,real,False
0.7600464529443479,-0.7622995965109062,0.2606921818526276,-0.4325350919864528,-1.4995750102974863,1.4544224725547883,-1.0610345595122637,1.3237919233244106,real,False
-1.3784207174507808,-1.597813434084479,-0.2101953187041395,-0.2786943964203445,-0.3832737582339255,-0.6721066546032886,-0.9715476575051216,-1.3627140985095074,real,False
0.6888227386137858,-0.8595209774209152,0.7469201459535606,-0.0955711058961788,1.17114290640183,-0.6704872004813287,1.8962944877713857,-0.2318672067679782,real,False
-0.6417255021094955,1.5326995595862472,-1.1482724535616216,-0.6891095337632644,0.2050792004702134,-0.5253093331900703,-0.6196159756619071,-0.9259873969940684,real,False
0.3198945377245951,-0.9965248683310236,-0.3785540896432611,-0.9094219789704628,-0.862414206071109,0.879351075513482,-0.6930604078414383,1.3237919233244106,real,False
-0.0529473850784661,0.1067470190694407,0.5708048019204066,0.5107951886356615,0.9550974285637088,-0.5942360653224696,0.9949082143324977,-0.280141324762394,real,False
0.5110883285720845,-0.5639697417869487,-0.4912382915276917,-1.0401597511539538,1.135166250770729,-0.6362605257490741,1.8551856588381328,-0.1792792314208698,real,False
-0.1812861407278697,0.2361828590440257,-1.0220552023914182,-1.6561020132788766,0.6631289826233838,-1.070486277343493,-0.6276372105757125,-1.2328875343713337,real,False
0.3689789121380946,-0.5534637620890442,-0.3241072069530373,-0.9138953727343984,0.5315049900519419,-0.4960558914843903,-0.1097662314531477,-0.4658426127068704,real,False
-0.4753753264765192,-0.3854468779410214,-0.8993060210145872,-1.0322487700647305,-0.2892629305117524,0.9453502083574042,1.7288512089456969,1.3237919233244106,real,False
1.7987621513867271,-0.0412462103069492,-0.742190221971772,-1.1215943932845205,0.2637278324169742,0.3508228372608961,1.9058197042315297,0.8044856667717156,real,False
0.5706145482290543,0.2464718212692437,0.2501061469734257,1.1672117007959986,-0.4625338957734338,0.8017873990544121,0.1258575441398875,1.3237919233244106,real,False
-0.4902205888453663,0.0077315563119618,-0.5625847184187459,-0.534857970876855,1.790898504548481,-1.327227166623714,2.1828029723488744,-0.928657880117164,real,False
0.4336384343926595,0.0011827293195756,0.3261067380298131,0.9581903274466173,-1.1835378539796562,1.2698811975854456,-1.04098147222775,1.3237919233244106,real,False
-0.181812730993907,-0.4239605409250789,-0.501464218400627,-0.7903197999805637,0.7157067706077327,-0.4552958086575855,0.5023542579066312,-0.2107087635619151,real,False
-1.2916035917999038,0.586535708350754,-0.8692659508409655,-1.208492802566297,2.014754924872462,-1.5493273822535838,2.412410821756556,-1.093816990191676,real,False
1.1321694995118128,-0.5066237969596004,0.6168353560554156,0.4852450251798936,-0.0055663329781075,0.193249960390522,0.0138109189376675,0.6000909969655719,real,False
-0.6891168934428814,-1.0770296751599462,0.1724304333290782,-0.7031593105903212,-0.8561105706394003,0.9365285524313216,-0.6334024731700102,1.3237919233244106,real,False
-0.323771023853131,-2.270682220340243,-0.3433903470660271,-0.85433437440547,-1.7748613989724715,1.4104323379044892,-1.0610345595122637,1.3237919233244106,real,False
-1.138518707000678,-0.4622679013906596,0.1238315197394688,-0.6971609222493625,-0.399264073424271,0.956358874702366,1.00593741233898,1.3237919233244106,real,False
1.1841388138629372,-0.0888136547893595,0.1786363005573396,-0.3224791077010892,1.373320222162378,-0.7846166934896726,2.7758730287883653,-0.9298904107893616,real,False
1.0159456861284324,1.8051246292467025,-0.5050482500947838,1.642828331973777,-1.8780171033927808,1.1492710499816676,-1.0610345595122637,0.3429029300336201,real,False
2.058382165152792,-0.0547282765943409,-0.5198319885561454,-0.5595100967959002,1.1930655096926204,-0.8761939095151366,0.9390102335269156,-0.6763999358740035,real,False
1.9113244724155056,0.4224709546168546,-0.713057311526136,-0.7729164025843472,-1.2545897409397546,1.98158793057904,-1.0610345595122637,1.3237919233244106,real,False
-1.3352169326744483,-1.069282251165434,1.90152101866278,0.7020046242458409,-0.3583130499277847,0.7912626592102963,0.4978423132676156,1.3237919233244106,real,False
-1.455189992971737,-1.1539287601610864,-0.6173425672995114,-1.3406085972844777,-0.0678326447476161,-0.5446035219153269,-0.8271654290566233,-1.1433236388582897,real,False
1.367314425489769,-0.9761400688319314,-0.862465588726906,-1.3763922864153215,-0.3024543788515825,0.2495747584057384,-0.4787430374881988,0.1284425930711938,real,False
1.4383340100176436,-0.589009496699782,-0.427552545358846,0.7005451157908916,0.0818919213343934,-0.1525797596913449,-0.3897574626631694,-0.3536823215368659,real,False
0.8492127803525339,0.0064255011181178,-0.8774030478086265,-1.6351218362973932,-0.1278457608178078,-0.7051029972675109,-0.9071271146036216,-1.319370103203883,real,False
-0.2780045899989064,-1.9927313010674756,0.1045149609539025,0.3002661383762564,-1.593768456698466,0.8380198695570499,-1.0610345595122637,0.3846035511096474,real,False
0.427127893336851,-2.348887809700767,-0.7819239447280758,-0.4135682199345996,-0.7857604593942766,0.8756113042628485,-0.5657233035847767,1.3237919233244106,real,False
-1.0930572759333526,-1.2990059551372233,-0.5511078806896369,-1.0038702051796191,0.1718252559220096,-0.6251065852442919,-0.7183774305381369,-1.0897085546176832,real,False
-1.1329921995283607,-0.1682053082821502,-0.5781575681782117,-0.5664172521928433,0.2061251929993186,-0.4366684252017869,-0.5404062808880782,-0.7801379341173227,real,False
0.6115852725249556,-0.1705731301006141,-0.1853118749818389,-0.5394964948521053,-1.6150998903230127,1.0105107088777248,-1.0610345595122637,0.8500893016430362,real,False
1.2513411407695152,-0.1341069195990192,-0.5115769973261679,-0.7392442732010629,-0.3609616146323529,1.0509835995212693,1.9343953536119616,1.3237919233244106,real,False
-0.49118514282757,0.8324156761455821,-0.6524795284795454,-0.4940255770088899,0.7249231365489823,-0.7433894393340339,-0.1551363414343598,-0.7838355261339163,real,False
0.957154050843856,0.4335500595101496,-0.2794120804027658,-0.5545825967812128,-0.4108602423980708,0.5876804249186732,-0.1977491519139513,1.300579262331351,real,False
1.4020142947674887,2.4401284226790376,-0.283353347526267,2.0555096196877964,1.640189417244645,-1.1305593355410262,2.388848444197252,-0.8625120673758792,real,False
1.8323248623282409,-0.6975472377703091,-0.9635816150558084,-1.310046630322307,0.4572680467583244,-0.6256665214966013,-0.4278583285037454,-0.8082807177991737,real,False
-0.5768231119137323,0.9624952426361116,-1.2404273889142778,-1.5926269739021854,0.1357788006157801,-0.1847078873790179,-0.3473953157746344,-0.3450546068314809,real,False
0.251971256375259,-0.8884678637659419,-0.9651749926506172,-1.128077831244592,0.5561103100475709,-0.6648483279717882,-0.3326061639023056,-0.7421349050578889,real,False
1.47862044437669,-0.1885897705044459,-1.2465852065540148,-1.7873661807297412,1.6168131074680463,-1.0972766087106915,2.444495761411777,-0.8859301501476383,real,False
0.1625097284863878,-0.3490139055461912,-0.7222313406558817,0.0223764768878839,-0.9707872595805864,0.4628669284286054,-0.965281067728711,-0.0393870001264136,real,False
0.983908144593704,1.2115850791594749,-0.0002934658401768,1.99848795201518,-1.1199721957480573,0.8311612250132349,-1.0056379058887948,1.0123725068157534,real,False
0.3948426834947404,0.2037309533343919,-0.5464310653563698,-0.3301059597133787,1.4716245920016169,-1.0274886269637902,1.7762266276553604,-0.6798921061118974,real,False
0.3948426834947404,-0.3564729534421638,-0.5464310653563698,-0.3301059597133787,1.0775364616264649,-0.6945739709517912,1.1671141013882584,-0.3828522141122151,real,False
0.3948426834947404,0.2183800114748726,-0.5464310653563698,-0.3301059597133787,0.493752657057238,-0.5280013516796941,-0.2376046628919222,-0.5517089162033207,real,False
-0.7029033588529567,0.2873171529251791,0.4439764170743321,0.0969426937677688,-0.9504478490554492,-0.1451125793757986,-1.0256909931733085,-1.0188380409663067,real,False
-1.4451920343324207,0.8003568081875566,0.6140655363065505,0.8912103680896238,1.4652729211735631,-0.9944357444767166,1.9444218972542184,-0.6065565311161252,real,False
-0.5600137149577143,0.805350364925918,-0.5191486484548029,0.4837170871149348,0.542858173642259,-1.084864464455978,-0.73216392804624,-1.334776736606356,real,False
-0.8135503178823014,-0.884743270737509,0.1241652637389136,-0.8857232445737594,-0.1428517589077005,0.2109044277132764,-0.2614177040422821,0.3129113503434724,real,False
1.1684633794704464,0.3544205539706159,-0.7405006822585299,-0.1191194211012088,-1.6342481345717006,0.337054485197347,-1.0610345595122637,-0.6190872596168033,real,False
1.389557296493877,-0.3220570861552693,0.062814741734444,0.509750586753691,-1.680285454946369,1.3946146142066185,-1.0610345595122637,1.3237919233244106,real,False
-0.4856072092877318,0.6327313021716371,-0.0203090719808439,0.1040217135580249,-1.8390727002903493,3.577823887871035,3.045587052765074,-1.1677688305235472,real,False
1.3213197322323036,0.1635059956470499,-0.7604302057821765,-0.7743387514217009,0.1732157370677808,0.3021870320911042,1.0377716884031454,1.221491877531989,real,False
1.5033062547658025,-0.6482265553363388,-0.6172470189743643,-1.2654478654134602,-0.3100123454598155,-0.2326379626660039,-0.8276667562387362,-0.8955849737465215,real,False
-0.3381283422410707,-0.582597244273662,0.4093241890085538,1.1539068140527171,0.5061623817492676,0.1062911761705975,2.102089296028707,0.3669372781414782,real,False
-0.3381283422410707,0.3465874453276549,0.4093241890085538,1.1539068140527171,0.2879391661881745,0.2252185056102804,1.3037257585140076,0.9782724915516128,real,False
-0.3381283422410707,1.4006418966039178,0.4093241890085538,1.1539068140527171,-0.1080106922606012,0.5569415698063968,0.7374767063175537,1.3237919233244106,real,False
-0.3381283422410707,0.6230148261616686,0.4093241890085538,1.1539068140527171,1.7541858668758563,-1.2879704905453475,2.1675124932944327,-0.8929144906234262,real,False
-1.3293462548717336,0.4009238004309042,0.3119336203447201,0.8051571217431552,-0.3832997846024302,0.6345679886850252,-0.0340658269541087,1.3237919233244106,real,False
-1.3293462548717336,0.5074624457366661,0.3119336203447201,0.8051571217431552,-0.7192122683226468,0.2571470827400321,-0.8762954929036817,-0.3282100209781103,real,False
1.1730844395341191,-1.5256272758990626,0.451507354683858,0.5426247778241602,0.7945641455174028,-0.2577912683216725,1.8233513827739676,0.148984770941158,real,False
0.1483368317311668,1.4904657701975987,-0.3232762204154641,0.1755540122916888,1.3300488419166825,-0.9184871243977568,1.4786889450713891,-0.6092270142392205,real,False
-0.2362603643855065,0.4050367445642884,-0.6317802164634663,0.0949473596099101,-0.2671169421609368,0.7189231122475284,0.6374619334860419,1.3237919233244106,real,False
0.8822492895967518,1.1189774974479236,-0.6433693979262943,1.3503995755508706,0.4646621636043305,0.0956415391812849,1.709299448843296,0.587971112022293,real,False
-0.4891919744365054,1.3552199447600688,-1.0099438254595654,-0.7502064803884162,0.3213610592170136,-0.9163657645122844,-0.7812939918932984,-1.3078664835967029,real,False
-0.6169072302554391,-0.4095862887752919,-0.5030721485889807,-0.9455931901851344,0.3914315300416171,-0.8498303336544282,-0.6958177073430589,-1.1952953488692992,real,False
0.9295183602072572,-0.6649037641649573,-0.7274882613598626,-0.4271406525563252,-1.5761665272886234,1.0025365422779515,-1.0610345595122637,0.926506203319303,real,False
-0.5513038188055954,-0.0204178675864747,-0.6496792881812806,-0.0936652899028914,-2.0337398982990327,1.186581268168673,-1.0610345595122637,-0.1768141700764741,real,False
0.1061245898253271,-0.8147473932153977,-0.269240948496364,0.396767482661011,-0.5793542984130792,0.9828146042321904,0.2108325015080141,1.3237919233244106,real,False
0.3507468749928205,-1.1835842052432668,2.387466244902862,1.681578908033749,-0.2264736905315121,0.6087527162650078,0.4166273097653353,1.3237919233244106,real,False
0.1167032984867832,-0.6182003197676496,3.299145341835352,1.923771089169768,-1.5620634368704631,1.4109028956757974,-1.0610345595122637,1.3237919233244106,real,False
0.5594024876846734,1.0671433333065068,-1.2059899784954848,-1.2167937956698032,1.2860689975006985,-0.7668354488374407,2.124899682814841,-0.4576257415588847,real,False
-0.1915438016947207,-1.280438044766538,0.4168672686107127,-0.2129375266904989,0.2193489553293865,-0.8222128815375609,-0.7945791622192886,-1.2743827336686613,real,False
1.878307533436316,-0.5762545649759508,-0.6857431351707206,-1.2598950458580835,-0.0397403932577994,0.3999183099313786,0.4572348115164755,1.3237919233244106,real,False
1.653742896262082,-0.2856656024192626,-0.4954730319211269,-0.0690141347808455,-0.4995004770917819,0.97452956412529,0.5366951698813608,1.3237919233244106,real,False
-0.019381317707049,-0.8475034277504637,-0.2189547064329541,-0.6819130870196032,-1.9415706139405748,2.164669425563652,-1.0610345595122637,1.3237919233244106,real,False
1.710848680063166,-0.3314628537179448,-0.7141508286698807,-0.3092495978368141,1.1262669989886032,-0.875452538385329,0.6527524125404836,-0.7394644219347936,real,False
1.1231353202058203,-0.0533395333506359,0.2718912599868336,1.379567395987099,-0.4098341594742373,0.696928224451519,0.0311067067205605,1.3237919233244106,real,False
-1.4518886340225068,-1.0003410975340634,0.9527158357857424,-0.155580694036682,-0.3897672729866375,0.4278295918756677,-0.4012879878517648,0.5953662960554801,real,False
1.1844921126487211,-0.4154791681649047,-0.849802941034643,-1.4593523579307477,-0.4779473286743412,0.6166274501890587,-0.2990172427007452,1.2560027363535289,real,False
-0.0842097921555656,1.0471199395361788,-0.8444128246745808,-0.5016366673677339,-0.3212604384272697,0.4630946479106527,-0.2137916217415622,0.9209598152944128,real,False
1.854719860588471,0.2603734660446893,-0.8426436942536226,0.3905154875420802,0.7652427473906848,-0.2688038144972408,1.5526347044330333,0.3149655681304688,real,False
-0.1337015809434742,-0.0982290462203721,1.4021575848159804,0.8385323116119417,-1.5746027342512654,0.5791624788238914,-1.0610345595122637,-0.1776358571912727,real,False
-1.54720222637919,0.1411070282518083,-0.85053635774219,-0.5893908747130477,0.8543596119006724,-0.5355714944455221,0.7703136367459448,-0.2548744459823381,real,False
0.4664853837357734,-0.6654267013594853,0.3734293155536375,-0.4180953718516784,0.4455186080988002,-0.7255534462302762,-0.5476755250287144,-0.9865868217104627,real,False
0.4547870406089959,-0.5730232590743104,3.125242821668323,1.629093284633082,-2.1261546644166147,2.851545726367428,-1.0610345595122637,1.3237919233244106,real,False
1.141935294062082,-0.6050056500403794,2.4932106019767364,1.2622783524184873,-0.5382986006070706,0.5234290182890605,-0.5293770828815957,0.6723994630678458,real,False
-0.5554914691119259,1.0789605408093128,-0.4567347407215419,-0.3848407177963191,-0.156396681920339,-0.9039965490841944,-0.959265141543357,-1.468506314539823,real,False
-0.5575522971349852,0.5279103641230255,-0.6990725774217648,-0.8868053690446103,0.8878884721435989,-0.9938989638076988,-0.2591617317227744,-1.0506784166647511,real,False
-0.8338697826981225,-0.4773400126869226,3.649826736936845,1.9252463569500768,-0.4942721284763758,0.532801442518689,-0.4476607521972026,0.8051019321078146,real,False
-0.6124539715564625,-0.3427234699963153,0.3256260057969709,0.2700044312575893,-0.048937583773039,-0.1607701681599042,-0.5704859118148486,-0.5535577122116175,real,False
-0.1334386543023802,1.9821050049436604,-0.9578348946939405,-0.0145407943610781,1.4673743890514908,-0.9831005402316164,2.0384207439003763,-0.5732782029667832,real,False
-1.9785722374970196,0.7284234401026659,-0.8195379487508564,0.2278189603122791,1.456779905470192,-1.0433285302568651,1.5802076994492396,-0.7365885170329985,real,False
-1.6617556549465202,-0.786384509280935,-0.8746494588083679,-1.7639130999796118,0.2506567883981866,-0.7221230096488611,-0.7201320756755317,-1.1496917139979788,real,False
-0.5006578427455303,-0.6598748073566478,-0.7596377658757246,-1.3794493228203226,-0.4617847555310516,0.901344820404158,0.4371817242319618,1.3237919233244106,real,False
0.5908225388119783,0.4299245105651365,-0.9653894412300178,-1.131161959816371,0.3446977428883436,-0.6233447183184938,-0.5622140133099868,-0.9368747512651496,real,False
0.501048331952079,0.590085316938688,-0.7198945535780512,-0.0222757391622738,-0.9122736781028252,0.3016888991085062,-0.9655317313197674,-0.3577907571108587,real,False
0.8186698911567182,0.6707010716760157,-0.7828208563429577,-0.7721149963012632,-0.2550861308143817,-0.4309530310396713,-0.8745408477662868,-1.109839888930248,real,False
1.3284884943900703,-1.3364743359758058,-0.2218206783440389,-0.5091011131789969,-0.0492849967275271,0.1998777492769885,-0.0804385912995465,0.5031319174193408,real,False
-0.2204302142616648,-1.2062065909321769,0.2179639629933119,-0.7937608787290094,-1.8492071205700804,2.238581443541517,-1.0610345595122637,1.3237919233244106,real,False
-0.007859574576077,-1.044139122644845,-0.2095135954018456,-0.945640727801244,-1.924317881914961,2.9166302618068234,-1.0610345595122637,1.3237919233244106,real,False
2.0697373652518545,-0.3024539830877212,-0.7942294082306183,-0.7199030176368373,0.5299580302413247,-1.2707473342329707,-0.8309253829224696,-1.4917189755328826,real,False
0.4355250891605776,0.1843503601386343,-1.1787214709609617,-1.6779939445943033,-0.3140575128313215,0.5607701955024257,-0.0039861960273382,1.3237919233244106,real,False
0.9553433907682,-0.3503446486138662,-0.1504765461856304,-0.3516605857667691,0.5405509583863864,-0.0487549912129396,1.3661409926870562,0.6405590873694014,real,False
2.4208755534671504,-0.4132730735466933,-0.1726721548270914,-0.4577512745824028,-0.564229640135281,1.14230051675686,0.9543007125813574,1.3237919233244106,real,False
-1.1450138879000749,1.510912445193069,2.1158226069319253,6.3645098919869,-1.0079425428864384,0.8142219100322937,-0.9091324233320728,1.0916653133938152,real,False
-0.7603101122003515,-0.271672656508838,0.0874674344120014,-1.128609683200104,0.6983590518953836,-0.5389366746281299,0.2093285199616756,-0.4284558489835356,real,False
-1.3866492085031945,-0.141399976141643,-0.5335690128827044,-0.304443111419203,0.271749442012254,-0.5624844359082294,-0.5845230729140083,-0.9177705258460828,real,False
-1.11167053062714,1.185319902834412,-1.3037753297154897,-0.7208517121649598,-1.6811709368470609,0.6551483331513701,-1.0610345595122637,-0.1552448833130117,real,False
-0.7997806277667198,0.2393277643109097,-1.328902133858827,-1.9631723081920944,0.8901968843492242,-1.213741044998452,-0.5246144746515238,-1.266576706078075,real,False
-0.7936463861720466,0.835193022080351,-1.2935987513506886,-1.680158711114233,-0.392722412466908,-0.4280622045451605,-0.9266788747060224,-1.1599628029329607,real,False
0.5205422726252336,0.8887771867794039,-0.39967936275495,0.4039169622959194,-1.5872877931653522,0.9671506042458742,-1.0610345595122637,0.7786025226555607,real,False
-1.342821173320346,1.0146168751367706,-0.6212566668010674,0.4561712934492194,-2.0620872738565605,2.15480372708677,-1.0610345595122637,0.5062132440998355,real,False
0.1588640123155818,-0.5874975556411953,-0.0657750626409887,0.3351533086154962,0.0675869196423389,0.0819229684052564,-0.0375751172288986,0.3478330527224115,real,False
1.6882347629035206,0.1272811926082199,-0.2262756533173155,0.4503386103280331,1.6416962189012705,-1.1996632616061975,1.9010570960014577,-0.847105433973406,real,False
0.2322739333172218,-0.8921153628933461,-0.6758061191633602,-1.1971087906940103,0.7102594155515941,-0.2338002879901507,1.4014845590260117,0.443970445153844,real,False
1.566219733973085,0.2680190849396363,-1.1847747819002143,-1.5142944622103829,0.201882484344373,0.4064446061050624,1.8108182032211464,0.936161026918186,real,False
-0.7196104741032279,0.0425913409711892,-0.3141316079989442,-0.5320422475813464,-1.5752998025325198,1.1495097293777223,-1.0610345595122637,1.3237919233244106,real,False
-0.7570860360408339,-0.0451429509031904,0.3267708267406047,0.5317353879882976,1.1582178654398707,-0.6898665904085031,1.681225126644977,-0.2409057650307624,real,False
-0.7570860360408339,-0.070195383685798,0.3267708267406047,0.5317353879882976,0.882867321218864,-0.4780595620875372,1.1515729587427603,-0.04144121791341,real,False
-0.7570860360408339,0.7689415720818239,0.3267708267406047,0.5317353879882976,0.4021609836425889,-0.2538732424978917,0.0794847797944497,-0.0159689173546544,real,False
-0.1117887729609254,2.2226360619759977,0.19349507459653,1.490175799765374,-0.3863111291113288,-0.5406376876827873,-0.9492385979011,-1.2606194744957853,real,False
0.7623697202904243,-0.8005294883319415,0.5248532227679392,-0.4116140815264723,0.4385518385722818,-0.38210018329607,-0.0972330519003267,-0.2947262710500686,real,False
-0.5565100890999545,0.8772829629965924,-0.8057915737437428,-1.0288765412945355,0.6044325874265344,-1.3592650069887884,-0.8316773736956389,-1.5200671809934332,real,False
-0.533609690059971,1.8265656335498557,-0.7610852805947483,-0.1560189351611477,0.7122172569767782,-0.942074676566329,-0.4534260147915003,-1.046159137533359,real,False
-0.0724268870900177,-1.1609793407307574,1.829219726039516,0.1935804327568205,0.1971273121671153,0.0342582774392494,0.2010566214568137,0.5374373544621811,real,False
-0.2083972717519319,-1.0211703358310933,-1.002698621283579,-1.713421802152726,-0.2678173279914906,0.3533027154821878,-0.2824734456910215,0.5723590568411202,real,False
2.8273240413516083,0.7874285516387663,-0.72961744510597,0.2009201223374353,1.3884167523663815,-0.8445356973249479,2.410154849437048,-0.711116216474243,real,False
-1.3525015964447518,-0.7154866710430597,-0.72974202388537,-0.4682401785733426,-0.1280532916808818,0.8697315909431956,2.617704302831764,1.3237919233244106,real,False
-1.3525015964447518,1.5712612118490608,-0.72974202388537,-0.4682401785733426,0.3257707713034392,0.2185860307917058,1.5052592857233698,0.8546085807744284,real,False
0.7326151916786537,-0.9113590238193254,-0.1743738415584162,-0.9515276648641454,-0.3817273754625851,0.5044708433200921,-0.274452210777216,0.953416456328956,real,False
1.1828505907573792,0.6291274578901681,0.0157457317216006,0.2707926034201418,-0.4354339497461376,0.5989535586627946,-0.2345966997992451,1.2866105813797757,real,False
-0.3753436220448649,0.6457727781482689,-0.5091992764860139,0.7511391638866539,-1.5998930532657962,-0.4527535628131228,-1.0610345595122637,-1.3514159006810271,real,False
0.7574768402305475,-0.8817283354929734,0.6193472592940531,0.3946550167297507,-0.5707515968028518,0.7966464040529166,-0.208277022738321,1.3237919233244106,real,False
-0.1855275655415955,-1.0037467314370905,0.4294737912567783,-0.4527507248815085,-1.6391842430443675,1.0379365829246368,-1.0610345595122637,0.8724802755212971,real,False
-1.2999352504771324,0.4532670818246217,-0.1460201518659258,-0.0384651291484034,1.7302390159604466,-1.4041532660595235,1.2964565143733715,-1.12586278766882,real,False
1.516389452856652,0.0786328464624109,-0.6493905052761778,-0.7930713921451145,-0.4966775726440215,1.2118246727814923,2.040175389037771,1.3237919233244106,real,False
2.0338823223735534,0.8657157913495106,-0.6709136629084687,-0.697546092206797,-0.8400585002418731,-0.790971670700708,-1.0424854537740886,-1.4933623497624795,real,False
-0.3289364868621557,1.4127954168547474,-0.7337873825398389,0.1363538620813208,0.2724784130005666,-0.6183706389484074,-0.6301438464862767,-0.99973381554724,real,False
0.4561101481714912,-1.070230427306829,-0.0235607472405881,-0.9724781074681368,-1.9301568257551345,2.2347949466095933,-1.0610345595122637,1.3237919233244106,real,False
-0.4831202054406803,-3.003698448044549,-0.3442268522331489,-0.6035418611153072,-0.4437362630516203,0.4825792328836868,-0.4238477110468426,0.7021856209792939,real,False
0.31965774934447,-1.3529527920670392,-0.834366441306676,-1.2048033661731414,0.117480528102314,-0.5158572289161308,-0.6900524447487613,-0.9886410394974592,real,False
0.2556203295366298,0.6426849193179569,-0.7121934163410665,-0.9308573840660874,0.5024654973673073,0.0570932844119123,1.7346164715399943,0.5283987961993968,real,False
1.0280620087382304,0.1276370360444314,-0.6883969139648123,-1.0519736789013197,-1.432194750155864,2.0722512690212382,-1.0610345595122637,1.3237919233244106,real,False
1.7652954911206822,-0.1918288067934985,-0.8577488399688593,-0.6225703099428891,0.4420793487409298,-0.6274987006142523,-0.4504180516988232,-0.8312879570135335,real,False
0.6323555592120076,-0.0984374293056865,-0.7393269871658662,-0.1206268750778463,-1.07000985102353,1.204848860086402,-0.8381946270631058,1.3237919233244106,real,False
-0.340330828119824,1.2744301567046674,-0.6002122038821088,0.9109717025865968,-1.421098955778482,0.469951645066001,-1.0610345595122637,-0.266378065589518,real,False
-1.5477739635619567,-0.7396668113556916,1.7597913186802878,0.6857068357093296,0.1459691289035141,0.01185213591405,0.0090483107075955,0.2909312200226107,real,False
-0.0266848245736797,1.6481672795834486,-0.8225538967179856,-0.1703861637671436,0.6594233467552478,-1.4650972341915662,-0.8482211707053626,-1.564849128749955,real,False
-1.306747948190225,-0.5928346391036753,-0.5312370268734758,-1.095847286794204,0.381434273677249,-0.3867575202072868,-0.2198075479269163,-0.4157196987041578,real,False
-0.1705364157179253,-0.8667003568179603,-0.0577792430879782,-0.909737842041264,-0.3334080002881798,0.5212963700348968,-0.1360859085140719,1.1814346306855588,real,False
-0.020008329000038,0.7947916041124572,-0.7076061190368732,-0.5072616826968689,-1.3772312458415017,1.349113319004973,-1.0610345595122637,1.3237919233244106,real,False
-0.2619690720957822,0.9547951274021512,-0.7600680779150223,-0.9201433493489763,0.5873494537381837,-0.8415530020458049,-0.5000494427279946,-1.006512734244328,real,False
-0.3514206866705037,-0.5375922013440013,0.1120715804987763,0.7870031528167729,0.2894865089045186,-0.5137049032628107,-0.5193505392393389,-0.8185518067341557,real,False
0.4699952899389311,-0.1247357454926598,-0.4933481744815163,-1.2783857697026746,-1.1484657977644368,1.5700755787500322,-0.8457145347947984,1.3237919233244106,real,False
0.800891676681202,-0.0661553027734242,-1.0006118507797692,-1.0472863321032218,-1.9368752086552463,0.1830542969252392,-1.0610345595122637,-0.991106100841855,real,False
1.0573432376256249,-0.7107681841725026,-0.313125114544027,0.0722715921870425,0.6768828380841938,-0.4676803628190069,0.3334069975346037,-0.2844551821150866,real,False
1.4403064686785048,-0.7364853034373485,1.1526673107340435,0.3104900989311822,-0.1021893144157401,0.6169277657636985,1.0340117345372992,1.3237919233244106,real,False
1.1162668093357435,-0.6200109089774749,0.9907309427909368,1.0431107982869403,-0.6348542505792313,0.9352602171530272,-0.1090142406799784,1.3237919233244106,real,False
-0.8999844785545879,0.3349808755757074,-0.7180824055045123,-0.3263961069988166,0.5078987053683442,-0.4937754824419561,-0.1541336870701342,-0.4765245451992518,real,False
-0.0136132308571867,-1.0728729485401405,-0.5696974841766295,-1.067551883291351,-0.3869906520876419,0.5521510153378507,-0.2057703868277568,1.1804075217920604,real,False
-0.1625468565361266,-0.783752148145663,0.7540610282599304,-0.355812828510152,-0.1211923896724443,-0.0634874105830733,-0.5634673312652689,-0.4346185023445248,real,False
1.228215536122861,-0.9424628543268176,-0.1924493612181985,-0.7047729684444025,-0.5717749190815745,1.0537930947061034,0.4928290414464872,1.3237919233244106,real,False
0.1503551343139989,-0.9531982829113976,1.1168822884983003,-0.126938983531913,1.0361438634457831,-0.546194362536718,1.7190753288944964,-0.0204881964860465,real,False
0.434747326725683,-0.6129219886639345,-0.1267120832659684,-0.6957104855203896,0.740904675324683,-0.5441990111617828,0.3233804538923469,-0.4017510177525821,real,False
0.8607930941553879,-0.2314325474549742,-0.5119612126807366,-0.8249658756291119,-0.4139793495175549,0.4882788255953382,-0.3626857948290761,0.7958579520663307,real,False
1.6633668024310468,0.1760033887861637,-0.4515308263676532,-0.4262550619938264,0.1616114758231509,0.5554650757109094,2.6500399060780424,0.7403940718174273,real,False
1.261102313419734,-0.3270023909060917,0.0362727689381285,0.057652481180345,0.374636161752417,-0.908021095258384,-0.7434437896437789,-1.2684255020863715,real,False
0.527476439795906,-0.0500219343139524,-0.4792168242940154,-0.5321880544465356,-1.9169518480003047,1.7281797149958154,-1.0610345595122637,1.2991413098804536,real,False
0.6961289512651057,-0.2222710355475257,-0.1933434309445577,-0.8783462600810401,-1.8850842858492325,1.559231662813367,-1.0610345595122637,1.190267767169643,real,False
1.0397503861977455,-0.4324771270745232,-0.3936197817815827,-0.7325336287155003,0.4473203447048859,-0.598908681408095,-0.4098105499476831,-0.7723319065267363,real,False
0.2582245930400951,-0.3667363540122507,-1.0263595845153888,-1.2458095877485635,0.8328079196339297,-1.281100894450035,-0.6396690629464208,-1.3284086614666673,real,False
-0.2708907357772315,0.0732365079731683,-0.7249164629850717,-0.4040317841806685,0.4328662890160608,-0.7104548474988792,-0.547424861437658,-0.977342841668979,real,False
1.8441180169570293,-0.4304956380976927,0.5107591244754923,1.619880571426468,-0.8156316913490774,0.9170277592204688,-0.5777551559554849,1.3237919233244106,real,False
0.5817959567777319,1.2025816792571236,-0.4286276158815125,1.4890357102663283,1.5118127513971924,-1.027883308822602,2.07526829178567,-0.6217577427398987,real,False
1.2378704838658463,-0.0627778751516448,-0.6940755743330398,-0.3517756938301973,-1.9482655557246384,2.691794026337361,-1.0610345595122637,1.3237919233244106,real,False
0.2179764172097574,0.9926473835673476,-0.4562245655856873,-0.2822706695504824,-0.3051117612667199,0.708414306939934,0.4334217703661155,1.3237919233244106,real,False
0.2567079915236804,-0.5084812596505947,-0.2033969297090937,0.6598908947667241,-0.567343848503328,0.6112003079055656,-0.4777403831239731,0.9947062338475842,real,False
-0.8412675068765264,-0.3386321336931655,-0.3326848249690395,-1.543175778043982,-0.3882848593177696,-0.2271961966938183,-0.8667702764435378,-0.9311229414615596,real,False
1.1239817603001048,0.7966845233386235,0.1044285917731231,1.5403573066542544,-1.1219178147406663,0.8068661827988342,-1.009899186936754,0.9094561956872328,real,False
1.1239817603001048,-2.112499596097264,0.1044285917731231,1.5403573066542544,0.164493774693242,0.1349618372408541,0.3742651628768003,0.9055531818919396,real,False
-0.774723494301265,1.562061400485423,-0.7809815649280213,0.1087710028048474,-0.2370628571202287,-1.4304862213329868,-1.027194974719647,-1.7150124489793934,real,False
1.9681604207257697,1.555856950506272,-0.8407779212200353,-0.1557883567369571,-0.4214622510590512,0.1108616779034894,-0.7301586193177886,-0.3877823368010065,real,False
1.9440800632092228,-0.0497304533141013,-0.287110276224484,-0.5454705075227412,-0.2341287668199823,0.5484886624166152,0.2090778563706191,1.3237919233244106,real,False
-0.5053316398964992,0.000861420104186,-0.0881579149692241,0.2376535072396696,-0.4001283416822945,0.7691075718175343,0.2559519478981698,1.3237919233244106,real,False
1.5630188914539578,-0.7246560311052015,-0.6270505504323939,0.0108537842697846,-0.8259519680236638,1.0240390563269115,-0.471724456938619,1.3237919233244106,real,False
0.2465579530609706,-0.2547570601486119,-0.5520357443352452,-0.9635005337226752,0.4899239546561924,-0.9763917959932332,-0.7033376150747516,-1.2624682705040822,real,False
-0.5557146962800146,0.8407947398806951,-0.5658466672932297,-0.3317530106699598,1.081325840060612,-0.6968524045218166,1.1766393178484025,-0.3836739012270136,real,False
-1.5316239318019946,1.5217156172476296,-0.8009019384761967,-0.2767970067673874,1.4919662586956113,-1.0483910547267228,1.7887598072081814,-0.7018722364327591,real,False
0.3313116974882151,0.6527862030385115,-0.3828537607414341,1.188862514986481,0.7386827674971791,-0.6626691249098993,0.029602725174222,-0.642299920609863,real,False
-0.5579032715698803,0.0894277807718276,0.2229842249612585,-0.1102839569984644,1.6369006561163946,-1.1219722531657372,2.4277013008109973,-0.8867518372624369,real,False
-0.2483819231171498,-0.9116530475764828,1.231309233486512,-0.0919235367234308,-0.978134331074065,0.4997307672674327,-0.9625237682270904,0.0481226775996338,real,False
1.3840201854460048,-0.855872860077482,-0.4392414513405359,-1.1242738147989144,-2.2254681548236093,2.394416347806279,-1.0610345595122637,-0.4163359640402567,real,False
-0.7776369851564242,0.75106967105232,-0.0624234527844237,0.6381345162784858,1.3357443748388966,-1.1995935008023952,0.3762704716052517,-1.1047043444627571,real,False
-0.7776369851564242,0.6205031653862875,-0.0624234527844237,0.6381345162784858,1.023937459730975,-1.1041403906586489,-0.1887252626359202,-1.1279170054558163,real,False
-0.7724919225075927,0.5876209370239804,-0.4193653089255463,-0.2201334990312205,1.6044074072573686,-1.1856836835448827,1.7225846191692864,-0.8631283327119781,real,False
0.9639029017689296,-0.7480792578006764,0.3208702053788119,-0.3633218538107389,0.2204809222769803,0.3303935273629524,1.4638997931990605,1.02017853440634,real,False
1.3442634592884886,-0.3058065750204986,-0.1632247409198966,0.473224305325933,-1.4401850856023315,1.0348431433819083,-1.0610345595122637,1.3237919233244106,real,False
-0.2837542387499569,-0.3525976612064924,0.153919051681172,-0.3653364714643913,0.3789569086332028,-0.5267916612009826,-0.4188344392257143,-0.7291933329998115,real,False
-0.0083257252822915,0.3544478949336909,1.849951174564428,2.580872188466415,-1.7521061913860316,1.916799320095936,-1.0610345595122637,1.3237919233244106,real,False
-1.2971527147906363,0.958545101740082,-0.9447677719219624,-0.8302194024485975,0.9183553200107444,-1.529732703103755,-0.7394331721868761,-1.4855563221718933,real,False
0.5412152610983411,-1.9881328292747091,-0.4317923403065461,-0.3613002653941644,-1.8041238567961,0.8931448226725819,-1.0610345595122637,0.0762654612814847,real,False
2.032653197434376,-0.2740069507845918,-1.1248925445271918,-1.7508328572177054,0.547353397628935,-0.7696179564755726,-0.4727271113028446,-0.9409831868391424,real,False
0.5500560721622227,-1.251585601250122,-0.2306562324571077,0.1472394521173805,0.0610924680349879,0.0360884946339518,-0.140347189562031,0.1621317647779351,real,False
0.2641252923539001,-0.9403740106955796,-0.4234406371041666,-1.0284607714353349,0.5531976562444415,-0.5813486135292745,-0.2135409581505058,-0.6092270142392205,real,False
0.0312101889814906,0.6922192839342456,-0.2904803969528877,-0.8593976110640993,-0.3415563283253535,0.4822584348442701,-0.2253221469301576,0.9567032047881504,real,False
-0.7936312154385371,-0.4643092759604973,1.3391513208370212,0.4544987982869347,-0.5138975883601291,1.1112486961030017,1.1202400098607077,1.3237919233244106,real,False
0.2590999528821405,-0.8331355384720597,-0.2782392895943605,-0.6616060396351009,-0.6094389451407205,1.0097057064436843,0.1717289813032125,1.3237919233244106,real,False
2.0414154838892205,0.3067460621673828,-0.7614769854147286,-0.6260764142382926,-2.072292558978183,2.2359476130189795,-1.0610345595122637,0.518538550821814,real,False
0.9582098900899814,-0.4526170776585507,-0.5875960666190349,0.0202131852112432,-0.4431277729387293,0.3732756417740336,-0.5464222070734324,0.2911366418013103,real,False
1.4730872379430808,1.883689749424862,-0.8721892316940658,0.1136084304759417,-2.088473818425104,2.9897241924351934,-1.0610345595122637,1.3237919233244106,real,False
0.7098427683848082,-1.107328908609761,-0.622341969893996,-0.6995055047549626,-1.6368179523013295,1.0279724799804515,-1.0610345595122637,0.8465971314051423,real,False
0.7498466968048684,-0.8076451426917369,-0.2599585041773503,-0.8730251645066348,0.7413770623385866,-0.515436609774477,0.4073527568962478,-0.3339618307817003,real,False
-0.6075980729322654,-0.9845801966524872,0.0437803470762417,-0.7358619610533084,1.0916681522653182,-0.720806513186849,1.1189866919054257,-0.4329751281149277,real,False
2.5507529908927653,1.552034195515791,-1.0209471008209183,-0.6578621356575857,0.6488176707268791,-0.8001051900912306,-0.3704563661518251,-0.8955849737465215,real,False
1.5518641833234983,0.4826005682950285,-0.6486821957173633,-0.7527006491955502,-0.1724514622369349,-0.0032440950538888,-0.5672272851311152,-0.3631317233570494,real,False
0.9597202380033628,0.0439221095454373,-0.162791560459981,0.3762341529027483,0.5146489482019292,-0.5403308915178989,-0.2188048935626906,-0.558487834900409,real,False
1.4576131600304516,0.4705838976575144,-0.4256538809490811,0.3149449864078352,0.388078088522589,-0.4731057232448987,-0.3363661177681519,-0.6061456875587259,real,False
-0.7302217398843279,-1.0691427006506595,0.2831843321097574,-0.9665804965884188,0.279887793796219,-0.5367644072765044,-0.5526887968498428,-0.8682638771794691,real,False
0.5333279914555306,-1.015355509204992,0.6930608708087347,0.1438211384689494,0.7773086277448266,-0.2887063257369676,1.5165391473209089,0.321128221491458,real,False
-0.5567140661702553,1.543718182366028,-0.7159549613485079,0.0441753164603721,0.4903037583653504,-1.3186758604502289,-0.8660182856703685,-1.538555141076401,real,False
-0.4135560278636767,0.4401983256197732,-0.9289527765545538,-0.8240694030358524,0.6173499069228661,-0.7973396041862848,-0.4120665222671909,-0.9029801577797086,real,False
1.2741838662797849,-0.4420013195201038,-0.3079222895105301,-0.0986709507449262,-0.4695483962687675,0.9731537154915998,0.6838346978314797,1.3237919233244106,real,False
-0.5216886599572754,-0.6987720869426922,-0.5740418624785267,-1.2389257933637692,0.320646983535622,-0.3843928054428174,-0.3225796202600487,-0.5171980573817809,real,False
1.9133244851612663,-0.8772760468659779,1.5197095673996623,0.4667015447417993,0.032667693814971,0.4098085907710105,0.802649239992223,1.3237919233244106,real,False
-0.0891479472739717,-0.6283297020886933,1.5978761624637556,0.5562954151809252,0.0144403050929636,0.6352654745310501,1.9461765423916133,1.2303250140160735,real,False
0.0225364670013094,-1.0923638776383366,0.7717438456017449,-0.5643732385703769,-1.4670089770694126,1.37319464046969,-1.0610345595122637,1.3237919233244106,real,False
-0.1772334090614881,0.9102150882819195,-0.3017361301275807,1.273443055125268,-0.4419179564761793,0.7126850702309361,-0.0275485735866418,1.3237919233244106,real,False
-0.2693592076303458,-0.1852626490889324,-0.4028213472340639,-0.4006946466933969,-1.4058515841970305,1.190698268943975,-1.0610345595122637,1.3237919233244106,real,False
0.5624252725197592,-0.6977471530236731,-0.2679345391578017,-0.653690177342961,0.219940363689995,-0.6502958002400516,-0.6978230160715103,-1.0856001190436904,real,False
1.7903635543978351,0.6902968293761119,-0.8957610163581639,-0.2893137009234631,0.7708761025105305,-0.1800818999487064,2.180797663620423,-0.0054924066409727,real,False
2.156218143338239,-0.8437956304767951,-0.8367243931581446,0.3688050782995345,-0.3685137257567375,0.4213621957086576,-0.37221101128922,0.6163193174828436,real,False
0.6556251937639777,-0.2965240510773146,-0.5026142979430887,-1.1332532880219897,-1.4963975442988309,1.0275593746835898,-1.0610345595122637,1.2305304357947733,real,False
0.1567327293041086,-0.9494212616174016,-0.3195580610081417,-1.1499618580136752,0.1621559788103867,-0.4626504739064079,-0.6103414227928196,-0.8703180949664655,real,False
0.7105440794971212,0.2626559157992106,-0.9581764825952388,-0.2857113499787125,1.0619802465200914,-1.3168714381446427,-0.4253516925931812,-1.3173158854168865,real,False
0.7105440794971212,1.103391529678733,-0.9581764825952388,-0.2857113499787125,0.5731146916765938,-1.1760229533809334,-0.7634968769282925,-1.398046644445846,real,False
-0.6701930399147027,1.4433308188722265,-0.4528899077676664,0.5556594349531642,-0.9171362179523844,1.0887846431121024,-0.6038241694253527,1.3237919233244106,real,False
1.6939895851593936,-0.2363418014343292,0.4904167409514194,-0.1675489862619786,-0.1150541912136689,0.5736104034632586,0.7720682818833396,1.3237919233244106,real,False
-0.4546463464896997,-0.6214741531405663,-0.2625774003362247,-0.7802822832702674,-0.4770547507214235,0.7152926203530255,-0.1200434386864609,1.3237919233244106,real,False
1.6877074103614171,0.3803957637124979,-0.7300970114709149,-0.752260710916522,-0.5346716611732629,0.7467397640134082,-0.2087783499204338,1.3237919233244106,real,False
2.0225230903856075,-0.0762762171482937,0.4395940622506004,-0.0527579693979507,1.5786180480694494,-1.1504111982336358,1.7611868121919751,-0.8199897591850532,real,False
1.9653614165392068,-2.0917940855343846,0.7919873790208033,0.1961936002761115,0.1654977953979589,0.3802203434303338,1.3932126605211497,1.1251490633218568,real,False
-1.2077669904692592,-1.0462212237781277,-0.3097450664409389,-1.267783612965747,-0.5987673832165583,-0.7530102285351736,-1.0169177674863337,-1.4500183544568552,real,False
-0.2821689040875576,0.7059631245039617,-0.4754092703325745,0.8839957727965426,1.7144847573747,-1.73217406586928,0.1088124199480509,-1.4775448728026073,real,False
-0.2821689040875576,0.3689054377695613,-0.4754092703325745,0.8839957727965426,1.2024138222183187,-1.2465107351724976,-0.0831958908011671,-1.2164537920753622,real,False
-0.2821689040875576,-0.1006329253746001,-0.4754092703325745,0.8839957727965426,1.022665524840794,-1.1867718232763396,-0.3163130304836383,-1.212550778280069,real,False
-0.2821689040875576,1.4609917135191617,-0.4754092703325745,0.8839957727965426,0.5171672120640551,-1.071128816945119,-0.7414384809153275,-1.3378580632868506,real,False
0.8407954071794577,-0.1282264274161488,-0.2689347179735524,-0.5999128212162452,-0.0075562227260973,0.4894322078878495,0.9465301412586083,1.3237919233244106,real,False
1.7329495732747375,0.9293325123747496,-0.7215588580239837,-0.0684972013070552,-0.2419623639309847,-0.0350034612169255,-0.6667407307805142,-0.5118570911355902,real,False
0.899886237938521,-1.0514102850719065,-0.2545275616899879,-0.7352423021721031,-1.892279527059574,0.7472103135299841,-1.0610345595122637,-0.338686531691792,real,False
1.2365900358799606,-1.2350567262448686,-0.5619321292950645,-1.2420027049449585,0.7978201178130089,-0.775271212167407,-0.0613881583792585,-0.7953391457410962,real,False
1.2114728790076483,0.3301940416988601,-0.7149149062881581,-1.301774054503379,-1.7670254690894562,1.5285744879591077,-1.0610345595122637,1.3237919233244106,real,False
-0.5580815237297406,-1.05030421115704,0.1752153826293812,-0.97173847693766,0.6717341672155562,-0.4544729422266346,0.3542120755922867,-0.2571340855480342,real,False
0.5135542272860452,0.1385127469203195,-0.5751122731310222,0.487287541657407,-1.587301957484651,0.7913993418930496,-1.0610345595122637,0.2747028995053389,real,False
-0.1306713954834716,-1.1939808811025874,0.6684083252577664,0.7886042527680784,-0.3432131322412766,0.6405291119130283,0.0987858763057941,1.3237919233244106,real,False
0.081221918569213,0.3480469397614149,-0.3981210065845648,-0.0243126259474496,0.25006659688772,-0.2908442678078278,-0.3072891412056071,-0.413870902695861,real,False
0.4179433943415738,1.5133832729112902,-1.0373129944080943,-0.5405072700089871,0.7770859506435751,-0.6976352796044363,0.04865315809451,-0.6794812625544981,real,False
1.3315575710564898,-0.7487415139787489,0.5207010352750134,0.7726629282402493,0.1418183450919151,0.325963522129836,0.98212437118862,1.2812696151335847,real,False
-0.1351523511269859,0.0868850165374178,-0.4093077708300815,-0.9814829777446722,0.4854282313698904,-0.5431046055884928,-0.2752042015503853,-0.6001884559764363,real,False
-0.861264781103349,-0.8003365335593751,4.263760011623089,2.460095090260701,-1.6745916137141306,0.9096846503103354,-1.0610345595122637,0.4094595863323041,real,False
1.0589007738855007,-0.477945413413636,0.7607837977792573,0.0327370178002165,-1.5352596054600431,1.5311934784270411,-1.0610345595122637,1.3237919233244106,real,False
1.555125410311634,0.406882944586333,-0.9117889812574164,-0.8313657115392585,-0.9596198978254838,1.1491458568023671,-0.6381650814000822,1.3237919233244106,real,False
1.986630223020154,0.347600705167459,-0.6451486087915452,-0.1682817962954716,0.2943269163149636,0.1954341584162861,1.1874178522638286,1.010318289028757,real,False
-1.0665317780081256,-0.0252681838915043,3.019776288877324,2.2842190010794696,-1.5215901767907924,0.9991067824258438,-1.0610345595122637,1.0520189101047843,real,False
-1.0665317780081256,1.0248932538172055,3.019776288877324,2.2842190010794696,-0.3301082248135645,-0.2664941913370643,-0.8519811245712089,-0.9518705411102234,real,False
1.6341215363749242,2.7866736783036665,-0.8151101596311962,1.2385836719991532,0.8878440463231057,-0.5388367243836938,0.9076772846448632,-0.2187202129312011,real,False
-0.798554964609405,-1.9141163890492636,-0.0907460441630073,-0.7447007557476731,1.0623267856775125,-1.2397509102286537,-0.3270915648990643,-1.2513754944543014,real,False
0.6396425906086675,0.0414177206598274,1.3244382289474743,2.0705398273632025,1.2620569011108622,-0.7224223647225548,2.253991432208898,-0.5180197444965795,real,False
0.6396425906086675,-0.5251385768953855,1.3244382289474743,2.0705398273632025,1.1997409871813869,-0.6809208860299909,2.044937997267843,-0.3427949672657849,real,False
0.6396425906086675,-1.7726017957276412,1.3244382289474743,2.0705398273632025,1.4950083215462056,-1.0631056977792703,1.7185740017123836,-0.7320692379016065,real,False
0.6396425906086675,-1.2592881708569703,1.3244382289474743,2.0705398273632025,1.303338669497324,-0.8781554745531329,1.5360909074233096,-0.5455462628423315,real,False
0.6396425906086675,0.4518292046411801,1.3244382289474743,2.0705398273632025,1.0871071492362117,-0.6387725632164959,1.5117765390908366,-0.2053677973157243,real,False
0.6396425906086675,0.1546299112265539,1.3244382289474743,2.0705398273632025,1.0555465732828948,-0.6377881551709241,1.3252828273448598,-0.2550798677610377,real,False
0.6396425906086675,-0.2170301569388036,1.3244382289474743,2.0705398273632025,0.8340523605149556,-0.493481847024969,0.8447607232897016,-0.1640780197970963,real,False
0.0416185768704338,-0.5257134370189622,-0.3448204978689646,-1.0943057637480669,0.7931937859487577,-0.4584577139371901,0.8003932676727152,-0.1197069155979736,real,False
-1.7003904877625968,-0.7242317072334697,5.67933642750165,3.5951140602651908,-1.19384592882469,1.065143625001952,-1.0602825687390944,1.3237919233244106,real,False
-0.7624269015415139,-2.1501477606866404,-0.781114394341098,-0.5743761271457983,1.5794542457096934,-1.0608379309938132,2.399626978612678,-0.8331367530218303,real,False
-0.7624269015415139,0.2718770906590566,-0.781114394341098,-0.5743761271457983,1.4301423408543652,-0.8863645250815612,2.451514341961357,-0.7674017838379449,real,False
-0.2521860423408206,-0.1784232077512827,-0.8022999920587142,-1.2575776890153805,-0.2515592000326269,-0.8479880344196288,-0.9707956667319524,-1.453510524694749,real,False
0.6475635076174544,0.0198853085898528,0.8034643496079124,0.2702233360833926,-0.0611371581357885,0.5693286864007265,1.0320064258088475,1.3237919233244106,real,False
-0.2161249744812425,0.4741121140774042,-0.301692127957584,-0.2692049558491373,-0.6227996720131925,0.8897275908751358,-0.168922838942463,1.3237919233244106,real,False
0.8116612142973378,-0.1289611544653513,0.5782286687300712,-0.1884907220877705,1.2435791712782662,-0.6600170497846014,2.5893793170423884,-0.7065969373428509,real,False
-0.9727014071107848,-0.0252784417608248,-0.1282145476313311,-0.2003035945115282,-1.9621398391951843,2.2532582211122745,-1.0610345595122637,1.3237919233244106,real,False
0.6524381407357771,0.5993592725256566,0.0966722668388361,0.536198185224764,0.29506695912697,0.2951033022803774,1.7656987568309908,0.8051019321078146,real,False
0.7430128130583242,-0.7634406714003349,-0.1025174323197235,-0.8830457686715901,0.9550835587174196,-0.4029702526859338,2.064239093779188,-0.1394274063531393,real,False
0.8256686723543465,0.2670374991527462,-0.2243215699221583,-0.6493683937978669,-0.9977384371417304,-0.0370658130460232,-1.0281976290838726,-0.907294015132401,real,False
2.0340337526446013,0.5245611868082971,-0.1435323233083942,-0.3009030122571652,0.7873891649724385,-0.6786622123424613,0.1170843184529128,-0.6386023285932694,real,False
0.3813437663622124,0.8021112850524782,-0.8249327669579947,-0.8073410646710641,1.1447593680005186,-0.6689789817477474,1.7160673658018195,-0.1983834568399365,real,False
0.8936350671617302,-3.0843071491060714,0.0749444243935796,0.7091487313588375,-1.8555910541551377,0.5099995125221695,-1.0610345595122637,-0.5890956799266557,real,False
0.8936350671617302,-1.1563404596635822,0.0749444243935796,0.7091487313588375,-0.2069058225843597,0.4448872710481155,0.0336133426311247,1.187597284046548,real,False
0.5508039636580875,-0.2206239124887837,0.4236325150454584,-0.0843955054744125,-0.0162928861532129,0.3307384674769046,0.3288950528955882,1.2654521381737125,real,False
0.6964696173087378,-0.8348017508009731,-0.2575091366088792,-0.7094843790502371,-1.183158231937932,1.078026148437781,-1.0477493891862737,1.3237919233244106,real,False
0.7262700374704812,-0.0837169769372859,-0.9654793076751074,-0.6229735049492171,-0.8396035433257065,0.4932213219828827,-0.8745408477662868,0.1469305531541616,real,False
1.3805661240837055,0.1891729854087837,-0.8619054436636263,-1.1660121867752915,0.5525666595716254,-1.0151673214025512,-0.6807778918796737,-1.2585652567087888,real,False
-0.2401743137602049,-1.0912300485851745,-0.0767275947654135,-1.1252735311290425,0.4908061244562406,-0.506640557880456,-0.2090290135114902,-0.5108299822420921,real,False
-1.1599505551771878,-0.7910199740876604,0.0598020611155966,-0.6955257487647463,-0.3740223465062422,0.7575449620701794,0.3196205000265006,1.3237919233244106,real,False
2.0582029986275887,-0.7810260504376578,-0.3753590981895531,0.0034405749667668,1.3371530059253056,-1.0381252174491056,0.9417675330285364,-0.854500618006593,real,False
-0.6977870873138858,0.2764126688344176,-0.3622013090258623,-0.2541871256273394,-0.1615290620524032,0.5014907717349629,0.3243831082565726,1.3237919233244106,real,False
-0.4450544333874697,-0.5382574925953311,0.6837273887767672,-0.1844228920004959,-0.442893405207896,0.4954692293583393,-0.405549268899724,0.7592928754577944,real,False
-0.4284347884782805,1.4388650923288435,-1.0527974162515146,-0.5521543393091016,-0.4213576657024681,0.7799695808463738,0.2100805107348448,1.3237919233244106,real,False
-0.6966194497850846,0.6380057278681838,-0.452012179317075,-0.0233807384671179,1.864388615177575,-1.4599658216512528,1.8393938526015785,-1.0952549426425735,real,False
-0.6966194497850846,0.4195810587457686,-0.452012179317075,-0.0233807384671179,1.668668424550748,-1.285708711090452,1.5594026213915566,-0.985970556374364,real,False
-0.6966194497850846,0.1967779664090984,-0.452012179317075,-0.0233807384671179,1.7107611652545731,-1.3982145203728822,1.2172468195995425,-1.1322308628085092,real,False
0.7207548714912543,1.1265819247013629,-0.1727594828156147,0.397988378861582,-1.020696974219085,1.7365515685706725,1.3150056201115463,1.3237919233244106,real,False
-0.7806599192310855,-0.3801492385502764,0.4138851847025293,0.6148388274354015,-2.136808086395293,1.2053319775907163,-1.0610345595122637,-0.5026131110941063,real,False
-0.5837833881851724,-1.1793475242772191,1.1250729410608633,-0.1360760564129652,-0.436082129453453,0.8319023936616263,0.3110979379305823,1.3237919233244106,real,False
1.6200589989293157,-0.6631200858937145,-0.5118675590157061,-0.8481384317096067,-1.6080022186107543,1.033100833954097,-1.0610345595122637,0.946637537631868,real,False
-0.2674211858251796,-1.046711707193813,1.5016656010199527,0.4919258094091447,-0.3775398617804613,0.5104029913495233,-0.2561537686300973,0.9938845467327856,real,False
0.9453961147925052,0.130607947522334,-0.8610991801922218,-1.2353435735754317,0.3756819279181037,0.2388755710683788,2.0023251867882514,0.595982561391579,real,False
0.0091598618656202,1.1874100257419906,-1.027382163426126,-0.6745091497677279,-0.3147980512491588,0.8828251576232319,1.140042433554165,1.3237919233244106,real,False
0.6213267694146815,-1.2097484820973443,-0.5265439763466401,-1.199163294035278,2.8559648359022134,-2.5341911317065238,2.130664945409139,-1.6494829015742076,real,False
-0.9555200023878154,2.050493042849294,1.7890658896122535,3.881393962896661,-1.6433014631593728,1.0215521646528332,-1.0610345595122637,0.8075669934522103,real,False
1.020489389762141,-4.544612450922955,-0.7538033983001654,-0.183218241395687,-2.050573622571547,0.8738701965521393,-1.0610345595122637,-0.5211010711770742,real,False
-0.8555221284828076,0.1360593311553599,1.331164365444325,0.821624817666735,-1.3302248845175484,1.3264373624055776,-1.0610345595122637,1.3237919233244106,real,False
0.9917531789932468,-0.0137459657882794,-0.0541990161525373,0.1026339597173724,1.2591551997314028,-0.7353397516025557,2.133672908501816,-0.4426299517138109,real,False
0.930117621704877,-1.031664174885965,0.2371233030737985,-0.4677631551731392,-0.1766658312872717,0.5569569539439481,0.4419443324620338,1.3237919233244106,real,False
-0.5597385095926913,-0.3540826082721092,0.3099900444694342,1.0800073221026685,0.2986613988967723,-0.6451439163418805,-0.6268852198025433,-1.0137024964988155,real,False
-0.5597385095926913,0.8626836369196781,0.3099900444694342,1.0800073221026685,0.8880281994862605,-0.8318501277789958,0.0318586974937298,-0.8335475965792296,real,False
-2.294036980777788,0.0863877596560376,-0.9539970476529736,-1.739553410938975,-1.9482755061985932,1.3500357249466703,-1.0610345595122637,0.3841927075522481,real,False
-0.0069934636996822,-0.8283933340834684,-0.3197190023241273,-1.1178352999125587,-1.553183564967994,0.513502224832024,-1.0610345595122637,-0.2811684336558923,real,False
0.4415261935730017,-1.7908561518250166,-0.7034384050881399,-1.50589173778481,-1.4468066175483634,1.1592376542827183,-1.0610345595122637,1.3237919233244106,real,False
1.3016556815777494,-1.6037056116706832,-0.5832247138244397,-0.1890449237946242,0.7178204063367255,-0.6044779929980343,0.105303129673261,-0.5478059024080276,real,False
-0.2839478148267795,2.0520854723731747,-0.9622865407759462,0.4452595254214512,0.7734648036009225,-0.9585296802918004,-0.3900081262542259,-1.0469808246481576,real,False
-0.2901646271406831,1.0375205413336268,-0.8085705194020084,0.5598790369233957,0.7465075425960964,-0.4605002959790196,0.6003637220096916,-0.1874961025688555,real,False
-0.2901646271406831,0.8150030633666804,-0.8085705194020084,0.5598790369233957,1.6361295149925217,-1.2424129392309542,1.5975034872321323,-0.9397506561669444,real,False
-0.7568562633466867,-0.1691403205285879,-0.9781274242597856,-0.3047426280836387,1.6729529448949396,-1.2844225610673874,1.5944955241394554,-0.9793970594559754,real,False
-0.7568562633466867,1.3431702172917583,-0.9781274242597856,-0.3047426280836387,0.7473468558948211,-0.4560785366361012,0.6189128277478667,-0.1743491087320784,real,False
-0.7568562633466867,0.0766312951215038,-0.9781274242597856,-0.3047426280836387,-0.1349086536048853,-0.341797176387058,-0.7717687754331544,-0.935436798814252,real,False
-1.044472327605043,-1.153783497834685,2.676634227226537,2.092218155052336,-1.4436143620474209,0.9117616876798076,-1.0610345595122637,0.88809233070247,real,False
1.3690918984343703,0.2159827770388295,0.0545981103748865,-0.183757064247964,-0.3012664472324411,0.7524674258110617,0.6096382748787792,1.3237919233244106,real,False
-0.698892033800121,-0.6190078425600203,5.928373487742932,3.4269212802039584,1.3395748327125094,-0.7692282941545102,2.578350119035906,-0.7791108252238245,real,False
1.117274743547346,-0.5855942402409536,0.1300013017913152,-0.5831633881126048,-1.3384798995224887,1.1379468531491204,-1.0610345595122637,1.3237919233244106,real,False
0.3950568179702913,-0.5544860165547174,-0.3615258757453397,-0.3913914467287067,-0.7092143136582048,0.4158780999715429,-0.8041043786794326,0.0622967803299091,real,False
1.2110430945582356,2.113459181918932,-0.9534082506148222,-0.3129653038990901,0.5111839683736129,-0.9020834911172174,-0.6334024731700102,-1.1626332860560562,real,False
0.5134708972022599,-1.9435565322373587,-0.5677828080121388,-1.5508095695472737,-1.6622250077778744,0.9522169191427045,-1.0610345595122637,0.5516114571924564,real,False
-0.657378002255113,-1.0106539945919022,-0.8040573706271185,-0.7091927315681745,-0.7886548533775072,0.5917434984213956,-0.7868085908965397,0.5168951765922168,real,False
-0.459759421516687,-0.5660121478710872,1.383250056744747,1.0625827916855508,-1.2334424308902874,1.1620674362027317,-1.0610345595122637,1.3237919233244106,real,False
-1.857778771718217,-1.1135127013103625,2.6008910640648653,1.639177052413918,-2.0243968516663684,2.0975369044181886,-1.0610345595122637,0.7880519244757443,real,False
-0.2632400269794617,-0.998257133332634,0.0040244277659998,-0.6519090108355888,-0.810009093825243,0.3245900655228074,-0.9088817597410164,-0.2480955272852499,real,False
-0.8173313775624488,-0.9800760793488972,2.4501381443049715,1.147816292450616,-0.4004018683336997,0.7779257173353208,0.2815196341859247,1.3237919233244106,real,False
-0.4705898245144683,0.6580568230465687,-0.5777284845795729,-0.3310403150680435,-1.791749995080692,2.769112200428687,-1.0610345595122637,1.3237919233244106,real,False
-2.8167098551556347,-0.8755712003136829,-0.0021897379629541,-0.6716410164488639,-1.2481652674603538,0.8507131421420472,-1.0610345595122637,0.9445833198448716,real,False
-0.7892298349754753,-0.1012073513526838,0.3090971148569871,0.1067704245145672,-0.6658521594078635,0.1799381522890011,-0.8712822210825534,-0.4465329655091041,real,False
0.2260683684021232,-0.2267018170885653,-0.3583040675192135,-0.5832219531253977,0.4582460284998992,-0.5912940409186129,-0.3847441908420411,-0.7425457486152882,real,False
-0.87261817090092,0.9012244729270504,-0.2785950357570393,0.5869443587550953,0.9026640799301616,-0.4454789033960907,1.4305615355885564,0.1074895716438303,real,False
-0.6355998904806499,2.188716961949943,-1.1456809174087383,0.0158186845077984,-0.1094659828269578,-0.5517891525722759,-0.8507278066159268,-1.171261000761441,real,False
-0.4955712929247211,0.2730108169585404,-0.8358967966772388,-1.0999557249681855,0.5681420550788464,-0.7893941790457273,-0.4682151666638291,-0.9477621055362304,real,False
1.100958534623942,-0.611695809206,-0.5238352220005099,-0.8717758805991492,-2.248203310123784,3.169278715251699,-1.0610345595122637,1.3237919233244106,real,False
1.0819039589255195,1.0573079421794058,-1.0128644692219475,-1.6219705346581914,-1.7726562362326763,0.6754600205982312,-1.0610345595122637,-0.2476846837278506,real,False
1.3402446904903502,0.980904311348906,-0.9542062557006944,-1.6258363538821632,1.367543841732746,-0.9273546211893844,1.6709479194116637,-0.5792354345490728,real,False
-0.2963176005960672,-0.0997147712510872,1.222366395946951,0.6347659744097435,-0.5803853249805174,0.9718806889777236,0.1737342900316638,1.3237919233244106,real,False
-0.28206114790694,0.4161351916178766,-0.5123514001328203,-0.8122022601092195,0.5863933189270829,-0.9094356418448488,-0.566475294357946,-1.1036772355692588,real,False
0.4837277023927047,1.4827964106070275,-0.4504339267241878,1.3065770300364885,-1.1994516796782992,1.064837283807103,-1.0610345595122637,1.3237919233244106,real,False
0.356436458463175,-0.8261770776008416,-0.9927886371581912,-1.5085205032082063,0.1971218729241199,-1.1264139531614306,-0.9123910500158064,-1.5157533236407408,real,False
0.8890524409594179,-0.605320170353591,-0.143159048078762,-0.8363024507756356,-0.3224890253301868,0.9198784864798322,1.3034750949229512,1.3237919233244106,real,False
-1.2379501348199946,1.1259474934850344,-0.2412981256048678,0.2662198859027523,-1.6644280405983776,0.4782921234156054,-1.0610345595122637,-0.4364672983528216,real,False
-0.4909158349232863,0.5620497885210837,-0.5653499623538487,-0.7309168630886094,1.0134933798961427,-0.5031111487630499,1.8301192997324909,-0.063832191791671,real,False
-0.0549052594537058,0.718522350010463,-0.5994467682639165,0.8320822493753385,-2.0524560159975302,2.757090089630144,-1.0610345595122637,1.3237919233244106,real,False
0.1919150699044206,-0.0292106744514071,-0.4099194966728325,-0.8151534624083335,0.100292748488232,0.2736358983940733,0.582065279862573,1.3237919233244106,real,False
0.9594263122345988,1.8008697323064966,-0.6409504275891579,1.0068928787253624,-1.3162048449498982,1.265628246826612,-1.0610345595122637,1.3237919233244106,real,False
0.0162319989551474,0.6382278373675517,-0.9936543250077948,-1.7870254561036614,0.5794509363486741,-1.44874272212119,-0.8747915113573432,-1.5841587759477214,real,False
0.9420290749570048,0.3829239636918433,-0.7298209976091102,-0.5076370068754235,0.3526411061354246,-0.5640645006996594,-0.4950361709068661,-0.8310825352348339,real,False
-0.6110353875516942,-1.006272538141845,-0.088953220714045,-0.339015364990076,-1.9246772187771248,1.9390410562838372,-1.0610345595122637,1.3237919233244106,real,False
0.0095686692481966,-0.0680818865823627,-0.9258166400104936,-1.587486063833135,-0.8097759283139561,0.6081356307802436,-0.7993417704493606,0.546681334503665,real,False
-0.6470206220103206,-0.7175602558096398,-0.2734264116172312,-0.425417570536024,0.288122457826991,-0.9523863289874468,-0.8163868946411972,-1.3569622887059174,real,False
-0.6470206220103206,0.0073069360069418,-0.2734264116172312,-0.425417570536024,0.3156560384341085,-0.9996863742005856,-0.8226534844176078,-1.3832562763794716,real,False
-0.5351387967624359,0.2494105197826782,-0.5464929662862917,-0.5882977032488692,1.0377367125444883,-0.4325560807858971,2.5570437137961104,-0.4954233488396188,real,False
0.2955789580766605,-0.5038657623796784,0.2007665577327937,-0.7395513028897397,0.5140745709006812,-0.3539706669533779,0.1461612950154576,-0.1648997069118949,real,False
0.4614334814754773,-1.0993733838203026,0.6148707080532821,0.1199719042522892,-0.5059592490112752,0.6291179393645843,-0.3386220900876597,1.242650320738052,real,False
0.2143495171583223,-0.4645489672277772,1.0105284385238429,0.2557468244737018,-0.4868348583436918,0.9660591050668482,0.5652708192617928,1.3237919233244106,real,False
1.647736294189316,0.7114518359816021,-0.9504723415313208,-0.9587702600419298,-1.57953284430658,1.7313003754397551,-1.0610345595122637,1.3237919233244106,real,False
-1.0754712683589889,1.322484367022564,-0.7135375983252842,0.2212677785191916,0.3498949118115965,-1.0493293963752222,-0.8266641018745104,-1.4072906244873298,real,False
0.5935205928892657,1.2492418079148042,-0.5247874589731075,0.9658801735306808,-0.267350578537863,0.569567937240542,0.1571904930219401,1.3237919233244106,real,False
0.6980523562491269,-3.814816485811265,0.095221946308679,0.4654570870753605,-1.1183215537862428,0.7577922963148613,-1.0121551592562616,0.7237549077427564,real,False
0.4024560127070221,-0.9375659138135988,0.5814283584939022,-0.2106940166667561,-0.7378202197530581,1.180891349754163,0.1584438109772222,1.3237919233244106,real,False
-0.9245000315739909,-1.0659321807774464,1.5175323786990136,0.6520818116030341,0.8222430780404664,-0.3817056592993514,1.2886859430506223,0.1830847862052986,real,False
-0.2923749093614413,0.2893226542920543,1.0917681348331862,1.994441352027818,1.5032123233352093,-1.0071684712850584,2.154477986559499,-0.625044491199093,real,False
-0.2923749093614413,1.0057313126780405,1.0917681348331862,1.994441352027818,1.4179007711020255,-0.9855469060870182,1.662174693724689,-0.6527764313235447,real,False
0.7103416106774824,0.4365875102639487,-0.8486663628625641,-1.0063808639932332,1.0050026654440505,-0.987314778782272,-0.0147647304427643,-0.9954199581945476,real,False
0.5823356091816935,-3.963122127446873,-0.1192740593075023,-0.9263182044523186,-1.6134724457736331,1.0564018002558275,-1.0610345595122637,1.0127833503731527,real,False
0.7980842802199667,-0.9215117831635508,-0.3871687512291437,-1.3252622151472986,0.5003451843629229,-0.4551935392895802,-0.1004916785840601,-0.4050377662117764,real,False
0.1157115086550158,-1.2801094503130408,0.1223772681096027,-0.2993138103401466,-1.280680954830013,0.9006942769943908,-1.0610345595122637,1.1093315863619844,real,False
0.3220257880375849,-0.3387465595246499,0.3749197404178655,0.3549272839566325,-1.780952272958837,1.2585335530607644,-1.0610345595122637,1.024081548201633,real,False
-1.295102431634396,0.625934574336936,-0.6478366797420759,-1.0354316673488675,1.4539230856019858,-1.0898370650902482,1.3107443390635871,-0.8378614539319221,real,False
-0.728367901309599,0.2114657512801667,-0.5465365832083251,-0.4972472118956223,0.1412102995621744,-0.6090477762642985,-0.7309106100909578,-1.0917627724046797,real,False
1.0974005274767369,0.8924096768390685,-0.5655326146167043,-0.6428238711620321,-1.42957868173532,0.5488689501195625,-1.0610345595122637,-0.1131334186795851,real,False
0.8923696175440219,0.293066111614244,0.0088710675838819,0.3364924312443228,0.1264857428408475,0.3414787903339341,0.9728498183195324,1.305303963241443,real,False
-0.4944311359767781,-0.8281003776465009,-0.4443064153575861,-1.1853178880604978,1.206679271523408,-0.8131411039900441,1.3002164682392177,-0.5143221524799859,real,False
-0.3050557384739516,0.6037435428377447,0.0756226791263152,0.0886489996467173,-0.5039270350369905,1.2124393989103748,1.9702402471330296,1.3237919233244106,real,False
0.4591938217104981,0.1476815001512949,-0.2994185253344747,0.4211200300311023,0.6792078818553487,-0.7245578150582945,-0.2110343222399416,-0.7772620292155277,real,False
0.5428541428779635,-2.2777254870083428,1.402081809139308,0.6498293867634141,-0.1760256111531336,0.8145725948304952,1.7010275503384342,1.3237919233244106,real,False
-1.7101555871743053,-0.3505076312613582,-0.4889676136045199,-0.939835292783138,-0.7288395568004122,1.032943294254417,-0.1914825621375408,1.3237919233244106,real,False
-0.0005908302441493,1.8559818792054,-0.8871527707494422,-0.219769292788733,1.126354534349648,-1.4715840364249284,-0.5135852766450413,-1.4194105094306086,real,False
-0.2939991486663761,-0.1390363808456229,-0.3289473941938645,-0.894285252141469,-0.3041720960061282,0.3996762093448464,-0.2822227820999651,0.6779458510927362,real,False
1.6926545832477726,0.8946330767964793,-0.5397326290149811,-0.1583051577735048,1.6109443248505206,-1.1398668764312565,2.0727616558751056,-0.7532276811076696,real,False
0.4139710203649512,-0.0232614156548189,0.2959583498655094,1.3564664751799154,-1.6106888019130796,0.92192761668739,-1.0610345595122637,0.585095207120498,real,False
0.6507674320172465,-1.3737908277119784,-0.6883443625403928,0.93315955331889,-0.0655952817029047,-0.2309298248534508,-0.6461863163138877,-0.705364406670653,real,False
0.5656027978626402,-0.7952293861636008,1.5120562364067898,0.5837506293793238,0.3878363540401877,0.1661567416743947,1.6100366667849535,0.7301229828824453,real,False
-0.6574278831937288,0.3069845237101198,-0.8839526886402314,-1.323790514072993,-0.3437421840848715,1.105560595496834,2.65229587839755,1.3237919233244106,real,False
0.0992998220362959,0.1234924619464661,-0.7165392958389503,-1.1573632340063116,0.8076781731045385,-0.6049101172314864,0.3662439279629948,-0.474675749190955,real,False
0.6558444193515761,0.0458780190918171,0.0021227152366828,-0.2842859304149023,0.6430344097827417,-0.3602016315474579,0.5424604324756584,-0.0361002516672193,real,False
1.2488467147487925,-0.386171558856576,-0.1902375780717961,-0.5979047414144113,1.2491127128795658,-0.6898648759587865,2.394112379609437,-0.5929986937219488,real,False
1.4188538123886114,-0.5906505150679648,1.0849691111245825,1.0226814082554014,-0.4816033459427101,0.6338289862756393,-0.2794654825983445,1.3237919233244106,real,False
0.1544037305426698,-1.2326165771287143,0.5875108078388168,-0.3237075704462004,0.1470696637553508,-0.4614191831505228,-0.6241279203009227,-0.8828488234671437,real,False
-0.3167831309760026,0.3226303437326666,-1.209151786669617,-1.4330487456931476,-0.4207469229876236,-0.0596788922533155,-0.818642866960705,-0.705980672006752,real,False
0.0622915025817359,0.170706443821656,-0.6364610627047312,-1.085274625271102,0.0378525780923633,-0.2537976832502097,-0.5584540594441405,-0.6365481108062729,real,False
0.2344492307792939,1.230744716228516,-1.0602067256203824,-1.2033922430749362,-1.9098208419606064,0.6492760884938825,-1.0610345595122637,-0.4931637092739228,real,False
-0.3373064375524777,-0.5606112950625961,-0.3487785103240744,-0.815955565777657,0.0579029736077338,-0.5947456051694655,-0.7785366923916778,-1.1289441143493149,real,False
0.8050104961995271,0.4802667967227186,-0.2830371801224057,-0.1806167180935247,0.4170773130083938,0.2551395123775527,2.497135115533626,0.3367402766726308,real,False
-0.6755363394302,-0.4034837722590805,0.2139549354567521,-0.0295289429949183,-0.0406953038738691,0.2353061707958763,0.0140615825287239,0.6816434431093298,real,False
0.7112432909406076,0.8283516673645509,-1.0957891980520875,-1.4816881960353372,0.5558878598781083,-0.8124437984708541,-0.5073186868686307,-0.9978850195389432,real,False
1.3228360573824196,-0.100848597655493,0.7011481754699206,0.8930484358521272,-0.3458944615010248,0.367226168793263,-0.4050479417176111,0.4523927380805292,real,False
1.3228360573824196,-0.7369363619542157,0.7011481754699206,0.8930484358521272,-0.7577279588826085,0.659062898759078,-0.7108575228064442,0.8233844704120827,real,False
-0.1668556812893596,-0.3744995576975155,1.4238123936540086,0.6514211652145816,-0.1304302254410062,0.7278775054753793,1.4674090834738502,1.3237919233244106,real,False
0.8135010836720297,0.4122293618245929,-0.7026138148734814,-0.8887708987472057,-1.5123701210659783,1.5986966890553995,-1.0610345595122637,1.3237919233244106,real,False
0.6752259764775017,-1.3525653670871571,-0.82007257248975,0.2086718015419469,-1.7293990728109756,1.202141686217325,-1.0610345595122637,1.088378564934621,real,False
1.6169117018806185,1.8098705392364347,-0.7858856180923421,0.8447197920450445,-0.2204836840815983,0.5305095824905538,0.2053179025047728,1.3237919233244106,real,False
-0.1389405843438017,-0.7700240059819166,-0.7537539810295992,-0.8325354595580939,-0.1094774267918638,0.1985393116581944,-0.2150449396968443,0.3443408824845176,real,False
-0.4959851481193587,-0.4048717337916275,-0.3877930950564477,0.0150280309246293,0.719899066187991,-0.9831910254865072,-0.4885189175393992,-1.0882706021667856,real,False
-0.4959851481193587,-0.4997609497505179,-0.3877930950564477,0.0150280309246293,-0.0772853634647056,-1.162344178149296,-0.9835795098758298,-1.593608177767905,real,False
-1.9904493480707384,-0.4642540521367574,1.842664499122851,0.6207094430043243,-2.3290886404855717,0.3752968271923994,-1.0610345595122637,-1.2443911539785135,real,False
1.1311424342366647,1.0671740684363826,-0.6169856170311585,0.7635156244180855,1.2687951497712102,-0.6589768226504494,2.8508214425142357,-0.8877789461559351,real,False
-0.8899639132096435,2.1634925663393108,-0.5928158568300133,0.7389075752392447,0.5365121232195733,-1.0347639406621263,-0.7060949145763722,-1.2902002106285335,real,False
0.2651098801338951,-0.9555420668060468,-0.2882364135653008,-0.486999182779527,-0.922654807763482,1.1164282940868442,-0.5862777180514032,1.3237919233244106,real,False
-0.1038692924055995,2.4250685759602444,-0.5225855324934173,0.0980030054243663,-2.6198423263732766,3.732973691433257,-1.0610345595122637,1.3237919233244106,real,False
1.339300390820786,0.5791879062694926,-0.6644225503446627,-0.7728524667008937,0.5695674109503621,-0.5477749314770597,-0.1240540561433637,-0.5399998748174412,real,False
0.7893036511570813,1.7953269468423991,-0.4551927886749036,-0.5200533215343602,-0.0210436828408758,0.0762988933780331,-0.2393593080293171,0.1126251161113214,real,False
0.8716789068413959,0.5255173927333424,-0.8883735726299207,-0.8764522114966071,-1.976656888910554,1.195102304097505,-1.0610345595122637,0.0407274935664467,real,False
-0.4950165954292837,0.4899706787244665,-0.5405160076625148,0.2547088789980911,1.423876488793472,-1.1362408606420633,0.9407648786643108,-0.9512542757741244,real,False
-0.4950165954292837,1.020634846927052,-0.5405160076625148,0.2547088789980911,0.9842886596677912,-0.7902778264576387,0.409859392806812,-0.6979692226374659,real,False
-0.4950165954292837,-0.5902207495998496,-0.5405160076625148,0.2547088789980911,0.8710174506656603,-0.9212518750055824,-0.1739361107635914,-0.9678934398487956,real,False
-0.2789629615752101,0.2866674751334017,-0.5020918228309483,-0.1384428556286232,1.7053293332228732,-1.3537539580925937,1.4120124298503811,-1.0679338460755212,real,False
-0.2789629615752101,0.736906385290814,-0.5020918228309483,-0.1384428556286232,0.8403287294280316,-0.5711415451317223,0.5860758973194756,-0.3633371451357491,real,False
0.3848530044244307,-0.159993942832099,-0.8937015473881559,-0.8867449080053893,-0.298390183410506,-0.7107368028543767,-0.9582624871791312,-1.371547234993592,real,False
-0.1396711251772791,-3.8125201013192815,-0.882157321004218,-0.8828920190634373,0.7583701293236185,-1.283011422012065,-0.7008309791641874,-1.37832615369068,real,False
1.0858748479658298,-0.3067372362402011,-0.6746653683612986,-0.2595893946156308,1.1137721347915783,-0.5142795914962524,2.588376662678163,-0.5882739928118571,real,False
0.702401452807025,-0.3901487515997306,-0.6353637053038883,-1.2756844676482966,-1.646655148011247,0.9998791514123848,-1.0610345595122637,0.7305338264398445,real,False
0.5482340664283885,-0.0443805549851952,-0.6375040579460836,-0.9042342533560532,-0.4287674620277876,0.577011343442312,-0.2569057594032666,1.187597284046548,real,False
-1.066170216872063,-0.46540448721293,2.0200576485742143,1.0988158532348435,1.0258912984816442,-0.5789020440157945,1.4608918301063831,-0.1215557116062704,real,False
0.7806495360487764,-1.8109079426025607,-0.3383138237075692,-0.8762302510241765,-0.2242831032238301,0.676363324816691,0.6695468731412637,1.3237919233244106,real,False
0.9174168462816806,0.1407346605610824,0.1113882469243026,0.5318647709497671,-0.2983278583092344,0.2631819731349002,-0.4569353050662902,0.1791817724100054,real,False
0.9174168462816806,-1.6862852449634886,0.1113882469243026,0.5318647709497671,0.504127691719367,-0.1162890437106526,0.8567925756604098,0.5889982209157912,real,False
0.958795392942824,0.252058790997167,0.1340052482216563,0.7026987565855426,-1.2364974702206628,1.0854534831658065,-1.0610345595122637,1.3237919233244106,real,False
-0.4810833790697094,1.6285081934439198,-0.256146932903492,0.5183908668087331,1.2015158002570256,-0.9111293667378828,0.835987497602727,-0.7394644219347936,real,False
0.68361135001919,-0.2434750163587621,-0.409643129265142,0.469028210840172,-0.2831580526276041,0.7399759585120648,0.6452325048087909,1.3237919233244106,real,False
1.347971449939468,-0.024963388280646,-0.534011630286422,-0.8151463034000016,-1.927561073130905,1.4508752098879676,-1.0610345595122637,0.6670584968216552,real,False
0.919319358689642,-0.747226864956113,0.7098627311651481,0.3123671576001524,-0.3412814316886496,0.5027135906492612,-0.1889759262269766,1.059619515916671,real,False
1.272236228132399,-0.8017574515864976,-0.698328489471219,-1.2148115333379934,-0.3628560906780904,0.8243063805242521,0.6016170399649737,1.3237919233244106,real,False
-0.1199260153660546,1.1328736822217689,-0.5988766772651982,-0.3660357260717954,0.1727878436285631,-0.7117686360161608,-0.7672568307941388,-1.1889272737296104,real,False
-0.8748828086340635,-0.0336172331003055,0.4178739111081995,0.2671527130736935,0.746775918049335,-0.4397594561581862,0.6738081541892228,-0.1291563174181572,real,False
1.4598728920624269,-1.3989823232626375,0.29344819311312,1.3132202541977624,1.471427729891413,-0.9919070195058696,2.009093103746775,-0.5903282105988535,real,False
1.4598728920624269,0.671906586985086,0.29344819311312,1.3132202541977624,1.1507018416132762,-0.6994151191958641,1.574442436854942,-0.2838389167789876,real,False
0.1313567824060849,-0.7588375157100452,0.1642994026689662,-0.322211534596895,-2.0468392447191244,1.713495469056463,-1.0610345595122637,0.254571565192774,real,False
-0.8563067195602522,-1.0272535202534838,1.0534325247962957,0.3243737441892091,-1.42085883171649,0.6158364394889592,-1.0610345595122637,0.0438088202469413,real,False
-0.2343747880034107,-0.0105308893278683,-0.0709008132680452,-0.2475992111180571,-0.6210443940860282,-0.2466541478904295,-0.960518459498639,-1.0463645593120587,real,False
2.641982244196326,0.5795147708184468,-0.7749796590303792,-1.0347593038459484,1.4980801643248025,-1.0284059170287254,1.964474984538732,-0.6441487166181596,real,False
0.8594717124543741,-0.7084278950341956,0.2302233834850926,0.986396613385698,-0.5038174012816982,0.5143436834319586,-0.4855109544467221,0.7054723694384882,real,False
-1.0238968604147605,-0.7389404333312776,-0.4249355694344789,-1.1698891573766377,-2.102772296449482,1.56938838533364,-1.0610345595122637,-0.1509310259603192,real,False
1.6187317784310715,0.7816041586491602,-0.3952605577561735,0.2105705505736122,-1.0903190215715384,0.65454637277666,-1.0046352515245691,0.3993939191760216,real,False
-0.659749343920415,0.1553972928626033,-0.4090511417214035,-0.3450597613396312,0.0234019421380471,0.4042038393846857,0.7369753791354408,1.3237919233244106,real,False
-1.286439334359314,0.0721042111419534,0.5845611327305359,1.3260060428106255,-1.6684776154670755,1.8470972706411348,-1.0610345595122637,1.3237919233244106,real,False
-0.003553283040478,0.0451648431466559,-0.0212041503480755,0.4899296945446598,-0.4203810011463081,0.8819661478457924,0.5547429484374231,1.3237919233244106,real,False
-0.003553283040478,-0.0782009975569687,-0.0212041503480755,0.4899296945446598,-0.0092926007034395,0.3226557270737703,0.3291457164866446,1.2467587563120448,real,False
1.5182782877463483,0.5825836260874355,-0.905259296193064,-0.8244570192307997,-0.2260389569302535,0.4228132016357729,-0.0648974486540484,1.0060044316760646,real,False
0.8057692313664497,-0.2756251338193851,-0.2240393650790777,-0.6371302529259036,0.0454500537792911,0.3572366782264747,0.6547577212689348,1.3237919233244106,real,False
-0.3134773363386016,-0.0941589263270275,-0.4081866181086588,-0.5134877841115622,-0.102787767807544,0.6258607441876107,1.0746192362884393,1.3237919233244106,real,False
1.5725575624224994,-0.521186680600613,-0.3678968980842929,-0.843551294525372,-0.0387507509879719,0.2663579031316729,0.089761987027763,0.8342718246831637,real,False
0.3596107231603783,-1.0364599611085537,-0.3932516249652408,-0.0890293632791244,-0.5447909288485092,0.4013281557261439,-0.6501969337707905,0.2233474548304284,real,False
-0.5577922965750564,0.7653711912903911,-0.2757545087130949,-0.4409642966961214,0.6059893514642943,-0.4625779945579226,0.1381400601016521,-0.3390973752491913,real,False
0.9735060600058074,0.2796953627279459,1.2054822068262658,0.9066635663777248,0.7831980198950758,-0.5632995844953038,0.4063501025320221,-0.4044215008756774,real,False
1.825902993355624,2.042815003281813,-0.8864845261313413,-0.1890173550225669,1.001691803887594,-1.022368023533854,-0.0897131441686341,-1.0414344366232673,real,False
-0.2231806978351955,0.0027133959730648,-0.8263367862388528,-1.9601230847785387,-0.0756480078520035,0.2006993297804658,-0.1393445351978053,0.4363698393419572,real,False
-0.0057027139672126,-1.131257138190824,-0.5132608732377734,-0.1699722151509098,0.3466292931321434,-0.627320977483532,-0.5637179948563253,-0.9409831868391424,real,False
-0.0388871754533055,-0.546830598742354,-0.7232048759861072,-1.2569337364422335,0.4277233223398315,-0.6055723270877438,-0.4444021255134691,-0.8107457791435694,real,False
-1.671503541666995,-0.1404757738281723,1.1328133550800916,0.9651114487980064,1.3124509062208347,-0.8039619435853564,2.07175900151088,-0.444273325943408,real,False
-1.671503541666995,0.5413996404649017,1.1328133550800916,0.9651114487980064,-0.778543255873719,1.5367460358143767,2.3316971454363884,1.3237919233244106,real,False
0.880168733110791,-0.8300990025254694,0.7843598177460541,0.6574993102635768,-0.5185356598124023,0.2247523589076249,-0.7449477711901173,-0.227964192972685,real,False
0.880168733110791,-0.4297067772264968,0.7843598177460541,0.6574993102635768,-0.3570887049357095,0.4763625411345877,-0.2684362845918619,0.8858326911367739,real,False
0.6913875077159116,0.6565271252655697,0.8999564274807189,2.552360474742655,-0.7709586973733724,0.7019434007172959,-0.6968203617072847,0.9858730973634996,real,False
1.929154809983762,0.370061807010172,-0.4710430171610782,0.4322045035928641,-0.5999842355301925,0.8129061800318491,-0.2528951419463638,1.3237919233244106,real,False
-0.1290892096200231,-0.931933819569422,1.4594544975856938,0.3635730532867322,-1.8808589078079956,2.2558073354036368,-1.0610345595122637,1.3237919233244106,real,False
0.2996308000562502,0.2311302226879399,-0.1813471317813853,-0.3561876008485123,-0.0438140011581639,0.5306591556767069,0.9442741689391004,1.3237919233244106,real,False
-0.8723726237162235,0.5391684752253839,0.2448726734631072,0.0869742586874558,0.6536399064384439,-0.3194364965472167,0.7271994990842404,0.104819088520735,real,False
-1.4604979138053915,0.8943439339438464,-0.4285199579895297,-0.1451428183882206,1.8536349556336893,-1.499580760520985,1.5285709996916168,-1.1675634087448474,real,False
2.286535354356107,0.0419048361818264,-0.6857890630706209,-0.7587026456300107,2.0961293498865143,-1.7255433984890858,1.81056753963009,-1.2914327413007316,real,False
0.700683372897594,0.7577085067507421,-0.9017525043505884,-0.7210876379017772,0.380528504982005,-0.6223955035531444,-0.5211051843767338,-0.8966120826400197,real,False
0.75220924491033,-1.488523680007659,1.9757620811560663,1.2233647415249835,-1.5131070546198062,2.339722988793288,-1.0610345595122637,1.3237919233244106,real,False
1.722453726913958,1.4499553253714357,-1.235210616534304,-1.2700321724708836,-0.2509567601656972,-0.3167582108123856,-0.8299227285582439,-0.9734398278736858,real,False
-1.3270085025917466,2.259371084667864,-0.8182715242872803,0.0855695959738546,0.8651163098513502,-1.4044744060036296,-0.7003296519820745,-1.4159183391927146,real,False
-1.4630597040683828,0.3293522391243408,-0.4425462736176491,-0.5988606714970246,1.5951164504575783,-1.2615348764567431,1.2480784412994823,-1.0137024964988155,real,False
-0.9400632457652432,-0.6285521299852949,-0.4866254571605426,-0.633823666098908,0.7954359197555051,-0.583666219346992,0.3872996696117342,-0.4389323596972173,real,False
-0.9400632457652432,-1.1345385875392562,-0.4866254571605426,-0.633823666098908,0.5210698932499882,-0.4022415682133219,0.0541677570977512,-0.2745949367375037,real,False
1.0455678557291652,0.2684184360425418,-0.6974189055954433,-0.308423097098411,-0.8294899819628562,0.885870700906012,-0.6334024731700102,1.3237919233244106,real,False
-0.8701011371866382,1.1182821267679164,0.0160020858912497,-0.2529153502620724,0.5795482006508488,-0.2373215957508371,0.7194289277614914,0.2646372323490565,real,False
0.2442398759795905,0.5909916826772788,0.0312674362649503,0.7504477933672818,-0.5682568506919032,0.9412253542426252,0.1313721431431288,1.3237919233244106,real,False
-0.1786783248421783,0.5577424606789234,-0.5607914970629531,0.1772408626505662,0.318698273516998,-1.2755814773056178,-0.913393704380032,-1.56772503365175,real,False
-0.1786783248421783,-0.5323823694337375,-0.5607914970629531,0.1772408626505662,-2.760808486360272,3.82760736576778,-1.0610345595122637,1.3237919233244106,real,False
-0.1786783248421783,-0.2140380975409087,-0.5607914970629531,0.1772408626505662,-1.3046741456220785,-0.476989276815394,-1.0610345595122637,-1.3366255326146528,real,False
-0.1786783248421783,0.0548744371612403,-0.5607914970629531,0.1772408626505662,-0.7271353458633213,-1.043056489172854,-1.0429867809562017,-1.6042901102602865,real,False
-0.8638415244971421,-0.1201776930019685,-0.7128934863137523,-1.5173907942753055,-0.5820346814155998,-0.0631444763110585,-0.9048711422841136,-0.8031451733316826,real,False
1.2437573173009897,-0.4877201373232363,-0.8015375801128684,-0.5471344303758933,-0.2814521224714536,0.5773119904197421,0.1323747975073544,1.3237919233244106,real,False
-1.2695878980320945,-1.3432025702807695,2.115978199297768,0.7354344154223101,-0.4871118741694298,0.6746085915533628,-0.2228155110195934,1.3237919233244106,real,False
-0.4651707315798633,-1.4303028427654811,-0.5128841898840144,-0.6951540710743633,0.3442013718364548,-0.9533403800137278,-0.7863072637144267,-1.3292303485814658,real,False
0.7681890120703502,0.9295315539068828,-0.5736078653097317,-0.3883995160113757,0.4394953314181554,-0.5927481657120437,-0.413319840222473,-0.7715102194119378,real,False
-2.512833462671887,0.127446844268291,-0.916718373529298,-1.3511463219154352,-0.0836673534028759,0.520834285603081,0.7066450846176139,1.3237919233244106,real,False
-1.53417921285958,-1.2968169460853352,1.2269028578094905,0.2851405069261245,0.4721832972979133,-0.4071214004556555,-0.0711640384304589,-0.3243070071828171,real,False
-1.1128126853443587,0.816270742458932,-0.3612661152705141,1.2352410208505136,-1.6783152729124744,1.7696487243829389,-1.0610345595122637,1.3237919233244106,real,False
2.2799729596043714,-0.8673249238394792,-0.6901218180792795,0.4212576825577447,-0.5813262024515201,0.7664368977923123,-0.2872360539210934,1.3237919233244106,real,False
0.7016763147007533,1.3489183525118829,-0.9230521803045272,-0.3775093971512493,1.133187234133505,-0.7239399403423726,1.332552071485496,-0.3826467923335154,real,False
1.1477190819175898,1.104300026070942,-0.3636085023540927,2.017285256620488,-1.9208322007679677,0.5977752899170922,-1.0610345595122637,-0.5699914545075889,real,False
-0.4848467667663303,-1.42190892134875,-0.6101053411787545,-0.989119412214182,1.397589699030844,-0.8509844620698899,2.441487798319101,-0.7374102041477971,real,False
0.0462634980674306,0.5482155212964696,-0.3813740527832654,-0.305964652024955,-1.5418840023489924,0.390048672965558,-1.0610345595122637,-0.4818655114454425,real,False
0.6719947326698147,-0.9518311554717824,-0.4986083579976709,-0.5870093076511707,-0.0805614509078589,-0.0384255883690282,-0.4875162631751735,-0.3214311022810221,real,False
0.2918382553909917,0.4821725993294424,-0.5271080330606354,-0.1443311638324599,-0.2200051451479005,0.4100463435937845,-0.0756759830694745,0.960400796804744,real,False
-0.5766424323514373,1.0844378791901317,-0.3309278657847169,1.6823197071058549,-1.599986719222262,1.2233093275528186,-1.0610345595122637,1.3237919233244106,real,False
-0.1099074547447345,0.2084219301650448,-0.6012227326068819,-0.7873680130890555,0.2358147665416102,-0.3387335837085727,-0.3940187437111286,-0.5482167459654269,real,False
-1.916028151860529,-0.7874444370877067,-0.7546695402131389,-1.5561476580723448,-1.6224438475670426,1.4888140261565788,-1.0610345595122637,1.3237919233244106,real,False
-0.4491759826484359,-0.7495465306470865,0.3277611292970275,-0.2439229098459693,-1.4609982045595422,1.0120510475368834,-1.0610345595122637,1.2527159878943346,real,False
-0.4491759826484359,0.8514421233194645,0.3277611292970275,-0.2439229098459693,-0.5812516199486768,0.3957358262539669,-0.6948150529788333,0.1555582678595466,real,False
-0.5598191315426605,0.1696946046248044,-0.0990220327082309,-0.1014720036721953,0.885017296704559,-0.4105912403748327,1.513781847819288,0.2028052769604642,real,False
-0.4905103536214389,-1.423675495750763,-0.2659532619027865,-0.6797528642512815,-0.2122421525243175,0.4559024412515016,0.043890549864438,1.2303250140160735,real,False
-0.4905103536214389,-0.8295363338584579,-0.2659532619027865,-0.6797528642512815,-0.5796295524542042,0.8564762346854701,-0.113526185318994,1.3237919233244106,real,False
-0.9565199640810826,-0.9911739008998992,1.9188020861750148,0.3488820379195727,0.274453049725172,-0.5600283273404177,-0.5795098010928799,-0.9111970289276944,real,False
0.2376838190667502,-0.8756948755542531,0.977884625795241,0.0948681264162618,-0.1904644295552574,0.3536419323502772,-0.1150301668653325,0.7779862573194618,real,False
2.033376957190056,0.7418189533175433,-0.8928113426249505,-0.5679573503634875,0.852436536370165,-1.141144238888078,-0.4950361709068661,-1.2111128258291717,real,False
1.0814259765157332,-0.1354146221819094,-0.2576663359206146,-0.4459663921480151,-0.405762786300086,0.7227884110300794,0.1080604291748816,1.3237919233244106,real,False
-0.548533056523887,1.4347622743583823,-0.7135429506139783,-0.0939519062805816,1.1073259341294108,-0.7492861722512452,1.0696059644673108,-0.4845359945685378,real,False
-0.0504269436412334,-0.1893401961810606,-0.0656918861617772,-0.6615139200026134,-0.2970989694373853,0.4788630181671927,-0.1293179915555485,1.071123135523851,real,False
-0.5529821239473862,1.16207215258841,-0.6186689209137004,-0.1846630101920063,1.5137606306928,-0.9952259956789072,2.333953117755896,-0.7485029801975779,real,False
-0.5020903883891532,-0.8297689918066323,-1.0139570063189611,-1.7258501399905466,-1.6634952067028113,0.8013980770535585,-1.0610345595122637,0.1709649012620197,real,False
0.4123617031276068,-1.7450762592527025,-0.653086639112712,-0.9393206079736366,-1.4307649249879686,-0.1959181950626463,-1.0610345595122637,-1.136750141939901,real,False
-0.5582278400700933,1.1577446596501566,-0.4037359652465797,0.2726711761615872,0.6623629302245149,-0.8076438101134239,-0.3599284953274554,-0.9007205182140126,real,False
-0.558856677322926,0.7102559169262285,-0.1258716095881065,0.525948409529352,1.7205931590582126,-1.5251273602293258,0.7289541442216354,-1.2887622581776363,real,False
-0.558856677322926,0.7659966071811356,-0.1258716095881065,0.525948409529352,1.3481917726773098,-1.2919008140843486,0.1707263269389868,-1.208236920927377,real,False
0.8943881359431607,-0.0216414956896279,-0.1369514200175798,-0.636116175843284,-0.5520684921353151,1.111708389801836,0.8678217736668923,1.3237919233244106,real,False
1.9051287660009963,-0.8380852633944661,0.9768228562732622,0.1550390537424047,1.1685529278862168,-0.6504167248523315,2.012853057612621,-0.2988347066240615,real,False
-0.1796019423749977,0.7004368675104173,-0.8271397365744686,-0.796769706126384,0.3597984329828467,-0.7311854922775103,-0.6379144178090258,-1.0761507172235067,real,False
-1.6790653813504195,0.3278261619468909,0.6069284369572694,1.2213042302413846,-0.0521096386288747,-0.2037822159228458,-0.6113440771570452,-0.641683655273764,real,False
0.5988700248277735,-0.9167657316107408,0.4629351833549281,0.8045404657732963,0.5213593325126731,0.0523264453413017,1.842151152103199,0.4581445478841193,real,False
0.5988700248277735,-0.7396833557989964,0.4629351833549281,0.8045404657732963,-0.6639458409077453,1.1955157980619004,0.5988597404633531,1.3237919233244106,real,False
-0.2935594307119474,-0.1475285729909155,0.0775536914702034,-0.3932092679070256,-0.2287021455930042,-0.3659807787528886,-0.8381946270631058,-1.0227410547615998,real,False
-0.2935594307119474,0.2554101157460985,0.0775536914702034,-0.3932092679070256,0.5738233987827998,-1.408049477359711,-0.8632609861687479,-1.562589489184259,real,False
-0.430272995314749,-0.4637309088460183,-0.1831507801273836,-0.7767979405987638,0.1866537393369395,0.322331177330302,1.210980229823132,1.1500050985445136,real,False
-0.5583103237388689,0.8580072122500664,-0.4456444965003944,-0.0754925782549749,0.4815177970275441,-0.7199715113736034,-0.5008014335011638,-0.9385181254947468,real,False
-0.1854842893703679,-1.1332110266370763,-0.0909485981062695,-0.8161287776543596,-0.5086356590810632,0.745784221154134,-0.1433551526547081,1.3237919233244106,real,False
0.0572293099680149,0.1034323184294249,-0.1215433810400699,0.2894063552989745,0.7343923015419446,-0.1497885630766976,2.1018386324376506,0.0760600395027851,real,False
0.8042518659541404,-0.6367043058275871,-0.4150651438374686,-0.0601854032877949,-0.533761326982939,0.5036697170753567,-0.5431635803896988,0.602350636531268,real,False
0.4317862989737756,-0.1440334519435724,-0.2614115385504205,-0.8487917911265465,-1.65128280708967,0.9919351162775616,-1.0610345595122637,0.6939687498313083,real,False
-0.6503250063541834,0.2159550880435004,2.6528982458111003,2.983243403413029,-0.0881635013950423,0.3698144725146349,0.2008059578657572,1.2040310263425194,real,False
0.191362881426864,1.302699330542416,-0.6598137743464538,-0.0887019017632182,-2.143941631537383,2.561671510735658,-1.0610345595122637,0.399188497397322,real,False
-1.2992975343301203,0.3388154117061102,-0.2966382911149102,-0.433688187107902,2.84301508270109,-2.5051147602093,2.2366956444260047,-1.6336654246143352,real,False
0.9689806976267727,-0.757315889523395,0.647474119801608,0.1143939399536343,-0.3744023586563683,0.7649001730077789,0.3411775688573528,1.3237919233244106,real,False
0.2717714514226164,0.1800592741503163,-0.3689853863957227,-0.4979606877492772,1.2821123305074336,-0.7665260587788071,2.0950707154791277,-0.4362618765741219,real,False
1.0356509462901573,0.2366805617131068,0.0055571965019001,-0.1546263535674512,-0.462732222000039,0.7056705847174142,-0.1012436693572294,1.3237919233244106,real,False
0.2091713973954219,0.0028403335088193,-0.4608253205451753,-0.4622277365381967,1.0172964688203825,-0.5136441257780144,1.7900131251634634,-0.0445225445939047,real,False
0.9701951954323468,-0.0407078167272898,-0.6888513354871656,-1.274543260254157,0.7454165131331604,-0.9445479231204612,-0.4120665222671909,-1.0395856406149706,real,False
1.100985353729298,-0.1547017330768504,-0.5430929100728715,-0.6749751670497081,-0.049308878235812,-0.6413058386937545,-0.8557410784370553,-1.2328875343713337,real,False
0.9633265173020248,0.1516067063748445,-0.7850973861273105,-0.960837094163588,0.6918201748875327,-1.0337280949316243,-0.5689819302685102,-1.1634549731708546,real,False
0.9132916486092816,-0.1901371833517897,-0.2247803735825978,-0.6711941861538404,0.2703792682242736,-0.4881715194657063,-0.5163425761466619,-0.7963662546345944,real,False
0.2370928532513773,0.6366865941325794,-0.5440342977772894,0.8974128226960023,-1.592718359051327,1.22435485274074,-1.0610345595122637,1.3237919233244106,real,False
1.4822518910259972,-0.7931205569302272,0.3622578587362696,-0.2911681612528859,0.02926247607405,0.193147628830916,0.1075591019927688,0.7085536961189829,real,False
-0.5028576637966403,0.3638690848693641,0.9466907069063464,1.906723530129921,-1.813907245113758,0.9908341919716148,-1.0610345595122637,0.2422462584707955,real,False
-0.5028576637966403,-3.1530492683287688,0.9466907069063464,1.906723530129921,-0.2364280624343028,0.5811237137731207,0.2938021501476893,1.3237919233244106,real,False
-0.5028576637966403,-0.916326479444683,0.9466907069063464,1.906723530129921,-0.9616090803775104,0.8335022173814357,-0.8529837789354346,1.2576461105831258,real,False
-0.5028576637966403,-1.0915263117466345,0.9466907069063464,1.906723530129921,-0.8242772999720248,0.7885606860110995,-0.705342923803203,1.296676248536058,real,False
0.8346532753396609,0.4195091564461981,-0.2874713154192186,-0.6988411390146154,0.0697982618246391,0.072258835825609,-0.0518629419191146,0.3164035205813663,real,False
1.918346687891206,0.0745819031802346,-0.6502966926828799,-1.0725866235349808,-0.5125007171956132,0.6373102387275874,-0.3396247444518854,1.2683280430755073,real,False
-0.0416081368403092,-1.0539631365084667,-0.5720844227486038,-0.9130604336647498,0.9521896187359568,-0.3982371497671519,2.0747669646035574,-0.1425087330336339,real,False
-0.1868352929951294,-1.1353597147083654,-0.9820131417729469,-1.4749842436537102,0.3622013615729855,-0.4812127943599679,-0.3867494995704924,-0.6624312549224278,real,False
-0.6471786315683321,0.0867860626695746,0.6096891075654166,2.415712724885629,0.4152981032110821,0.0333615692441144,1.0683526465120288,0.9059640254493389,real,False
0.4797339709819167,-0.8626369333083783,-0.3022146989750648,-0.9340149384129152,-0.6345499672083862,0.8552046189991925,-0.2654283214991849,1.3237919233244106,real,False
-1.301159521311296,-0.1247857661862388,-0.1536480233482333,-0.6148704634260409,2.568178631889564,-2.184460195628926,2.3204172838388493,-1.4984978942299707,real,False
2.034175635069173,0.7612773858616815,-0.5050461546207538,0.4754763344613995,1.5999918011378242,-1.1983417518605148,1.6170552473345332,-0.8937361777382247,real,False
2.034175635069173,0.1033359109863108,-0.5050461546207538,0.4754763344613995,1.6016669770418268,-1.3532171334303706,0.87358703626119,-1.147226652653583,real,False
2.034175635069173,0.7589658240044637,-0.5050461546207538,0.4754763344613995,0.7987524649515748,-0.6409563393750626,0.2406614688437281,-0.5574607260069108,real,False
1.0861498996892114,0.6243396391070671,-0.7585442499238382,-0.344685506887428,-1.0571488188733866,1.215158456555166,-0.8046057058615455,1.3237919233244106,real,False
0.9962239879413864,-2.162651030772924,-0.7021173069870426,-0.7745807971951052,0.5791860445472471,-0.423424947275978,0.1584438109772222,-0.2725407189505073,real,False
0.5091419516808415,-0.3828326077000721,-0.7246149395741116,-1.3898364140424242,0.3979709269861968,-1.097058685112693,-0.8229041480086642,-1.422697257889803,real,False
-0.3982838036915253,-0.3386981188337387,0.5535131003961822,-0.1566056990426929,-0.0193329242716531,-0.3019275638223497,-0.6567141871382574,-0.7830138390191177,real,False
-0.4102016263260399,0.0769542320304828,-0.4961483024941419,-0.3850226185868162,1.2022001715726345,-1.0107088433117086,0.4895704147627537,-0.9161271516164856,real,False
-0.4102016263260399,0.3731439786192534,-0.4961483024941419,-0.3850226185868162,1.1319521329877062,-1.007113072297391,0.2717437541347243,-0.9559789766842164,real,False
-0.4102016263260399,-0.1909378222472621,-0.4961483024941419,-0.3850226185868162,0.8504040130513016,-0.748740632991793,0.1208442723187591,-0.7207710400731262,real,False
-1.3009597341698669,-0.1761526484442332,-0.2130828498392626,-0.500453459422719,1.3516897416422646,-0.9072828738917308,1.6844837533287105,-0.550476385531123,real,False
-0.3288492685087687,0.1893249123725587,-0.9498535371898914,-1.1969778976238767,0.2109870353396623,-0.712549679711411,-0.7424411352795531,-1.1657146127365507,real,False
1.287863274295379,1.5184572294902752,-0.9279355745407128,-0.7337407233094073,0.1067164295276927,-0.5316061228277605,-0.7088522140779928,-1.018221775630208,real,False
-0.3494998191097012,1.6451231027993451,-1.0261460624949217,-0.5147565878918499,-1.8619432239381175,0.9132674222675,-1.0610345595122637,-0.0262400062896365,real,False
-0.7247939260690791,-2.4373176048660348,-0.6176384627503793,-0.5519009928480161,0.4720234237323756,-0.5360729189647362,-0.2877373811032063,-0.6071727964522241,real,False
1.30451936763758,0.8066803064081964,-0.4947300401279449,-0.1353887270844611,1.6619730619750663,-1.2531003606108142,1.7070434765237883,-0.9321500503550578,real,False
1.6889966141959087,1.5704809416940169,-0.3897862133691544,1.6124858457119473,1.1037864319173425,-0.9383342256416126,0.3730118449215182,-0.8678530336220698,real,False
1.6889966141959087,1.554630936294975,-0.3897862133691544,1.6124858457119473,0.9326074427956732,-1.0327876774454543,-0.2406126259845992,-1.0798483092401003,real,False
-1.4561022506365895,-0.263812357133728,0.9904995623268484,0.1913676828384046,-0.1552612008383717,0.2912142954736183,-0.1511257239774571,0.5990638880720737,real,False
-0.0059449954418024,0.2395045601711042,0.1615868188161412,0.850774393075108,-0.4396372123355517,0.8442484961996084,0.3364149606272808,1.3237919233244106,real,False
-0.2967745230576012,-0.8518156724658202,-0.9059726395859222,-1.4162695359742858,0.0141987198963311,-0.3599354901876593,-0.6689967031000219,-0.8462837468586074,real,False
-0.6443485249897496,1.0680684006995136,-1.2912702141973555,-1.2396031829765997,0.2768134818368931,-0.6016195767553512,-0.6125973951123274,-0.9715910318653892,real,False
0.0974842808457783,0.0559050298619885,-0.0604349891981776,0.6033798746931388,-2.0899361755977357,2.768485857571702,-1.0610345595122637,1.3237919233244106,real,False
0.8976842244325542,-0.6211831006120141,-0.1438305476952713,0.0310277024988493,-0.3283219189414736,1.1968283046582016,3.045587052765074,1.3237919233244106,real,False
0.4378440403637699,0.4739795082214171,-0.7657598930841172,-0.821096005144435,-0.5748467822376058,1.503714307625488,3.045587052765074,1.3237919233244106,real,False
1.2592576245877944,-0.853200969967132,-0.1273283825744898,-0.2316442494989602,-0.6763429986652677,0.9907633761873772,-0.1165341484116711,1.3237919233244106,real,False
-0.547839040932118,1.092319157345101,-0.4632402803204078,1.7255716275480426,-1.391486310211728,0.1769287697143345,-1.0610345595122637,-0.72426321031102,real,False
1.3319881291225824,-0.0896039366507347,-0.7014090677208152,-0.9979037138585336,0.0582048987095221,-0.3931064131499905,-0.6539568876366367,-0.8588144753592856,real,False
0.6279492724268617,-0.0546094189807979,-0.4854233756459979,-0.8182269193476597,-0.7078286937516151,1.1018491265661243,0.0481518309123971,1.3237919233244106,real,False
1.6883396556742112,-1.2680841791522086,-0.8513463946398214,-0.3638638883406266,1.0912679686699098,-0.976151238045891,0.2326402339299227,-0.9344096899207538,real,False
0.4000917869930132,-0.2315140447564393,-0.5555522804402638,-0.002970919590172,-1.171564109080854,1.1562267916364113,-1.0286989562659854,1.3237919233244106,real,False
-0.5551867498400683,1.0255222917742268,-0.7278890234853513,-1.0791414372553314,1.413371177582922,-0.9750871644122168,1.6945102969709671,-0.6336722059044779,real,False
-1.155324720470707,0.4436413492476028,-0.7898372137549309,-1.2401596975810347,-1.85562430680858,2.2776933205106427,-1.0610345595122637,1.3237919233244106,real,False
1.302416393769322,-1.0844447364690892,-0.7170162110074805,-1.3249889561753496,-1.775638604759073,1.660964077727029,-1.0610345595122637,1.3237919233244106,real,False
-1.4918095924289692,-1.13575203931181,1.806061477224833,0.3782031349869268,0.0187637185285162,-0.4581915021215745,-0.7296572921356758,-0.9857651345956644,real,False
1.4354695647612663,-0.68871764155961,-1.149510229113897,-1.6370319481539743,-0.050506580360056,0.6751354290707285,1.7113047575717475,1.3237919233244106,real,False
1.2349007783245989,-0.1992894723285173,-0.656673202223719,-1.7597618265540311,1.0343615298485542,-0.45494212072725,2.342726343442871,-0.3711431727263354,real,False
-0.0234940281556364,-1.1062291765406636,0.631963333256069,-0.2252878277409308,-1.634959133110311,2.686142690709948,3.045587052765074,1.3237919233244106,real,False
1.478823617869376,0.7502227454798858,0.2666497010141969,0.5239243752827007,0.1863505915893781,-0.6915921741499454,-0.7474544071006816,-1.158114006924664,real,False
0.9750509825082108,-0.2927927102443747,-0.4492951642320261,-0.110354674290573,-0.4303544119587986,0.7355417796883885,0.061186337647331,1.3237919233244106,real,False
-0.3428353841728992,-0.8114693692596388,3.4397624312558066,1.5877093044696424,-0.1881674817056138,0.585431585724659,0.4918263870822615,1.3237919233244106,real,False
1.091371159305604,-0.8804486198718727,-0.6708421689656016,-1.0589465244563177,-1.8988099401304557,0.6591650894681477,-1.0610345595122637,-0.463788394919874,real,False
0.1201683022078037,0.1368563849673646,-0.936240827452428,-0.909493993711469,0.4288864715067914,-0.8596875072675723,-0.6727566569658683,-1.1786561847946282,real,False
-0.7984070018370023,-0.5830607032008933,-0.5842857189550987,-0.4222212645031493,0.7822996478451716,-1.1145431619421642,-0.5479261886197708,-1.2014580022302883,real,False
0.5404957216783589,0.5659334107032791,-0.5988734034741902,-1.096657162973636,0.1521964523731745,0.3526266357429085,1.1658607834329764,1.2132750063840032,real,False
0.1224370743624575,-0.5785803271535853,-0.2848931167516674,-0.5884720865501972,-0.6873854444048373,1.4551086221673444,2.5136789125433494,1.3237919233244106,real,False
1.333831907128876,-0.4093345313981155,-0.550057482927243,-0.8514333135256967,-0.1817882426183966,0.6327485057459327,0.6951145594290186,1.3237919233244106,real,False
-0.5547560165049477,-0.8367634433624948,0.8003916066417833,-0.1392303529273854,0.4600069726748407,-0.6176598980957373,-0.4145731581777551,-0.7899981794949055,real,False
0.6647436012970931,-1.1581480919767997,0.8301013676152009,0.0938974073890182,-0.2243806868527408,0.4491952341155055,-0.0047381868005075,1.1506213638806124,real,False
1.299205529489957,-0.5317326583062929,-0.0742466234373025,0.3167270917445984,-1.646496681109365,1.2948563314897517,-1.0610345595122637,1.3237919233244106,real,False
0.9188053663190858,-0.2554864479033408,-0.9213728041803344,-0.6990872258591867,-1.9921835892385316,0.9203721676066188,-1.0610345595122637,-0.3374540010195942,real,False
0.7976044716789397,-0.0441730913965096,-1.258116200989548,-1.7677592368127486,0.9106578513731884,-1.5535787448686107,-0.7577316143339948,-1.5077418742714546,real,False
-1.431686844290141,0.4407942097323114,-0.2209725532854846,-0.3483381467989437,-0.9213160620602534,0.0078818335495406,-1.0073925510261896,-0.8325204876857314,real,False
0.4349166584905642,1.4018018754577142,-0.8645099416885181,-0.8118541471672482,-0.4030359292715806,0.186160640455949,-0.6614767953683294,-0.1942750212659437,real,False
0.5663751508054209,-0.3682010500405923,-0.6926614814861968,-1.0894357631831315,-1.2951268310337256,0.829332557660751,-1.0610345595122637,0.8051019321078146,real,False
0.1102216114996438,-0.3993069917243213,-0.4919877820764756,-1.1138475208533547,-0.4722286597360707,0.3560310296518178,-0.6008162063326755,0.1882203306727896,real,False
-0.872572075799009,1.6421450320917486,-0.4029517771358207,0.1401542139956301,-1.477982637367656,-0.2482528386640196,-1.0610345595122637,-1.1881055866148118,real,False
-0.2641277611360291,1.7203469779010971,-0.9225330121275968,0.2950479060159967,1.062754033419453,-0.7411821339976585,0.8886268517245752,-0.5190468533900777,real,False
0.1846046231597383,-0.9258350896255576,-0.530998764546799,-1.5497928252257729,-0.265339507063497,0.1190567523698063,-0.5637179948563253,-0.1872906807901559,real,False
1.6980916546861928,0.255749801496041,-1.0428116948289978,-1.3987435202846652,0.4075009168108064,0.1640700695342305,1.7356191259042202,0.6541169247635777,real,False
1.3259880463798122,-0.4441106010834426,-1.27253724276895,-1.447606980454867,0.7314689720970192,-1.1053360033452084,-0.5917923170546444,-1.2141941525096662,real,False
1.3259880463798122,-0.5861322467345947,-1.27253724276895,-1.447606980454867,0.6715983497762376,-1.179165832819549,-0.6983243432536231,-1.339912281073847,real,False
1.3259880463798122,-0.1498110221531347,-1.27253724276895,-1.447606980454867,0.039590741277275,-0.8776091019011317,-0.8968499073703082,-1.3978412226671462,real,False
-0.7068293511715654,-1.0893319025677293,0.5329853368377034,-0.507029544108575,-0.179515873379389,0.2255395341155525,-0.3082917955698328,0.2847685666616214,real,False
-0.6617954690484206,-1.15878476656322,-0.0564177795325392,-1.1206204775036186,0.932987533053309,-0.8474889681254559,0.1098150743122766,-0.8319042223496325,real,False
-0.5591783165664431,-0.535693588808567,2.008310915491719,0.6788710106900141,-0.1796484746986277,0.1334688357239728,-0.4316182823695917,-0.0149418084611562,real,False
-0.5531716964836857,0.4778485629432286,0.668380598087214,1.6058619714740106,1.162151325872979,-1.0418096493991489,0.2704904361794422,-0.9884356177187597,real,False
-0.5531716964836857,1.4559258780782511,0.668380598087214,1.6058619714740106,2.595757879690656,-2.493181811379263,0.7981372953532074,-1.709671482733203,real,False
-0.5531716964836857,1.4699920613575597,0.668380598087214,1.6058619714740106,0.8775435928471592,-0.7711752277153767,0.1406466960122163,-0.7413132179430904,real,False
-0.4309352780846686,0.7260339864484963,-0.7235617075958223,-1.2615013442276677,-2.2607967094572805,3.358310574215714,3.045587052765074,1.3237919233244106,real,False
0.057077258364707,0.295456233367329,-0.3037782035902321,-0.490028108583448,-0.3314001733334171,0.637333743048422,0.1278628528683389,1.3237919233244106,real,False
1.6895075051506665,0.7702869343038585,-0.8010632272636687,-0.6078450461403951,1.7826346556588184,-1.411175746990636,1.5761970819923368,-1.0917627724046797,real,False
0.1271263609163848,-0.743959848528884,1.1876619446034424,0.0923289835401171,-1.7707114744668928,1.0610395958742715,-1.0610345595122637,0.529425905092895,real,False
-0.5408651355911177,-1.9523398895319877,-0.1431392836086526,-0.6254681727299382,-2.2970980887304395,2.9098377503378425,-1.0610345595122637,-0.3596395531191555,real,False
1.0371718852316567,-2.2245993162525703,-0.6875666778911189,-0.1874437388146289,-0.2882442774568692,0.4039632055291549,-0.2426179347130506,0.7371073233582331,real,False
0.0613422928744401,0.3338184596242162,-0.8622927577577459,-0.1524072516904152,0.7123687962908053,-1.092621873904176,-0.5995628883773935,-1.2162483702966629,real,False
0.0613422928744401,2.4405541107873883,-0.8622927577577459,-0.1524072516904152,0.3884813587187288,-1.1011504760698176,-0.8291707377850747,-1.43009244192299,real,False
0.0613422928744401,0.5373171031359599,-0.8622927577577459,-0.1524072516904152,0.5769616349209219,-1.5006509584417556,-0.8918366355491798,-1.613123246744371,real,False
1.6247800485028792,1.0824485421547854,-0.7395282658500407,-0.7987783438128938,-0.4812850382173081,1.137958006830951,1.5543893495704282,1.3237919233244106,real,False
-0.3869150787998032,0.087181348090853,2.043404162673037,2.0228593476909884,-1.5430144196906792,1.8796518883459368,-1.0610345595122637,1.3237919233244106,real,False
0.0630293635833432,0.4137794034766047,-0.8985610991569346,-0.3108394225070935,0.8892120525060352,-1.4637812536482162,-0.7201320756755317,-1.4506346197929545,real,False
-1.293719250702246,1.091967960850149,-0.8973718240559657,-0.7033526827475347,0.9439809473743738,-0.9914729921145444,-0.1521283783416828,-1.0268494903355927,real,False
-0.4186669778649421,-1.0963747233216323,3.787208467080547,1.679536142737438,-0.4943938221736915,1.1205099329816894,1.3232775186164083,1.3237919233244106,real,False
0.9792163905917618,-0.525700102958466,-0.744313082053086,-1.0259243843456447,-0.4612526457681422,0.865318188017355,0.3171138641159364,1.3237919233244106,real,False
1.397006607045447,0.1054616399780597,-0.6690853963356647,-1.1527392935816638,-1.7483015706114615,1.461448370815721,-1.0610345595122637,1.3237919233244106,real,False
1.3018274743642664,0.9031357566301516,-0.7494008609165046,0.1058131419020856,0.7225025042663361,-0.6468635622365834,0.0240881261709808,-0.6244282258629941,real,False
-0.2725532651794364,1.9067367414305505,-0.6616117314515195,1.155712607408626,1.2522057359220966,-1.135490538278665,0.2922981686013507,-1.066290471845924,real,False
0.6582161176855981,0.2176379100820925,-0.5904005803565133,-0.4995382591412956,1.397246091806636,-0.9053435994277312,2.0301488453955145,-0.4769353887566511,real,False
-1.5950133891001887,0.600340514061828,0.3925905764838684,0.7414043791003538,0.3935827713064954,-0.5186901308080375,-0.3877521539347181,-0.6926282563912752,real,False
-1.5950133891001887,-0.034372864962628,0.3925905764838684,0.7414043791003538,0.424664463100332,-0.5699162893893213,-0.4065519232639497,-0.7487084019762774,real,False
-0.5604051297955429,-0.2694797741379093,-0.5590807612130687,-0.9570204921414752,-1.8460892555112955,0.3181269825347746,-1.0610345595122637,-0.7963662546345944,real,False
0.8986336968828857,1.2687522215078757,-0.7578350851551151,0.0161831715631381,0.395047100704542,-0.5875334970996365,-0.466961848708547,-0.8201951809637529,real,False
-0.394836247483959,-0.0293468757841908,4.090652847577809,2.5836070204667547,-0.6395244022363298,1.1268435880819332,0.4391870329604132,1.3237919233244106,real,False
0.0630781717876825,1.620494103254028,-0.688143242758769,0.3761809974682093,2.739281518274496,-3.0842511402273627,-0.2556524414479845,-1.8768848105947116,real,False
0.0630781717876825,0.5464663986320135,-0.688143242758769,0.3761809974682093,0.659732721961149,-0.9795097882612646,-0.5531901240319557,-1.1246302569966222,real,False
0.0630781717876825,1.805153136890664,-0.688143242758769,0.3761809974682093,2.248700144575462,-2.785715974374156,-0.5566994143067455,-1.841963108215772,real,False
-0.0203411753491335,0.0429564367487748,-0.7283159226557214,-1.1257522132434554,-0.378987784747914,0.5133307541234926,-0.2543991234927024,1.0041556356677677,real,False
-1.3000996476335291,0.4634325255657474,-0.7676760219874795,0.3769087149514974,1.5286003458218709,-1.3949243169606809,0.4421949960530902,-1.2402827184045209,real,False
-0.8004151472074992,-0.9907119137834028,-0.0206544063419113,-0.86740684390174,-0.4742296449552631,0.4517071346605583,-0.5093239955970821,0.515662645920019,real,False
0.896714989262469,-0.1200304526303594,-0.8215694039258091,-1.6646057172724589,0.6304409161050356,-0.6987373132538862,-0.2581590773585487,-0.7606228651408568,real,False
-0.5575376131597185,0.7259610563557058,0.154834075135516,0.494670937463994,0.1264538600547012,-0.5960011544422986,-0.7336679095925784,-1.0860109626010896,real,False
-0.5581828848925345,0.5347815982066939,-0.9187142917111648,-1.1549275354135389,0.900911769618632,-0.9358904395751292,-0.1405978531530874,-0.974466936767184,real,False
1.0437061109312786,-0.2123127184865562,0.1939187707558412,-0.225704866204387,-0.2178833012058812,0.8086172903155583,1.3536078131342353,1.3237919233244106,real,False
-0.4187896423970192,-0.9350765055165084,-0.1818026712548656,0.235598725179936,-1.1800329850460232,0.7151642576438856,-1.0530133245984583,0.5191548161579129,real,False
1.1898353154877954,0.0688000433798891,-1.2526888101284248,-1.33258788883497,-1.2742472698345852,0.5947542795754065,-1.0610345595122637,0.1042028231846361,real,False
0.6150356099421341,0.0641437547167816,-0.886759931029585,-1.1136536655453,0.5846288409071624,-0.5540427430339013,-0.10400096885885,-0.5422595143831372,real,False
0.740071297564826,-1.3777409501501183,-0.67455579260999,-0.794922815840039,-1.168248695189804,0.7993313704905057,-1.043738771729371,0.8289308584369731,real,False
0.0644954295443212,1.3854599115598334,-0.6103584907343327,0.8292671535446404,0.2807116027369674,-0.8560893013823688,-0.7752780657079442,-1.2731502029964634,real,False
0.3493949881087698,0.2475156833663671,-1.194643957304635,-1.3540744980240658,-0.4336088146168397,0.1478787606263614,-0.7176254397649675,-0.3185551973792271,real,False
0.8391264410381495,0.8228167296329328,-0.6022385095217426,-0.1412472516317559,-0.4976613031782034,0.7234617064317461,-0.1581443045270369,1.3237919233244106,real,False
-0.5622876765650807,0.5037822339348256,-0.5192217082669488,-0.3840810192091333,-0.4680693764449898,0.3379156788233634,-0.6115947407481016,0.1383028384487766,real,False
-0.5585780609436404,1.0239010985331645,-0.4664435367633565,-0.4567660714457573,0.6699968557963129,-0.944753208502498,-0.5080706776418,-1.066290471845924,real,False
-0.2017546188281266,-0.4238785301696195,-0.2527620269787118,-0.8795263473230526,-0.5463840942022087,0.5102133723623075,-0.5549447691693506,0.6039940107608651,real,False
1.3832610406089854,-0.0253436877559276,1.6003840305591448,0.9620148511057034,-0.2317136943705527,0.5431681401713828,0.2025606030031522,1.3237919233244106,real,False
-0.2422649279814194,1.1011833403067586,0.0302807864852605,1.1910610236447867,-0.9959317344298982,0.6055264723630372,-0.95274788817589,0.3305776233116416,real,False
-0.2422649279814194,1.6708211786926035,0.0302807864852605,1.1910610236447867,-0.3646247356753475,0.0359360854566666,-0.7281533105893372,-0.4890552736999299,real,False
-1.3931519841972322,0.8340022439830589,-0.7821045094588208,0.1585369124540631,-0.2040029443564928,-0.0261966205307091,-0.6221226115724713,-0.4524901970913937,real,False
0.7658444457887614,-0.5053478991199462,-0.1950294003646865,-0.4269223606284147,-1.798293519905596,1.0735646152723484,-1.0610345595122637,0.468621058597801,real,False
-0.8515413913593841,-0.1373551579143571,-0.3567022319452804,-0.7070704711196849,-1.5280079360507948,1.6768412356170472,-1.0610345595122637,1.3237919233244106,real,False
1.6877378903083389,0.221819117038507,-0.6011086128470006,-0.1425164228364084,1.4370371532486332,-1.2551464963892744,0.5562469299837616,-1.1194947125291312,real,False
-0.5593790473916012,0.4318578378404599,-0.3768151746521773,-0.2661343875412248,0.6473648957372188,-0.943154592437772,-0.5323850459742727,-1.088065180388086,real,False
1.6061883599033109,0.9600835765239134,-0.7049036960255499,-0.8160199911001638,-0.4492900880765141,0.8430569854262152,0.2940528137387457,1.3237919233244106,real,False
-1.1539649052243266,-0.9811503830254306,-1.1047188526933622,-1.7362069632989905,-2.192081845537039,2.732484336590909,-1.0610345595122637,0.3120896632286738,real,False
-1.0791069241553295,-0.8198389979597517,-0.2090771025612247,-1.411740981509065,0.5563729849859077,-0.5590233318523414,-0.1704268204888015,-0.5683480802779918,real,False
0.6301638372719903,0.140682976115922,-0.0842362357651262,-0.299950341206577,0.6697726552196783,-0.6699616711913587,-0.1370885628782976,-0.6957095830717699,real,False
-0.4314396112338315,-0.185343481249434,-0.7792390089893847,-0.6934427784556206,-1.2469522727665976,1.529178466855024,-1.0610345595122637,1.3237919233244106,real,False
2.906902859536506,1.380679120774488,-0.7735163002623885,1.010643188800809,-0.3661678281540501,0.0516370705502009,-0.7196307484934189,-0.4588582722310826,real,False
1.407928198809666,-0.5283067411654389,-0.8043967966398523,-1.3582993564679986,0.4224237711646373,-0.5180917258016514,-0.3433846983177316,-0.6482571521921525,real,False
0.3714399055291861,0.0072968680423748,0.8078559128784152,0.3329835668813771,-0.0146636789855462,0.3559539395677171,0.4108620471710377,1.3237919233244106,real,False
1.6886050597033366,0.5470710989150304,-0.6984867811635155,-0.7770831016626598,1.5305864681350188,-1.0731071228630962,1.9103316488705453,-0.7074186244576495,real,False
-1.376811742947746,-1.1958610958670892,-0.8775937233859165,-1.4751937730984348,0.1128549606857819,-0.4777270418315794,-0.6674927215536834,-0.9385181254947468,real,False
-0.3263682817457042,2.387737929118522,-0.2825080226899339,1.5141712265395393,-0.1466795170235154,0.5929247297967575,0.7006291584322598,1.3237919233244106,real,False
-2.1248179900408357,-0.8152531832263747,2.541197076323663,1.2489075655243256,-1.2172807642539405,1.5699180482951531,-1.0610345595122637,1.3237919233244106,real,False
0.33461906211958,0.5526572726917839,-0.5361089759881242,0.4465706839760425,0.2030373100710278,-1.2285007820307712,-0.9352014368019406,-1.5720388910044425,real,False
0.1755438534650864,-0.4025952900692864,-0.5318295703210874,-1.337221975058647,0.5604881054261547,-0.688451535267349,-0.3574218594168912,-0.7813704647895205,real,False
0.2687521578586577,0.7527275294456219,-0.717928434511853,-0.396588914859016,-0.3063627302983765,0.1308342475817694,-0.6013175335147884,-0.2121467160128125,real,False
0.4199657494533206,-0.6226376540528865,0.7566444172633935,0.3667507268320983,-0.7098240808990184,0.9125097203061228,-0.3564192050526655,1.3237919233244106,real,False
0.7549728885665115,0.3162314285196811,-0.015296783204339,-0.1470526974865507,0.2229358316531439,-0.618978770514973,-0.6742606385122067,-1.042872389074165,real,False
-0.5804181332244602,0.1606398989355392,0.1133284311542915,0.0381099312044131,-0.2978953475447681,1.1963105019538358,3.045587052765074,1.3237919233244106,real,False
0.9699668768643568,-0.0471233850857381,-0.4072609546015257,-1.1335741742684071,-1.4795017295850623,0.5608222285695188,-1.0610345595122637,-0.1277183649672597,real,False
-0.83332570165753,0.0121254963536647,-0.6253227872825162,-0.5811169677593838,0.7597844197939179,-0.7477446844047656,-0.091467789306029,-0.7727427500841356,real,False
1.5099972901193486,-0.1439654975831109,-0.7911262405153334,-0.3249822670453728,0.4268480498637982,-0.8335888956175148,-0.6557115327740317,-1.1492808704405797,real,False
0.2604290134195707,-1.072717512541305,0.7170712955363603,-0.1988488201641145,0.1193080351422358,0.111228472123722,0.1659637187089148,0.6261795628604264,real,False
-0.5165627924231223,-1.5552973397294976,-0.2352434279862903,-0.91563907169616,-2.2015874797457204,2.5980855400087086,-1.0610345595122637,-0.0899207576865255,real,False
1.4784892629480686,-0.8438803497951305,0.0669112033981311,-0.5158271610206688,-0.1685793775529945,0.734266914283359,1.2488304320726515,1.3237919233244106,real,False
0.9727069760197748,-1.4399426824117862,1.5719753696339456,0.5821199581679828,-0.6806689958989957,0.1339336579033268,-0.8945939350508004,-0.541232405489639,real,False
0.0641290591554247,1.3608806658285422,-0.9724472066599668,-0.685754439524569,0.9492904245125116,-1.3626472179327864,-0.5985602340131678,-1.3707255478787934,real,False
0.1255027334167494,-0.911583099433542,0.1266590495779559,-0.727587891555883,-0.5674534089802054,0.9344401459939262,0.1153296733155178,1.3237919233244106,real,False
-0.2803813089352564,0.5778280230955822,-0.1906224193941748,0.1401297093960838,1.296013163479235,-1.1803357222900512,0.3048313481541718,-1.101212174224863,real,False
-0.3244453344958173,-0.4563752765953479,0.1449030525416533,-0.5953755725223089,-0.6671137405516284,0.6777644401382705,-0.5684806030863974,1.0852972382541264,real,False
0.9309711011785804,-0.4252482616171213,0.3284897976719563,0.0080231654541151,-1.057911048237428,1.0682221124496014,-0.8808074375426973,1.3237919233244106,real,False
0.0630559150144001,-1.0511438718313693,0.6458335512866066,-0.1032167208684981,-0.623909534653975,0.30065097791224,-0.7913205355355551,-0.1503147606242203,real,False
1.0411855395497462,-0.3162546315893734,-0.8390998833596778,-0.1509428482429726,-1.9567902782065447,2.4676730474607136,-1.0610345595122637,1.3237919233244106,real,False
-0.0280933804485516,-0.9858849312677348,0.0572830997006674,0.0335697058188086,0.1896668482748979,-0.1719040733015692,-0.2348473633903016,-0.2123521377915122,real,False
-0.4533990400086389,1.7169864399663817,-0.5818185196351624,0.4066823565424688,-0.1762647693489988,0.087855351725706,-0.479495028261368,-0.1392219845744396,real,False
-0.2819208199256764,0.5447529118139125,-0.507156719308895,-0.5969892318796675,0.6034394927665016,-0.8931401074821941,-0.5328863731563857,-1.0642362540589276,real,False
0.1104023717036463,-0.2514743969000862,-0.2820200563254701,-0.6472948852190575,-1.1568686215660553,0.9545835914071724,-1.0264429839464777,1.3237919233244106,real,False
0.6302633309731133,1.916204267814268,-0.7427688932229003,0.2442598874306508,0.2189954967844537,-0.1481569338437941,-0.1365872356961847,-0.080471355866342,real,False
-0.6418910950034532,1.8684943296174965,-1.2568014360823856,-1.3991014008893985,0.4280160843928741,-0.9248134770695864,-0.7163721218096855,-1.250964650896902,real,False
0.4386343987746601,0.4232177918314654,-0.3582063262368117,-0.4901414052878618,0.8421198866834793,-0.4766111886291083,0.9515434130797368,-0.1024514861872037,real,False
0.921239026699186,0.4209147830875578,-0.3937530301300873,0.059253533514157,-1.9511617582432652,1.8413730979565133,-1.0610345595122637,1.173834024873672,real,False
-0.2868423298332421,1.3719215747862004,-0.7569409474194181,0.2830047654094669,0.6518537342217704,-0.782851795080864,-0.3431340347266752,-0.871756047417363,real,False
0.6768896613672787,-0.0318887666606104,-0.6639390480147813,-1.0715266816255409,-2.0140193992561213,1.339884775742556,-1.0610345595122637,0.0622967803299091,real,False
-0.4096855566296414,0.3937038739781666,-0.8336134749679427,-1.0697241043397034,0.7516193436372922,-0.2244992944933732,1.727096563808302,0.2420408366920959,real,False
-0.2862024176163004,1.1283667201546186,-0.7104139887997211,-0.2571976456811141,1.955676461988068,-1.5340020031017365,2.031652826941853,-1.129354957906714,real,False
-1.8301477994250597,-1.1554318968366453,-0.0096751326897337,-0.7787179929489314,-0.2413413399017075,-0.6708267745884393,-0.9349507732108842,-1.32676528723707,real,False
-0.6796469485193446,-0.2375609436157477,-0.5673657862141654,-1.2987702531260312,0.7558367324156662,-1.388380307459644,-0.7642488677014617,-1.4683008927611234,real,False
-1.2988262471275307,-0.8830448273000936,-1.0082805090315947,-1.029793142803585,0.6256308359465151,-1.0440372926476813,-0.6406717173106464,-1.2337092214861325,real,False
0.9536280642411228,0.4211847287735646,-0.9279473861886234,-0.3739782202054134,0.3912382989629734,-0.3530469255558693,-0.1438564798368209,-0.3074624213294464,real,False
-0.8575202583243657,1.544068312867946,-0.5869142465218826,-0.6797095291120927,1.1061292164416408,-0.9877670724042013,0.245925404255913,-0.9428319828474392,real,False
-0.2878316661216326,1.2411181602877126,-0.5292878746260813,0.6353417302450952,1.5157973139585934,-1.0535703863223516,1.9296327453818896,-0.6811246367840953,real,False
-0.8715849987575169,-0.1307043891576435,-0.5655898549551209,-0.706753356322671,1.1729152384671275,-1.1291958123079076,0.0882580054814244,-1.0977200039869692,real,False
0.4015997735289924,-0.8345067886715435,-0.0277093026140257,-0.5959704793327602,-1.822620571858082,1.5154195769477536,-1.0610345595122637,1.3237919233244106,real,False
0.7484752183442949,-1.3044031496875128,-0.5348889465321642,-0.858176100238658,-1.3420214149323249,1.009514453736087,-1.0610345595122637,1.3237919233244106,real,False
1.1018136887229768,1.178085955262498,-0.856874892170985,0.752498944445566,-1.847941087633668,1.8304435954684548,-1.0610345595122637,1.3237919233244106,real,False
0.8986206329681561,1.3857943025885426,-0.9319162740211824,-0.3637002799134905,-0.5602735668328064,0.4497412535754602,-0.6291411921220511,0.3589258287721922,real,False
-0.2823617333037357,1.3731871954946953,-0.6801159084185056,0.871363224540637,0.0557260796919956,0.039382721204163,-0.1458617885652723,0.1608992341057372,real,False
1.2144124457631993,-0.4656745318946055,-0.1100518481248299,0.1837595626758951,-0.97968627161387,1.0349137683059684,-0.7717687754331544,1.3237919233244106,real,False
-0.8148395197804633,-0.8695736107353287,0.1950524483664406,-0.5582933862455678,-0.1073435609304966,1.4442759155600746,3.045587052765074,0.1695269488111222,real,False
-0.280609533878425,0.5112431472649902,-0.242708125039762,-0.0754820574496868,1.0295457218560256,-1.073766029880276,-0.1258087012807586,-1.0917627724046797,real,False
0.1779095369720691,0.3390184401664407,-0.3153312057489066,-0.4610074298719185,-0.2834604527826962,0.6381400586553708,0.2938021501476893,1.3237919233244106,real,False
-0.8768775814862965,1.064091599301743,0.3119577355820577,1.11437551649538,0.5105049246167006,-0.3674279237339662,0.1050524660822046,-0.2014647835204311,real,False
-0.2703106314936942,1.3337183583262675,-0.5469832772792423,0.6981623202307446,1.4693278585661536,-1.0063865061038888,1.89529183340716,-0.6310017227813826,real,False
-0.2707919673478067,1.6088719773053517,-0.7720172179351261,-0.0726438434618724,1.737899594500094,-1.298952366260855,1.961467021446055,-0.9356422205929515,real,False
0.2851304922556263,-0.2452401886726218,-0.0394895828929407,-0.7724974582992337,-1.7484450326017664,1.526950183224808,-1.0610345595122637,1.3237919233244106,real,False
0.9238841057458184,-0.9966624209131232,-0.5890829553295351,-0.6980628152809332,-0.2925508869185239,0.2203405843733618,-0.4970414796353175,0.0546961745180223,real,False
-0.266541217598884,1.6164782025028628,-0.6283488283488038,0.0279349106932781,1.8613930304403277,-1.4426763821008337,1.930384736155059,-1.0687555331903198,real,False
-0.2730378572742719,1.6882843823018243,-0.4772254735222352,0.9602672750640436,1.3801079669089984,-0.8461745024334736,2.323425246931526,-0.650311369979149,real,False
-0.2730378572742719,1.7538142318709995,-0.4772254735222352,0.9602672750640436,1.095253276911665,-0.7863512504562881,0.8547872669319585,-0.5858089314674614,real,False
-0.2847522926030821,1.3728693437699138,-0.8319167388020414,-0.3472087636721342,0.94067265368177,-0.8500220617162401,0.1241028990024926,-0.8312879570135335,real,False
-0.2777205245767624,1.5074368942256149,-0.524211572915557,0.5866793966095367,0.9128321862511564,-0.5861261517630274,0.8309742257815985,-0.3148576053626336,real,False
-0.8710590614374073,0.6691084558977113,-0.0923297092010129,0.5272800913493884,1.1136881524859648,-0.9077829144461832,0.4983436404497284,-0.8091024049139722,real,False
-0.8710590614374073,0.2205303642247084,-0.0923297092010129,0.5272800913493884,0.8012551406633703,-0.8230946303782286,-0.142101834699426,-0.8649771287202749,real,False
0.4039659279898423,-0.9753663578070716,-0.50913497361623,-1.3171937140962962,-1.5678411010063864,2.3457845406045577,-1.0610345595122637,1.3237919233244106,real,False
0.3086515078561803,-0.1678288883197372,-0.960597615645052,-1.2964735899101565,0.0151992433916117,0.0456976842578703,-0.2183035663805778,0.0900287204543608,real,False
0.6077622972228263,0.3381676000410357,0.3627606318647718,0.1177373892275244,-0.3946390440303986,1.068183197893338,1.7679547291504984,1.3237919233244106,real,False
-0.0627477416129279,-1.3612788536590628,-0.8284571062113768,0.3261561142504367,-1.80175165490401,0.904059201263209,-1.0610345595122637,0.1025594489550389,real,False
-0.4686713721520606,0.1014147117751739,-1.1627562829472493,-1.666749164095215,-2.32671160845083,3.016859396331209,-1.0610345595122637,-0.3984642692933878,real,False
2.1989289903214866,-0.6527768125631062,0.3278611820787931,-0.2659234844135866,0.1134279038559927,0.4191856224215303,1.2826700168652685,1.237514776270561,real,False
0.6252852008233483,-1.4152524058633618,0.4017180898738646,0.2650612676431933,-1.4647403460517274,0.9099482319220592,-1.0610345595122637,0.8426941176098491,real,False
0.9957442964616068,0.2382633217415292,-0.5767709320862305,-0.7298071614355384,-0.119188194643319,0.6810738453545231,1.2668782106287138,1.3237919233244106,real,False
-0.5540428386697249,0.4543608415936808,-0.4120849275232205,-0.9461413219537248,1.707057034499472,-1.2303018183678889,2.2013520780870497,-0.8288228956691378,real,False
0.6432723219609113,-0.8823468341164721,-0.0424968759949756,-0.8746769729213992,-1.6589037041297614,1.6503522326481772,-1.0610345595122637,1.3237919233244106,real,False
1.4679603552477831,-0.6446582849156032,-0.4658223328998709,-1.1985977785983275,-1.7307095001757096,1.2720449413173762,-1.0610345595122637,1.3237919233244106,real,False
-0.4812419848547887,-1.0903048903740071,1.1474527570455504,-0.1433862035718384,-0.3838579553724573,0.3780503944128643,-0.4536766783825567,0.4160330832506926,real,False
-0.2926186136508424,1.1120332601347744,-0.8765896807664035,0.4525108538694997,0.6911010058004354,-1.0236160594299053,-0.5607100317636483,-1.1511296664488762,real,False
1.6885121818340745,0.366138820291374,-0.6109192046039372,-0.4249199798016588,1.5845374776969128,-1.1864806358634008,1.584719644088255,-0.8873681025985358,real,False
-0.8333565835164572,-0.7697105106827759,1.1272527176239506,0.2441299576239619,0.5027760970111134,-0.449865039317912,-0.0854518631206749,-0.3925070377110982,real,False
-0.2819057047795089,1.7301176049057894,-0.5660368897402726,1.0841020071908112,0.7912393461026129,-0.562352409825299,0.4364297334587926,-0.394355833719395,real,False
-0.2845915215572717,1.2195964529383247,0.2566405197518566,1.692373674758202,1.096749482784004,-0.6430654837044859,1.548874750567187,-0.2020810488565301,real,False
-0.5304396081020668,-0.2351184820634596,5.301583877628648,3.25224446638166,-0.6536021657463839,0.8717366012884327,-0.2847294180105292,1.3237919233244106,real,False
0.3347901925319932,0.1964779748712929,-0.4227907619013368,-0.6566019275613042,-0.210104651630497,0.7516006574393983,1.0853977707038651,1.3237919233244106,real,False
0.0937033305922195,0.3561603152629244,-0.4117704953521387,-0.5051344939786618,-0.5387161854822193,0.5348850142919026,-0.517595894101944,0.7186193632752653,real,False
0.7714344150695722,-0.92168030821447,-0.3622974180094925,-0.8933759475055599,-0.052364902655971,0.3672076516493521,0.3110979379305823,1.3237919233244106,real,False
0.3207571780301362,-0.7422453124096813,-0.656797123383754,-1.0100063536159902,-0.1571630114377107,0.6923942507782577,1.094672323572953,1.3237919233244106,real,False
-0.8735812241138174,0.0463479320101144,-0.2547734018881736,-0.7003435167070382,1.1197680003811272,-1.0474183257817091,0.1373880693284829,-1.0190434627450062,real,False
0.1893198016571216,-0.3918124985253883,-0.199858473135015,0.1146793929809096,-1.7361484257534012,1.3560879487738733,-1.0610345595122637,1.3237919233244106,real,False
-0.1203734851750613,0.968971824827266,-0.9919602489232272,-0.6890211641042981,0.4072988846861275,-0.5386411527989367,-0.3927654257558465,-0.7125541689251405,real,False
0.5238480207810907,-0.1731402849187339,0.6029722588802774,1.237573266998681,0.0058524107519591,0.5153493126486937,1.1450557053752934,1.3237919233244106,real,False
0.5020311062309556,-0.5130963752746879,-0.3096516293209643,-0.8640927235037837,-1.5179914929092186,1.0794082802918563,-1.0610345595122637,1.3237919233244106,real,False
1.7526429703821422,1.0484897495428294,-0.3917843877554156,-0.1331530376637517,0.0104686217271378,0.1081485375785799,-0.1187901207311788,0.2989426693918967,real,False
0.0969254897563001,-0.9256145020932576,-0.3409736201213091,-0.1402456150445827,-1.5792214605037416,0.6056370566324558,-1.0610345595122637,-0.130388848090355,real,False
0.648383045201955,-0.1353130094481903,-0.8777710879179522,-0.4823944406209197,0.5209822196644147,-0.5732580044981263,-0.258911068131718,-0.6125137626984148,real,False
0.0806595280304744,-0.5157983000468445,1.8884194768249347,0.6907310614790392,-0.01084748407733,-0.4481417443470688,-0.7451984347811738,-0.9935711621862507,real,False
0.5425350421248907,0.3207542146645022,-0.7747316080538889,0.0616690487735599,1.6126884126775003,-1.116472661323613,2.2580020496658006,-0.7593903344686589,real,False
-0.7974917875791173,0.0077557168654587,0.14460692227917,-0.1659219515862294,1.1072825391648948,-0.8987845104577835,0.5038582394529697,-0.7982150506428912,real,False
-0.3206059260569607,-0.668073863618916,-0.4780452260615198,-0.8684731033605827,-0.4013784572007013,0.693200005030642,0.0481518309123971,1.3237919233244106,real,False
0.8707594072155124,-1.579334757853656,0.6818272540700275,-0.5431978315358146,-0.3169257395719912,0.6700124497104033,0.2669811459046523,1.3237919233244106,real,False
2.413661017957992,0.7454327978557903,-0.8965591717375349,0.4276432032859179,1.4866646750933823,-1.4555462167048987,0.1536812027471502,-1.3201917903186815,real,False
1.4941928407561007,-0.1841744866119749,0.8857396475358,1.0268751018825326,-0.2680340334464159,-0.243123330925263,-0.8078643325452789,-0.8846976194754405,real,False
0.413022087048775,0.979950523342524,-0.4123032456746519,-0.3672742353095823,0.6423747598116293,-0.8796251280628709,-0.4732284384849575,-1.0011717679981376,real,False
-0.2874885016558693,1.3187305096114017,-0.78037832905116,0.156283199599768,0.4146675164876882,-0.5840772404024253,-0.4371328813728329,-0.7887656488227076,real,False
1.9209773550514448,0.7803361193905755,-0.6609174545001267,-0.4491793480458602,0.7969148918105795,-1.119375422845433,-0.5366463270222319,-1.202895954681186,real,False
1.8359381879461567,0.8602279061576766,-0.7852826715714174,-0.4057788258666646,-0.1495864775197346,0.6515727355612,0.9382582427537464,1.3237919233244106,real,False
-0.0941700825923489,1.0737189079826777,-0.616238617155218,-0.1440121698176821,-1.563102062182599,1.3808600215760662,-1.0610345595122637,1.3237919233244106,real,False
-0.288644976522607,1.2057470277783469,-0.8830283629925233,0.1872343565322314,0.1434308548320081,-0.7361735848050099,-0.7968351345387964,-1.2310387383630368,real,False
1.088643479941048,-0.3229850856321759,0.354442695748262,1.818645495070483,-0.3109740249342514,0.6892750196274777,0.3476948222248197,1.3237919233244106,real,False
-0.7354088782208369,-0.4908890838282229,4.155861402225456,2.194066813987794,-1.037165179326175,0.8443628416874537,-0.9291855106165864,1.1855430662595516,real,False
-1.9494180858298649,0.3921276443405048,-0.6954154948212414,-1.021777174580883,-1.946469238416652,1.577946066737831,-1.0610345595122637,0.7654555288187836,real,False
0.0567192660524366,-2.505850674881043,-0.6912627052921083,-0.9610062357748328,-0.1757187050354482,0.3131901980104686,-0.1566403229806983,0.6382994478037053,real,False
0.0567192660524366,-0.552390740722017,-0.6912627052921083,-0.9610062357748328,-1.7050163802911469,0.5666771925080001,-1.0610345595122637,-0.3372485792408946,real,False
-0.9349087067894672,0.1105287580988302,-0.1599891646205377,-0.6363850727470598,0.0092291049582369,0.0297261041237127,-0.2554017778569281,0.0253208601639735,real,False
0.737223467757058,-0.245647665633547,-0.0846659416372292,-0.5387506389077272,0.0269498274550314,0.4175961383626902,0.8076625118133514,1.3237919233244106,real,False
0.9959673534339332,0.5713319518677994,-0.0681227744285043,0.9139829362836476,-1.972863583175233,2.155908178542425,-1.0610345595122637,1.3237919233244106,real,False
0.3076307605636358,0.6373337698609172,-0.8406352183914808,-0.4446139494397927,0.7318279728051732,-0.9317957330952068,-0.4155758125419808,-1.0291091299012889,real,False
0.9443774536979423,-0.2666016451341418,-0.2156709964849435,-0.4995027068912035,-0.2115548942621904,0.8550157469309756,1.7052888313863934,1.3237919233244106,real,False
0.2186375196204295,-1.0877833266643426,-0.6069735172277929,-1.2117665903990724,-1.5162346833494564,1.3048531115891235,-1.0610345595122637,1.3237919233244106,real,False
1.4468660667507165,-0.4132782646587193,-0.369781088116815,-0.0493560830258181,0.6273543827730909,-0.85609888486709,-0.4664605215264342,-0.98247838613647,real,False
0.1125157573242999,0.2632959934222719,4.435575176171763,4.8727467823500366,-0.6713765525773132,0.5615528592148159,-0.6762659472406581,0.5816030368826041,real,False
0.2019084895988516,0.5411657703495096,0.5362247790912742,2.110210510466104,-0.3319363171146234,-0.0814050960228665,-0.7700141302957594,-0.6784541536609999,real,False
0.8666902021976,2.3416774681088084,-0.3362618063456501,0.4381081363008307,-0.0090047290647895,-0.4282714504070954,-0.73216392804624,-0.9654283785043998,real,False
-0.0364622048810001,-0.0915478586221319,-0.6165614597866432,-0.7994156777680551,-0.4852780202086787,0.8234028590287419,0.1055537932643174,1.3237919233244106,real,False
-0.3090988393415855,-0.7528048130227988,0.1106100711737534,-0.3870477438843016,-0.4130488118873947,0.3956366436699279,-0.4787430374881988,0.4240445326199787,real,False
-1.429457990759853,-0.69408680907992,0.0056566162459871,-0.9569111476954928,-0.455863398150366,0.5523335777444841,-0.3511552696404807,0.9877218933717964,real,False
0.4735703807485528,-0.916813752143364,0.577300399375767,-0.6089147290596008,0.8389964919496117,-0.6140560396299554,0.4442003047815416,-0.4652263473707715,real,False
-0.0398812677558031,-0.3180408817530123,-0.519878149696074,-0.4455727303416436,-0.5323617549791567,0.7510445186999435,-0.1949918524123307,1.3237919233244106,real,False
-1.958169798041676,-0.7695405477446198,1.4252167975785237,0.2431451872694704,0.6044968985976876,-0.0843872518553272,1.5716851373533212,0.4768379297457867,real,False
1.6607315245422296,-0.276788926444547,-0.4501219769933228,-0.8684329373895002,-0.2292445654469503,0.9122002858548882,1.9922986431459948,1.3237919233244106,real,False
1.0020791393089157,0.7549887364654415,-0.6679042254276805,0.658193183217672,-1.5543678383080302,1.57627426968476,-1.0610345595122637,1.3237919233244106,real,False
0.9575650308223196,-0.4953882293625841,2.371918819380608,1.177787541966635,-1.5675894689969303,0.5749826112484325,-1.0610345595122637,-0.1788683878634705,real,False
-1.0635586392455567,-0.650018779147981,0.0053812623860349,0.4572240493076994,0.4707527258624245,-0.4522943082357645,-0.1566403229806983,-0.419006447163352,real,False
1.2352073260410168,0.3501617801861496,-0.8009136810747757,-0.1882792384093838,0.2546362200344765,0.363942299567817,1.9266247822892129,0.8118808508049028,real,False
0.6250339108041875,-0.5461045780700715,0.3976885787850862,0.5613160950420413,-0.5867796359359208,0.8404147374645683,-0.1666668666229552,1.3237919233244106,real,False
1.9786649089219184,0.5124791120335083,-0.90908507764588,-0.7023919819983914,-0.4846204146300081,0.796282758355209,0.0386266144522532,1.3237919233244106,real,False
-2.818019271590676,-1.0996046132152455,-0.3758757925482954,-1.048464304693562,-0.5502550115781505,0.4613274490285139,-0.6063308053359168,0.4154168179145937,real,False
1.4632768242593517,1.0693936956040162,-0.95076640761922,0.0947150203733652,0.0762269538001181,-0.2756515735515466,-0.5348916818848369,-0.6334667841257783,real,False
-0.9893777639796566,-0.48048270916258,-0.9684402487689912,-1.725526323967803,0.5151729963490027,-0.8979697879802857,-0.6263838926204305,-1.1542109931293707,real,False
0.2563109761404814,0.1024729265494283,-0.2581179165801027,-0.1751108435518349,-1.0630804823647926,1.3924989997771453,-0.6702500210553041,1.3237919233244106,real,False
0.1702597576107525,-1.6109024714210467,-0.4920202956480101,-0.7256116623484997,0.367435082374983,-0.5844417406203276,-0.4982947975905996,-0.8485433864243035,real,False
-0.5949884836576637,0.0444417639324571,-0.7254169383246479,-0.3758945448747202,0.2544509639276443,-0.56296874353337,-0.6023201878790141,-0.9356422205929515,real,False
-2.818389532884473,-1.300890945965753,0.8629791613515626,-0.2413312894899994,-1.494833505227811,1.811340187556757,-1.0610345595122637,1.3237919233244106,real,False
-0.3960785362234378,-1.119273302885913,0.4326391971067788,-0.1335698647806815,1.1883935545369984,-0.608001336441583,2.504905686856375,-0.607789061788323,real,False
-0.9544200962018016,-2.0210309612629294,-0.946579772319508,-0.6535391799593365,-1.0309458002233292,0.7201232126521256,-0.9534998789490592,0.6789729599862344,real,False
-0.8308743170511351,0.0330403029425286,-0.7644259199997638,-0.7278401149963936,0.468951227407056,-0.6183343170633999,-0.4027919693981033,-0.7789054034451248,real,False
0.7205423536641689,-0.9202891743930046,-0.0095280250444006,0.3214681161781026,-0.0702375136673769,0.4241502724901561,0.4198859364490688,1.3237919233244106,real,False
1.691891730523373,-4.6661660684346,-0.6331036297337536,1.0370749313669894,-1.33642738755592,0.7014145292642394,-1.0610345595122637,0.3429029300336201,real,False
0.8289697087223681,-0.1116024112465891,0.6691320259637559,-0.0779836478237241,0.0601542513845955,0.0732429907460195,-0.0724173563857411,0.2948342338179038,real,False
1.6877227044576624,0.2708096272439352,-0.8578642602590708,-0.7237766295686792,1.350508004516831,-1.200753894605474,0.4213899179954073,-1.0979254257656688,real,False
1.115790373374005,0.2631274341995748,-0.4582257572363595,0.8512629415737613,0.3283841367279187,-0.6931240807045,-0.6369117634448002,-1.0529380562304471,real,False
0.7447059010067119,-0.3322670924615751,-0.5454297062232392,-0.7675886996024642,0.4688215205040175,-0.0715304925493467,0.8755923449896413,0.7062940565532868,real,False
1.0480496027946402,-0.4570978327229259,-0.1150386036504025,-0.6570736251192851,-0.2412811457290029,0.7771480039360904,1.0317557622177913,1.3237919233244106,real,False
-0.8729511461645288,0.0727469352488108,0.3991775249388445,0.5084261958273735,1.43002207001004,-1.3917897224764977,0.1531798755650374,-1.2795182781361525,real,False
-0.8729511461645288,-1.8401176697357453,0.3991775249388445,0.5084261958273735,1.166452842268431,-1.1950273137902032,-0.0628921399255971,-1.1755748581141336,real,False
1.3301582713281883,-0.606120238247337,1.4407053673077084,0.465798610427545,-0.5036430251052576,0.5575742235887498,-0.4328716003248738,0.8944604058421589,real,False
0.3733410176394409,1.0625064476741828,-0.0981245397155278,0.9525161412778644,-0.0530225933514875,0.6119751917737507,1.3022217769676692,1.3237919233244106,real,False
-0.9891926165724096,-0.089667927491855,6.033737085004742,3.517980324240981,-0.5387158730578642,0.7734771433540761,-0.1686721753514065,1.3237919233244106,real,False
-1.4642696804213782,-1.1706181072148183,-0.1960214289889673,-0.9128702488709404,-0.1246826327532566,0.661642167869788,1.1285119083655697,1.3237919233244106,real,False
-0.901675715704661,1.1187969028774185,-0.9536173061048536,-0.3896494742865238,0.3184937876333863,-0.9795185356750776,-0.8126269407753509,-1.3651791598539031,real,False
0.8954739831058536,-0.363898252710224,0.133366682320837,0.0212899948545313,-0.1980773758130096,0.5077123633126124,0.2168484276933682,1.3237919233244106,real,False
0.5082882775397675,-0.9062561824286104,-0.7897168261301079,-0.4972936365473779,-0.033538464151875,-0.3066636592223636,-0.6727566569658683,-0.8037614386677815,real,False
0.3057227211429736,-0.7688549068523856,1.3159189560460347,0.4642788541419126,0.2320416957802174,-0.2551605894436617,-0.2859827359658113,-0.3561473828812616,real,False
-0.376085367924711,0.1756660348364738,1.8190255306579957,1.1379689429393105,1.3408526240920635,-0.7373818895784114,2.874885147255652,-0.9650175349470004,real,False
1.0118502356299586,-0.2938538238537074,-0.6722916234643492,-0.9454246448033576,0.428295265028801,-0.908524871786354,-0.7058442509853158,-1.2335037997074323,real,False
0.3228028472012968,-0.8832433373520034,-0.7653055437343134,-1.2129498071660727,0.4116032146639412,-0.4319051803057739,-0.2361006813455837,-0.4715944225104604,real,False
0.8517656051181703,0.5159546073965123,-0.7364865205957146,-0.081736366145777,1.4396491580857227,-0.9428466956089352,2.1023399596197634,-0.5506818073098226,real,False
-2.8183917957348625,-1.506770900607131,0.0672062389514065,-1.035677073144203,0.0392700689092201,-0.1811200786410074,-0.4835056457182707,-0.4841251510111385,real,False
0.3423926500509742,0.1888797474412143,-0.5886744725490298,-0.1449180888959945,-0.8817878357124372,0.0051002760931204,-0.9971153437928764,-0.824714460095145,real,False
3.0297902039861984,0.3521469231937342,-0.5405748645263512,-0.6695980563503782,0.5301676029484468,0.0018919398479816,1.58647428922565,0.5573632669960463,real,False
0.7031022378798472,-0.354310080067292,-0.2363600563041266,-0.1889355528292113,-0.3223604447124237,-0.0996695671322545,-0.77277142979738,-0.7018722364327591,real,False
0.0155382759704329,-0.9501603991135672,-0.575038865277779,-0.927535803801412,-1.7425651417940669,1.5847300963829232,-1.0610345595122637,1.3237919233244106,real,False
1.1680357488144448,0.1420523653548007,-1.2103229328403984,-1.7454227167262963,-0.6587701702893718,-0.3455583795851911,-0.985584818604281,-1.1558543673589678,real,False
-0.3019217628175712,-0.667071116892929,-0.4230554920816993,-0.9307046197977302,-1.071333305601918,0.8856595188396432,-0.9529985517669464,1.3237919233244106,real,False
1.4580161844456925,-0.9288155499355776,-0.9254552737724558,-0.3629047024861033,0.0876473082446615,-0.6939604466201514,-0.8086163233184482,-1.2185080098623586,real,False
0.2519867369375081,0.0965423957273274,-0.7681983211831301,-0.7621430070094851,0.021283476189569,-0.2915384782649503,-0.6093387684285939,-0.7250848974258186,real,False
-0.4056292653794142,-2.872359384165257,0.0501250885779163,0.1325483939853184,0.7395542351639023,-0.4705925577027269,0.5402044601561506,-0.2230340702838936,real,False
-1.2201546752385342,-1.5308624038915457,2.028763751683905,1.0719391708184425,-0.4884082498747721,-0.2369244712338969,-0.913393704380032,-0.9886410394974592,real,False
-1.2201546752385342,-0.8106033627695288,2.028763751683905,1.0719391708184425,-1.7958412802147028,1.1787403751764234,-1.0610345595122637,0.7344368402351378,real,False
-0.7816140884602457,-0.497655902853846,-0.4961732723542802,-1.1486073348391153,-0.1003048555030801,0.325777608669175,0.0566743930083154,0.9238357201962076,real,False
1.320364936630546,-0.2901103537649186,-0.5433658847338687,-0.7794706479595307,-0.1778525622497357,0.6520295011442732,0.7936253507141918,1.3237919233244106,real,False
-0.3850821809144519,0.4256172499674024,-0.850439182842113,-1.1761117726398258,0.1309347286387922,-0.3877676770528842,-0.5782564831375977,-0.7780837163303262,real,False
1.5383461387252133,0.2905293483090145,-0.3487318655907993,0.1936580459460823,-1.597845573019109,0.9585465865704692,-1.0610345595122637,0.7258091255297527,real,False
0.6306936092631957,0.0554075821238444,0.4768898509578549,0.6922993959930333,0.3573957167884828,0.1897263287834629,1.545365460292397,0.79626879562373,real,False
0.6306936092631957,1.4038529098682473,0.4768898509578549,0.6922993959930333,-1.3856557675841117,1.102982634342997,-1.0610345595122637,1.3237919233244106,real,False
0.2272947620073802,-0.7756914683124665,1.4002342410109585,1.2837433178053836,0.0439166107401791,0.4101237672519754,0.8582965572067484,1.3237919233244106,real,False
0.6240462832444463,0.7397407565425455,-0.5303687711648306,-0.3763013890817422,0.7877633132944664,-1.0977927195203372,-0.5258677926068058,-1.185024259934317,real,False
-0.3345977608041644,0.2861931334210401,-0.163048405521832,-0.204120782231197,-0.3599538455968883,0.1902597095123072,-0.6113440771570452,-0.1295671609755564,real,False
-0.2857047377992963,1.3996765292483404,-0.8727917372083706,0.1379843858463785,-0.0383120348018852,0.2572802811752224,0.0697088997432493,0.7917495164923378,real,False
-0.2909113131453199,-0.3295152510538418,-0.4685870367655607,-0.9060039462412774,-1.5475426906167011,1.3379334479362397,-1.0610345595122637,1.3237919233244106,real,False
-0.9801359807676364,-0.0549429482267081,-0.3729807178407307,-0.6453674396549094,-1.7246891777854534,1.3752211644915222,-1.0610345595122637,1.3237919233244106,real,False
0.1847610602103231,-1.7422446739891573,-0.6927930131479088,-0.5676019746511194,-0.5813858980799187,0.266587351544389,-0.774526074934775,-0.191193694585449,real,False
0.2554378518085772,-0.3566184670864954,-0.380086039254435,-0.9390891660002212,1.2537279563073584,-0.7677909344065827,1.8679695019820104,-0.3132142311330364,real,False
1.1845893373120195,-1.4887373087843854,2.459610304589169,2.23013245456874,-0.5507247737549213,0.997170154876191,0.3805317526532108,1.3237919233244106,real,False
1.5922663044851864,-0.1846513811437375,0.066831096629493,0.2080957206254789,0.6677888523339851,-0.438455317062796,0.3872996696117342,-0.2209798524968971,real,False
0.2308887444018901,-0.4720607149176779,0.3450346844153381,-0.2795289132871736,-0.2370670171256286,0.7274272971614115,0.8201956913661724,1.3237919233244106,real,False
0.5082421443134761,-0.3118005170881647,-0.29474704391656,-0.5530710687174466,-0.3631101164855565,0.6431949297303611,0.0441412134554944,1.3237919233244106,real,False
0.4422599831075575,-0.7047147626955693,-1.0351661346775076,-1.7335988870288734,0.3497594852243947,-0.5652846111214296,-0.4997987791369381,-0.8366289232597243,real,False
-0.1902362360068109,0.3816628756479028,-0.6332808390919543,-0.8685167386667952,-1.776697827838058,1.338849995139057,-1.0610345595122637,1.3020172147822486,real,False
1.3519045351272545,-0.8290170967832993,1.0528526803380436,0.0817935850141317,-0.1594877673495961,0.6711020046299667,0.976108445003266,1.3237919233244106,real,False
0.1109165295141388,0.9905281211493612,-0.7623183374113847,-0.5765083953446054,0.3199367020389571,-0.6116428682441841,-0.5777551559554849,-0.9444753570770364,real,False
-0.1296573482536347,-0.2989515308529,-0.6132559072313888,-0.3335432066599414,-1.1057495224559442,0.4803417456392453,-1.027194974719647,-0.0796496687515434,real,False
-0.6757487693409658,0.4059093971568542,0.0007101787842513,0.6520135861921176,-1.3401341232550956,0.225468843193962,-1.0610345595122637,-0.639424015708068,real,False
-0.1348888250494954,-0.2738852414760715,-0.0584139127973063,-0.1685498753592749,-0.7577107587552226,0.6980612506528017,-0.6822818734260122,0.9932682813966868,real,False
-1.1837853692727294,-1.123918825258482,4.254842372349375,2.0437430463983377,-0.6520435587287341,0.2495949927027891,-0.8359386547435981,-0.2930828968204715,real,False
0.9075049299431136,-0.2882148155136509,0.5863245805906739,0.0085417899490523,-0.4400311103947921,0.572320288641425,-0.288740035467432,1.1304900295680476,real,False
-1.2475286005181223,0.8461522381371039,-0.8749841845469956,-1.102255150350175,-2.1748631587241563,3.2838330552755126,3.045587052765074,1.3237919233244106,real,False
0.7533605554672669,-0.0900012548391196,-0.6225579794421805,-0.0570107206948424,-0.4140434247727372,0.6936196698327178,0.0108029558449905,1.3237919233244106,real,False
-0.8297046347927468,-1.0955964828963929,0.3473047869888166,0.4508177290023109,-0.4752631680523136,0.4028246038866245,-0.5612113589457611,0.3373565420087298,real,False
-0.8297046347927468,-0.5136787521862592,0.3473047869888166,0.4508177290023109,-0.9715197469440436,0.4453374924194225,-0.9687903580035008,-0.0821147300959391,real,False
-2.0643151591933018,0.901137384852294,0.0229460975104265,0.5099198973019723,-1.6952010963280848,2.69444754431582,3.045587052765074,1.3237919233244106,real,False
-0.6813258564152457,-0.3968207314645655,-0.3038769780838352,-0.8511018888656192,-0.26754185514243,0.4418557721910767,-0.1293179915555485,0.9735477906415212,real,False
-1.299489860870375,0.1632399368288339,-0.8336369160704927,-1.1752764362538006,2.9079705514337606,-3.01326454036688,0.2657278279493702,-1.8479203397980617,real,False
0.3435777144262509,-0.2479117439524061,-0.6942471456169147,-1.5705923126936985,0.4617976586789511,-0.8335421870032792,-0.6246292474830355,-1.1199055560865303,real,False
-1.218416420726798,-2.019613720295738,0.2472282749863688,0.6230755781034292,-0.3206587269833756,0.4494185733279923,-0.2355993541634708,0.8578953292336226,real,False
-0.7535318867206874,0.1356138572907468,-0.507217031777644,-1.3193106708404916,0.3346239756588454,-0.7818211838655039,-0.6950657165698897,-1.1589356940394626,real,False
-0.4091274619798263,0.1245535864954513,-0.1594456970066041,-0.0640166745788783,2.664648665495934,-2.226093054166793,2.888170317581642,-1.6367467512948295,real,False
-0.4091274619798263,0.5607209573568629,-0.1594456970066041,-0.0640166745788783,1.270374718300329,-0.8084830228158872,1.728349881763584,-0.4066811404413735,real,False
-0.2820026116456,1.6455859003137292,-0.7859142276067974,0.1443193284403212,-0.5259884759834819,0.3031988672545081,-0.7020842971194695,-0.0383598912329154,real,False
-1.2021192628480304,1.702237380442779,-0.3790420766504641,0.4948689685787999,-0.5224794089991082,0.7529494872152783,-0.1656642122587295,1.3237919233244106,real,False
-0.5935235705009542,-1.2073909081034413,-0.2484484422996842,-0.9867232825773392,-1.6344507098301435,1.078435655476959,-1.0610345595122637,1.0253140788738309,real,False
-0.9029230007294108,-0.0722160472082091,-0.4226385860057837,-0.8852179029977087,0.934846590449552,-1.326433251438935,-0.5817657734123876,-1.346896621549635,real,False
-0.559257950319404,0.5522472455590537,-0.6067456955565551,-1.056243206406129,0.4481885507555742,-0.3761731135603235,-0.0648974486540484,-0.2743895149588041,real,False
1.8167468263427011,-0.0086691278334161,0.2004885321426978,-0.1541007745262854,0.5351285748474479,0.0360101587732659,1.8366365530999575,0.4427379144816461,real,False
-0.3968414598283477,-0.0813432120097096,-0.6683395099240217,-1.283183863656375,-0.5577306334666724,0.2944164507649792,-0.7379291906405376,-0.0977267852771119,real,False
-0.2712726230090517,1.5000774124188003,-0.8798149020015391,-0.2930913247975559,-0.1704094523167519,0.5643973625797805,0.4918263870822615,1.3237919233244106,real,False
1.2874043946022422,1.013357531964233,-0.8487926280145767,-0.576828630639998,0.8636492655143421,-0.6927260314340699,0.2988154219688177,-0.6079944835670227,real,False
1.2141380800652295,-0.6985871957542176,-0.9560269604014924,-1.3835229875141557,-1.6310440662486114,1.5284964840127375,-1.0610345595122637,1.3237919233244106,real,False
-0.2801327407162508,2.669669485880699,-0.8193090570731467,0.4225368243809678,0.4495126119026609,-0.3779253742080865,-0.0653987758361613,-0.2772654198605991,real,False
-0.7997180468374309,-1.0548076625572382,0.0557722271612152,-0.5363664860895968,0.4149652734520074,-0.4735550901621649,-0.2930013165153911,-0.5634179575892004,real,False
0.9283266711994874,-1.1185869931064307,-1.0577022439536856,-1.466467489892762,0.2672602893110692,-0.486334045231277,-0.5180972212840568,-0.7967770981919937,real,False
0.5203875958513547,-0.3818869658959733,-0.4756758344228334,-1.8670651818214208,-0.8717268999304251,0.7808638735068891,-0.7730220933884365,1.1645900448321882,real,False
-1.2104052255978492,-0.9222562116282894,0.0738711170193239,-0.9798355645120468,-2.072858063778316,2.393152915130898,-1.0610345595122637,0.8299579673304713,real,False
-1.2978474940068705,1.1087906697444552,-0.9187643611702384,-0.9338735314287016,0.8254779256225883,-0.8794699641506865,-0.190981234955428,-0.9321500503550578,real,False
0.0740822447154789,-0.607382913302723,0.0891880268151616,0.4818281057969438,-0.0016775559478066,0.1690863604035949,-0.0275485735866418,0.5078566183294326,real,False
-0.5596296815907332,0.2366082884398873,-0.4107315280239735,-0.123012929891912,0.4924353313864487,-1.2066228717857015,-0.8224028208265514,-1.462343661178834,real,False
-0.4309436182790541,-1.3883613816436011,1.0387554591072308,0.3635878844992158,-1.5475216843521078,0.846817863720778,-1.0610345595122637,0.4903957671399631,real,False
1.0399780287069091,-0.081946855827659,0.2845548244038371,-0.3092718242566151,0.2550034341369928,0.3476450874910406,1.816332802224388,0.849062192749538,real,False
0.9041998520745111,-0.0204985045159161,-0.726031034866477,-1.2833637714270822,-0.4754107813305295,0.8309485339664241,0.1604491197056735,1.3237919233244106,real,False
-0.8540445090699462,-0.345307544981511,0.6783776942302986,0.054853818730338,-0.2445729576620365,0.6183917889255881,0.3777744531515902,1.3237919233244106,real,False
-0.2724186867267605,1.825949736152373,-0.8662584262381058,-0.1063719026860297,0.7767836414214827,-0.9431770757468012,-0.3656937579217531,-1.0286982863438896,real,False
-0.4102984208006717,0.7621468405559191,-0.4086456323530639,-0.05937177961395,1.2985430703129135,-0.7390874837579001,2.445247752184947,-0.6642800509307246,real,False
-0.2900881010642361,1.5819566026966294,1.7118155899146643,4.080811869122693,0.3848662885171147,-0.6381222513265561,-0.5316330552011035,-0.917154260509984,real,False
-0.0044416516100564,-0.7641947034793785,-0.216590778065954,-0.3460766359341728,1.2386369517122244,-1.010803538220178,0.6239260995689951,-0.8894223203855323,real,False
0.2770162593904256,0.0308068250721594,-0.7036556961774898,-1.042887648001748,0.4903498690560554,-0.6673473525671387,-0.4318689459606481,-0.8395048281615193,real,False
-0.5278884942739274,-0.2327706906911296,-0.2714713993095156,0.2667481916726681,-1.0397594924527065,1.0156118579361528,-0.875292838539456,1.3237919233244106,real,False
-0.5013064933007312,-0.4868826737922465,-0.406438324301374,0.1516612302668316,-1.654154649530724,1.1898271559267537,-1.0610345595122637,1.3237919233244106,real,False
-0.270279727539728,1.471871074460988,-0.7370107566051435,0.0055502094040136,1.649955650305271,-1.1463264118887226,2.351248905538789,-0.8432024201781128,real,False
0.575759103336786,-0.6594244758137586,-0.1228600578133888,-0.9878428801200486,-0.4070217671967004,0.5415735305016837,-0.2681856210008055,1.066603856392459,real,False
0.4481358318951217,0.7229306805489276,-0.617004626781184,-1.0506316426061393,0.7140466755939667,-0.7355842373046441,-0.1629069127571089,-0.7772620292155277,real,False
-1.027289992327179,-1.4940573476445025,1.7427805552758862,0.3768890678962588,-0.0862367790113012,0.2539595144734917,-0.0613881583792585,0.6296717330983204,real,False
0.0678798287659979,1.584102303018451,-0.5044252781496951,1.847814063755011,-1.062883265495756,1.0451336056816591,-0.8971005709613646,1.3237919233244106,real,False
1.149016501201616,0.411899367699219,-0.7396036934946651,-0.6766347081190404,0.2827648149142751,-1.0307839088092914,-0.8504771430248704,-1.4218755707750044,real,False
1.105876587570957,-0.6320109952766956,0.3078039934858768,0.121686277053469,-0.7733159635325533,1.0810432502448306,-0.2325913910707938,1.3237919233244106,real,False
0.5456461072993996,-0.9618157433912776,0.2519106982025674,-0.0062118715000353,-1.700251463627264,0.6005575385190767,-1.0610345595122637,-0.2756220456310019,real,False
0.985917610337992,-0.7967707586903809,1.3988246368686303,0.3500212019452993,-0.9638185767687424,1.2384033715474132,-0.5451688891181502,1.3237919233244106,real,False
-0.0270050819511566,-0.5148681078015116,0.3810425145708208,-0.4431509863058671,-0.0013791814328142,0.4835116062266174,0.9520447402618496,1.3237919233244106,real,False
-0.930780817380902,-2.116008999824066,-0.1907492558227771,-0.8081298196729152,-0.6584797765479358,-0.0896207217126029,-0.941969353760464,-0.8721668909747623,real,False
0.9457389631776696,-0.9733865529629706,0.7083733012381676,0.4126896884099948,-1.412572175313655,1.2747997793657364,-1.0610345595122637,1.3237919233244106,real,False
-0.2582474401340994,1.295732191908994,0.0513012779729373,0.8052359923572853,1.3151143638333411,-0.9831428644297312,1.0723632639689316,-0.7700722669610403,real,False
-0.260366264451897,0.0011739903064615,-0.4920951357164057,-0.7866285706665364,0.5224160473678795,-0.514523710750941,-0.1611522676197139,-0.5069269684467989,real,False
-0.2622122343636591,0.937770629051575,-0.8798481249994416,-0.6244852087873289,0.8248712784923248,-0.7556420579310849,0.0408825867717609,-0.7485029801975779,real,False
-0.2607438525655402,0.3709138945633052,-0.2848057361229349,0.4517933715811381,1.2286382377210516,-0.7328751145566366,1.911835630416884,-0.2850714474511854,real,False
-0.2607438525655402,-0.6261700610820214,-0.2848057361229349,0.4517933715811381,1.6181331746353138,-1.1344307188510192,2.170019129204997,-0.7298095983359104,real,False
-0.2607438525655402,-0.0459243133818387,-0.2848057361229349,0.4517933715811381,1.062121111532205,-0.567323227393803,1.769709374287893,-0.0708165322674588,real,False
-0.2627861014861682,0.5737264834480574,-0.2889918386575111,0.1441962892739103,1.1886771145995685,-0.7368201725178539,1.6057753857369943,-0.3323184565521031,real,False
-0.2644132899493173,1.5935596816329625,0.1042051956699607,1.3642792365930632,1.3110380746146473,-0.8211880798618597,1.941664597752598,-0.3744299211855297,real,False
-0.2644132899493173,0.851617291127328,0.1042051956699607,1.3642792365930632,1.4715810779671863,-1.0411519224046322,1.6915023338782902,-0.7125541689251405,real,False
-0.2664087227690684,1.5956156423415464,-0.0857402806998921,0.8976524701620298,1.3166370974065424,-0.8267006815142116,1.9471791967558392,-0.3812088398826179,real,False
-0.2605955360389123,1.5085934247013455,-0.7508221445883692,0.0850025099882156,0.5510038944207832,-0.4200014486659582,0.0910153049830451,-0.2897961483612772,real,False
0.4357952154103475,-0.3157812787310219,-0.9068987134401032,-0.3351180330802038,-0.8375242281015671,0.6755463663484593,-0.7928245170818937,0.7615525150234905,real,False
0.1223554862263964,-1.776986214790662,1.2011573847924275,0.4203531100278184,0.3771538692528319,-0.5619319002553776,-0.4616979132963622,-0.7969825199706934,real,False
1.243755503870653,-0.4131608009384506,-0.6573704029035541,-0.9974483210351934,0.4377769471331102,-0.6604454470294683,-0.4917775442231326,-0.8929144906234262,real,False
-0.3051335869664602,-0.4012858248093797,-0.220457015866255,-0.4718414608287893,-0.3151214326659181,0.5874501901185711,0.0546690842798641,1.3237919233244106,real,False
-0.2128011640327743,-1.8288705882732912,-0.5411717996632674,0.0285131522649398,1.0018516058241402,-0.6188798257607419,1.12149332781599,-0.2824009643280901,real,False
-1.3025496001777312,1.065585414990153,-0.6051573830335801,0.568017762621043,1.529532841872639,-1.4760699181096224,0.2218616995144966,-1.3236839605565751,real,False
-1.3025496001777312,0.8339985235130856,-0.6051573830335801,0.568017762621043,1.1316101183608591,-1.1994917058126504,-0.1431044890636516,-1.1924194439675042,real,False
-1.3025496001777312,2.1396354663295747,-0.6051573830335801,0.568017762621043,2.003286768107208,-2.487239087924185,-0.5366463270222319,-1.7828016359502752,real,False
-1.3025496001777312,1.857514608093332,-0.6051573830335801,0.568017762621043,2.307316607686108,-2.603628585713325,-0.2651776579081285,-1.7932781466639571,real,False
0.6585783210076757,-0.5322913395934328,0.2935809853119386,-0.3633889361291267,0.1117520563330606,0.4263025766552094,1.3109950026546435,1.2321738100243702,real,False
0.1229990138455965,0.983851600229424,-0.8427840667983566,-0.3386007708703523,0.0756399971538224,-0.637943023865393,-0.7893152268071039,-1.1663308780726496,real,False
0.8530031806249192,-0.1053072625130066,-0.556839209260335,-1.0134193717885094,-0.3148393492279044,-0.1419710285730011,-0.7893152268071039,-0.7651421442722488,real,False
1.412515073123336,-0.3378560569000477,-1.0023376654370233,-1.7203578811112226,-0.8971539611214536,1.9456149984214897,3.045587052765074,1.3237919233244106,real,False
-0.4877170806630753,-0.744001399904888,1.5755898885291988,0.4308784699010625,0.304817631765835,0.00712850617163,0.4800451983026098,0.7169759890456682,real,False
-0.14294566744539,-0.1615943922115181,-0.7173965642617487,-1.214352875513658,-1.7904857727840529,2.2836885494064747,-1.0610345595122637,1.3237919233244106,real,False
0.1800148490755077,-0.4819368035309033,0.4647617029353352,-0.5127687088172859,0.3573733692478815,-0.5137514847531478,-0.4331222639159302,-0.733507190352504,real,False
-0.4890929021104948,0.233263902245072,-0.0923585693377576,0.4088980314657826,1.5833395022425218,-1.154798162059372,1.7669520747862728,-0.8234819294229472,real,False
1.4996546591386046,1.2157764465803758,-1.0037757666432516,-0.5300039338093572,-2.3809529134922798,3.4544338024090044,-1.0610345595122637,1.3237919233244106,real,False
0.2937184580775721,-1.1449770601944622,0.2123074058928174,-0.2993762406774123,-1.9069359723617865,1.1109965646959936,-1.0610345595122637,0.1705540577046204,real,False
0.9794880027807532,-0.6383440763356855,-0.4197768851427381,-0.9551950550829652,-0.6703065234883868,0.9978036311272562,-0.0809399184816593,1.3237919233244106,real,False
2.2586733999424826,1.5601608430495693,-0.950672062366848,-0.4008828240206581,0.5572129218123351,-0.8959307117535695,-0.5845230729140083,-1.1137429027255412,real,False
1.167626329760669,-0.0977752683540407,-0.3556001397507317,-0.4719031005227825,0.5994000554117881,-0.1987305402123352,0.9645779198146708,0.4449975540473422,real,False
1.7594710166118577,0.0588904793864043,-0.1562082994200505,-0.6475742558629894,-1.667039040464375,0.8485285045776392,-1.0610345595122637,0.27408663416924,real,False
-0.3230194501431412,-0.8150000046043235,0.4289293486342147,-0.0404936747854264,-0.0273290129794738,0.5469185503079664,1.1127201021290152,1.3237919233244106,real,False
0.946578569442528,0.1740344904523779,0.4731872550376824,1.5806909731955407,-0.9248983839326158,0.5290290113558062,-0.9234202480222888,0.1695269488111222,real,False
0.5671455009274393,0.4411026975165654,0.1351536725749441,0.3428470837747533,-0.0409910899547628,0.3588232675040496,0.3258870898029111,1.3237919233244106,real,False
-0.7910785521521663,0.7016608895872235,-0.3134378345897519,-0.1279950432315872,1.0395406346220164,-0.7558632409743073,0.7302074621769175,-0.5777974820981753,real,False
0.2713007945901145,-0.3090762189561515,-0.6980449595833784,-0.0910323382799801,0.890731397314422,-0.6778214523198166,0.4289098257270999,-0.5545848211051158,real,False
0.2713007945901145,0.6905011855202379,-0.6980449595833784,-0.0910323382799801,0.5013024499844214,-1.236592249887814,-0.8306747193314132,-1.480009934147003,real,False
1.2895482945479235,-0.0912741453785713,-0.120725133868846,-0.6852851678648921,-1.80060489989959,1.2712295767851591,-1.0610345595122637,0.9628658581491396,real,False
-1.626876972839189,-0.1853881347127109,-0.5388564319861572,-0.773538237146909,-0.7216778266437002,1.038572724330277,-0.1568909865717548,1.3237919233244106,real,False
-0.0447567590000017,-0.425228109767281,-0.0330825103667077,1.9106712648205413,-1.9531420847344128,2.1107056490324174,-1.0610345595122637,1.3237919233244106,real,False
-0.4882991495805918,1.4583573236022138,-0.7226593814575902,-0.2701541561103564,0.4938272366221498,-0.4967811838241348,-0.1869706174985252,-0.4909040697082267,real,False
-0.6596939469172045,-0.3937770852079028,-0.0290583480859287,0.8275092981111724,-0.371623239987137,0.5042912771523427,-0.2533964691284767,0.9803267093386092,real,False
-0.6596939469172045,1.7158278468803343,-0.0290583480859287,0.8275092981111724,-1.0044991333251718,0.2807578481852051,-1.005136578706682,-0.4411919992629134,real,False
0.8731935755864736,0.1824296622525134,0.2853964245799935,0.3026791509217266,-1.6240541709106524,1.1059719146431295,-1.0610345595122637,1.1608924528155946,real,False
-1.3020191391090312,-0.3552635013393004,0.2550919470097964,-0.4919691803442012,0.9424407610587198,-0.4999515095346138,1.3789248358309338,-0.0089845768788666,real,False
-0.3364640798056992,0.1463316553857412,-0.4353276233694538,-0.6827861625822144,-0.1829774369509061,0.5764279541807884,0.4820505070310611,1.3237919233244106,real,False
-0.225471006619342,-0.8235927714572796,-1.101425710036939,-0.9812132734255354,-0.2148501827779316,0.5733854435668606,0.3486974765890454,1.3237919233244106,real,False
1.299448744377409,0.6009898081466939,-0.722666747030381,-1.073412987740611,0.0595007738713668,-0.4942054839696979,-0.7213853936308139,-1.0040476728999326,real,False
-0.2879719364896058,-0.0063644432001996,-0.5407157845900206,-1.1523261625223329,0.4187799769838351,-0.8801830318287843,-0.6948150529788333,-1.2094694515995743,real,False
-0.7246279041673775,-1.0566667504632667,-0.0135867035933565,-0.8388471576813648,0.1122083470001934,0.4170077832184621,1.2636195839449804,1.2447045385250484,real,False
-0.4357837533946085,-0.4401056043113663,-0.176483654895826,-0.7863905917044977,-0.8077009079944313,1.22238444133063,-0.0240392833118519,1.3237919233244106,real,False
1.7461132453361126,-0.0148974874263124,2.747058525668035,2.238512264620672,0.5126043110826969,-0.5379174252590081,-0.2188048935626906,-0.5554065082199143,real,False
0.0853079708855379,-0.6718736825957918,-0.6663566883982549,-1.137193581971223,0.7549577886168598,-0.8650619921575567,-0.2930013165153911,-0.941188608617842,real,False
1.4086775435526864,-1.4600573604092906,1.1500277058017612,0.5297066250590033,-0.3006007038707275,0.8066706572832235,0.8407501058327989,1.3237919233244106,real,False
0.0973222216378331,-0.0306043379777746,-0.228568095950418,-0.5924946631100688,-2.1459372076987906,2.6644958824287825,-1.0610345595122637,0.7603199843512927,real,False
0.0250851967985876,-0.718734440921446,1.0528083842536065,0.1501076907742416,0.0062476679213338,0.1194288251782881,-0.1072595955425835,0.3307830450903412,real,False
0.8102356432446959,0.011132934203711,-0.2914233344688682,-0.7695295137302705,-0.968603427216294,1.1872276191410989,-0.62011730284402,1.3237919233244106,real,False
1.5573361601183937,1.84151436745149,-1.0020420002971149,-0.6245989147666934,0.762569197722432,-0.2494068569646232,1.649641514171868,0.2693619332591482,real,False
-0.6799183493286584,0.4615837834051422,-0.5103960290594936,0.9669229267941624,0.1758338811390384,0.3078608315313135,1.0783791901542856,1.2056744005721165,real,False
-0.4337259569491048,-1.136138462379655,-0.1781205972710256,-0.4730629016436073,0.2730093632426301,-1.0815317841556182,-0.8725355390378354,-1.462343661178834,real,False
0.2952823662262073,-0.7774926920977819,0.8538912268714579,0.0903502630658973,-0.4733209373128803,0.498985064187881,-0.4536766783825567,0.7062940565532868,real,False
-0.0885737249500498,-1.0391446057517562,-0.0081573146442036,-0.9785487142050058,1.1845958188842285,-0.6348346010416999,2.257500722483688,-0.4572148980014854,real,False
-0.4880047741516693,-0.0559866894408701,-0.1638530188411236,0.8898438213179626,1.8006095725943003,-1.3898329221096477,1.828364654595096,-1.038147688164073,real,False
-0.4880047741516693,0.8180888438004514,-0.1638530188411236,0.8898438213179626,1.195780196627083,-0.7971400400531505,1.3192669011595055,-0.4884390083638311,real,False
-0.2807592990935363,1.0099952171541997,-0.4550750459627659,-0.0251928593591924,1.1104598994434085,-1.048966818045064,0.1095644107212202,-1.0258223814420946,real,False
-0.2807592990935363,0.8899049245009696,-0.4550750459627659,-0.0251928593591924,0.8868785872555306,-0.9659021158803662,-0.2175515756074085,-1.0178109320728086,real,False
-0.5590792296111897,0.829021389619809,-0.5228252660452751,-0.1179194181101288,0.6023812280795187,-1.644143376228908,-0.9224175936580632,-1.6747497803542637,real,False
0.95209790100934,-0.2567053559541921,-0.5945096318862204,-0.5535290174193802,0.4219119287029924,-1.075051296872246,-0.8008457519956992,-1.393938208871853,real,False
2.477993218870439,0.1132118748849763,-0.8528343075026863,-0.0160330874575475,0.0869046050472404,0.2674218198753318,0.5078688569098725,1.3237919233244106,real,False
0.3880459658082407,-0.5768834982062881,0.6176805626190878,-0.4186324421171488,-0.5010852692499634,0.8824825452233244,0.2140911281917475,1.3237919233244106,real,False
-0.7392916548540995,0.0224702767833791,-0.5197006732047378,-0.5140570540065721,0.4573421762485108,0.0532793946516291,1.4100071211219298,0.7200573157261628,real,False
1.5407736922066904,-0.1814916595143757,0.2209353263596021,-0.4452343100644115,0.4119143822444292,-0.4570552886900199,-0.2739508835951032,-0.5307558947759573,real,False
-0.0042859333165744,-0.7370194934168679,2.087213979620896,0.9099556909728158,-1.4675633802628258,0.7054392085582343,-1.0610345595122637,0.2175956450268384,real,False
1.6463560909688346,-0.0744196448791272,-0.4369274682523669,-0.5828412152813712,-1.6872864535231584,2.15593335285302,-1.0610345595122637,1.3237919233244106,real,False
0.7841630246964199,0.0904826151614493,-0.0585658666371862,-0.1128197958101405,-0.5176634070572365,0.3953904691653059,-0.6226239387545841,0.2445058980364916,real,False
0.0309878076284542,-1.058360252284619,-0.0694357327730092,-0.7363926275229965,1.0878150188920523,-0.5304932509322106,2.2234104741000147,-0.353066056200767,real,False
1.0320785406951627,0.4430281785707889,-0.5121303365645382,-0.0089296813102932,0.4819916484051512,-0.5431995343996632,-0.2812201277357394,-0.6063511093374255,real,False
0.8271218232455717,-0.6310092094128561,0.4160453040333873,-0.2720934246170588,-0.0314667388025426,-0.8347009547206056,-0.9093830869231292,-1.3890080861830616,real,False
1.462611923747587,2.845315199764536,-0.3123663398464394,1.0978846083549036,0.7144506206358705,-0.9100774797814096,-0.413319840222473,-1.009388639146123,real,False
-0.5583350680387567,0.82909802556147,-0.6763892387999473,-0.3547450763551522,0.8638892560061704,-0.8254334028032202,-0.0117567673500873,-0.8368343450384239,real,False
-0.5597153719153065,-0.586752555623505,-0.4354765555314392,-0.7196427292973331,1.7003654734279343,-1.300817907366652,1.6799718086896949,-0.9810404336855726,real,False
-0.6375945654432872,-1.1766130460852104,-0.4801023747095599,-1.2464880616298326,0.2686908980822489,-0.2779605788231126,-0.2556524414479845,-0.3479305117332759,real,False
0.112550020512813,-0.6317707734754211,1.7007781821422132,1.9476414127723007,0.798762300867072,-0.3296666487632032,1.4230416278568638,0.3365348548939312,real,False
-0.560514940831266,0.7291250886705132,1.71162651954717,1.2674694832358928,1.005308972118948,-1.056274028264779,-0.1433551526547081,-1.0804645745761994,real,False
-0.560514940831266,-1.4418056410846791,1.71162651954717,1.2674694832358928,1.0657904463532284,-1.2803979779935657,-0.3754696379729535,-1.2860917750545409,real,False
-0.0503632047579343,-1.0950337273429862,-0.3447226722825165,-0.5701004054748248,0.7355557436900454,-0.708548646277929,-0.0696600568841204,-0.7230306796388222,real,False
-0.5588551165029803,0.2419175300105676,-0.7548488698308274,-1.162904712704334,0.6319607640940007,-0.8355648236746304,-0.4373835449638893,-0.9459133095279338,real,False
0.4799985419662885,-1.0228499639736317,0.9498767768179388,-1.0564605667972713,-0.8740934308714747,1.045595001744626,-0.5556967599425199,1.3237919233244106,real,False
0.146203070737884,-0.929255405480897,0.9533926590085362,-0.3344389297987702,-0.4182221759837606,0.9978438167844088,1.1114667841737331,1.3237919233244106,real,False
-1.8770171499651849,-1.0451441107266355,-0.2550450694849975,-0.9948468391011716,0.3709975185146002,-0.7074917135514598,-0.6085867776554246,-1.03424467436878,real,False
-1.552916699508424,-0.9464265391219816,-0.237714368801377,-0.2774784033219905,1.1762509389067972,-2.0074752734237293,-0.8286694106029618,-1.6753660456903623,real,False
-0.501205905121725,-0.0726355968037992,-0.2271094781001568,-0.7515260875458757,-1.6053066196189796,0.667814238808739,-1.0610345595122637,-0.0336351903228236,real,False
-0.5593256983449948,0.8633484311369514,-0.4051083279412423,0.032763947804758,0.1375492081597966,0.3635236158504235,1.137034470461488,1.2428557425167517,real,False
1.069890656184778,0.9507035018926576,0.0329747631034478,0.7603244071935643,-1.5265283038365716,1.5005475366741154,-1.0610345595122637,1.3237919233244106,real,False
-0.2064057873176949,-0.5027467805996374,-0.2899786216862959,-0.7578334742895101,-0.6288206660855621,0.3895355867471616,-0.7467024163275123,0.0781142572897815,real,False
-1.4952803959551102,0.8477293410687227,-0.7137455872418477,-0.630255846557943,0.8637520895778955,-0.8032534813756292,0.0338640062221812,-0.8025289079955836,real,False
-0.5314357935505587,-3.145134225894656,-0.4422766408966709,-0.6624044163383452,-1.03653597264592,1.1118536803075747,-0.824658793146059,1.3237919233244106,real,False
1.477680186152464,-0.4012048076859526,0.1589218514573969,0.7187858189954824,0.5771621089910938,-0.5198925767347213,-0.0556228957849609,-0.4820709332241422,real,False
0.0621023364844122,0.0312095781437911,-0.3932996821043394,-0.7271777506832098,-0.7959387996999634,0.8987897443605809,-0.5597073773994226,1.3237919233244106,real,False
0.4862923403724287,0.702982202938392,-0.0925295737863698,1.7535826561645174,-0.8957612074838259,0.8500941632396671,-0.7622435589730104,1.3237919233244106,real,False
-0.3783298380064641,-0.6389967424404279,0.0074920842186733,-0.5392716445438082,0.3759045422222594,-0.3703169043648319,-0.203514414508249,-0.3842901665631125,real,False
1.2542287942953174,-0.8527688570980388,1.4070624083919092,0.438711035141767,-1.3346552364346953,1.199636006652594,-1.0610345595122637,1.3237919233244106,real,False
0.512522366041899,0.3020906269194489,-0.5368457020106853,-0.156073078892548,-1.412582634717347,1.6325476135746309,-1.0610345595122637,1.3237919233244106,real,False
0.3949717889444435,0.2021980817635683,-1.2102767719552547,-1.7806610161675396,0.653329267868797,-1.2101451414861957,-0.7306599464999014,-1.3803803714776766,real,False
0.1441346397548075,-0.527199843479961,2.6326352817709253,2.8668018166569555,-0.1853265962558933,0.625234029193837,0.6492431222656936,1.3237919233244106,real,False
1.4469798944234027,-0.2178591314326542,-0.7680878923887244,-1.257625588467832,-1.6860546737699456,2.1941648037918475,-1.0610345595122637,1.3237919233244106,real,False
-0.3826161189408673,-0.8088753304643418,0.3854141206081011,-0.4608283371576931,0.2922887663444983,0.1065814779431743,0.7823454891166529,1.1426099145113264,real,False
-0.1782510208962762,-0.8785635264900801,-0.1695177910991502,-0.6381630959707693,0.0090268827112053,-0.8152405047729636,-0.889580663229672,-1.360659880722511,real,False
0.1337980907702289,-0.2451937086048966,-0.5649708588809979,-0.7255716113061634,0.5479396004492803,-0.0331738495117071,1.4987420323559029,0.5744132746281166,real,False
-0.4126819677915482,-1.1079337226165182,1.3834841497439792,0.8342817145456056,-0.2806107863702205,0.3512707027430057,-0.3102971042982841,0.5339451842242872,real,False
1.8413694727163612,-2.163609403709992,-0.4390491905919239,0.8381959134759116,0.3401053409098701,0.2264246313663909,1.6501428413539807,0.7812730057786561,real,False
-0.7998812515808192,-1.4984277162469493,-0.451959947584572,-0.9234199451844904,0.784286154399122,-0.9750108750862052,-0.3950213980753543,-1.0621820362719312,real,False
0.1742074443100308,-0.3249361599961774,0.445386413775451,-0.1360275525610527,0.3843596989608611,0.2003605246899874,1.8027969683073408,0.660279578124567,real,False
1.4846673774626835,-0.340054307765182,0.3786813605453066,-0.0178988349688995,0.7225335150210812,-0.5986585718904052,0.1313721431431288,-0.5328101125629537,real,False
-0.9012381989084224,-1.0824405027851818,0.0592898869289926,-0.4580799055391886,-1.3918563874348728,1.4199341719360226,-1.0610345595122637,1.3237919233244106,real,False
-0.1723145427369904,-0.1944646942534459,0.3949611852539946,0.1188468656447217,-0.6786936640154179,0.7547460782323654,-0.5048120509580665,1.3237919233244106,real,False
-0.9073210531381172,0.9595575203473422,1.9009678621931143,3.134484803098286,-0.4019593440551376,0.699778708028292,0.0621889920115567,1.3237919233244106,real,False
-0.1444411861428851,-0.84152407729545,0.0225254882454244,-0.5896195761860936,-0.8205157798842238,0.903271029580056,-0.601066869923732,1.3237919233244106,real,False
0.8745960367799808,0.2674624090174907,2.033557310539162,2.0194399429875904,0.2462704217169918,0.3243964252020518,1.6022660954622046,0.9355447615820872,real,False
0.5433903308614565,0.8345120876013503,-0.6146661662293242,-0.494944514829615,0.8256638257759347,-0.7553813391390349,0.0433892226823251,-0.7476812930827793,real,False
0.5654986371378844,-0.0026787496714609,0.1469772881897149,1.010073868664998,0.2886922091278849,-0.4262486750717003,-0.4248503654110683,-0.656063179782739,real,False
0.4313548630982936,0.364272921524907,-0.2818451458186354,0.0755195890518044,1.555742469546664,-1.0334164810379582,2.405392241206976,-0.8220439769720497,real,False
1.6138661156348997,-0.5891041927751054,-0.1975097968343579,-0.811502381322811,0.2944759607941746,0.081621545452364,0.6961172137932443,1.0249032353164316,real,False
0.4133025160071532,-0.6156872927931495,-0.4530713897548084,-0.9770365863164446,-0.0435610740809895,-0.3151858980958403,-0.6872951452471406,-0.8263578343247422,real,False
-0.0321697322753321,0.18052468277084,0.5754121814455236,1.3687272148849672,-0.2818072495697313,0.1360525076507039,-0.567728612313228,-0.1659268158053931,real,False
-0.0321697322753321,-0.3043137792546702,0.5754121814455236,1.3687272148849672,-0.6736956386127241,0.5131286228927044,-0.7136148223080648,0.4045294636435127,real,False
-0.3342714449819997,-0.776443078733985,-0.6725563909549949,-1.242828479436225,0.3381120282994763,-1.2103495665891792,-0.8888286724565028,-1.5239701947887263,real,False
0.087695912780134,-0.9001053260354609,-0.3035030186947999,-0.9663091146623808,0.4712707214102841,0.0331140455091425,1.3856927527894571,0.7130729752503749,real,False
-0.3389775467844542,-1.0888181337459517,1.150018382986942,0.2197769885276689,0.6981198517854,-0.7120797508338359,-0.1538830234790777,-0.7487084019762774,real,False
-0.5582407854064096,0.2949817661776491,-0.329603170640653,-0.5656139849373285,1.2268710465424173,-1.1337496461780905,0.2223630266966094,-1.0775886696744044,real,False
0.3050187780317862,0.2320627774343439,-0.5436240049364589,-1.1177861095802524,0.0043798296633517,0.3373151321251211,0.422392572359633,1.3237919233244106,real,False
1.013645713644832,-1.000332568349399,-0.7753439789119984,-0.0309917495311558,-2.1852185285398225,2.872211363370496,-1.0610345595122637,1.3237919233244106,real,False
0.4264855334656257,0.6147028192972147,-0.3464910727354714,-0.4323316118296228,0.3960772635672659,-0.8135202668751141,-0.667242057962627,-1.1496917139979788,real,False
-0.5215368110897497,-0.0903929844119758,-0.1950595582397434,-0.6845279072788899,0.5057598211122923,-0.134291044003488,0.7923720327589098,0.5191548161579129,real,False
0.2931767123729036,0.5005968261740292,-0.1942453744413889,-0.366672593488043,-1.864136453299764,1.7578098981272896,-1.0610345595122637,1.3237919233244106,real,False
-0.0277076498222101,-0.1646417904207291,0.4816445256373028,-0.0193476275058104,-0.298398257163966,0.7394315427523088,0.5727907269934853,1.3237919233244106,real,False
-1.2852004429130983,-0.9942545660753264,2.654645485459369,0.6599368446327288,0.085585375528732,-0.2697298650600387,-0.5178465576930004,-0.6102541231327188,real,False
-0.4989828658745361,-0.245762557589202,4.544021780155846,2.575305843030019,-0.5910148638219271,0.7729844458505812,-0.2990172427007452,1.3237919233244106,real,False
0.4423519441511419,-1.517218015655824,0.1315077409702799,-0.8103069748903402,0.0386624925301381,0.3686044212238664,0.6677922280038687,1.3237919233244106,real,False
0.4180102245254902,0.5928114872840758,-0.720262951032893,-0.9356484865503244,-0.6720676201252016,0.6757554725784984,-0.5782564831375977,1.064755060384162,real,False
-0.7062238107314341,0.3577103902100039,-0.4420299650657264,-0.8806374552624143,0.4512206075486752,-1.076442934626881,-0.7850539457591447,-1.3799695279202773,real,False
0.5613254474323887,-0.5111042118505733,3.186660519970933,1.6739231600968365,-0.9045463115934992,1.2016800913362764,-0.421090411545222,1.3237919233244106,real,False
-0.4708528681886174,0.7034474601757014,0.1742657837875592,1.7591313703120404,1.1076380886951658,-0.6075141432173515,1.840396506965804,-0.1486713863946231,real,False
1.749862933735935,0.6016682730920908,-0.7957878152067936,-0.6890935443604701,0.2258323308570093,0.4598947009333572,2.427951964402053,0.6904765795934144,real,False
-0.645897116875745,0.535225358082885,-1.2099346041967138,-1.0590232901006915,0.275588501597871,-0.3962376756477989,-0.4073039140371189,-0.6129246062558141,real,False
-0.0852834213662571,-0.3941750516926269,0.0445004212506851,-0.0176838366976564,-1.390593011598442,0.7835592303939989,-1.0610345595122637,0.5312747011011918,real,False
1.8041984197469156,-0.4562364810566666,0.8095345832231803,0.7457654857086568,-1.9549162960835944,1.1775535616525263,-1.0610345595122637,0.0988618569384454,real,False
-0.143444550567901,-3.646538998296122,0.601990809580734,1.2325810111173836,0.8790822894634779,-0.7007180854694469,0.3248844354386854,-0.6110758102475173,real,False
-0.143444550567901,0.5970776775176573,0.601990809580734,1.2325810111173836,0.7416848570116338,-0.4973556093649365,0.4630000741107731,-0.289385304803878,real,False
-0.143444550567901,0.013364531837481,0.601990809580734,1.2325810111173836,0.8632280888139204,-0.6639892019446479,0.3777744531515902,-0.5502709637524233,real,False
0.2434260076039208,-0.6152986036275512,-0.1293988113871443,-0.5989491736622268,-1.7804845018016435,0.9000793937031556,-1.0610345595122637,0.1448763353671652,real,False
-0.91113743970154,0.7961518882841605,0.4323642661953758,0.9595687917729336,-1.84606163117186,1.3429696420750403,-1.0610345595122637,0.9123321005890276,real,False
1.468319755554787,0.6331437448781003,-0.3336845208277726,-0.5139326674037399,1.1030294645446923,-0.5487719628856734,2.21463724841304,-0.3614883491274523,real,False
1.1833931502442347,-0.1667338987402803,-0.5012710129037096,-0.7829107423625382,-1.4131349866672054,0.0107548218024808,-1.0610345595122637,-0.9319446285763582,real,False
-0.4824993869383132,0.9502733008853996,-0.5276991849509638,-0.6508549510211333,1.0611649753563213,-1.3040632171772537,-0.4113145314940216,-1.3068393747032048,real,False
0.3518083990953748,-0.6526152406082341,-0.6494703501108382,-1.1084069822500406,-0.1302186197643351,0.616236167466691,0.8796029624465441,1.3237919233244106,real,False
1.79094489749699,-3.1419140800656318,-0.5714238285875622,-0.5277835104698382,0.3288758642739616,0.0842985379019336,0.861053856708369,1.0824213333523314,real,False
-1.0024806021869537,0.1514227564974396,-0.0698996530123772,-0.3667442299759904,-2.189117984362145,2.587218767602861,-1.0610345595122637,-0.003027345296577,real,False
0.0526473225974783,-0.7968359500871794,1.6935659316283165,0.7124149627815546,-0.5321227418951916,1.1730736315344008,1.3869460707447392,1.3237919233244106,real,False
-0.7329694150424632,-0.3915465655097737,2.47363669640303,1.809088517781674,-0.7159680995646056,0.2539944252035546,-0.8755435021305125,-0.3325238783308027,real,False
-1.5257602314948515,-1.0178284525295245,-0.5676745320627905,-1.2001063023009928,2.3463054904095646,-2.599233845833326,-0.1897279170001459,-1.7885534457538652,real,False
-0.5574588931547353,0.747315361644892,-0.7121236512286918,-0.8257996814558024,0.975520988978357,-0.8664037880023461,0.1789982254438487,-0.8360126579236253,real,False
0.801643546403752,0.1041068184233238,-0.575317250109921,-0.4381667454835844,0.2395325796689992,-1.0686717928087504,-0.8813087647248101,-1.4654249878593284,real,False
-0.3329127418932281,-0.2944396869317773,-0.8420096448600274,-1.5220951821484798,-0.1033873818808032,-0.649149715391928,-0.8815594283158665,-1.2624682705040822,real,False
-0.4503989187482428,-0.2076576634850682,1.399769100907241,0.5194669990771416,0.1130333344292572,-0.3645706613867354,-0.5767525015912592,-0.7567198513455635,real,False
-1.148423165973066,1.1699607673114365,0.6102191068881779,1.8101273335704524,-1.1615315305374707,1.092400148212235,-1.0204270577611236,1.3237919233244106,real,False
0.4465523205297732,-1.5606997068417277,-0.1026603983934614,0.2583487707670904,-1.0677400682393987,1.265009546548348,-0.79658447094774,1.3237919233244106,real,False
0.6121633927296145,0.178758212401704,-0.1419385416839129,-0.1047995503835808,0.1696250285746359,-0.4944551191093591,-0.6288905285309947,-0.9126349813785918,real,False
0.3872412273832159,-1.2035955549676391,-0.0861587521339033,-1.13817629201546,-0.1719629473146506,0.5582491218607695,0.4647547192481681,1.3237919233244106,real,False
0.7438911223918493,1.4221258086999646,-0.7958010991144105,-0.4292507000360869,0.7551350080965263,-0.8061820211725303,-0.2025117601440233,-0.8618958020397802,real,False
0.7438911223918493,1.8836345109876476,-0.7958010991144105,-0.4292507000360869,0.7186553614541545,-1.1160268848129278,-0.6128480587033838,-1.2378176570601251,real,False
0.2277922761362336,-0.5324800295800527,-0.4473119085782448,0.1236409517030345,-2.0607296046712165,1.6959954884655994,-1.0610345595122637,0.1561745331956455,real,False
0.728048493544118,-0.2973751856844899,0.1676088718348025,-0.3616182359210548,1.381090104524558,-0.8596407683644199,2.2291757366943123,-0.5915607412710513,real,False
0.0267592463835189,-0.2219041502879891,-0.5298509898571242,-1.543667120261352,0.4930284951134119,-0.3854262132069262,0.0208294994872473,-0.2593937251137302,real,False
-0.3748087097543284,-1.256032018614323,-0.5256002323550426,-1.0805741762384216,0.1924300119421452,-0.5989737164981686,-0.6855405001097457,-1.0408181712871685,real,False
2.3324604343051663,0.5059095160711293,-0.7802705340568566,-0.9595011294577525,-2.284075092294565,2.9859159393711137,-1.0610345595122637,0.0125847098845957,real,False
-0.130177651251199,-0.8086755270735504,0.0407006622699284,0.5304602432922055,-0.827832981801296,0.5579572380970671,-0.8396986086094443,0.3539957060834007,real,False
-0.130177651251199,0.3240978460013293,0.0407006622699284,0.5304602432922055,-1.6752748050779085,0.7821059355363491,-1.0610345595122637,0.1079004152012296,real,False
-0.1997601253898934,-0.8023180836871615,-0.0845708420868274,-1.0565097299399604,-0.669926354843022,-0.6899399692816208,-1.0211790485342929,-1.4204376183241068,real,False
2.436796763554073,-0.0462730706972304,-0.3887257046859097,0.0521123010708203,-0.6697040553536078,0.6717570253863566,-0.5785071467286541,1.0507863794325865,real,False
1.4698529720277629,-1.0291951085806752,-0.224532453309028,-0.483517067709275,-0.2371584487524984,0.5530211233677002,0.2113338286901269,1.3237919233244106,real,False
0.3673427475125776,0.2016234001494695,0.6011496314591731,0.3980792259397153,0.1992439091438615,0.0876769433232692,0.3537107484101738,0.7968850609598289,real,False
-0.2127733174834176,-0.0258263312682662,0.1622426320072589,0.0479210968495574,-1.838805715045407,1.0895211492185013,-1.0610345595122637,0.3663210128053792,real,False
1.718734610057627,0.0343479626337204,-0.0172998814616895,0.3018124524561021,-1.1482795589221164,0.7680379489587523,-1.0317069193586623,0.7313555135546431,real,False
-0.5568896064570547,0.5083746534317057,-0.7071105659064134,0.3168528215184436,-0.8368532897586427,0.701210070610198,-0.7777847016185084,0.8677555746112054,real,False
0.5865198234370438,0.4828999472995132,0.0399355004658516,0.3712104899910826,0.7964807152829555,-0.2813134800058258,1.6879930436035002,0.215541427239842,real,False
-1.0786443331863438,-0.3340469080330533,2.842287786625699,1.5120008068018396,0.7868033460223659,-0.5116038229535449,0.5823159434536294,-0.2745949367375037,real,False
0.1848359655928108,-0.912324338787534,0.3130351114133427,-0.346158643216909,0.4526914447173601,-0.5742987671981602,-0.3712083569249944,-0.7172788698352323,real,False
-0.2306955925063312,-1.0638049463082424,7.297325011987175,3.583341034605421,0.0577372524202476,0.1549858242574813,0.0967805675773427,0.6251524539669282,real,False
0.9713382537027132,-2.2623324704418333,-0.5141266533606207,-0.4164284216865503,-1.6002752109420535,0.6137588085014016,-1.0610345595122637,-0.1369623450087436,real,False
0.9055151777846758,-0.3465208685207702,0.7247472291997727,0.8027377340838595,-0.540499916579691,0.5058282331036936,-0.5506834881213915,0.5980367791785755,real,False
0.9270585075784926,-0.9431194914955104,0.5126223385790241,-0.0089007702433539,-1.624812308911204,1.1098986615863953,-1.0610345595122637,1.173217759537573,real,False
1.5908359199534536,0.437275306195972,-0.6709249184052749,0.4607470363086481,0.0569302932711975,0.4179036827808726,0.9583113300382602,1.3237919233244106,real,False
0.9772359491483305,-0.9716553030878278,0.449890061449154,-0.509160827767176,-0.6279423977317927,0.7119925107232842,-0.4632018948427007,1.3237919233244106,real,False
-0.5618699792878754,-0.1380981954127459,-0.5744078662582686,-0.1803404750385195,0.4325369823928705,-0.7145573636922675,-0.5514354788945607,-0.9839163385873676,real,False
-0.5609682109430775,-0.7369012147175422,-0.5455976338045319,-1.3444674449185818,0.2563768570571365,-0.3078179082745364,-0.3208249751226538,-0.4444787477221076,real,False
0.338644153566563,-0.33750492612157,1.8712632229564847,2.636159413806367,-1.0452062313916062,0.8389930978330511,-0.938460063485674,1.148567146093616,real,False
0.5520842984413192,-0.6034897721686543,-0.0780006719365218,-0.6322638068936278,0.8145424369845997,-0.3361132456624711,1.4857075256209689,0.3012023089575927,real,False
1.1935987706875664,-0.1549034695126354,-0.5634599424114527,-0.1331107604474909,0.7753129925858135,-0.1771307219283926,2.240956925473964,-0.0410303743560107,real,False
1.0838078723150597,-0.7499510544296246,0.5528314597820825,-0.1591047412329291,-0.8905614763912577,1.2989346418150816,-0.1734347835814785,1.3237919233244106,real,False
1.0191990360615517,-0.2178773854724685,-0.0788861114603662,-0.5229191810068848,-0.2284755339849871,0.5960833124874911,0.3684999002825026,1.3237919233244106,real,False
0.1304944370690543,-0.9899729485122936,-0.0217634452735314,-0.7217174286779441,-1.6635104516953263,1.1167785171631133,-1.0610345595122637,1.0610574683675684,real,False
2.232110617154219,-0.1891016817298135,-0.5185247802557195,0.2390481087985975,-1.5961529642773775,0.9260034701224908,-1.0610345595122637,0.6292608895409211,real,False
-0.6391987056649201,-0.5817335725417682,-0.2547896460430693,-1.0236819394644694,0.3222189311873651,-0.4155527109684094,-0.3621844676469632,-0.5841655572378642,real,False
0.9059326430804686,0.0154691927051509,0.1129763965123264,0.1556140013774943,0.8332860898183568,-0.3174184523083055,1.7210806376229475,0.1621317647779351,real,False
1.7968680511391992,0.2782881302812894,-0.9463358963467292,-1.0133921927881402,-0.7137765287906588,0.6530000176271795,-0.6589701594577652,0.8767941328739897,real,False
1.2856752012749697,0.1364653549835234,-0.4886484397983168,-0.7133054130337105,0.2145393098434824,0.1363980567330185,0.5637668377154542,1.1113858041489808,real,False
1.13250763944564,-0.2227661880865598,-0.5980919262565927,-0.8823763284274443,-0.7238719996132938,-0.0044558368682487,-0.9482359435368743,-0.7821921519043191,real,False
-0.2806882479084529,-0.2633124929990559,-0.7757984305572821,0.1976662633409796,0.2976369980017399,-0.1467659122325717,0.0489038216855664,0.1173498170214131,real,False
-0.3503815977734633,0.7346614568038276,0.0819366639609057,0.5401351536646151,1.0581776965148866,-0.6251871024332551,1.407249821620309,-0.2125575595702118,real,False
1.4627736459916487,-0.0467754215462444,-0.6088887434949125,0.2536540759631424,-1.6060975453841415,1.4832870793405877,-1.0610345595122637,1.3237919233244106,real,False
1.364542629566786,0.0446210850839635,0.3375530343458138,0.053049175940744,-0.7233475517462146,0.4753565649390807,-0.7863072637144267,0.218417332141637,real,False
-0.1972118207178397,-1.5100102859798552,-0.1418585164016528,-0.5955122071843886,0.8677389428296475,-1.8621410555732376,-0.8993565432808724,-1.699194972019521,real,False
-0.2760011215575548,1.5210596399408696,-0.8279690863365312,0.39626619714978,1.2146393984456203,-0.7950622227956061,1.442342724368208,-0.4559823673292876,real,False
-1.2448603754762264,-0.742778622350192,-0.2611522141021452,-1.064842477136973,0.2289803813203392,-0.3580714003058942,-0.4273570013216325,-0.599777612419037,real,False
-1.6065710889659282,0.5689130392057967,0.6244900904601822,1.7508509526665876,-0.4068401414889884,0.5972583704798793,-0.1706774840798579,1.3237919233244106,real,False
-1.0259351075554906,0.7582206702866805,3.856552845106465,4.457396985542758,-0.8810306601591814,0.731823206657097,-0.8106216320468995,0.926506203319303,real,False
1.1236392623701157,0.1989705657963633,2.800984708846854,2.5389619645939705,-0.3002718949289242,0.7106465052348278,0.4609947653823218,1.3237919233244106,real,False
-1.859620059033047,0.9325036178818789,-0.8488781424246691,-0.6544856206844376,-0.4317687566115199,0.8743354379640733,0.4737786085261992,1.3237919233244106,real,False
1.541696728277033,-0.7834053093489525,-0.7686047480885058,-1.2260176615089844,0.3178739966277068,-0.4714401912086493,-0.4376342085549458,-0.705364406670653,real,False
0.7189632009373074,-0.7490987789579718,-0.9306035198851996,-0.4417942394413101,-1.8559608670520784,0.7789383113509426,-1.0610345595122637,-0.2254991316282893,real,False
-0.7969229362860363,-1.001972804239326,0.3973488267802898,-0.3311972514855744,0.7177316580143308,-0.6774849619226773,-0.0491056424174939,-0.6811246367840953,real,False
-0.3663843940617643,-0.3204926872086874,2.2562680356502884,2.6808224535123704,0.1600042199309929,0.4185605344770303,1.5832156625419165,1.075642414655243,real,False
0.0133395514207391,-0.548170775326909,-0.8371055379973439,-1.2273438972952089,0.9209267084580106,-0.7709462252903239,0.2637225192209188,-0.711116216474243,real,False
1.0833785158793143,-0.848880049218655,1.4394091219036471,0.9316700792506384,0.956605273591415,-0.4879075779403478,1.5330829443306324,0.0608588278790116,real,False
0.0138939795677089,0.9078963865413244,-0.9704674702822926,-0.4253002172485943,1.0017490399001865,-1.1138631446721077,-0.2443725798504455,-1.145583278423986,real,False
0.0138939795677089,0.411875331679636,-0.9704674702822926,-0.4253002172485943,0.6962440332142598,-0.9249771047997126,-0.4549299963378388,-1.0315741912456844,real,False
0.0742799287669958,1.42886062398047,-0.7576317539992609,0.454732127540759,0.7029784055007976,-1.322803046045204,-0.7617422317908975,-1.4459099188828624,real,False
1.2063471855396035,-0.3237298523898146,-0.3947579160149847,-0.7472593953005541,-0.2524613763176552,-0.4249402593010883,-0.8712822210825534,-1.1022392831183614,real,False
-1.0125669859287614,-1.0933613423907136,3.306014911006418,0.9543906536096822,-2.2913966686639484,2.9228009933471912,-1.0610345595122637,-0.2830172296641891,real,False
0.1036666539290668,-0.0198785300087181,-0.8697149414901927,-1.3272086027415209,0.0503753500386951,-0.5112503289264452,-0.738179854231594,-1.0328067219178825,real,False
0.7649051670795901,-0.2727137629649103,0.8655537454445597,0.0735127886362201,0.6361544742948498,-0.4888077780278724,0.1579424837951094,-0.3717594380624344,real,False
-0.6536887758982928,-0.9138679484661654,-0.3533065669409436,-0.4497318528615311,0.0333125014042086,-1.335593601983082,-0.9880914545148451,-1.6533859153695007,real,False
0.5975093516282516,-0.3693510968692416,-0.341842793764067,-1.0788981321058049,0.2465550605043094,0.3627377512981138,1.85468433165602,0.8494730363069373,real,False
0.8049936672884884,0.3355150629521702,-0.9581674860619857,-1.151458124819232,-0.197958406101246,0.1438698803291438,-0.4466580978329769,-0.0155580737972551,real,False
-0.8800852255651634,-0.0774363165488154,-0.7243100178368278,-0.7980011981607243,0.0176369717656018,-0.2102390186350998,-0.5404062808880782,-0.5743053118602814,real,False
-0.4723904524660299,-0.5202484635680685,-0.2056612779903491,-0.7371019388942209,0.2063221197688455,-0.4608288818475241,-0.5629660040831561,-0.8216331334146504,real,False
-0.5563800838242867,0.8756099226768637,-0.4185487181997304,-0.2231051677208733,0.999024915882848,-0.4599320804552916,2.0110984124752265,-0.1517527130751178,real,False
-0.5563800838242867,0.5157611678816588,-0.4185487181997304,-0.2231051677208733,0.6924217361088225,-0.4529920310778447,0.4274058441807614,-0.2310455196531796,real,False
0.4931390900359762,-0.5975738664815775,2.4882924831122657,0.776613884692095,0.6092426025640385,-0.4642446141622172,0.1431533319227805,-0.3401244841426895,real,False
0.1593901291357401,-0.2112883203370673,-0.7860808544266259,-1.5024778343588372,0.3143767224268087,-0.3816282600150794,-0.3288462100364593,-0.5211010711770742,real,False
-0.6993163525606397,1.0829599397938237,-0.8209125268828394,-0.1225972809051886,0.616610910890424,-0.6507020053207893,-0.2077756955562081,-0.6920119910551763,real,False
0.5607808774275175,-0.6787387195726414,-0.0508595320458331,-0.8189239607209318,-0.2824284301866474,0.7390816448263658,0.6449818412177345,1.3237919233244106,real,False
-0.4440242067225845,-0.8822042403742115,-0.1465160271553506,0.1604328430997676,-0.6394699630886432,0.920009221413106,-0.1553870050254162,1.3237919233244106,real,False
-0.2795099466695908,0.9866576817353734,-0.606094915263164,-0.2133213346054827,0.2222183286140464,-0.3552254493138203,-0.4333729275069866,-0.6034752044356306,real,False
-0.5575900506278941,0.6306566919985112,-0.4880514942824595,-0.9493947359522544,-0.2488742173047447,-0.8842204338887795,-0.9758089385530808,-1.4750798114582115,real,False
-0.858028868229562,-1.249035580717057,4.249970755942513,2.478306687189728,-1.9853239884714016,1.0071480249533826,-1.0610345595122637,-0.2199527436033989,real,False
-0.557669407465049,0.7129001919114755,-0.8088852502663189,-0.5200124235893586,0.6036866950490973,-1.008229572829175,-0.632650482396841,-1.210907404050472,real,False
-0.7358613214228743,-0.6695452775246762,-0.9952024232479848,-1.498452902256148,-1.9073691423938484,2.6250021516084896,-1.0610345595122637,1.3237919233244106,real,False
-0.4261274561641532,-1.076077577968556,3.8981500416289103,2.0171674515478077,0.8148729150235735,-0.3715489527150583,1.29796049591971,0.2065028689770578,real,False
0.2010188361900113,0.3034949025779437,0.2202372339740925,-0.0176717689718644,0.304309495702857,-0.1424583277616571,0.0757248259286034,0.1512444105068541,real,False
-0.6414433874530636,0.1013674480483318,-0.7261372536443731,-1.3964334221157944,-0.7350669759439322,1.9009273747066189,3.045587052765074,1.3237919233244106,real,False
-0.3058962262358,1.0352468320445176,-0.6587215084841036,-0.4375841540839905,0.4809782412580515,-0.7781544548781014,-0.5582033958530841,-1.0270549121142925,real,False
-0.4696551788740565,-0.0149672059741591,0.496223838494615,-1.0763653362617946,-2.251481740994985,3.23205931712324,-1.0610345595122637,1.3237919233244106,real,False
-0.159427829834766,-0.903060090468909,0.78660351857707,-0.4277589470795515,-0.3751870021371573,0.6424656177933028,0.0067923383880878,1.3237919233244106,real,False
-2.038298714548927,-0.7090270120671859,0.565304323659342,-0.4681742784808961,-0.5190685851727785,0.7071328193352773,-0.2413646167577685,1.3237919233244106,real,False
0.7568615671674249,-0.6458059709215982,0.5154049555679692,0.1041901238525416,-1.1326826619992374,1.0072381447959653,-0.995611362246538,1.3237919233244106,real,False
0.7568615671674249,-0.6905191369740907,0.5154049555679692,0.1041901238525416,-0.0277661686421963,0.4624256139412013,0.7327140980874817,1.3237919233244106,real,False
-1.3600132571854529,0.7484967917262223,-0.492477665506324,-0.5875307995312907,1.125220634166547,-2.33774346866674,-0.943222671715746,-1.8082739365090308,real,False
0.1673956191927531,-1.13399279773509,0.901360505105294,-0.1807099677025737,-0.2331060456510848,-0.061096512168186,-0.6772686016048838,-0.5547902428838154,real,False
-0.6978111935533029,-1.8505875183003493,0.550251175628588,-0.1668305395199208,-0.8712843841076466,1.229640751221715,-0.2569057594032666,1.3237919233244106,real,False
0.2021150948461707,-1.2076400345899725,2.202534689919061,1.1897585810506457,-1.6755745403030229,0.5591489541839421,-1.0610345595122637,-0.3173226667070293,real,False
0.0698244614432264,-0.2961688756565198,-0.6561784327255247,-0.2148395960082478,0.9850341458271108,-1.2894924781946802,-0.492028207814189,-1.3103315449410986,real,False
1.786360477424257,-0.1585994669439497,-0.1594509241283454,-0.5490278519051598,-1.6064573218092246,0.7262279025865047,-1.0610345595122637,0.091055829347859,real,False
-0.1590515396032418,0.1470450211897565,-0.8929968747683187,-1.4888958449981708,-1.5105673257080665,1.7268433097688545,-1.0610345595122637,1.3237919233244106,real,False
-0.369745795715736,-0.7782214060431191,-0.2755358965185492,-1.2591044687343862,0.0648488940566818,-0.2086241391474186,-0.4799963554434808,-0.5093920297911946,real,False
0.2097285160137843,-0.5652023298474103,-0.4557263146617571,0.4727525715930418,-2.05878752853332,2.584348017121499,-1.0610345595122637,1.3237919233244106,real,False
0.2097285160137843,-0.4991910339376378,-0.4557263146617571,0.4727525715930418,0.3963752992210614,0.118827313153678,1.3917086789748112,0.8034585578782175,real,False
0.2097285160137843,0.8155879940871303,-0.4557263146617571,0.4727525715930418,0.2210138190485963,-0.5537593933718394,-0.6271358833935997,-0.9535139153398206,real,False
0.2097285160137843,1.1349833376590472,-0.4557263146617571,0.4727525715930418,0.121754162246745,0.3142209927709323,0.8314755529637113,1.3237919233244106,real,False
-1.2695502627715016,-0.271876495820794,5.481941462844136,3.246552505454146,-0.6209391507224773,0.9080326179138496,-0.1255580376897022,1.3237919233244106,real,False
0.0486902862151654,-3.559747885905012,-0.6774803814815435,-0.7502392615216338,-0.3567577865148194,0.4473099704297308,-0.3128037402088484,0.7545681745477026,real,False
1.0894147638336056,-2.4552361361012625,-0.4964583443300675,0.2186439297127956,0.2918563408395844,-0.5729390216874787,-0.5727418841343564,-0.9134566684933904,real,False
-0.7521779244153407,-0.8209189298853753,1.0511149258247972,0.1103286090830169,-0.1393136022965979,0.6101456820898414,0.8069105210401821,1.3237919233244106,real,False
-0.9408247572682163,0.3110726949208534,3.7125991634907143,2.7195106016150787,-0.3165593348354118,0.7562799227572896,0.5544922848463667,1.3237919233244106,real,False
-1.7358853848584153,1.389078033339895,-0.9734374006707104,-0.6858182842638817,0.5062755951749573,-0.5934311021168861,-0.3133050673909612,-0.674345718087007,real,False
1.2139450007779486,1.4872278099301457,-0.8882871366497214,-0.0655503911682158,-0.4468568382001747,1.5594575762043532,3.045587052765074,1.3237919233244106,real,False
-1.0576199881575223,-1.0881910319273684,-0.246018666590863,-0.6662798095756051,-1.702914833431843,0.031171504292652,-1.0610345595122637,-1.0015826115555369,real,False
-1.0639867920030763,-0.0748503268912528,0.0037412357538749,-0.4575896593131289,0.4405212418346137,-0.5492264317698999,-0.3569205322347784,-0.6850276505793884,real,False
1.2203076146158591,-1.0426273411359914,-0.1459397655606921,-0.7504949251469061,0.9311897839636404,-0.5097967714522967,1.2628675931718112,-0.0621888175620739,real,False
1.2165366531954664,-2.144761281871243,-0.4931783950387537,-0.6492558162290281,-0.6799516507185459,0.8310643946651335,-0.4093092227655703,1.3237919233244106,real,False
1.0397269153845503,-3.504714998746094,-0.551603568248703,-0.2893603578580258,-1.4125250635161095,0.9029884551493612,-1.0610345595122637,0.9104833045807308,real,False
-0.1225453652207051,-0.4750633112117643,-1.261081897871628,-1.6438663950275352,0.0289303433585216,-0.4703380544696058,-0.7294066285446194,-0.994598271079749,real,False
0.2714297644422168,0.2237811105243748,-0.4625943055699976,-0.2125445875235919,0.634653986254058,-0.90735070986914,-0.5113293043255335,-1.0510892602221504,real,False
0.2714297644422168,0.6010495712979339,-0.4625943055699976,-0.2125445875235919,0.2286739982892954,-0.6485667333873547,-0.6898017811577049,-1.076561560780906,real,False
0.7683549408822159,-0.5956115809106934,-0.143877759895683,-0.9325321501156706,-0.4628011834533807,0.6539306306339189,-0.2015091057797976,1.3237919233244106,real,False
0.0729912836098313,1.3711558312180063,-0.7168618656903785,-0.3749690629030142,0.408412130477163,-0.6448221761519259,-0.5110786407344771,-0.9013367835501116,real,False
0.3605572116125664,-0.9805299548165208,1.082768992610935,0.0654762943992555,-0.3339514567141995,0.4194399601179779,-0.3105477678893406,0.6894494706999161,real,False
-0.4417610232267303,1.0853448123630178,-0.4193657137477715,0.51094975157845,-0.1488174149035381,0.8541200315109454,2.2542420957999543,1.3237919233244106,real,False
1.0048377980139171,0.2494503951156803,-0.5189567483977253,-0.6268242497933776,-1.4517430981385675,1.7806935614559247,-1.0610345595122637,1.3237919233244106,real,False
0.6324032615304018,-0.0917896036487261,-0.8844101699485241,-1.3554615364559517,-0.702103654621464,1.487430137817457,2.781638291382663,1.3237919233244106,real,False
0.414696620467013,0.6909412212776608,-0.8278807221624741,0.4464579246184599,1.5991683471566704,-1.1435505201745206,1.9557017588517571,-0.7780837163303262,real,False
0.1345450578382265,1.22612655078817,-0.4181339535631232,1.0155068903802598,0.6696855411238323,-0.5150560935152112,0.1872701239487106,-0.4009293306377836,real,False
0.545714908728069,-1.4851180797364214,-0.3894714198945449,-0.6874636697717514,-0.2805229088060436,0.0256871123935552,-0.6589701594577652,-0.4259907876391399,real,False
0.5685012652798772,-1.4685390447022124,1.3948647685561593,0.0884645704482107,1.2677878195494874,-0.7922663923571625,1.8120715211764284,-0.3631317233570494,real,False
1.41345441125501,1.273544846687386,-0.899723439827041,0.024860476503605,1.2201601564126048,-1.0313591281378818,0.4883170968074716,-0.9362584859290506,real,False
2.0633426050229464,0.0177132302830057,1.0568250309452814,0.6412663840924304,0.1411646794078631,0.3289061232425647,0.9921509148308768,1.279420819125288,real,False
0.1656026735162284,0.7254917796150314,-0.5495060577641548,0.3609256974614275,-1.7508182695497607,0.7229214965339207,-1.0610345595122637,-0.13326475299215,real,False
1.3056894665217245,-0.3906894188287329,-0.3517175438061637,-0.8328817534861513,1.19173765601637,-0.6739000775911435,2.030900836168684,-0.3282100209781103,real,False
1.1351992200389636,1.3169472038976595,-0.4028235947615383,0.5424272461267362,0.7255183249355162,-0.918745574270174,-0.408557231992401,-1.0161675578432114,real,False
-0.1858200423006943,-0.996628846431648,-0.3228897960227282,-1.5011749423516072,0.163993830156971,-0.8318473691047095,-0.828168083420849,-1.3111532320558972,real,False
-1.2926617310856288,0.8762212879578158,-0.2554496655019503,-0.0771854667097798,0.8284713932089521,-0.5180498520979879,0.7261968447200148,-0.2404949214733631,real,False
-0.2856262348724142,-0.5475474701345897,-0.5140127433362133,-0.7911262539886934,0.409717715424665,-0.3493518572105314,-0.0982357062645524,-0.2577503508841331,real,False
0.0164343799140857,0.496608935043415,-0.6688271941342504,-0.0429649058601546,1.117853192014376,-0.8576483745348324,0.6820800526940847,-0.7125541689251405,real,False
0.9178912060281826,-1.8689782148175744,-0.010676383790232,-0.1794058172069442,-0.7732181625350407,0.865142097612341,-0.5536914512140685,1.3237919233244106,real,False
0.0434177734380931,1.1263382548426073,0.2878965476478878,2.4537691528579506,-0.3910624603171539,0.4629012260031816,-0.3556672142794962,0.7393669629239291,real,False
0.2290105466868518,-0.1362781710628066,-0.8136672159969429,-0.3323578800032375,-0.0599234226495233,0.0503517877056953,-0.3481473065478037,-0.0473984494956996,real,False
1.1242392211795014,-0.3235234006528966,0.4985090204852992,-0.0170290247201349,0.3027184572819072,-1.0318873627283425,-0.8419545809289521,-1.4144803867418172,real,False
2.4416106520791496,0.7842232595808672,-0.1237568427198371,0.2282208129309861,0.0083439963398962,0.532466120744966,1.2493317592547644,1.3237919233244106,real,False
0.4996480695911495,0.747650792122233,-0.5779295540346601,-0.6268522677829131,-1.9883525327245544,2.632969916799313,-1.0610345595122637,1.3237919233244106,real,False
1.3601428758956946,-0.5562902442087584,-0.3587650994624263,-0.743457951959111,-0.664741258845831,1.0133842194153522,-0.0247912740850211,1.3237919233244106,real,False
-0.8122630177556196,-0.3973006738750199,0.4650226506145767,0.5938651343242659,-0.6737580234345244,0.6014630051055496,-0.6476902978602262,0.7336151531203392,real,False
0.8642588467648511,-0.2804212449099608,-0.7036595994774053,-0.809105900841582,1.3064531810521376,-0.7641975892061704,2.316657329973003,-0.591149897713652,real,False
-0.6499394210212381,-2.3704581759732397,0.1934288559669131,0.3379937348808033,-0.9085987732362332,0.4533694105057516,-0.9321934737092636,-0.0182285569203505,real,False
1.79643320697835,1.6191822140739778,-0.7050791024722397,-0.2102124123124986,0.8716865848470383,-1.0632325762016577,-0.3804829097940819,-1.1314091756937106,real,False
-0.5549224976146943,1.216355963623682,-0.6298173160353341,-0.301479897605405,0.52644666234742,-1.6094817343464909,-0.9349507732108842,-1.6778311070347582,real,False
-0.5576662593166467,0.1449596101855042,2.461163200164296,2.0256568955808216,1.0341791665555973,-1.1046360224893634,-0.1701761568977451,-1.124835678775322,real,False
-0.5587676774953535,0.1506511666137525,0.6074442773666093,0.3919041605176836,1.0582575028514212,-0.9708359186055618,0.1536812027471502,-0.9457078877492342,real,False
1.4165461917204691,1.5026326694793788,-0.6674794181481823,-0.759736147968329,-0.0815793977458292,-0.7638919744002782,-0.9071271146036216,-1.3512104789023274,real,False
1.2948553424545308,-0.1949153755518383,2.981185494917228,1.8834878808111968,-0.1239496988187491,0.6573350592334545,1.110714793400564,1.3237919233244106,real,False
-1.7411534657807068,-0.6342275995181809,3.658056421981765,1.8765163629410648,-0.1083950501973659,-0.293092514159992,-0.7253960110877166,-0.8454620597438088,real,False
-0.1493349593590638,-0.5675276325117198,0.0216344127097585,-0.1000587819126619,0.1058728907132374,-0.7160064324290962,-0.8086163233184482,-1.2310387383630368,real,False
-1.1007779851900523,0.7175416736277577,-0.2773353039165026,0.1723059513540867,0.5506623379754525,-0.9588461461018284,-0.6416743716748721,-1.1973495666562957,real,False
-1.1007779851900523,-0.0427528188924121,-0.2773353039165026,0.1723059513540867,0.8724672272899208,-1.212592867578104,-0.5431635803896988,-1.268836345643771,real,False
0.9208486487222182,-0.1185966451079654,0.1417490489836335,-0.3644978912030356,-0.4220026935636203,0.6166309970470942,-0.1714294748530272,1.3237919233244106,real,False
0.0462672298271479,-0.8727782381369464,0.5943139707366691,-0.2014700585271701,-0.4341742714520692,0.5227152679322856,-0.35190726041365,0.9026772769901446,real,False
0.7670483255418948,-0.5140866148165967,-0.1169993531097259,-0.51755927590645,0.2468167762099621,-0.3356391327860587,-0.3734643292445021,-0.5245932414149681,real,False
0.6048788088444229,0.0229037641268242,-0.7504985509734615,-0.392449629227304,-0.2039644648182556,0.6042955192114898,0.492077050673318,1.3237919233244106,real,False
-0.5598932921112302,0.6012231687104197,0.1323934825636775,0.5153711379352792,0.7596766278509576,-1.917131038142266,-0.9427213445336332,-1.746852824677838,real,False
0.5010223124467303,0.3292250376554541,-0.4797105368293392,0.5535775634596728,-0.9065047823356318,0.6261538254745582,-0.8800554467695281,0.4887523929103659,real,False
-0.1011931642272079,-0.8860323028854739,-0.3822748053668802,-1.136237146211965,-1.7971929422047184,-0.8441306926442053,-1.0610345595122637,-1.5714226256683437,real,False
-0.9263098236524686,-0.9320914251338476,4.0120065309513295,3.397691979323963,-0.2651627067165073,0.356886701540422,-0.271444247684539,0.5935175000471833,real,False
2.717445590293136,0.4478575233706959,-0.6012873775806998,-0.6810922907248955,-0.4413131954896229,1.695295841142829,3.045587052765074,1.3237919233244106,real,False
-0.6405265826948504,1.2977727658694034,-0.9566163692563506,-0.2625879153595873,-0.4423861832109873,0.7587796132254994,0.0809887613407882,1.3237919233244106,real,False
1.0940992692525302,0.1251096598894857,-0.4115801643572203,-1.0059629676968505,0.4162900191264435,-0.8590243923573733,-0.6825325370170686,-1.1874893212787128,real,False
0.0759073232739553,1.3825489785724805,-0.6412057685580403,1.6683402372645568,0.9778565842449034,-1.249847932535454,-0.4581886230215722,-1.2795182781361525,real,False
-0.0554819325681441,0.9767476831548524,-1.0202373326833882,-0.0320079529253916,1.1060259775662566,-0.6034442673516728,1.8551856588381328,-0.1558611486491106,real,False
-0.2718011842071775,-4.576608474201243,-0.697548998163066,-0.712527893649781,-2.032164811797216,1.256017262055636,-1.0610345595122637,-0.1012189555150059,real,False
-0.6919407736542477,-0.8078266233207607,1.3860852224697224,0.3186268170858877,-0.4550883701447402,0.7256475646146862,-0.0368231264557293,1.3237919233244106,real,False
0.0657944059223844,-0.7042561525726561,0.4304676821584891,-0.2507078214870359,-0.9809883926181016,1.035551109374008,-0.7735234205705493,1.3237919233244106,real,False
-1.791902000942444,-0.9262967064121906,4.2880706254419625,2.1478732527158075,0.68129010746834,-0.2036901558958623,1.387447397926852,0.4799192564262813,real,False
-0.8931102991503536,-0.8929458661227586,0.0559488536514377,-0.4317848585766483,0.0589165572925217,-0.8208013615739246,-0.8717835482646662,-1.3466911997709354,real,False
0.6027601034093327,0.7024990310768422,0.3580290825856395,0.7101611752466883,-0.321731377264165,0.4286024520619751,-0.2719455748666518,0.760114562572593,real,False
-0.580115435844166,-0.8435008389470127,2.941841336043375,1.1642918818002088,-0.5924944476341745,1.0025912869699245,0.2186030728307631,1.3237919233244106,real,False
-1.30190403675874,0.8602908951228309,-0.2491665855709673,0.7257953028443385,0.6852503381425779,-0.714935284458903,-0.1837119908147918,-0.7595957562473585,real,False
-1.30190403675874,1.659465431311349,-0.2491665855709673,0.7257953028443385,0.9447370016821652,-1.4293037495793206,-0.654708878409806,-1.4159183391927146,real,False
0.1628879957505766,-0.3049320951341571,0.7400102758967958,-0.0228916519976737,-0.1073482509692651,0.4104466855391671,0.2486827037575336,1.3237919233244106,real,False
1.208035425698273,-0.1001379106114196,1.1198967960397483,0.6497250122995696,0.2288252685591005,-0.4706050325490823,-0.5471741978466016,-0.8134162622666647,real,False
0.8043081191220369,0.1479845698216922,-0.4149013737509727,-0.427465095644868,-0.0874974472044301,0.6015892200662446,1.0415316422689918,1.3237919233244106,real,False
1.197147721876735,-2.547564740491816,0.182464285043908,1.0331550790026451,0.1682711687667719,0.2699175124358621,0.8693257552132309,1.2779828666743904,real,False
1.197147721876735,-6.280826462369121,0.182464285043908,1.0331550790026451,0.1813187319123746,-0.2528888534108963,-0.3664457486949223,-0.4368781419102209,real,False
0.3128116604864383,-1.519458922966393,-0.6473751931239958,-1.186862123248864,0.4080374815325389,-0.6861653482605747,-0.5516861424856171,-0.9668663309552972,real,False
1.5921040861562956,0.3237329137500087,-0.8570511940214619,-1.1702944588726318,-0.3545354878679543,0.4076953781400452,-0.3659444215128095,0.5920795475962859,real,False
-0.8865009266767839,-0.9949347461842394,-0.6485025778681711,-1.322411739272779,-1.3588289002162912,0.5213309008834264,-1.0610345595122637,-0.1225828204997686,real,False
1.3928254584774995,-1.2936222297379267,0.91256745211934,0.7019864039296128,-1.593356912013234,0.6372292095048108,-1.0610345595122637,-0.0825255736533384,real,False
-0.4891012132603583,0.4336031459262301,-0.5009812799345852,-0.0779199254402253,1.1632616588907982,-0.7581335148727778,1.331298753530214,-0.4315371756640302,real,False
-0.1364216455307361,-0.2395458892085963,0.1641388564161683,0.9904438742727832,-0.6044234390356293,0.6445699622745862,-0.5018040878653894,1.067630965285957,real,False
-0.266929972024794,-0.7900150247234136,0.5797511157638934,-0.4407055734639621,0.4285198866302348,-0.572237239525784,-0.403794623762329,-0.7476812930827793,real,False
0.6725930017852968,0.7945284015730578,-0.8247127236508673,-0.9118051117014652,-2.0771519390891293,2.929057840489772,-1.0610345595122637,1.3237919233244106,real,False
1.4430188099451944,-0.2302372806715418,-0.3080295911712311,0.1146364081258232,0.7406152396474027,-0.7085316965546136,-0.0586308588776379,-0.7201547747370273,real,False
1.4430188099451944,-1.5499426239594594,-0.3080295911712311,0.1146364081258232,0.2670917555765571,-0.6755496074145645,-0.6770179380138274,-1.0808754181335989,real,False
-0.5350356477126185,-0.2776286065217661,0.0219674363440945,-0.7036702023494477,-1.812587985405916,1.35867888817024,-1.0610345595122637,1.1497996767658138,real,False
-0.2483586385552659,-0.8314662353201074,3.21498114689392,1.3412713517280055,-0.969649741520997,1.1488446695176275,-0.6617274589593858,1.3237919233244106,real,False
1.7907533133698077,-0.2057542076966328,0.6966195946603653,0.3240137022892481,0.2489664360276701,0.2864646101614647,1.3972232779780525,1.0006634654298738,real,False
-0.3531344755179231,1.5220965437913627,1.9235205806816087,2.8349886486171902,1.1789767690499022,-1.0718583548949965,0.2419147867990102,-1.0208922587533031,real,False
-0.3531344755179231,0.0456749282394067,1.9235205806816087,2.8349886486171902,2.627853099558444,-2.746755979364992,0.1444066498780626,-1.8037546573776388,real,False
-0.3531344755179231,0.053697662488903,1.9235205806816087,2.8349886486171902,0.6112807780892191,-0.5734247266181469,-0.0831958908011671,-0.5615691615809036,real,False
-0.3531344755179231,1.0482693834609556,1.9235205806816087,2.8349886486171902,0.841540821560952,-0.9695739545247531,-0.3010225514291966,-1.038147688164073,real,False
-1.5653349774201422,-0.1018883627377254,0.2054843652325856,0.5962009894924305,0.4920160086920641,-0.5713532280546529,-0.3052838324771557,-0.6507222135365482,real,False
-1.5653349774201422,0.7799159828126163,0.2054843652325856,0.5962009894924305,0.3832774210241397,-0.4670125255547725,-0.3358647905860391,-0.600393877755136,real,False
2.0568889221098274,1.092767028291238,-0.5502709055112657,1.027406344848177,-1.3207945539211994,0.5282139760092811,-1.0610345595122637,-0.0835526825468366,real,False
-0.6367304172573397,2.2026828038177046,-1.276387117860475,-1.1607940212199677,-0.9581367946330664,0.2210555279571228,-0.9953606986554816,-0.5270583027593637,real,False
0.9636257706679048,0.3434091887623057,-0.2987551499526711,-0.114253997335926,1.013549232178604,-1.2227524958535791,-0.3777256102924613,-1.248088745995107,real,False
0.9636257706679048,1.0554130880986488,-0.2987551499526711,-0.114253997335926,1.062106360062713,-1.405987455455424,-0.5211051843767338,-1.38428338527297,real,False
0.9636257706679048,1.5700397906860326,-0.2987551499526711,-0.114253997335926,0.7199281076018288,-1.4963160213709397,-0.8331813552419775,-1.5599190060611636,real,False
0.8646365986126527,-0.9083719877116226,1.2981781423572394,0.9610925515684258,-0.4918189578654432,0.3085356270671254,-0.6627301133236114,0.0191582068029843,real,False
0.7456918089978796,0.1115389493298397,-0.6021244236838269,-1.077337152336926,0.418479035637586,-0.6910290624230244,-0.5449182255270938,-0.9631687389387036,real,False
1.1959949658289084,-0.5905869191021933,-0.4241114299054775,-1.1418822354185387,0.6286997029026047,-0.0893433050289141,1.7070434765237883,0.3872740342327427,real,False
-0.2799401780113175,1.004656425867041,-0.5982780166695341,-0.3608343570188163,0.7920813898074682,-1.2078806516743426,-0.6191146484797942,-1.2782857474639546,real,False
0.0073639290896124,-0.1398058857012688,0.1299150870879112,0.9627938015419948,-0.455208519466762,0.0248292142792534,-0.8023497335420376,-0.5856035096887617,real,False
1.0692967063604326,-0.3355377544813893,-0.3842566897774766,-0.4742221956487465,-0.3271791779894049,0.6938765863643659,0.300820730697269,1.3237919233244106,real,False
-1.0638416680950438,-1.50946429410555,-0.105051471709242,-1.1931930309054233,-0.0490417153227273,-0.1156620757560211,-0.5273717741531444,-0.4578311633375844,real,False
-0.2961961058225498,0.9149714407461657,-0.9274557252856944,0.1564949995866086,-1.3206706391523226,0.6543177305173818,-1.0610345595122637,0.2256070943961245,real,False
-0.5533629153388817,1.1107330342397777,-0.804083426549872,-0.7445564732549177,0.9673146026579458,-1.157926173102772,-0.3621844676469632,-1.1996092062219916,real,False
-0.011722620717643,-0.8303291104419667,1.514620807348581,0.5792327942885303,-0.1936122072208966,0.5501568322671863,0.3557160571386252,1.3237919233244106,real,False
-0.3535197518227453,2.521430337869566,-0.7637718916472904,-1.4420519624145114,0.8817130999350938,-1.206610303191574,-0.5271211105620879,-1.2620574269466829,real,False
-0.3535197518227453,-0.6478663193254423,-0.7637718916472904,-1.4420519624145114,0.4592667835814384,-0.727236687437533,-0.5338890275206113,-0.9746723585458836,real,False
-0.3535197518227453,0.7700695240339064,-0.7637718916472904,-1.4420519624145114,1.0250113886772645,-1.4218528703897542,-0.5752485200449207,-1.4007171275689412,real,False
-0.0419024156662615,-0.4630259136328362,0.4415988840567527,1.5965731518086397,-0.5861557535970344,-0.7024366683075554,-1.011152504892036,-1.4175617134223115,real,False
-0.0419024156662615,1.0881248999971809,0.4415988840567527,1.5965731518086397,-0.3008098099378785,-0.6797886359671441,-0.9532492153580028,-1.3493616828940307,real,False
-0.0419024156662615,0.688461431507832,0.4415988840567527,1.5965731518086397,-0.3415768869640612,-0.6473196054418021,-0.957510496405962,-1.334776736606356,real,False
2.2377201586405717,1.5940093159556483,-0.903867985212008,-0.6264795009932711,0.7707739197017053,-0.6728586836378486,0.0872553511171987,-0.639424015708068,real,False
0.0418059677749694,0.6878233916551184,1.6141452704600163,3.042257557596481,-0.2895804529019363,0.3998826564733674,-0.2521431511731946,0.7157434583734703,real,False
-1.3887187321896783,-0.7599727110778645,-0.8591012452005451,-0.814667652577011,1.3575818505683306,-1.6033163807654711,-0.3651924307396402,-1.4680954709824237,real,False
-1.3887187321896783,-0.7868767012737422,-0.8591012452005451,-0.814667652577011,1.119447152429071,-1.523624804650881,-0.5702352482237922,-1.4537159464734488,real,False
-1.3887187321896783,-1.2584096201612205,-0.8591012452005451,-0.814667652577011,0.9315311918012188,-1.5898590918744997,-0.7642488677014617,-1.5227376641165284,real,False
1.1365184335215994,0.0500452833839898,0.2776805860448881,0.3062526373013196,-2.192819187891262,2.803200505278791,-1.0610345595122637,0.6818488648880294,real,False
1.1365184335215994,-0.2180044280825155,0.2776805860448881,0.3062526373013196,-0.3581338840428971,0.413620276826927,-0.3641897763754146,0.6081024463348579,real,False
0.3829976782985429,-0.8087438933197241,-0.0877810788059426,-0.7851720482245752,0.153450246262946,0.4066950071216353,1.4671584198827938,1.1212460495265637,real,False
-0.5128985166572859,-0.8773608815947298,-0.0666459535091686,-0.2746876618838046,0.4122680797569227,-0.4204975996705843,-0.2165489212431829,-0.4424245299351113,real,False
-0.1002661757695806,-1.4526950033784862,-0.1921421442691404,-0.924263950327576,-2.08579400939302,2.4435341599323253,-1.0610345595122637,0.8059236192226131,real,False
-0.245545764697726,-3.316548440692688,-0.4876849195450212,0.0353062371934589,0.0268902462446463,0.2530792063877158,0.2529439848054927,0.9996363565363756,real,False
0.9358968718521896,0.8025468834967407,-0.0224086179499819,1.5468326740623275,0.2892522735301593,0.236728962885973,1.3739115640098054,0.9519785038780586,real,False
0.3453880084908625,-1.3973975823575997,0.042094804303071,0.1864061335133956,-0.906788385180604,0.8591179433203727,-0.7717687754331544,1.3237919233244106,real,False
-1.450527747675775,-0.2128751950944855,2.571588638040881,1.8932655972632677,-1.4705471883610308,0.5245722433976757,-1.0610345595122637,-0.1940695994872441,real,False
-0.1890409024693922,-0.4589547010836558,-0.5331252012796313,-1.2826366767436104,-0.9802597399503888,-0.1651203325502415,-1.031957582949719,-1.0451320286398609,real,False
-0.2611065840273237,-1.0659029365514454,3.0494970545790427,1.3159311935121385,0.0143537220136969,0.6196831124222693,1.8318739448698855,1.2594949065914227,real,False
0.3340450062781721,-0.3593107939797293,-0.4906549265294411,-1.2518209429875102,-0.1558528847347028,0.4155295501800877,0.1105670650854459,1.207728618359113,real,False
0.8825567642677908,-2.453313155495042,-0.5180123698515348,-0.3805171360298982,0.5389133276678256,-0.481284569373706,-0.0659001030182741,-0.4313317538853305,real,False
-0.4025439395557484,-1.9007461300438613,-0.266385149287194,-0.5593224165581859,0.4970783185485167,-0.4978032723087695,-0.1824586728595097,-0.4906986479295271,real,False
1.170598602619436,-0.5583284546187346,1.6424773201930756,1.3304962000179046,0.6104021710896479,-0.0509695673927361,1.82109541045446,0.3562553456490968,real,False
-0.2256521279021245,-1.3077548959686949,-0.7626850424282517,-1.5244590013019397,0.3885744553024673,-0.3772292612978402,-0.1907305713643715,-0.3775112478660243,real,False
0.2593123694590333,-0.6026472640918387,-0.023447581830703,-0.8975471159309306,0.0470129138978173,0.3578235004205047,0.663781610546966,1.3237919233244106,real,False
0.7548478727679426,-0.8720399990513942,-0.3306571663483574,-0.8132812320056223,-0.1937226713774154,0.7251064761521477,1.0467955776811766,1.3237919233244106,real,False
-1.294114778839491,1.369641555701927,-0.9566295326328216,-0.9195697396927166,0.3813194624828222,-1.0325342928394576,-0.803101724315207,-1.3789424190267792,real,False
-0.7041132375401958,0.6746347712205342,-0.9521164772488964,-1.0864626810519216,0.5581762292972804,-1.2317477391342686,-0.799592434040417,-1.4504291980142543,real,False
0.130151437789312,-0.0889512160503285,-0.1267309194835042,-0.5993970887997698,-0.4449839791599183,0.6373179002390819,-0.1889759262269766,1.3237919233244106,real,False
0.3227621733699813,0.1318304107278574,0.5989038181462156,0.3592121572941302,-0.0574846081824218,0.4520732713287633,0.5640175013065106,1.3237919233244106,real,False
0.606604463692464,0.1024763250006177,-0.3820673207767215,0.1326118299356412,-0.3483308992596618,0.3120629625171304,-0.4759857379865782,0.2510793949548801,real,False
-0.1189834241317944,-0.0655292425765896,-0.060228030081035,0.6490695655697281,-0.0818165115045955,0.5179255815728822,0.7036371215249368,1.3237919233244106,real,False
-0.7068081814524859,-0.5854278209511873,-0.5099734032178324,-1.1854425395772006,0.5348401502135468,-0.5677314898996996,-0.225572810521214,-0.5958745986237438,real,False
-0.2566380400306649,-1.3374081721467326,-0.3052963501017801,-1.0317354593554549,-0.5114779595973675,0.7855497214042578,-0.0681560753377819,1.3237919233244106,real,False
-1.595954453537512,1.0367040838736412,-0.8739815527256417,-1.075950248427436,-0.6895390814821253,0.1119462587147162,-0.9053724694662264,-0.5845764007952635,real,False
-0.0703731810863001,-0.7502211621408978,1.244472610650993,0.0728035571446182,-0.4674186152303468,0.9360006547886264,0.54095645092932,1.3237919233244106,real,False
0.1664817803563959,-0.4360836184344193,0.1536187888392032,-0.6283452730429164,0.2159652363895706,-0.9519565521113242,-0.8507278066159268,-1.3888026644043618,real,False
0.8776980912938751,1.4857342556403503,-0.8286075806858364,-0.9401220190949172,1.80882961946054,-1.454715775383863,1.4969873872185078,-1.1375718290546997,real,False
0.2643987822368415,-0.8555121765559616,-0.3653141065730199,-0.6096752280027539,-2.059124987582168,1.6160001000462656,-1.0610345595122637,0.1027648707337386,real,False
2.155866963498671,1.07327908579692,-0.7112825933835913,-0.4291394676179502,1.4834895121721858,-0.9752197079582342,2.226669100783748,-0.6591445064632335,real,False
1.59679632605488,-0.2469501475025403,-0.7295784721892541,0.2621571737567276,-1.8159609207454843,1.0957263109364437,-1.0610345595122637,0.4585553914415185,real,False
0.1874186260891013,0.2561105786002727,0.382748611815108,0.7191016213663903,-0.3881581144087266,0.6602430253243653,0.0098003014807648,1.3237919233244106,real,False
0.8544784347059841,-0.8007774341042762,-0.4758930930617263,-0.6979698750098606,0.2293698907515706,0.3059646957329231,1.3821834625146672,1.033736371800516,real,False
-1.718712586557043,-0.798152850851604,0.8007800867995152,-0.191822747279523,0.5190891317308509,-0.6883765082694319,-0.4173304576793757,-0.8388885628254203,real,False
0.5301955305531919,0.1181808298978338,-0.775794138781533,-0.8778051493072516,1.3784265495505166,-0.852452745876502,2.2607593491674214,-0.6096378577966198,real,False
0.9666123329527522,1.6872050823315077,-0.6136829327661286,0.0152171440961016,0.3398948639777297,-0.8578823738249697,-0.738179854231594,-1.2392556095110223,real,False
0.6499091396730114,-0.2182466820953125,-0.7605942924983643,-1.1874961052444186,0.2245398246062828,0.1560541068464264,0.6745601449623921,1.231762966466971,real,False
-0.3342757532667021,-0.5262724842942557,-0.2018743121512405,-0.6270359533223127,-1.092276505847473,1.314422426252783,-0.8259121111013412,1.3237919233244106,real,False
0.4298999259304551,-1.1745069694174262,3.1384300997371195,1.3410289520723864,0.3593988275928138,-1.1097310598831134,-0.8462158619769112,-1.4489912455633571,real,False
1.8505583516452395,0.3923621237915601,-0.7241521560254662,-0.879868964283812,1.3452732672648988,-0.8096851766963795,2.3026201688738435,-0.6116920755836163,real,False
-0.5570373884053191,0.6394827849856932,-0.3838985977477634,-0.2743054589039473,0.1808224482289487,-0.1698733573974713,-0.2481325337162918,-0.2238557573986921,real,False
-0.4053991283954322,-0.0547141407759205,0.1122168645547493,0.7308351061534253,0.3141728289966899,-0.5401095195482885,-0.5165932397377183,-0.8353963925875264,real,False
-0.2338343713827068,0.9986235189106528,0.1143415974931758,-0.2030105670237694,0.908117465449506,-1.3176580929927473,-0.6003148791505627,-1.3444315602052392,real,False
0.9920585119115184,-0.6634458141219116,1.0099583139478807,0.2009677142185794,-0.4398622158278656,0.8872110449206645,0.4843064793505689,1.3237919233244106,real,False
-0.8274421631951524,-0.9402579676352582,-1.0486813421915469,-1.570917584352929,-0.517936001695643,-0.5338598560876474,-0.9803208831920962,-1.2869134621693394,real,False
-0.5583316759501579,0.4619804634260253,-0.829407457493363,-1.1419251736056304,0.8970338080896206,-1.1156766511088203,-0.4095598863566267,-1.177012810565031,real,False
-0.0369967428540476,0.5100123146095024,-0.7722079297976635,-1.056581471074853,0.8557350602406605,-0.3027677839529726,1.98352541745902,0.0031353080644122,real,False
-0.5925711754556042,-0.6947374988680708,0.3527540798785298,-0.1684179495122646,0.2962086667950361,-0.6711309432712852,-0.6489436158155083,-1.0512946820008502,real,False
0.2708153970245793,0.3238589984738702,-0.3110531113339979,-0.4718062059837646,1.606465440460655,-1.3887479655201476,0.7572791300110109,-1.1909814915166066,real,False
1.193101619879554,0.2090063874656018,0.3530149194201482,0.1812663178347246,-0.2836049780087928,0.6335859543550115,0.2797649890485297,1.3237919233244106,real,False
0.71060112519862,0.6679087929849127,-0.9709349415923516,-0.325946730188122,1.1432288635814434,-1.318317874943607,-0.3085424591608892,-1.3002658777848162,real,False
0.71060112519862,0.5927926107068039,-0.9709349415923516,-0.325946730188122,1.1501160796309975,-1.408032271214379,-0.4148238217688115,-1.370314704321394,real,False
1.4578483210561215,-1.4484105787800978,-0.3098965890713804,-0.433567803314303,0.6442657168007212,-0.1025284055094542,1.734365807948938,0.3566661892064961,real,False
0.0485647770656621,-2.3043974377585275,-0.1367756665504468,-0.1670498778583372,0.4941279048123422,-0.4832910242298502,-0.1634082399392217,-0.4648155038133722,real,False
1.4860417479525376,-0.556264008106159,-0.1503607875487222,-0.7246041500503126,0.1332456343782963,0.3206730350190581,0.9149465287854994,1.312082881938531,real,False
1.2419550409524371,-0.3789325667827325,0.3891414819963335,-0.4422305939405589,-0.319993269165135,0.6204376760664624,0.1208442723187591,1.3237919233244106,real,False
-1.7014820334587462,-0.4552084449349379,-0.3657559044359873,-0.5611491643957397,-0.9487994285420978,0.7819221286459844,-0.8605036866671273,1.0380502291532083,real,False
1.57680883522451,0.7572206864248746,-0.9262310542027632,-0.7978942900786304,0.0285793946717468,-0.093579902168432,-0.3962747160306364,-0.2914395225908744,real,False
0.8856681150239389,-0.504649032979949,-0.7331510159714457,-1.2306392590610866,-1.7031685465491142,0.6749626609342326,-1.0610345595122637,-0.1484659646159235,real,False
-0.5723212964768469,-0.6088621276275221,0.4575094450494837,-0.1223886038290683,0.8514386500211724,-0.7888932926246193,0.0346159969953504,-0.7869168528144109,real,False
-1.151221574608731,0.4265206863943281,0.1821813340029477,0.1175696855136105,0.3822870715279099,-0.4261514689605392,-0.279214819007288,-0.5100082951272935,real,False
-0.8430723397577136,-0.2524118507280559,0.3702626542739273,0.6927938529854476,-1.8081362386519129,0.8571316010529945,-1.0610345595122637,0.0006702467200165,real,False
1.3156767834577834,0.070898131857212,1.0548205916250313,1.0825522854833554,-0.1312871570104077,0.7307015876129517,1.4789396086624456,1.3237919233244106,real,False
-1.2683525101935638,-0.0030810142484327,-0.3280098972109266,-0.7127646455487092,-0.3356089532448688,0.3857856046190074,-0.3621844676469632,0.5464759127249653,real,False
-0.7043938265405529,-0.2129611121120134,-0.0458176177262829,-0.5346206435174277,0.2862005854476048,-1.1676016127501063,-0.894343271459744,-1.5141099494111436,real,False
1.2837655573100746,0.8307490133600679,-0.5531255887115609,1.244794420151086,-1.7951885824919676,1.3598671183873725,-1.0610345595122637,1.259289484812723,real,False
-1.2045959465387954,-0.4780579804701294,1.467814879359443,0.4086574544599789,-0.3302596897165791,0.440255794687127,-0.2706922569113697,0.7903115640414404,real,False
-0.1598614403923688,0.1817197709477865,-0.1559526913912833,-0.7768609947249602,-0.4060208917618462,-0.5159203568887016,-0.9497399250832128,-1.2450074193146126,real,False
-0.5982085331413347,-1.665175589654902,0.4566085077424093,-0.7667247281523446,-0.2316880346370562,0.7168073575141383,0.8011452584458845,1.3237919233244106,real,False
1.8442498756175287,0.3260500269815882,-0.2243850479689801,0.1991864434373611,-1.9812486204041568,2.837587171389523,-1.0610345595122637,1.3237919233244106,real,False
1.08035739770545,-0.2795534901374555,-0.1431391272884151,-0.4223873454499937,-1.7963133582065975,0.4770797140366491,-1.0610345595122637,-0.5654721753761968,real,False
1.4025667231206456,-0.972718093260739,-0.6600590616797493,-1.0912676273222424,-1.861577662048101,1.194692386941307,-1.0610345595122637,0.4982017947305494,real,False
-0.1100583008641154,-0.4012919871630278,0.0562368901383644,-0.4643116856006479,-0.9231833516625894,0.3782959516871042,-0.9565078420417364,-0.2045461102009258,real,False
1.4793260117517482,0.9600823775902292,-0.1994477572105055,0.1154818203534054,-2.071096045417624,2.85009485673672,-1.0610345595122637,1.3237919233244106,real,False
-0.1273679186476291,-0.5084183197932637,-0.4058600857261017,-0.4596288190408021,0.2389714574741388,-0.7171705501699628,-0.725646674678773,-1.1521567753423745,real,False
-0.0399592672573451,0.5320663061291145,-0.4738971074291119,-0.0470172326489175,-0.815290805020375,0.8744112403769408,-0.6196159756619071,1.3237919233244106,real,False
0.433164434568035,0.023484148652738,-0.2443609350237788,-0.6292470664018364,1.046249708485824,-0.8777068436964088,0.3602280017776407,-0.8074590306843751,real,False
-0.2405526575178244,-0.8095580168638195,1.9751221059062127,1.0182711559941438,-1.1156124153169769,1.395449766610963,-0.8409519265647264,1.3237919233244106,real,False
1.4383253380654475,-0.189636281037406,-0.3552722740826451,-0.8534383108849585,-0.3604768621021661,0.3090701049215363,-0.4970414796353175,0.2194444410351352,real,False
0.1796956320822726,0.7475418233721904,-0.225432940669119,1.3723996480399776,-1.8847694441244704,1.0745817197032637,-1.0610345595122637,0.1837010515413975,real,False
-0.334672173671678,1.0988058159063046,-0.3804085095625713,0.6831889433654875,-1.9682829034737863,1.58933412311216,-1.0610345595122637,0.6315205291066172,real,False
-1.1551671442884213,0.0362500069522211,-0.8701559810050343,-0.910604153016964,0.3309595496045106,-0.4542611621127715,-0.3987813519412006,-0.6527764313235447,real,False
0.8095647218336582,-0.5801156214666916,2.243289943946779,1.9068335279251665,0.3603389713110384,0.0817327139437696,1.004182767201585,0.9940899685114852,real,False
0.2369672491663487,-0.4513607404668194,-0.0389139117185476,-0.0575211040021705,-1.560226580368775,1.2303370189863465,-1.0610345595122637,1.3237919233244106,real,False
-0.6417245874467495,0.1880367092217554,-1.2327904227062527,-1.2514976819106225,0.7643850262217253,-1.065904781319352,-0.5208545207856774,-1.1601682247116605,real,False
-0.1131733881556796,-0.3760066378353768,0.6189015374380532,-0.0575966459399287,-0.3248157338683842,0.6687763719109635,0.2353975334315433,1.3237919233244106,real,False
1.8505648383973572,0.8933211779176568,-0.6953124760765975,-0.8074893787528026,-0.5939337089887958,0.4739629435783815,-0.6504475973618469,0.3893282520197392,real,False
-1.2997467360846344,-0.8721858013762326,0.5620082969676063,-0.3325181736182697,-0.3823489646790475,0.1563992220418361,-0.6627301133236114,-0.2427545610390592,real,False
-0.6824095917234961,-0.207669456985325,-0.3520989115744649,0.3376047559802307,0.3645588985054194,-0.5032995795785972,-0.4105625407208524,-0.7033101888836566,real,False
-0.5594805551444035,0.2443250644475481,-0.3228728148895479,-0.2974363708867343,0.4470654472739255,-1.6500562709153894,-0.9610197866807518,-1.7098769045119024,real,False
2.0320175720282805,0.302853447592292,-0.7522372320282532,-0.8300886646910338,-1.0795612986641296,0.7887277931952169,-0.9790675652368142,0.8862435346941732,real,False
-0.209861929432196,-0.7956958356706656,-0.0187099125912529,-0.8262341624395471,-0.577753629643644,0.7852987597824213,-0.2463778885788969,1.3237919233244106,real,False
-0.5566199898455043,0.5553250453904023,0.306490531375271,0.1374618269314426,0.4587348123726267,-0.6436627840057726,-0.4469087614240333,-0.8384777192680211,real,False
0.6083393970584616,-1.1406861804453825,-0.7797082213641839,-1.068751729832996,-0.9942128416541008,1.0039135116785438,-0.8136295951395766,1.3237919233244106,real,False
0.711250413712008,0.759124691534222,-1.027236508408103,-0.8284138487971923,1.055944809804769,-1.254428189672269,-0.3564192050526655,-1.2661658625206758,real,False
-0.997503990848668,-0.9643111793396412,2.366125097981461,0.6064777093448287,-0.1350262534565528,0.6225901422155942,0.883112252721334,1.3237919233244106,real,False
0.2703655475795097,-0.5894550603889691,-0.8186233543030215,-1.3922536838904125,0.3229859108446774,-0.2463042316284869,-0.0937237616255368,-0.147644277501125,real,False
-0.4013058300165758,-1.0707527229847518,-0.8170252822602077,-1.6533202426675038,0.2764321611630642,-0.4612683563687764,-0.4807483462166501,-0.7402861090495921,real,False
0.858517031360942,-0.9142917046875562,0.7422954268198989,0.3662898446663808,0.7135756816031792,-0.5273947770816085,0.2842769336875453,-0.389220289251904,real,False
0.858517031360942,-0.3715264045554677,0.7422954268198989,0.3662898446663808,-0.0583906234670991,0.3051052913735782,0.1266095349130568,0.9618387492556414,real,False
0.876693653988783,-0.4442653622147618,-0.4969883836917186,-0.126642387730847,-1.5048579252032723,1.342929926256052,-1.0610345595122637,1.3237919233244106,real,False
1.0777205217999146,1.061142001993683,-0.4414845020841874,0.394824595615982,0.5357909997635835,-0.1441310350488202,0.8901308332709138,0.5382590415769797,real,False
-0.9533002039603315,-2.8576859348808283,-0.1814265124511844,0.4108388184931983,0.0029181540907661,0.3384803710428676,0.4208885908132945,1.3237919233244106,real,False
0.2708850780494577,-0.4759862930183063,-0.5181288643494185,0.1843032401491683,0.954111718924386,-0.812917930574239,0.2524426576233799,-0.7612391304769557,real,False
0.2708850780494577,-0.2354882314533006,-0.5181288643494185,0.1843032401491683,0.587487014615965,-0.5883292492789658,-0.159397622482319,-0.6024480955421324,real,False
0.2708850780494577,0.6620589013535834,-0.5181288643494185,0.1843032401491683,0.3810077966096007,-0.5921248118742026,-0.4895215719036248,-0.8454620597438088,real,False
0.8818802060180899,0.1086572265668581,0.3954396021844316,1.0834359933863726,-1.683316301536486,0.7573189319619049,-1.0610345595122637,0.0417546024599449,real,False
1.0153937023983486,-0.1216502426339313,-0.1846760806488004,-0.6565843997510646,-0.8728203319081569,0.864061415891159,-0.7203827392665881,1.3237919233244106,real,False
0.515874133056279,-0.1322042276934002,-0.7701740119128715,-1.1552090504023995,1.5048507024664268,-0.9659914247812036,2.487609899073482,-0.8425861548420138,real,False
1.0007370373998947,-2.6004335665206035,0.4324207425784757,0.0669536690319874,-1.7948045480088255,0.937209757534472,-1.0610345595122637,0.1849335822135954,real,False
-0.3946899933286448,0.3976570878897525,-0.7463853989541341,-0.8606830449285108,0.6818543695508008,-0.7449572183447627,-0.2383566536650914,-0.8062265000121772,real,False
-1.3040290156643226,0.1623469871367099,-0.7385321538835249,-1.420558060504585,1.3763111796424767,-1.2304591779454437,0.4196352728580124,-1.121959773873527,real,False
-0.8366476583467906,-2.2992329395744044,-0.7547407852537913,-0.8193555565787537,-1.8526468261837925,1.1937651901673516,-1.0610345595122637,0.5333289188881882,real,False
1.3910009011504898,-0.598519724228086,-0.6125787737449758,-0.931152568921223,0.7677504026360035,-0.1927911312656761,2.061732457868623,0.057777501198517,real,False
0.7212777174757996,0.0762938314759694,-0.2787659926346666,-0.0899849141544771,-2.217683186572588,1.9802489536472248,-1.0610345595122637,-0.5178143227178799,real,False
1.2568228752456,1.512133128261869,-0.446956166890295,1.3392591368707865,-0.2990388286183238,0.6113518021653291,0.1647104007536327,1.3237919233244106,real,False
0.5094866106522402,0.9918528810227112,-0.6853597361401728,0.6752652842334876,-1.34459978510411,1.1524667164707272,-1.0610345595122637,1.3237919233244106,real,False
0.5723702493303107,-1.868282689129319,0.0502015773266726,-0.4403049742521473,-0.5663687320510558,0.0808737079860821,-0.8489731614785319,-0.5638288011465997,real,False
0.0327644814022195,-0.3735572897301277,-0.0119575197538162,-0.764091662226756,1.3287014835111224,-1.415240219086689,-0.1298193187376614,-1.3345713148276563,real,False
0.068018739222471,0.4628633191479385,-0.2496365571268486,-0.0174112692466813,0.486448087391748,-0.4095693516161922,-0.0438417070053091,-0.3187606191579267,real,False
0.3091748077343241,-1.1676496955767313,1.2245476077895432,1.7369675863462004,-0.8544122467163411,0.9002188199578566,-0.6629807769146678,1.3237919233244106,real,False
0.4678386179704508,-0.4124368454493875,1.3939928597361508,0.358808206801745,0.6950836088391221,-0.2609711080860487,1.1748846727110074,0.391177048028036,real,False
0.3354570070278558,-0.5869522415599179,-0.3303294502625972,-0.8611622022907074,0.2204785888660941,-0.617249103175356,-0.6750126292853761,-1.0424615455167656,real,False
-0.6561759518237165,-0.0137492804670197,0.4797816305736144,-0.1039254894108852,0.9867063434533304,-0.4511755166416251,1.975754846136271,-0.1207340244914718,real,False
0.3057277546876598,-0.7687842434748197,-0.4033793383428214,0.8550034160066216,-0.3589356365000855,-0.3225418881584125,-0.8848180549996,-1.0344500961474794,real,False
0.2869970550643707,-0.51505604433058,-0.668282559317749,-0.7675137680980801,0.3163032183265353,-0.6736248418693989,-0.6329011459878974,-1.0371205792705749,real,False
1.2325055958394555,-0.5345627143108904,1.557492823746884,0.6463430747946862,-0.3637095140692951,0.3751712263308716,-0.4245997018200119,0.4456138193834411,real,False
1.768978352499915,-1.356126305140767,-0.8505253984852106,-0.0459433643878826,0.1901824984964568,0.2143343930312675,0.745999268413472,1.2861997378223762,real,False
-0.4265369547065327,0.2929008746313607,-0.6309325366942282,-0.9622231821093788,0.1508862249686743,-0.388215606440206,-0.5569500778978019,-0.7569252731242632,real,False
-0.3893850745632606,0.6138787038366564,-0.1395700858368441,-0.188790285647476,-0.3257166680506052,0.5682392463126856,-0.0197780022638927,1.3237919233244106,real,False
0.6494959094536639,-0.4905176211181742,1.140858770591871,1.4093230012308482,-0.1819023026679073,0.6454952716032993,0.7465005955955848,1.3237919233244106,real,False
0.6494959094536639,0.6697378916482098,1.140858770591871,1.4093230012308482,-0.2780218935989249,0.7692271799751009,0.7923720327589098,1.3237919233244106,real,False
-0.5217908084765978,0.4891532030564096,-0.4834285875339117,-0.4518961943774714,-0.2312056393268397,0.7918042850197099,1.1696207372988223,1.3237919233244106,real,False
0.2622028691384299,-0.274470258539131,0.4116191753489396,-0.4379394952099469,-0.3436285523970394,0.8913161172735332,1.006438739521093,1.3237919233244106,real,False
-1.36071364073459,-0.6766278941776239,1.296864560307293,0.1769260727024684,-0.4109857368570499,0.4284937458628222,-0.4363808905996637,0.5526385660859546,real,False
0.541317216622074,-0.2455217018410965,0.2461632911805963,0.6313722631702086,-1.4713675576840906,0.7450536717187505,-1.0610345595122637,0.3178414730322638,real,False
-2.29495111552138,0.830914483645705,-0.7703311836180872,-0.7661491483420493,0.1163897174013515,-0.1892490483419553,-0.3839922000688718,-0.3881931803584058,real,False
-1.1038139463475627,-0.4579183080060319,-0.6223667335603211,-1.1476462710646311,-0.4502473727784459,0.7291793195574389,-0.0147647304427643,1.3237919233244106,real,False
-0.9866698070170684,-4.51055829129953,-0.0828681774829343,0.1406437524194635,0.2326834875624067,-0.7969522295061511,-0.7742754113437186,-1.2421315144128176,real,False
-0.9866698070170684,0.6750955223385516,-0.0828681774829343,0.1406437524194635,0.3552946447510756,-0.756904336835834,-0.6609754681862166,-1.1129212156107426,real,False
0.625561255414572,-0.9964655584365588,0.1887231175468535,-0.531543728157465,0.91301072916858,-0.9951163865793357,-0.2165489212431829,-1.0430778108528644,real,False
0.7772061994058781,0.669058323724962,-0.3590306580753233,0.5112360865058179,0.0314108168383732,0.4526790002569205,0.9833776891439022,1.3237919233244106,real,False
1.5433060579445657,2.0278778973815994,-0.5479639133852902,0.6427132265783129,0.4089111641933954,-0.7746655927472601,-0.6268852198025433,-1.090324819953782,real,False
0.4882103151880393,-0.3861332440185848,1.912356409571546,0.8356437959512868,-0.6569971205929008,0.7591650086342481,-0.4586899502036851,1.3237919233244106,real,False
-1.0274069737958635,-0.7820719448281759,1.6811807414182736,0.2298773950160036,-0.5194478186995126,-0.0788377028970266,-0.8805567739516409,-0.794312036847598,real,False
0.3103099242238193,-0.4518483488292057,2.783209855005506,1.929217474434068,-0.1861652542078459,0.0161050384643097,-0.5652219764026638,-0.3356052050112974,real,False
1.061458390532155,-1.4012259537431733,-0.2630774849376296,0.726217049517141,-1.0000286779284593,0.8479946870897852,-0.8898313268207284,1.2625762332719173,real,False
-1.644202372344581,-0.6183968150730114,0.6837519469534132,0.1350787517986271,0.4587298614497156,-0.6643855929880049,-0.469969811801224,-0.8744265305404584,real,False
0.956980395987237,-0.2146941807855227,-0.2232309619041108,-0.7945842028866137,-0.3227625997366051,0.4119881720197143,-0.2997692334739145,0.6849301915685241,real,False
-1.3235724791611445,1.006141500491693,2.0359148678638554,3.867778622391266,-1.387477671333116,0.680247782667892,-1.0610345595122637,0.235672761552407,real,False
1.830210645261336,-0.2855971886739198,-0.0938818547811727,0.3403014122877125,-1.1372171780916065,0.9696949079664297,-1.0053872422977383,1.3237919233244106,real,False
0.2452546982048449,-0.1252854908660095,0.5223973973846194,0.1425268817319491,1.5682326872524328,-1.0596291255696682,2.310140076605536,-0.7671963620592452,real,False
0.4600184318339756,-0.0957252464238059,0.7350535382237389,0.478182809034594,0.1196261986702278,0.1339038390703173,0.22512032619823,0.7334097313416396,real,False
-1.374468566378717,-0.8899476938651295,-0.3648185813166865,-1.0354903465550738,0.9937266649265156,-0.8211525222874521,0.3517054396817224,-0.74727044952538,real,False
0.5532627648113912,-0.8016505652368657,-0.3780144690253222,-1.0027652707278936,-0.1086980427831776,0.1799880724748125,-0.2438712526683327,0.2779896479645332,real,False
-0.0216907698755124,-0.4464454273880109,-0.298370803351046,0.2121886933247552,0.089660378122323,0.3696917393438734,0.9106852477375402,1.3237919233244106,real,False
-0.7043878584323013,0.7529028393219427,2.117069363077406,2.6211515091675213,0.6885651414393792,-0.9365993261453056,-0.4772390559418602,-1.0465699810907585,real,False
-0.7043878584323013,0.1141140700386043,2.117069363077406,2.6211515091675213,0.2681299098779445,-0.9078621394825396,-0.8073630053631661,-1.327997817909268,real,False
-0.7043878584323013,0.5585500053223669,2.117069363077406,2.6211515091675213,-1.2796194617231798,-0.7972805002392823,-1.0610345595122637,-1.5176021196490377,real,False
-0.4714269116988826,1.6210810492991432,-0.443317919943096,1.1707081830583497,-1.8923789146312369,2.4248095992739795,-1.0610345595122637,1.3237919233244106,real,False
0.1553847119864985,-0.3844079000411779,0.6586800698056064,0.1788499806449385,-1.5592322693052962,1.7676334588525229,-1.0610345595122637,1.3237919233244106,real,False
-0.4964444035571875,1.5027373365406105,-0.8661700433338727,0.236497438880325,1.0613245366815511,-1.4763108885947225,-0.586779045233516,-1.4315303943738875,real,False
-0.4964444035571875,-0.6230958234041093,-0.8661700433338727,0.236497438880325,0.4387269739491766,-1.1331883330875447,-0.8178908761875358,-1.4319412379312868,real,False
-0.4964444035571875,1.2470722422602265,-0.8661700433338727,0.236497438880325,0.8850998929932277,-1.532670900753166,-0.7619928953819539,-1.5063039218205572,real,False
-0.4964444035571875,0.7657108209401425,-0.8661700433338727,0.236497438880325,0.6391085861103356,-1.5982470226694632,-0.8993565432808724,-1.6437310917706176,real,False
0.4046870082683922,-3.00940256432689,-0.247578838191924,-0.1622319963608349,-0.1883024869190186,0.2171333062459204,-0.3361154541770955,0.2366998704459051,real,False
0.7558274762284568,-0.4339941285790463,0.2843403801417939,-0.4787139895998465,-1.5438164703612571,0.8882127532349343,-1.0610345595122637,0.6210440183929353,real,False
-0.6789404403368984,1.5792667253917678,-0.7984371884003303,-0.2864036688386179,-0.0726552765300208,-0.2811905419782443,-0.6887991267934792,-0.797187941749393,real,False
-0.1778865554872626,0.575531614269852,-0.0017383014152177,0.4449156599576165,0.9491577543034064,-0.8851354931405885,0.0667009366505723,-0.8803837621227479,real,False
-0.1778865554872626,1.8203564421918823,-0.0017383014152177,0.4449156599576165,0.2327409045632008,-0.1544314012900242,-0.1185394571401224,-0.0691731580378617,real,False
1.6887898221515685,1.9447955703287712,0.3603100382392534,1.4400032182900808,1.3439684672814765,-1.0833200068417537,0.7921213691678534,-0.928041614781065,real,False
-1.0263728636073424,-0.6197181635412264,3.476132644976598,2.982538947298852,-0.97029253535615,0.7658491589862879,-0.88832734527439,0.9359556051394864,real,False
1.869634686559558,0.7779632752495164,-0.4834567980257405,-0.0534396741530224,-1.0594496343627209,1.1523971034670517,-0.8449625440216292,1.3237919233244106,real,False
-0.3620013060594404,-0.3305423801304106,1.106740981996511,0.3824567978748756,-0.1452755999932352,-0.0432569097176416,-0.5724912205433,-0.4198281342781506,real,False
-0.2826059229598144,0.5427844460929164,0.1790066228172925,0.1011515057513369,0.1900070677824838,-0.5826324304999511,-0.6762659472406581,-1.021097680532003,real,False
0.0881759838788458,-0.956659918858616,0.4962773697783209,-0.276221157830561,1.2650517524092113,-1.6533391825978394,-0.5373983177954011,-1.5120557316241472,real,False
0.9069745590336372,0.2363539431615338,-0.1352590550922888,-0.6634569270982728,-2.258753652862729,2.852006139640684,-1.0610345595122637,-0.1289508956394575,real,False
0.6265397853267755,-0.1775397165907573,0.08582975714449,0.0753078391091556,-0.720103969127303,0.3364933111194035,-0.8477198435232498,-0.1515472912964182,real,False
-0.9548425345608952,-1.1925018249766672,0.4226603929423516,-0.2805894257018592,-0.4486234279466582,0.513694947090213,-0.3915121078005644,0.8260549535351781,real,False
1.4724448149180047,0.3493591384448272,-0.1159849272185923,0.6239815599605192,0.150540243694255,0.0521354177233298,0.1113190558586151,0.4663614190321049,real,False
-0.4772345848652072,-0.0197729485268481,0.1622195528530861,0.7647010251847857,0.2183918268010881,-0.6595768644748301,-0.7050922602121465,-1.0981308475443683,real,False
1.2879943456790233,-0.2105164010527646,0.2782756060086378,0.772860206405887,-0.3743922204335023,0.4267002851232233,-0.3754696379729535,0.6249470321882286,real,False
0.7999255044570612,-0.4540828736500872,-0.3031982868259165,-0.5651028056683517,-0.6494612488028302,0.6216685046236802,-0.59630426169366,0.8648796697094104,real,False
-0.4879488332247818,0.5759595146210416,-0.5519890473730541,-0.5787985967253689,1.6300946048778129,-1.2433271371076955,1.553136031615146,-0.9479675273149302,real,False
1.3880943296070782,0.2369377576662676,-0.052564067280207,1.071507889400704,0.7400555544974536,-0.5618466498990783,0.2729970720900064,-0.4418082645990123,real,False
-1.2933677688049574,1.2799962254002035,-0.8852895609644652,-0.5155795702069355,0.7307598523460619,-1.1062931184842082,-0.593296298600983,-1.216042948517963,real,False
0.2668893617795053,-0.8773666660723546,0.8677243387320427,-0.1084114978593041,-0.8409808133332033,0.576359035563262,-0.8432078988842342,0.3985722320612231,real,False
0.0573930075833986,-0.579132836302783,0.5265249269832952,0.2803673413839715,-1.4017763601623243,0.8878221249154069,-1.0610345595122637,0.8716585884064986,real,False
0.7866110599591768,0.1428805358199593,0.2545899973281577,-0.0622218962740476,0.1266936909563404,0.1560497736780401,0.3080899748379053,0.869193527062103,real,False
-0.0319243914144394,-0.7295573197923373,0.287202068712889,-0.0453758345631004,-0.0171357037728543,-0.7305744243777405,-0.8727862026288918,-1.3006767213422157,real,False
-0.7708000308022279,0.3371662519524976,0.2468535357472015,1.674911819876146,-0.466467522243524,0.581797940224145,-0.3288462100364593,1.1056339943453908,real,False
0.3116842843946428,-1.0252097753901424,2.7370883183273262,1.3423819724399422,0.3113118839163884,-0.5809715427790586,-0.5592060502173097,-0.905650640902804,real,False
0.9055927742453176,-3.396583172578877,0.267893375989177,2.0113209110278567,0.14275764660737,-0.6253948177320763,-0.7394331721868761,-1.1102507324876474,real,False
-1.7711133329625852,0.2520701679024667,0.283056850869541,0.6688411089356131,-1.5833906326929543,0.8650509592905841,-1.0610345595122637,0.4774541950818856,real,False
-1.70875117418559,0.1763573833057153,1.7545021207362343,1.3801055346126516,0.6101530567177538,-0.1699379476414565,1.150820967969591,0.5875602684648937,real,False
-0.8200821538147445,-0.7368850953735692,0.3605657577618142,0.0942554328941906,-0.8261364925259296,0.236967626627773,-0.9392120542588432,-0.4358510330167227,real,False
-0.5932837549632896,0.7890500844328796,-0.4926209219690386,-0.7746409115917167,0.3616911750928054,-0.4033398813590311,-0.280969464144683,-0.4919311786017249,real,False
-1.0846972495070784,-1.7567571019839572,0.8407672554522146,0.0865280573189979,-1.4364666709493037,0.6149084147503331,-1.0610345595122637,0.0277859215083692,real,False
-0.0394426521501403,-0.3224446256725673,1.9837654120003827,2.7908126310023573,-1.8553747920923287,1.0631384677758906,-1.0610345595122637,0.2586800007667669,real,False
-1.6406058547371885,-0.3949068442425218,3.955099632464984,5.186453880177044,-0.8370934051528311,1.0624870525309191,-0.4454047798776948,1.3237919233244106,real,False
-0.5584121993330359,-0.3659185879586508,0.0474923467310242,0.657984549537389,0.1417111275669945,-0.5570104510044863,-0.6980736796625667,-1.0252061161059955,real,False
-1.3375935812847368,-0.2950728585224158,-0.8186100785940152,-0.0375096431700367,0.3137524368026815,-0.90801753709463,-0.7817953190754112,-1.3041688915801095,real,False
-0.3454630334987997,-1.6788335802768033,-0.0750311994065856,-0.6900438270776523,-1.1405215202705925,0.8863893704798227,-1.01716843107739,1.231762966466971,real,False
-0.6255187993496331,-0.7090066258192474,0.2523309879624457,0.4579337888109045,0.1973233538486168,-0.5624294873796418,-0.6554608691829752,-0.9872030870465618,real,False
-0.6255187993496331,-0.4580712822653257,0.2523309879624457,0.4579337888109045,0.3965518712514655,-0.5754892966558338,-0.4516713696541053,-0.7967770981919937,real,False
0.3027923521017743,-0.4449075190329142,-0.0591303265170737,-0.7020613475530386,-0.9173126646763256,1.1720392729666431,-0.5030574058206716,1.3237919233244106,real,False
-0.0061012986680572,0.8864354776212617,-0.5814296565367205,-0.3066807512594768,-0.1644745349208592,0.3022162116895519,-0.1516270511595699,0.621249440171635,real,False
0.8199002709775692,0.0691502889741235,-0.1282648808170259,-0.6401272529794897,-0.5510252495882543,0.7378668822143464,-0.2641750035439028,1.3237919233244106,real,False
-0.2833152248577027,-0.1172338278065615,-0.269149194172438,-0.1427459402219355,0.7282565255869496,-1.5046269889279351,-0.8326800280598645,-1.5615623802907608,real,False
-0.560358047257358,1.3022405985574217,-0.5112367867349907,-0.0960766376475436,0.4838557397954618,-0.6685114088547565,-0.441895489602905,-0.849981338875201,real,False
-0.560358047257358,0.1054315587343704,-0.5112367867349907,-0.0960766376475436,0.5538019843561242,-0.8328319283809228,-0.530129073654765,-1.0303416605734868,real,False
0.1122865050316303,-1.0322919333636904,-0.4119719753501897,-0.7478394493182433,-1.9731916790932291,0.9443754863300836,-1.0610345595122637,-0.2620642082368256,real,False
0.2704972088750415,-1.1505445049002452,0.9405397379946052,0.0160792763585119,1.0129980433919312,-0.5355343219331201,1.6255778094304516,0.0025190427283133,real,False
0.4988806183263751,-1.1861290854940152,-0.4762545509180316,-1.0044252776199192,-0.5483146786440829,0.4889485533314102,-0.5782564831375977,0.5191548161579129,real,False
-0.800295519587422,0.3026273224741186,-0.7855859995820523,-1.168235274873863,-0.4427244466748696,0.2533346972037852,-0.6519515789081853,-0.0693785798165613,real,False
-0.0660750096166044,-0.3010609197931579,-0.2243347587829363,-0.1454743475260434,0.661117778009707,-1.1894942934904758,-0.7126121679438391,-1.356551445148518,real,False
0.9138149427796982,0.0487793934043856,-0.644021355692539,-0.9843693654582936,0.5917319439254666,-0.3428121469693916,0.4138700102637147,-0.0508906197335936,real,False
0.4990940714971941,-2.7350454594171474,-0.5401527340372099,-0.4970979762969632,-0.2652544755438239,0.5848295395773968,0.20481657532266,1.3237919233244106,real,False
-2.2947358273252925,-0.977158664692602,0.2700309602959164,-0.4312377963852057,0.1263502460133179,-0.4518701670942646,-0.6361597726716308,-0.8875735243772355,real,False
2.6473161785717134,0.061154958064591,-0.064966462080072,-0.2030577953961008,0.1273740440553838,0.4231642713334477,1.3919593425658676,1.1845159573660533,real,False
0.2051204090361236,-0.5325603850963517,-1.1516256178424082,-1.7758063589247943,0.2447232261719566,-0.6199487914780386,-0.6562128599561445,-1.026027803220794,real,False
-2.3804649236067537,-0.9407565482671822,3.470970357572404,1.239544115683922,0.188037123575116,-0.4460597864162376,-0.5692325938595666,-0.8164975889471593,real,False
-0.9131872191588516,-0.7877820803824759,-0.8611565403306845,-1.5235163016427224,-0.5922026288435972,0.4543483746871399,-0.6637327676878372,0.3256475006228502,real,False
0.1642727167072435,-1.0143569021215886,0.3841966917039005,-0.3981630513122734,0.2781870400511066,-0.6987230234369549,-0.6840365185634072,-1.1014175960035628,real,False
-1.0162379439537554,-0.3988635905413408,-0.5338559566238648,-0.2150805092370674,-2.1540275203792776,1.4079473116815593,-1.0610345595122637,-0.4496142921895987,real,False
-0.0198158674553198,-0.9582061449391014,0.4898273469527623,-0.3638718937045669,0.689594586577097,-0.4310554368747343,0.4850584701237381,-0.1768141700764741,real,False
-0.1060571030454673,1.3932352763499307,-0.4723473478098561,0.4532151382530548,0.531496669192368,-0.8927405996024872,-0.6070827961090861,-1.1332579717020073,real,False
0.753893624587091,-0.5493576973253824,-0.7136560340600447,-1.351939891860109,0.3184248764330356,-0.3797332726772522,-0.3195716571673717,-0.5100082951272935,real,False
1.1772792659736993,0.989488472458926,-0.3540917490847188,-0.2949125434650244,-0.4647077187262033,0.5105137824832148,-0.4245997018200119,0.7746995088602676,real,False
1.0403025987965635,-0.650369599951514,1.2397805187976931,0.3687368844629844,-0.8538349158435103,0.5252541155632019,-0.8737888569931175,0.2254016726174249,real,False
-0.630039128799221,-0.4568174537990755,0.1816819096097678,-0.2724919665114771,-0.3037457414277063,0.6983437192393176,0.4053474481677964,1.3237919233244106,real,False
2.3584596700499425,-1.4551596836149927,-0.6803868593655391,-0.3317469656205936,-1.6585201786533583,1.085167695254727,-1.0610345595122637,0.9694393550675282,real,False
-0.2792390391403975,0.9182106301143502,-0.6690220145956558,-0.5808235707553149,0.5864806676055002,-1.642243160622537,-0.926428211114966,-1.6778311070347582,real,False
0.2222094195647264,-0.2632783828720694,0.540399436768624,0.2523388414300213,0.3161748940434979,-0.5504290158554899,-0.5246144746515238,-0.8505976042112999,real,False
0.2222094195647264,-0.1158204886177697,0.540399436768624,0.2523388414300213,0.4282805755787623,-0.5301345307077909,-0.3504032788673115,-0.6642800509307246,real,False
0.6673017436453315,0.0476868029687834,-0.9028091342034076,-1.268693692823083,-0.0395203805846657,0.6879155428303241,1.8897772344039188,1.3237919233244106,real,False
0.6398408548249839,0.0297180241865233,-0.119349853391956,-0.5186883535979673,-0.4793424545167167,1.105725704091162,1.340322642808245,1.3237919233244106,real,False
0.0608467735227336,-0.1123355149107049,-0.360020394754643,-0.9472693390164114,1.029280720100992,-0.7616966613475455,0.6670402372306995,-0.6008047213125353,real,False
-0.2141868626387926,-0.8339224080146016,0.2699484505591299,-0.5830643932900386,0.4070024758709697,-1.093444312307526,-0.8168882218233101,-1.415712917414015,real,False
-0.5150927991078991,0.4034613071011016,-0.4116851027250017,-0.2819370453030128,-0.1067000527764301,-0.9767169646681674,-0.9607691230896954,-1.5015792209104657,real,False
-0.5149180422319011,0.6435119710187706,-0.3693353866718256,0.9026231231909172,1.0137900182779294,-1.3186895655371405,-0.4882682539483428,-1.327997817909268,real,False
-0.5149180422319011,1.1146228038279526,-0.3693353866718256,0.9026231231909172,0.4545376576983309,-1.1859720414351953,-0.8321787008777517,-1.463987035408431,real,False
1.2957361659631144,0.272547266955749,0.5219056743353341,0.5154542699607031,-1.797851261642572,0.6495957313250055,-1.0610345595122637,-0.3251286942976156,real,False
0.4727390391893182,-1.1751812528065655,-0.4883320623020561,-1.304558108924894,1.2767306863436834,-0.7990905732561535,1.8328765992341116,-0.3682672678245405,real,False
2.0781050442211777,-1.4201631774591663,-1.0047055448294615,-1.1371027202693904,0.7242281170803283,-0.7732071575727693,-0.2062717140098696,-0.8284120521117385,real,False
-0.5041495286222342,-1.2234659863088315,-0.2777402587124487,-1.1105130791490754,1.3189601611876418,-0.7951909393844339,2.188317571352116,-0.5211010711770742,real,False
0.6718705410581016,-0.7111181932749661,-0.8420811518137692,-1.517355840499337,-2.128890042624343,2.123019337948043,-1.0610345595122637,-0.0186394004777498,real,False
-0.099915165376338,-0.3801748023405637,0.7231297674428415,0.0314102085367384,-0.1118585258703634,0.6961876707115938,1.4024872133902373,1.3237919233244106,real,False
0.9005310829391348,-0.1818498964539737,-0.6146896893038076,-1.0077258304212542,0.7467218921252794,-0.1946293840094753,1.8850146261738467,0.1691161052537229,real,False
-0.166231523135607,-1.2145688546416404,-0.1108619582379025,-0.859381909968598,-0.8110281266870701,0.6996271858774243,-0.7487077250559637,0.9039098076623424,real,False
0.7536222157713178,-0.4423869025621578,1.971181000764448,0.6878756414606915,-0.6115262479876437,1.01091515531552,0.1669663730731405,1.3237919233244106,real,False
-0.4712596551134003,2.26272357484545,-0.7127434135624451,0.4885210171323927,0.7731817977344059,-0.7272548452354765,-0.0222846381744569,-0.7322746596803061,real,False
0.5785016161924166,-1.189436532713022,-0.509095032162284,-0.1286024858555925,-0.808457601549764,0.6764144324983616,-0.7599875866535026,0.8106483201327049,real,False
-0.6462080775231295,-0.54096584958478,-0.2648999046350692,-0.6504363682880592,-0.166405026709672,0.3142654168673152,-0.1335792726035077,0.6684964492725527,real,False
-0.6461295826659349,-3.534213372664006,-0.5728370639518692,-0.9180304828719472,-0.0412309559133458,-0.5831364758856166,-0.8291707377850747,-1.1708501572040415,real,False
-0.5597602048166688,-0.6043949151151365,-0.2398648584103891,-0.7843811389352848,1.5337371838149605,-1.0521812816301843,2.0780255912872905,-0.6507222135365482,real,False
0.2621964995465309,0.0605012875553544,-0.3324666055365375,-0.5890561561306218,1.173048786208151,-0.6927604624444498,1.76645074760416,-0.2232394920625932,real,False
-1.2266502844372345,-0.8964396194384291,0.0336389732861453,-0.8996284727266869,-1.7690182624605462,1.052038734119748,-1.0610345595122637,0.5129921627969237,real,False
-0.1214064236676875,1.057905073325293,-0.9404106186741928,-0.6123558841250558,-0.8499239588304244,0.0011720904808418,-0.988592781696958,-0.8199897591850532,real,False
-0.7556549741339499,-0.4274800392827913,-0.2545229133054032,-0.5488959290215406,1.6639754239262183,-1.3365857422597338,1.2608622844433597,-1.0761507172235067,real,False
0.6451704293235477,2.158525107806544,-0.5623706574014186,0.0430996330411357,-0.6672052375512789,2.4643524719780534,3.045587052765074,1.3237919233244106,real,False
-0.3673940455639248,1.488845733057698,-0.6895412771484121,-0.4766400963834273,0.546810401688122,-1.174059692450668,-0.7782860288006213,-1.4107827947252236,real,False
1.8467995510090072,-0.5532187365930593,-0.6978344889296508,-1.254999143716265,-0.2763217491353327,0.9544657393948734,1.9115849668258276,1.3237919233244106,real,False
-0.3984256796706521,-1.0836161955205408,3.0032888705380567,1.5619201399752811,-0.1988040527371137,-0.7609274378730287,-0.9424706809425768,-1.383050854600772,real,False
0.2641523824300747,1.0668803990095672,-0.70932835330758,-0.2459954265280578,0.8736583561082227,-1.2601966969534886,-0.5847737365050647,-1.3066339529245052,real,False
-0.3145390288975579,-0.7977330728919753,0.7007747720859476,-0.3242422462819308,0.6317310846293694,-0.4741657996663732,0.1812541977633565,-0.3427949672657849,real,False
0.0472465684515176,1.1024082764559455,-0.623703578976649,-0.1678081758197148,0.9318919198097247,-0.3783819810720814,2.053711222954818,-0.1110792008925887,real,False
-0.5385339816779313,-0.5396682532794929,-0.5015793365752944,-1.0978706344686555,-0.5361450880338853,0.7047273524027928,-0.2852307451926421,1.3237919233244106,real,False
1.9832367326444431,1.1207294323227366,-0.5471157773168136,0.642931578504936,-1.9855305877374028,2.178507988219289,-1.0610345595122637,1.3237919233244106,real,False
-0.9367122024621024,-0.9341360088029556,-0.0382662549286765,-0.8472272668223745,0.5960660622909789,-0.0493582805562233,1.7275978909904148,0.4160330832506926,real,False
1.13750072634861,-0.9635075840099016,1.1253219452057035,0.0843740067571675,-0.2837067433229472,0.9187986594748516,1.58296499895086,1.3237919233244106,real,False
-0.557145553110979,0.5143900473091011,2.0335183326184234,2.0951727835031018,1.3793845444191095,-1.5649742277069154,-0.2784628282341188,-1.4383093130709756,real,False
-0.557145553110979,-0.1521590875436987,2.0335183326184234,2.0951727835031018,1.0184277965133002,-1.3120289672581449,-0.4754844108044653,-1.3218351645482789,real,False
-0.557145553110979,-1.8249232094334151,2.0335183326184234,2.0951727835031018,0.4246162651590094,-1.4298421530715044,-0.9209136121117246,-1.6199021654414592,real,False
-0.5554362509388676,-0.1855508584848413,-0.6710920707666658,-1.48666381617485,0.9066712425894772,-1.3371134747433533,-0.6176106669334558,-1.3586056629355143,real,False
0.4725027902649125,-0.6313343377197844,-0.4730505575562116,-1.039768066741734,-1.0691774838147594,0.9191630420773448,-0.9429720081246896,1.3237919233244106,real,False
0.0769371371140536,-0.6602193410208421,0.8602347390968488,0.0754206817898439,-0.4333213045004422,0.5207124125157305,-0.3531605783689321,0.8954875147356571,real,False
-1.256105343848166,0.6343116258619325,-0.0493601264866524,1.3992626442679408,-2.054409059688065,1.8409244995456524,-1.0610345595122637,0.305105322752886,real,False
1.5430466465523158,0.4224648814177013,-0.862917240468811,0.318748342368208,1.7949846413414097,-1.3557486436440505,2.012602394021565,-0.9808350119068728,real,False
1.5430466465523158,0.6799477071425245,-0.862917240468811,0.318748342368208,1.7256086362431793,-1.3148019528764832,1.7687067199236677,-0.980218746570774,real,False
-0.2816911187534077,0.1535841887749769,-0.7875263495979102,-1.196522970520686,0.6202256965055358,-0.3610160625039385,0.4572348115164755,-0.0675297838082646,real,False
0.8508377356292329,0.7070255161789041,-0.7069672005779107,-0.2210297150359307,-1.4364324847210397,1.1761833274382765,-1.0610345595122637,1.3237919233244106,real,False
0.3612052848584125,-1.002730098036256,-0.9483870587605177,-1.5098580747497117,0.4867338152774492,-0.4759113942880156,-0.1654135486676731,-0.4553661019931887,real,False
-0.123602557599531,-1.1199137990020671,0.9278514543442054,1.254973373332923,-1.9868109633827096,1.669733534049605,-1.0610345595122637,0.6128271472449497,real,False
-0.7735188160425807,0.6622097784217581,-0.9505354720140228,-0.4754027980500145,0.857650044886093,-1.4456150493220563,-0.7309106100909578,-1.4551538989243462,real,False
1.5410442499034265,-1.4184153441071874,-0.5495813630740133,-0.9117873863642344,0.0843070836157044,0.1165814123761028,0.080236770567619,0.5384644633556793,real,False
-0.7593149874592322,-0.4112782662512715,-0.4008754197138764,0.928141302943606,-1.30806956769396,1.2074228146861932,-1.0610345595122637,1.3237919233244106,real,False
0.8980413302906418,-0.2168576385578133,0.5313828686044957,0.725432895418095,-0.4734768872003228,0.7338973453723007,-0.0714147020215154,1.3237919233244106,real,False
-1.1495658837622398,-0.8418318636576575,0.238345465617048,-0.6965491781257991,0.3001721464585256,-0.6907091049543512,-0.6599728138219908,-1.073685655879111,real,False
0.6135539163706577,-0.7183667767860163,-0.1317489037566362,-0.2142693626350809,-0.5987923068007709,0.7020140901990212,-0.4205890843631092,1.3237919233244106,real,False
-1.2504346062533402,-0.4934459386261305,0.194144186502815,0.7564565168986404,-0.0655575510633425,-0.3414381458407792,-0.7221373844039831,-0.8844921976967408,real,False
-0.4940060580212561,0.2267816387093278,-0.8515463233565361,-0.5550826521441681,0.5895166257370619,-0.0926574703689766,1.4280548996779925,0.5583903758895445,real,False
-0.0336464517320276,0.7335567884230138,-0.6527501631265772,0.8155547110538173,0.1485868092406034,0.2830285425124448,0.8299715714173729,1.3153696303977254,real,False
0.6301589358709488,-1.409577383428311,1.970219440846895,1.2276466581959171,-0.404878888049453,0.7731399377912211,0.2504373488949286,1.3237919233244106,real,False
1.5684084287509257,2.3253830082603715,-0.4475391382604524,1.7588327354434774,0.0042052576841258,0.065075455032685,-0.2080263591472645,0.1304968108581903,real,False
-0.6283348014050529,-2.740487909150158,-0.6640723469422501,-1.1744380318532994,0.102485103260793,-0.2653431605611738,-0.4922788714052454,-0.5794408563277724,real,False
1.561886507258587,-0.0619294540607276,-0.7898080350520895,-0.9657777997386182,-1.7512827619712363,1.5021218656357789,-1.0610345595122637,1.3237919233244106,real,False
1.2749921792034964,-0.8675823536440599,1.464762202047012,1.125982709366484,-1.6515230105589835,1.595151203540812,-1.0610345595122637,1.3237919233244106,real,False
1.7554806985384075,0.3029745211957463,-0.272068036798338,-0.2146362588732996,0.3332819505492929,0.1346373805518926,1.106704175943661,0.9893652676013934,real,False
-0.6179356753907467,-0.5076187600036799,0.1954480860662659,-0.8053270158823381,0.47668021311538,-0.935058469571456,-0.686292490882915,-1.2277519899038427,real,False
0.5544087933307561,-0.2350442724585862,-0.4181134456420685,-0.612589246249813,-0.3279166581236069,0.6962707399282885,0.3053326753362846,1.3237919233244106,real,False
-0.3958184350875912,-0.0362292659324571,-0.5019462990775276,-0.6783914436396999,-0.3845877804823552,-0.0403393799177644,-0.7858059365323139,-0.6478463086347532,real,False
0.2077702033456139,1.3458790952876207,-0.5977850886284483,-0.1606202607242727,0.2354274286804476,-0.4410008823483611,-0.5103266499613077,-0.7534331028863692,real,False
0.0873262982139655,-0.7758760063010912,0.1696724903370274,-0.6344967865146915,0.5300141672417072,-0.4670698482484041,-0.0583801952865815,-0.4085299364496703,real,False
0.0678706217105484,-1.4967482596706432,0.1256349525387931,-0.0098066895263316,0.126483857038578,0.3846256869557274,1.1796472809410794,1.2469641780907446,real,False
1.837278048276941,1.0601745495799293,-0.7399749805151843,-0.6220163964837903,0.7106345666872171,-0.9828424179579224,-0.4992974519548253,-1.0899139763963828,real,False
-0.8075474954148278,-1.2614877860204856,-0.2857863164371833,-1.0098797215793365,-1.918168859158606,0.6426168413047254,-1.0610345595122637,-0.5139113089225866,real,False
1.7619862680520002,-0.9537026118462392,-0.0696402046663317,0.0049834044900278,0.3371625316291215,-0.4556042397800038,-0.391261444209508,-0.6466137779625554,real,False
-0.555806324304504,0.412425451808907,-0.6383670121573638,-0.3210820358143856,1.3943020327548905,-0.9481913144086492,1.7275978909904148,-0.5934095372793481,real,False
0.8378511357204464,-0.5884894636445026,-0.0411609001348378,-0.6926099231676093,-0.0272881765747811,0.5818315495228058,1.2974591687375971,1.3237919233244106,real,False
-0.1817509953253759,-0.0677485662782415,-1.018048987846313,-0.234690073761355,0.8970336733245993,-0.6353697889868191,0.586326560910532,-0.4551606802144891,real,False
-0.1817509953253759,1.4185370683408969,-1.018048987846313,-0.234690073761355,0.5800958706376548,-0.4192240814737455,0.1712276541210996,-0.2618587864581259,real,False
-0.1817509953253759,0.07795888389558,-1.018048987846313,-0.234690073761355,0.3115547403861606,-0.5772544400312216,-0.5554460963514635,-0.8994879875418147,real,False
0.4531995172972373,-0.2464189366853343,0.3843618825760093,-0.1241991841546975,-0.7723371774881973,1.3034972346368687,0.4442003047815416,1.3237919233244106,real,False
1.3151385348614557,-0.4686881333963953,-0.3337601836104725,-0.4988007940929243,0.3335822314048973,-0.5047486347759252,-0.4546793327467824,-0.7480921366401786,real,False
0.2962853294412808,-1.260329577633643,-0.1244050885471881,-0.3221235739339514,-0.2944942501783452,0.5416091137391628,0.0077949927523134,1.3237919233244106,real,False
0.4949462046259791,-1.4205209981248326,0.3921164280819141,0.7105178283902709,-0.3628406730361326,0.6647647995801061,0.0977832219415684,1.3237919233244106,real,False
1.5542933504937468,0.1318339622365395,-0.3794643464140735,-0.3372451135065479,0.0214506878182842,-0.6386727793406071,-0.8198961849159871,-1.196527879541497,real,False
-1.3068795216112408,-0.3281725688296545,-0.4157351845689746,-0.8744345404503818,1.1163837638767926,-0.9447241502904828,0.3958222317076524,-0.8694964078516669,real,False
-0.2688262459240143,0.3892494031316528,-1.160806277793307,-1.9324308189751631,0.2259095392724996,0.0734011809587059,0.4030914758482886,0.827287484207376,real,False
0.876828594640853,-8.081165248193647,0.1891941011712705,1.0887508952565634,-0.5491493128286481,0.3372575044619759,-0.7020842971194695,0.0269642343935707,real,False
-1.4322665624960893,-0.33623735387379,0.0060483118196644,-0.5976792708182688,-0.344500345659613,0.5051694258042321,-0.1919838893196536,1.0627008425971656,real,False
-0.1331496169493626,-0.357578380310745,-0.8170556885781154,-0.587225341157192,0.486138395678197,-0.6853205620871957,-0.4579379594305158,-0.8760699047700555,real,False
-0.1506071226775217,1.288418340109334,-0.8570897034579874,-0.5303182628992971,-0.1201448236013372,0.2273220950879311,-0.1882239354538073,0.4287692335300704,real,False
0.4688477306066129,1.251943360110326,0.3705015882969979,1.3958356812319437,-1.1462584553730608,0.645849111436028,-1.0369708547708474,0.3291396708607441,real,False
1.6230512808397493,-0.5270717763574033,-0.1525904319599278,-0.8310658031141811,0.2634294483218574,0.3760626340626474,2.087801471338491,0.7416266024896252,real,False
-0.3482873319581469,-0.1519926604779004,1.8469403403940583,1.0062498246000913,-0.2613599587192467,1.0167742652775675,2.646781279394309,1.3237919233244106,real,False
-0.6396221386892905,1.7849305325023164,-1.2601492587850496,-1.4176119287485962,0.8982800418651432,-1.0860425495177248,-0.3709576933339379,-1.1474320744322826,real,False
1.395014139252585,-0.4127774121338942,-0.4161507902257522,-0.3299080678666128,-0.5847574543086497,0.9069175845582724,-0.0152660576248772,1.3237919233244106,real,False
0.0526221710140644,0.6691288588111679,-0.2165455397366968,0.216462943690651,-1.9581063351966663,1.4635696769037658,-1.0610345595122637,0.5066240876572348,real,False
0.5976230680787467,-0.9866320785831654,-0.2956348209876767,-1.0887570737020866,0.344676757405574,-0.8560191612855894,-0.7339185731836348,-1.2341200650435316,real,False
-2.3658848589492183,-1.0592046175693646,3.9729451658000334,1.3908285436012415,0.6411828865674366,-0.3291161845698814,0.6409712237608317,0.0555178616328209,real,False
0.071084661172779,0.7687067246001421,-0.241166187042279,0.8867101581504842,0.4737487552116571,-0.7543808203673782,-0.5439155711628681,-0.9999392373259396,real,False
-0.8726024217329904,-1.1614286278801436,-0.4650154351990501,-0.906941981704048,-0.938598269141731,-0.4223603781984036,-1.037973509135073,-1.2673983931928736,real,False
0.0698656208213822,-0.0707879115004894,-0.6762161390022186,-0.4041337642943665,1.1181662582688252,-1.2621643192672751,-0.2686869481829184,-1.2571273042578914,real,False
-0.1303528204035243,-1.5180929490465045,-0.8315364643647805,-1.5212433457137051,0.2130444677846748,-0.4706377257879479,-0.5644699856294946,-0.8308771134561342,real,False
1.6646993158748888,-1.633430359970927,-0.950196809520044,-0.4000733928936808,-0.3451487271041258,0.2603040370562158,-0.5273717741531444,0.0906449857904597,real,False
-0.3325849647787262,-0.4382253784589548,-0.0865246187745224,-0.642825378012559,-0.4892272562973402,1.0472974150792602,0.9249730724277562,1.3237919233244106,real,False
-1.0644182073182578,-1.176728363028866,2.402687496849073,0.3759823356984774,-1.5053572780731792,1.684899527574586,-1.0610345595122637,1.3237919233244106,real,False
-0.4968333001246708,1.3989894397336449,-1.0101527058011792,-1.2187201119551776,0.8756113942932868,-1.3642940551279246,-0.6649860856431192,-1.381407480371175,real,False
0.7933156537094526,-0.7212582154883108,1.9385493557387932,0.7677419727206669,-0.3890163527719489,0.9792853527547488,1.2004523589987623,1.3237919233244106,real,False
-0.7949410954631282,-0.2614571496726053,-0.2628289735037154,-0.2090369671632898,-1.5581307770051511,1.7106646868360995,-1.0610345595122637,1.3237919233244106,real,False
-0.3737242148889948,0.2990099773822112,-0.9515887371904368,-0.6228649996609147,1.2877707282481412,-0.7694182998776743,2.120137074584769,-0.4559823673292876,real,False
-0.306153729491313,-2.3421768584397107,-0.1820977105642929,0.3007974371563892,-0.3245457457083068,-0.0595491717275332,-0.75246767892181,-0.6344938930192765,real,False
-0.306153729491313,0.7685575770377143,-0.1820977105642929,0.3007974371563892,-2.0974402654259445,2.425599956183728,-1.0610345595122637,0.6066644938839604,real,False
0.0354546997000039,0.7414601787972714,-0.1765698588206185,-0.0440694410185349,0.5013243101755089,-1.3743982421784466,-0.8803061103605845,-1.5679304554304498,real,False
0.6914623325295751,0.5751286806009376,-0.6072386509185992,-0.6733326245751048,0.4246129122720002,-0.5136325372971099,-0.3338594818575877,-0.6353155801340751,real,False
0.5164444040164102,-0.4709855179316385,-0.303189792965392,0.3388691601216199,-0.6790990356108056,0.8912778494819785,-0.315561039710469,1.3237919233244106,real,False
0.2734176647616749,-0.3590317942164702,-0.2726928811950901,-0.7730452287718507,0.2311953395485324,-0.5628643453389033,-0.6248799110740919,-0.9574169291351138,real,False
-1.118335155919114,0.7310231128215154,-0.3145193226206374,-0.0259114827853546,0.9040174355238044,-0.7128117173788384,0.370505209010954,-0.6143625587067116,real,False
0.3724015937417317,-0.1199819143379618,-0.485385479785116,-0.739419940463907,-2.110339807670926,2.3335276612720905,-1.0610345595122637,0.307364962318582,real,False
-0.7958933813286768,0.3309749765360878,0.0495449064567894,-0.1026862422630684,0.8367716328547997,-0.4469000538989395,1.0550674761860384,-0.0174068698055519,real,False
-0.9912251583946884,-0.5157584947844778,1.3720974811917448,0.3675861736905261,-0.4995188024970025,0.3811068709289806,-0.6125973951123274,0.2262233597322234,real,False
1.5490915357712547,-0.6347619036335937,0.7384396942169875,0.0047709359211655,-0.5699566827660545,0.6810323055051062,-0.3927654257558465,1.3237919233244106,real,False
-0.6451912358109269,1.2014796351379713,-1.0453540124305576,-0.2669290488962881,0.288577289196081,-0.1648439558656364,-0.0120074309411437,0.0308672481888639,real,False
0.5624232217784924,1.0076470191461466,-0.5905011492633386,-0.1517462951241107,-0.293762964924989,0.627981485862086,0.2278776256998507,1.3237919233244106,real,False
3.065942106833139,0.876549271106336,-0.2735405424482858,0.3991508017222211,-1.7202949428217649,1.246844077406562,-1.0610345595122637,1.2861997378223762,real,False
0.9755082686770914,-0.2297191073043405,0.1893210368612554,0.3557632491091508,0.0201060886543358,0.4068490843135611,0.7322127709053688,1.3237919233244106,real,False
0.9755082686770914,-0.3103392492568001,0.1893210368612554,0.3557632491091508,0.0639997530928343,0.4229757095736239,1.0187212554828575,1.3237919233244106,real,False
-0.7295353329513865,-0.8959574936470655,-0.3566111085796776,-1.259273144462295,-0.676371163106667,-0.2826361796784301,-0.9810728739652655,-1.0991579564378666,real,False
1.6813676182170376,1.3759825653670537,-0.9577435568895648,-0.4616545934248766,0.0380954593623625,-0.0374340157603509,-0.3045318417039865,-0.1211448680488711,real,False
0.3399557750522399,0.3291666216694214,-0.8390200658493912,-0.7842423831958711,0.369766625523413,-0.4402623557675608,-0.3205743115315974,-0.5632125358105008,real,False
-1.5714404699273383,-0.1266167793588732,-0.6619611471428999,-1.0655647605132683,-1.4806048149152171,-0.0770405930731121,-1.0610345595122637,-1.0377368446066737,real,False
0.9967011451349446,0.5627285453754514,-0.8867697481647384,-1.0735311269574477,0.5535395959385674,-0.6765549246979811,-0.3521579240047064,-0.7686343145101427,real,False
-1.6933458430656052,-0.0850812335792459,-0.6184171824909312,-0.7520329535406332,-2.005096560250651,-0.0144950090318441,-1.0610345595122637,-1.1794778719094268,real,False
1.003162404601086,-0.2483899501183314,1.346886945290828,0.7410149089571663,-0.8719218657589035,1.1215683380875312,-0.4506687152898797,1.3237919233244106,real,False
1.003162404601086,0.4721817284808112,1.346886945290828,0.7410149089571663,-1.2845007243781168,0.7786071781664984,-1.0610345595122637,0.6366560735741081,real,False
-2.053917605523196,-0.3023765446329719,1.9031828245149387,1.7559512437305729,-1.845498452125196,1.727199747087847,-1.0610345595122637,1.3237919233244106,real,False
-2.051980714728548,0.9461016298863244,1.7325737205500382,2.638925588982726,-1.1145429867976946,1.1643997474888113,-0.9379587363035612,1.3237919233244106,real,False
-0.398740736642336,-0.7410135167460457,-0.2397290671485127,-1.170817994751906,-0.1047020430250741,0.3741071125367,0.16069978329673,1.165206310168287,real,False
1.3796189898566684,0.0745580347257231,1.8570728336338824,1.561601730302021,0.2581575714822215,-0.6118822427775427,-0.6381650814000822,-1.0034314075638335,real,False
-0.7270302098914873,-0.1393937628715243,-0.2667601380817833,-0.8237586399693791,-0.5603936061891623,0.1550413973076665,-0.8138802587306331,-0.4181847600485535,real,False
-0.776926875618721,-0.959718724945579,-0.1005681375356988,-0.8031189728480158,-0.927053134829802,0.9365899097293028,-0.7517156881486408,1.3237919233244106,real,False
0.3901503296379979,-0.9886243658805955,1.4629345148305593,0.4233427300948318,-0.4450877679431776,0.2635242199658033,-0.6466876434960005,-0.0449333881513039,real,False
0.4740402498074391,-0.4269782395373654,-0.6089738840360646,-1.1491582458283802,-0.7519590534167445,0.679854428843545,-0.6885484632024228,0.9228086113027094,real,False
2.242670241919154,0.8574868066173732,-1.12927871802751,-0.5052584558721458,-0.1942514008750718,0.6959937571392147,0.9039173307790168,1.3237919233244106,real,False
1.8245540850188329,1.0010517244069663,-0.8706890556811046,-1.188544624518084,0.4223364165712874,-0.9288087428191406,-0.7228893751771523,-1.258976100266188,real,False
-0.1023117770877254,-0.2491711872813253,-0.0793349798885659,-0.5774183148743625,0.1949153847825878,-0.7633964652731944,-0.7800406739380162,-1.229806207690839,real,False
-0.5624894085611125,-0.8091704956164405,0.841996930613042,0.0224558828936631,0.0011857718282609,-0.3785386646530189,-0.6928097442503819,-0.886135571926338,real,False
0.5760106131136924,-0.4832062226476531,-0.8271687756192733,-1.3529599631629994,0.2892423630885291,-0.5173943832274219,-0.5233611566962416,-0.8251253036525443,real,False
0.5540061705126793,-0.6364835254706794,-0.8142924555571949,-1.3747577785373286,-0.4798237394853114,0.2381505681716487,-0.7010816427552438,-0.1536015090834146,real,False
1.5645248217898549,-0.3584396382470649,-0.3378330623291453,-0.0890923060256937,-1.861813733022524,1.2160593434975542,-1.0610345595122637,0.5419566335935732,real,False
0.3600183189280488,1.916105770989946,-0.692599234873128,-0.1410527183370368,1.7680816427681771,-1.282139538309082,2.329190509525824,-0.8929144906234262,real,False
0.2286693506588561,-0.2557840325823821,0.8443600747039247,0.0512762184231757,0.681577394048074,-0.2920765883752405,0.9635752654504448,0.2459438504873891,real,False
1.2852854044057842,1.2468318413003308,-0.775890707694552,0.0066766358568885,1.5215517581227245,-0.9776936205608666,2.5465158429717407,-0.8920928035086276,real,False
-0.3484410026892963,0.4319557273707896,0.0985984235188008,1.135818076683928,-1.6908689901318057,1.2806044574928104,-1.0610345595122637,1.3237919233244106,real,False
1.0794807938034905,1.158229480743237,-0.6847256351939521,-0.0195631480379296,1.901521059932173,-1.4042766569414298,2.555790395840828,-1.1166188076273362,real,False
2.01805687797009,1.306844388607708,-0.5122968801428026,1.2550436468549806,-0.9095076752690368,0.8717624902009927,-0.7677581579762517,1.3237919233244106,real,False
-0.7514816530823771,-0.2472775729085565,1.5348632202982453,0.5148928323003804,-0.5364682679877256,0.2465404494069683,-0.747705070691738,-0.1942750212659437,real,False
-0.7514816530823771,-0.7449453330599031,1.5348632202982453,0.5148928323003804,-0.4766707256836512,0.6918275598736278,-0.1654135486676731,1.3237919233244106,real,False
0.2230635870770568,-0.3367354908373142,-0.6895804729927055,-1.268505519670577,-0.8528986299279577,0.7265978427043982,-0.7817953190754112,0.9499242860910622,real,False
0.7741515840236076,-0.9514009311751482,0.1666281803547022,-0.7492525508941672,0.9409470295400166,-0.6469761042994046,0.720431582125717,-0.4346185023445248,real,False
0.9279957569407924,0.3096046772617474,-0.548498998896265,0.3265440652190111,-0.7961434346852102,1.481207820426855,1.4197830011731305,1.3237919233244106,real,False
1.5175434149883296,-0.0097693955420244,1.4250649669851114,1.042479539310179,-0.8910237826287725,1.0445696798467414,-0.5940482893741522,1.3237919233244106,real,False
1.052928736596611,0.0052073351995429,-0.5009662404728582,-0.960329334790024,0.3072671096400359,-0.5310025933560736,-0.5155905853734926,-0.8277957867756396,real,False
0.8851538247438255,-1.591544118088085,-0.2386400908656232,-0.3762261305986627,-0.0594226559573673,0.5346555921180852,0.881357607583939,1.3237919233244106,real,False
-1.3937298634972586,0.5427893341504784,0.3273545866594902,1.178828785632184,0.0764261698692721,0.349552794248395,0.7630443926053085,1.3237919233244106,real,False
1.29996006820576,0.1885769752408006,-0.9313749873746326,-1.4349950173378203,0.1322788182920058,-1.0304902206222275,-0.9078791053767908,-1.4746689679008125,real,False
-0.6384150060060317,1.281068383236475,-1.092601148670016,-0.7432730225241495,0.3378418403772196,-0.0401308769166805,0.4507175581490085,0.5869440031287948,real,False
0.7974223696414116,-0.3876542452061061,1.0792999048918093,0.3928639712782473,0.5597491972132647,-0.4524119631113552,0.0416345775449302,-0.3551202739877634,real,False
1.8423221896143556,-1.4550726185527914,-0.0468701621574272,0.1409483055915575,-1.516619024763205,2.372059997110164,-1.0610345595122637,1.3237919233244106,real,False
0.6389077366730452,-0.133131075159129,-0.4322513834338312,-0.8289925720840088,1.1063285123831943,-1.3266250260480497,-0.3757203015640099,-1.315877932965989,real,False
0.0326902275410055,-0.3294118754961826,-0.1047143931830562,0.6322059605746978,1.2786279224523125,-0.8114631047434422,1.767704065559442,-0.4013401741951828,real,False
1.634170491342564,0.020213098832187,0.6123864230319044,0.3900764191693627,-0.4648999970563883,0.5950929084717071,-0.3052838324771557,1.1785587257837635,real,False
-0.2665154314010327,-0.941206225642126,0.3387129395380642,-0.2945535065023656,0.0957354334260064,-0.4682100815122961,-0.6755139564674889,-0.9391343908308456,real,False
-0.5555765997474712,0.8781109152991943,0.3175474149320128,0.7812243353619754,1.38560658729843,-1.1954652127470742,0.5615108653959464,-1.069782642083818,real,False
1.0778454969837654,1.7899306140794091,-0.8637214382162021,-0.500541926446372,0.6918274032366059,-0.8127432503936777,-0.3213263023047666,-0.8966120826400197,real,False
1.3493759657569824,-0.7004641271786497,-0.5780630968682118,-0.4841350228332037,1.0240864448884357,-0.7724835214622507,0.6093876112877228,-0.6283312396582873,real,False
1.4448378123442889,0.649090858175094,-0.4479650347855737,-0.3516819313762113,-0.1454009677478261,0.5502971428310128,0.5459697227504484,1.3237919233244106,real,False
-0.4332448828705076,-1.1316787784301483,0.6313087198257789,-0.0568266953363854,-1.4550440574703851,0.5218828560463826,-1.0610345595122637,-0.1879069461262548,real,False
0.0007770572460895,0.6119118734109857,0.8325548906979194,0.5842381302173406,-0.2003889917066886,0.5250195924713298,0.2572052658534519,1.3237919233244106,real,False
-1.29352649733206,-0.8850501110998432,0.4572668989623632,-0.3096331499571634,-0.1883148312028003,0.3702326096415433,-0.0774306282068695,0.8624146083650147,real,False
1.589256907842629,0.5199893130782706,-0.0021021334634479,1.542931495644691,-1.3476440681224895,1.193913978495461,-1.0610345595122637,1.3237919233244106,real,False
0.0087197972007881,0.4829284576230154,-0.2607236412046336,-0.4968059782391821,0.5171173372430046,-0.4565406748385185,-0.0666520937914434,-0.3959992079489922,real,False
0.3773245849632092,0.2689050205691108,0.5684765422519525,0.6496746095487337,-1.7874488923513694,1.0504396357491763,-1.0610345595122637,0.4505439420722325,real,False
1.463447290439713,0.2706317922335119,-0.1526625189905599,0.8283220389656765,-0.63269359052845,0.6346076297641012,-0.5584540594441405,0.9573194701242492,real,False
1.4819229138212489,0.2699035899743467,-0.6455410142519323,-0.2004595775343932,1.016380412945341,-0.4566606853047124,2.175032401026125,-0.2593937251137302,real,False
-0.3741758413353525,0.110057415512641,-0.5211110479494405,-1.1533633261830614,0.4276994192902308,-0.3098749839818684,0.0215814902604166,-0.1357298143365457,real,False
0.6107808656692182,-0.7229229481758507,0.2615560687795739,0.1524179134681852,-0.7060165070552005,0.8323021348639605,-0.462199240478475,1.3237919233244106,real,False
1.0048915935470255,-0.7124192923696121,-0.8697279134374366,-0.5063664381391944,1.492673957831403,-1.044979509816361,1.8155808114512184,-0.6928336781699749,real,False
0.802561064049147,-0.2851391553840783,-0.9325732144002236,-1.3577512670575251,0.6719906501731722,-0.5129102051291325,0.1990513127283623,-0.3941504119406954,real,False
0.0867402425923434,-1.019864926139189,0.8430216173061147,-0.4246504456556736,-1.779635726487662,1.9377591241615169,-1.0610345595122637,1.3237919233244106,real,False
-0.1103132640358767,-0.070891945568463,-0.0797393202102779,-0.4441582651222845,1.2168743361649526,-0.8871365098175839,1.0069400667032058,-0.674345718087007,real,False
-0.7034510447385423,-0.3376276983763845,-0.1806901240156675,-0.4712842752811478,-0.2553075465943636,0.7934374054873249,1.0317557622177913,1.3237919233244106,real,False
-0.3678025596060373,-0.2561376775042473,0.4400152583644061,-0.5816141955036649,-0.1974909468497895,0.2293597245054122,-0.3351127998128698,0.260323374996364,real,False
-1.12905205671267,0.1213614400534622,-0.3337257413186067,-0.1157406468432533,0.4784599511990569,-0.7844485698464313,-0.5667259579490024,-1.0385585317214725,real,False
-0.4224767725326228,-1.3944348532546158,-0.6102207444710167,-0.4824802571835783,-1.9715593189885372,1.2183088356526008,-1.0610345595122637,0.091055829347859,real,False
1.689881173521377,1.0433706658998323,-0.4528331144721013,0.4717916031355864,1.0662117844808057,-0.7644899696165357,0.8116731292702541,-0.5685535020566914,real,False
0.6291943488139781,-0.1547998520247149,-0.486998816735354,-0.7896067550349952,-0.842672347457875,1.0837491901885268,-0.4283596556858582,1.3237919233244106,real,False
0.4986861900701227,-0.0846508027872498,3.1371582228628285,2.1877478121157314,-1.3431967261587257,1.3557670236500898,-1.0610345595122637,1.3237919233244106,real,False
-0.6227083115687754,-0.7919809521717973,0.8274365369410736,-0.1014916649543041,0.4165568997450636,-0.8421452477586422,-0.6705006846463605,-1.1675634087448474,real,False
0.425189646889695,-0.6321061185516477,2.374922338904044,2.6307162542525697,-1.6890345979788783,1.0907349803590642,-1.0610345595122637,0.884600160464576,real,False
-0.554555082227339,1.2845041490579088,-0.8824701403572912,-1.2757414923711263,0.5546546387540193,-1.547149770889935,-0.9121403864247498,-1.6427039828771195,real,False
0.5625322951772587,-0.5949869247922328,0.062799182667145,-0.6688560882367991,0.4382791848394593,-0.5219162485884461,-0.323331611033218,-0.6314125663387818,real,False
-0.5351944215090775,-0.3609778895829081,-0.0825920596699738,1.0422698935477188,0.0648109733054884,-0.4891918713077995,-0.7141161494901777,-0.9933657404075512,real,False
0.5851709647073395,1.212530723672058,-0.4505300858961254,0.1379183938655663,0.716277542925308,-0.2090508448213028,1.5794557086760703,0.3517360665177047,real,False
-0.7677032173079219,1.3310526687471511,-0.3607366674237537,0.3130297788572319,0.2924503732662132,-0.7233102062845315,-0.6890497903845356,-1.120727243201329,real,False
0.0978588877559927,0.9050526344624056,-0.9281079212710064,-0.3228680320662385,0.2880159846117743,-0.4477135030996562,-0.4506687152898797,-0.6994071750883634,real,False
1.518850157309636,-0.7998671452069489,-0.2077614080958059,-0.3000646397149685,-0.2944716693901702,0.4340239817068952,-0.2052690596456439,0.8576899074549229,real,False
0.205377991646364,-0.8009406823350131,0.2806371174988658,-0.0430106398980046,-0.822552674647034,0.3895511285680705,-0.8971005709613646,-0.108614139548193,real,False
0.205377991646364,-0.445194322979294,0.2806371174988658,-0.0430106398980046,-1.848264967449544,1.0824012802761414,-1.0610345595122637,0.3196902690405606,real,False
0.3342455447726933,-0.1027731532448117,-0.4785078432666069,-0.1560343605930434,-0.5198721404439415,0.8499505009713574,0.0576770473725411,1.3237919233244106,real,False
-0.4341620722496808,0.6185859435927488,0.0700162248728675,1.0451427203597596,0.6457442328114359,-0.4822444226251404,0.2008059578657572,-0.3485467770693748,real,False
-0.7526582582385479,2.3384955263324363,-0.411271162272989,1.567864313364059,0.5300528538419781,-1.1580956146918304,-0.7800406739380162,-1.4064689373725312,real,False
-0.9565292328180314,-0.7557336119086242,-0.532557588235213,-0.5537994390777369,0.5261909762731177,-0.7817363999672535,-0.5110786407344771,-0.9843271821447668,real,False
-0.9565292328180314,-0.2052136438732033,-0.532557588235213,-0.5537994390777369,0.6102239447174337,-0.7756357411156146,-0.3955227252574672,-0.8773024354422534,real,False
-0.9565292328180314,0.9310824762310708,-0.532557588235213,-0.5537994390777369,0.3496006733304539,-0.609964988312822,-0.544416898344981,-0.910786185370295,real,False
0.1786254682124116,-0.8315308039813843,0.8960440535183913,-0.0454658300205735,0.3080744178458992,-0.675734373955819,-0.6419250352659286,-1.047186246426857,real,False
-1.127184299488424,-2.6041857619420634,0.8641895908685854,1.0728520348306954,1.4408327806790835,-0.9550559333355562,2.0256369007564987,-0.5397944530387415,real,False
-1.127184299488424,-0.8075705282913084,0.8641895908685854,1.0728520348306954,1.7919278915028156,-1.3915383581149567,1.7559228767797903,-1.0500621513286523,real,False
-1.127184299488424,0.1531268854285475,0.8641895908685854,1.0728520348306954,0.0306569417700446,-0.0921769979944499,-0.391261444209508,-0.2842497603363869,real,False
-0.0678033310085704,-0.629445542708676,-0.2711215989430943,-0.952277883229714,0.2521448472395436,-0.73860344460945,-0.7291559649535628,-1.1675634087448474,real,False
-0.413908996270186,-0.4811446815932506,0.1732545310150159,-0.4993577567704361,0.2708415080726004,-0.4823871327326712,-0.5098253227791949,-0.7856843221422131,real,False
2.8689243442212926,0.449752650332352,-0.0665374814961381,0.670114914320199,-0.8940169806767113,0.9033582990092756,-0.7238920295413781,1.3237919233244106,real,False
-0.3593176784117403,-1.4206147171472252,3.3466093401417365,3.1728533533882493,0.3068540304724339,-0.4932385376419858,-0.4767377287597474,-0.761033708698256,real,False
-1.5806261223295313,0.839027362720971,1.647957116871987,2.1393144865422906,0.2488075787919094,-0.0504754024394682,0.1398947052390471,0.3431083518123197,real,False
-1.5806261223295313,-0.135253575555134,1.647957116871987,2.1393144865422906,0.5220690140836409,-0.3753879336138348,0.1173349820439692,-0.2102979200045158,real,False
1.6905738056103532,0.9720471488421264,-0.5062860412578882,0.3247281548479818,0.8551841069455876,-0.7552887149442722,0.1183376364081949,-0.7289879112211118,real,False
-0.5596682489573777,-1.034727595622546,1.084901319616995,0.6879113149294173,0.5771524584076083,-1.4709298115440748,-0.8828127462711487,-1.5973057697844986,real,False
0.3230472670603011,-0.0507185706625689,-0.2347682635602684,-0.6234333674795002,-1.0846783233892876,0.7396422674060363,-0.9903474268343532,0.6921199538230115,real,False
0.439641154084773,-0.2793828564358266,0.0902021596575189,0.779529728578011,-0.3610301621592975,0.6282282255457069,0.015314900484006,1.3237919233244106,real,False
-0.2143927159805361,-0.4596734896353265,-0.0883327647739615,-1.0356512133380538,0.2608140483705606,-0.231574163595486,-0.1959945067765564,-0.2380298601289674,real,False
0.2420555285517227,-0.0340604455458055,3.1861509235360685,3.752110720025807,-0.9196883521308842,1.0720176055330322,-0.6268852198025433,1.3237919233244106,real,False
0.581517199054031,1.399867825911575,-0.5599444174112069,0.761296003899894,1.0480011514553362,-1.061456833879064,-0.0643961214719356,-1.0699880638625177,real,False
0.581517199054031,1.5003073106328515,-0.5599444174112069,0.761296003899894,0.6522231886737747,-1.0796340932459474,-0.6441810075854363,-1.2519917597904004,real,False
1.3104609625725736,-0.2337215252007431,0.0149366789032803,-0.4684391347122297,-0.057204799244023,0.6574648261875828,1.5451147967013406,1.3237919233244106,real,False
1.9451164455701624,-0.4027149405752906,1.7593707488888315,1.2194162820260377,-0.76880129708347,0.5709555289396612,-0.7782860288006213,0.4710861199421967,real,False
0.8824661249787829,1.5394665445548112,-0.8089488467193308,0.5248343667931127,0.925545502274423,-0.8447184587842519,0.0967805675773427,-0.8319042223496325,real,False
1.6269452454729971,1.30520600633788,-0.8606344283557964,-0.2623492072499912,0.0837175144702495,0.2423278461824377,0.4151233282189968,1.1678767932913825,real,False
1.2388685670359432,0.5093987436113445,-0.8290242722944707,-0.3326971942209959,0.3144465655342702,0.3628635754361838,2.440485143954875,0.5292204833141954,real,False
1.86656921945756,0.4075339546202335,-0.1830010516163054,-0.6174065223716833,-0.4949381497238737,0.5098505987831546,-0.4762364015776346,0.7054723694384882,real,False
0.6000245807522189,0.0576457730004788,-0.5983250788417456,0.6254047885247814,-1.6031865106734138,1.4015151584472434,-1.0610345595122637,1.3237919233244106,real,False
0.8995197279451492,0.0219112050135321,0.1792571020290835,1.2721459319408033,1.0639890597149222,-0.8935525773020899,0.3722598541483489,-0.8216331334146504,real,False
0.8995197279451492,-0.2087571667474871,0.1792571020290835,1.2721459319408033,0.9519033994532604,-0.8148860326292984,0.2409121324347845,-0.7663746749444467,real,False
-0.4126393066970953,-0.4432365582386109,-0.533303210275706,-0.8600549387309093,1.067401972156332,-0.829000711867167,0.5840705885910242,-0.7018722364327591,real,False
-0.4126393066970953,-0.2161673293640602,-0.533303210275706,-0.8600549387309093,1.6643925995444682,-1.5551155452975494,0.4213899179954073,-1.3460749344348364,real,False
-0.1929460017721576,-0.7689023049783112,0.4214851308825196,-0.2966195258797528,-0.4365220251876516,-0.2682318772834967,-0.9011111884182672,-1.004253094678632,real,False
0.4834983968546265,-0.2656843881916709,0.7820572192409383,0.2399294275719945,1.37453785866459,-0.8395091369521045,2.32668387361526,-0.6482571521921525,real,False
0.1494549352084264,-1.1456319382254998,2.2815685536874524,0.7877949596750623,1.2704819475011204,-0.6851192621683265,2.6334961090683184,-0.7565144295668639,real,False
0.8503158771945146,0.5467603625513553,-0.7363616625662075,-0.4967630888566446,0.5757012087736486,-0.2980326420458259,0.4955863409481078,0.060037140764213,real,False
0.1411597980207972,-0.049868278879888,-0.8570124553341826,-0.9200256604915514,0.0889246259051364,-0.3688293536138977,-0.6055788145627475,-0.7895873359375062,real,False
-0.3318762577998524,-1.0235658165430102,-0.1355489919166626,-0.916224382037964,-1.7368424390356587,1.4825254412920508,-1.0610345595122637,1.3237919233244106,real,False
0.2475032004357804,-0.941509703043332,-0.6179922327969151,-1.250068622550404,-0.3724430382728135,0.3924007879115817,-0.4173304576793757,0.4930662502630584,real,False
0.1937754374396386,0.182534109217536,0.0115433793465995,0.0172583111426063,0.6604617549875226,-0.5210130921831421,0.1474146129707397,-0.4216769302864474,real,False
0.0769673391195928,1.784065578874365,-0.4714855196720465,1.2061564392106154,-0.3457693485648721,0.7869579714652123,0.5376978242455864,1.3237919233244106,real,False
-1.5630221826844806,-0.8326403857694799,-0.6772147167156937,-1.0084585947015114,-0.6248170366814063,0.5999476152466712,-0.5810137826392183,0.8198923001741888,real,False
-0.6971263279343392,-0.5578425419593556,-0.5573445593802421,-1.0673758666430615,-1.950846756592135,2.33422841935054,-1.0610345595122637,1.3237919233244106,real,False
0.1422231184764631,0.2683350167731496,-0.4143563783352086,-0.0713448293898805,1.3279813442322017,-0.7996969097074869,2.230429054649594,-0.5539685557690168,real,False
-0.1195455366817741,0.4311158103337961,-0.1881614320944131,-0.0810964038148933,-1.4869619704118366,0.8859760990202251,-1.0610345595122637,0.7192356286113643,real,False
-1.0052048672884666,-0.8521845773135663,0.6880886813227961,-0.4497442558801351,-1.6675796100292333,0.9143650289715404,-1.0610345595122637,0.4373969482354554,real,False
0.0341398925575875,0.5737626433525232,-0.5088934314985262,-0.3998394123157874,-0.6906100771504945,1.2598590020635687,0.7512632038256568,1.3237919233244106,real,False
2.299488375421213,-0.014071813150227,-0.6742769097382401,-0.8480032137203474,-0.2751345622461738,0.6952497808913803,0.5131327923220573,1.3237919233244106,real,False
0.6216032262736548,-0.802636392788719,0.1190087413327807,-0.7737109387855975,-0.6048040065375241,0.958468833314984,0.0456451950018329,1.3237919233244106,real,False
-0.362809366387209,-0.3690031643069398,-0.1860519734207082,-1.022438190398028,-0.293799730105889,-0.362254270712846,-0.8687755851719892,-1.0506784166647511,real,False
0.1898941760112223,0.3629395595331861,0.8591921509760411,1.3887684576829094,-0.1475701833036959,0.622929921406059,0.8204463549572288,1.3237919233244106,real,False
-0.3956800369805953,-0.0703212076765753,-0.2948557649521923,-0.7893524748186268,1.295712344773946,-0.8783924525657538,1.486459516394138,-0.5568444606708118,real,False
0.3267326693839027,-0.3052723928841728,0.0757312800036094,-0.4108520689236831,-0.5749215054847492,0.180402422238592,-0.8123762771842945,-0.3779220914234236,real,False
-0.90620731184768,-0.8789869902320303,1.317678458080758,0.0318716333130961,0.1236762282507258,0.3923208598845759,1.2027083313182705,1.2444991167463488,real,False
-1.0653682608411408,-0.0270320925721007,0.3435337156513379,-0.0762061298820464,0.5951062025965661,-0.4858946833838772,0.0569250565993719,-0.3992859564081864,real,False
-1.548944513651968,-0.42393015293452,0.4737398027454858,-0.2546238542163175,-1.1984437572743047,0.2358689281926342,-1.0610345595122637,-0.5819059176721681,real,False
-0.3837589447643814,0.5661482031991611,-1.1927492662380954,-1.3778140129750232,-0.0246578274923553,0.4412835744481181,0.6647842649111917,1.3237919233244106,real,False
-1.1301879517891618,-0.3149300051809301,-0.5990267249088241,0.0161508682424998,1.6291286501457387,-1.3298942611451383,1.105952185170492,-1.0940224119703756,real,False
-1.1301879517891618,1.1875973597219502,-0.5990267249088241,0.0161508682424998,0.490085157644426,-0.7500685420922621,-0.5213558479677902,-0.9759048892180816,real,False
-1.1301879517891618,-0.0686296563474332,-0.5990267249088241,0.0161508682424998,0.3203297958158865,-0.9471323215860392,-0.7968351345387964,-1.3362146890572535,real,False
0.3813432226617135,-0.4713441518667524,-0.4904744976212385,-1.2432646303815074,0.5397289144071429,-0.4170896793344308,0.0684555817879672,-0.2926720532630722,real,False
0.1853839165217161,-0.2639907049458999,-0.7755067441740809,-1.2957474522773629,0.5760771264250023,-0.646597071709807,-0.2737002200040467,-0.705364406670653,real,False
1.051630760578612,-0.282618348663626,0.1716409649862279,-0.4066526909053978,-0.1581045195605716,0.7781908377354689,1.5899835795004398,1.3237919233244106,real,False
0.2248488168747547,-0.1862664028732776,-0.751206775507875,-1.1011658215413764,0.8631919156791049,-0.9592422785753162,-0.2491351880805175,-1.018221775630208,real,False
-1.123641486042639,0.591089621007768,-0.1490304683184782,0.7562283269489789,2.022800333667874,-1.6152938473774288,1.9925493067370512,-1.1957061924266985,real,False
-1.123641486042639,0.7822160763100564,-0.1490304683184782,0.7562283269489789,2.789308262956548,-2.384102808339678,2.7287482736697584,-1.559097318946365,real,False
-1.123641486042639,2.7232795033114336,-0.1490304683184782,0.7562283269489789,2.0250993787652622,-1.6228231302231486,1.958960385535491,-1.2047447506894826,real,False
-1.123641486042639,0.9295842182990648,-0.1490304683184782,0.7562283269489789,1.7740513393631203,-1.368482071295785,1.774221318926909,-1.0274657556716915,real,False
-1.4329922992980353,-1.3125357306170655,0.7400524263039462,-0.3176352072648665,0.1829303017987718,-0.5761142381695379,-0.6775192651959403,-1.018016353851508,real,False
-0.9225215558527852,-1.5694728150613917,1.272099482854249,0.1007078139137486,-0.4082583352241342,-0.0860158237949466,-0.8226534844176078,-0.7400806872708925,real,False
1.4954224640284566,-0.0452445848204125,-0.0437100178581472,-0.1379830322549239,-1.827394591678915,2.4948180918397536,-1.0610345595122637,1.3237919233244106,real,False
1.6904813779139527,0.6308576329621446,-0.1364187695116883,0.926402327749412,1.760931810793121,-1.3162544635313658,2.0206236289353705,-0.9430374046261388,real,False
-0.2215828851216835,0.059979933166923,-0.455454418867407,-0.5756170642936381,-0.1643989978217009,0.7176541225330431,1.1836578983979822,1.3237919233244106,real,False
0.3450875900203664,-0.3342603947948726,-0.6152379138683699,-1.2087642394629452,-0.4028612561832082,-0.1521279380511479,-0.8464665255679676,-0.8364235014810246,real,False
-0.7769506618107448,-0.1908365175886699,-0.0069912921396819,-0.6211603572341418,0.1669256325731292,-0.5554054364287225,-0.6765166108317145,-1.0028151422277347,real,False
-0.1798554421407222,-0.5435876809949023,0.5103421681408858,-0.0572136763797735,0.8518172949609447,-0.7520002284505939,0.1170843184529128,-0.7254957409832179,real,False
0.3745254378537755,1.516621630129078,-0.6651088666478526,0.5878845861890589,-1.1474420099373694,-0.4686517480081378,-1.0580265964195863,-1.319986368539982,real,False
-0.649833314508234,-1.656001559478372,-0.2758976901991434,-0.9429053831540868,0.1565103189190442,-0.7758322844561939,-0.8078643325452789,-1.263084535840181,real,False
0.3340123619993317,0.0278340856201368,-0.7123598115998103,0.0247532071262941,-0.1086473571277352,0.2241131652198008,-0.1691735025335194,0.4449975540473422,real,False
-0.9945207206514364,-1.0258850603329048,3.763889090521981,1.9699888971220336,0.1320952905349806,0.0967777262117,0.1672170366641969,0.6027614800886673,real,False
-0.5729592212114418,-0.1178792163259428,-0.1927755529777865,0.2608500362608542,-0.305226094181238,0.2459524006887737,-0.4867642724020042,0.1122142725539221,real,False
-1.1273971533361369,0.9464086011016136,-0.613273926122999,0.0978071806841118,1.1517695823260683,-0.7867628471958025,1.127509254001344,-0.5204848058409752,real,False
1.022688439471097,-0.8474315141033081,1.4637931158711983,3.0798517630654114,-1.8660980475854336,1.8214421400205156,-1.0610345595122637,1.3237919233244106,real,False
-0.4088605443415261,-0.993938685676928,1.3552942070113665,0.0967998012872553,-1.4176679929133245,2.190372468171755,-1.0610345595122637,1.3237919233244106,real,False
-0.3964530739379936,-0.3505129428398991,-0.8617135390336945,-0.794725710651461,0.4455993121504653,-0.6858553277886972,-0.5088226684149693,-0.92516570987927,real,False
0.1908585661783494,-0.9697361783070022,-0.1588623896993929,-0.4068144158279734,-0.4884468763008806,0.6295593768544648,-0.3010225514291966,1.2956491396425598,real,False
0.2700276028028087,0.4746974655048554,0.1713953476999578,1.442632742090261,-1.7135491688045084,0.8947497373499219,-1.0610345595122637,0.2860010973338193,real,False
-0.0999743801897384,0.2906853519032618,1.6873259721395752,1.3919375841133457,-0.31779741604306,1.0420908521573964,2.282065754407217,1.3237919233244106,real,False
0.1094445327719267,0.4105170801276504,-0.6392826655502581,-1.106265546850759,-0.3961117364622256,-0.0359740829843941,-0.7915711991266116,-0.6488734175282515,real,False
0.2390861763384771,1.822635286280812,-0.4548427394360386,0.5668183962499472,0.2534223047677866,-0.653257316552328,-0.6727566569658683,-1.0632091451654293,real,False
-0.5584401999131771,0.3782705111793423,-0.6329937228530848,-1.5372036393286006,0.6059222459222025,-1.0830199665715703,-0.6847885093365764,-1.290611054185933,real,False
0.686500756544248,-0.8032125937106709,0.5170240522768815,0.466590620176352,-0.1429615106653425,0.705388295016872,1.2510864043921592,1.3237919233244106,real,False
0.4604498292977147,-0.8022648651766976,0.9698900374923152,0.2427125700742169,-0.4606664488688105,-0.2327472203103559,-0.9011111884182672,-0.9720018754227884,real,False
-0.9508915394148152,0.7169753736718724,1.95583810455969,3.42905102901643,-0.4721345646954162,0.6721033302677327,-0.190981234955428,1.3237919233244106,real,False
1.3031162523692827,0.7073154615700759,-0.8987522499184052,-0.7133864907114242,0.6784847151372655,-0.9113460424194716,-0.4624499040695314,-1.0213031023107024,real,False
2.684673092368956,0.8246768855023463,-0.8928349206795279,-0.7334871113416477,0.5249200882473206,0.0519502452377679,1.866465520435672,0.4429433362603457,real,False
0.0047392718861242,0.3994468019057684,-0.2231257318073378,0.2976790427041815,0.9616630582192056,-0.6355019000478375,0.8540352761587892,-0.3814142616613176,real,False
2.0321494414310104,-0.1012666500211318,-0.2592543719694776,-0.6798702329040839,1.3526310029730897,-0.8420643897256779,2.1226437104953333,-0.5044619071024031,real,False
0.297604994351215,0.006294528800419,0.0644764669600633,-0.5195393996009795,0.2987458746709422,-1.0488886006496725,-0.850226479433814,-1.428859911250792,real,False
0.3435778539386574,-0.9940157469000616,0.1997296550045264,0.0897351587445299,1.5520562239055251,-1.1416188713710684,1.633097717162144,-0.83334217480053,real,False
0.3435778539386574,0.484730476071031,0.1997296550045264,0.0897351587445299,1.2047262633993974,-0.8422915709508201,1.1473116776948011,-0.5876577274757582,real,False
0.5483501676367876,0.6339064845432939,-0.1331407160450015,-0.0717239581464671,0.6276834999531525,-0.050836827106907,1.9531951229411928,0.2744974777266393,real,False
-0.6915452245980354,0.349399242436774,0.7886762787135763,1.384811925214801,-0.4744165884999338,0.5227499635312349,-0.425853019775294,0.8061290410013128,real,False
-0.1874949675872345,-0.0758328021261007,-0.5752851001919232,-0.6569183367458644,-0.6081236357794817,1.4408567421173613,3.045587052765074,1.3237919233244106,real,False
1.2500582279033434,-0.2459539602756455,-0.112499497262652,-0.55585710008098,-0.5827533295180896,0.7737046667869415,-0.2784628282341188,1.3237919233244106,real,False
1.6393986748370712,-0.3738418968897452,-0.739683630350583,-0.9392123483953324,0.1946392130776793,0.1948954899155152,0.6913546055631723,1.2970870920934572,real,False
-0.5187001663048708,-0.3187761048091204,0.566970529495228,0.7094905642915542,1.6631334688578223,-1.2612861662146249,1.6654333204084224,-0.9465295748640328,real,False
-0.5187001663048708,0.548796220013292,0.566970529495228,0.7094905642915542,1.1797218918229353,-0.6933807645490695,1.8100662124479767,-0.2127629813489115,real,False
2.6311516012713114,1.0265512577732472,-0.5084859090412959,-0.7726043934105721,0.3529584168634554,0.1887432147497733,1.5100218939534418,0.8155784428214964,real,False
-1.572386051004983,-0.0510126174936859,0.4096586591887238,0.4237978184154747,-0.2284113510467516,0.8611749284261733,1.6153006021971383,1.3237919233244106,real,False
-0.401579911597053,-0.9882221788861262,0.3414465989768914,-0.7203019943065867,-1.541640539541833,-0.1051323699699586,-1.0610345595122637,-1.0782049350105032,real,False
-0.5546992188248636,0.6654362643152051,-0.7665715753849628,-0.4485932368869523,0.7552913222041799,-0.7287856234313904,-0.0653987758361613,-0.7448053881809843,real,False
0.7820272345558243,-0.8154232464337857,-0.261810551520784,-0.6591714198511469,0.3115025649965321,-0.6256121984615567,-0.5985602340131678,-0.9736452496523854,real,False
1.285076621825834,0.5846337699601131,-0.5984437315504444,-0.3005051197524318,-2.2750108357098333,2.8553276629568902,-1.0610345595122637,-0.2748003585162034,real,False
-0.0430217349986085,-0.3750855500973748,-0.3492571910458525,-1.1644636549531322,-0.4861655564958221,0.7402890685033608,-0.093222434443424,1.3237919233244106,real,False
-0.5569296108645022,0.8455217677021531,-0.5473618003464484,-0.2027577667120459,0.5858540943239501,-0.3452244075349604,0.3867983424296213,-0.0646538789064696,real,False
0.7942752016687545,0.7670579325998125,-0.6971569008152604,-0.249630819351111,0.0278105141333979,0.3710993428809621,0.630443352936462,1.3237919233244106,real,False
0.7942752016687545,-1.9325370132813715,-0.6971569008152604,-0.249630819351111,-0.5127456539720753,0.7178587623683539,-0.2070237047830389,1.3237919233244106,real,False
1.4480938865020687,0.3499534560000709,-0.2147547297491478,-0.345516058496608,0.3813882715260354,0.1543161428542911,1.496486060036395,0.782505536450854,real,False
2.493650673964489,-1.0977074824917556,-0.5453569133242846,0.4967025071200234,-0.6786990803311365,0.4712298598715102,-0.7456997619632867,0.2605287967750637,real,False
-1.129094719776878,0.979051764806156,-0.4447390147902286,-0.1981674642615325,0.9333541454500504,-0.5631589278866085,1.0234838637129295,-0.2232394920625932,real,False
2.2131758563805497,0.4813519830491524,-0.4537760998199958,-0.5671082282117708,-1.0346332810025518,0.9921673335593618,-0.8777994744500203,1.3237919233244106,real,False
-0.4701675354155451,-0.2378214675698122,-0.2244278791786546,-0.5368493157946808,0.0641425076497865,0.4182695538426503,0.9976655138341182,1.3237919233244106,real,False
0.328301081052371,-0.5082851647979771,1.0580190397187264,0.467966557388547,-0.2591324555430318,0.6151596930279783,0.3133539102500901,1.3237919233244106,real,False
0.547025365087894,0.2338569437524742,-0.3813261812430237,-0.930543294250771,0.852479345975108,-0.3211294752295719,1.835132571553619,0.0838660670933715,real,False
-0.9171144179977496,-0.7522146456202924,2.324082912106259,1.1127487949923285,0.4464982960857693,-1.0739088701659227,-0.7865579273054831,-1.3803803714776766,real,False
0.0659903841203297,-0.9576252177852128,-0.0121361021561641,-0.8277702246174345,0.9589567549327488,-0.888759893887724,0.083244733660296,-0.8803837621227479,real,False
0.0229554338954646,1.6756703182664916,-0.7467267606313996,-0.7134023525888035,0.2892188445757558,-0.3061245285198696,-0.261919031224395,-0.3826467923335154,real,False
-0.1795395543162094,-1.3139049649810872,-0.5280256086039201,-0.7764798896616197,0.7155767035463543,-0.2000254909199839,1.628335108932072,0.3287288273033448,real,False
-0.3139184894764193,0.1709115258605573,-0.66094105761987,-0.1509326350491257,0.4804694241857953,-0.5380974230251726,-0.2764575195056674,-0.597517972853341,real,False
0.151986339444427,-0.4277586725807298,0.8206038370105301,0.9341039397853632,-0.3945089815050964,0.4026343799651881,-0.4411434988297357,0.4866981751233695,real,False
-0.3449392879078901,1.2854210675262483,-0.7812522333165446,-0.4765992114301871,0.418387730271921,-0.7083404458061264,-0.5609606953547047,-0.9892573048335582,real,False
-1.5777566590743302,0.1071346646407557,2.312703318622916,3.311344448252612,1.0481571238479173,-1.1821415116243237,-0.2679349574097491,-1.2010471586728892,real,False
-1.5777566590743302,1.4847538476730364,2.312703318622916,3.311344448252612,0.8010173557708423,-1.0430826902602643,-0.452674024018331,-1.129354957906714,real,False
-1.5777566590743302,1.1611515672532886,2.312703318622916,3.311344448252612,0.1560856781983474,-0.9168118780058038,-0.8640129769419171,-1.385310494166468,real,False
-1.5702872019617005,0.8612600024094661,2.5718245525460284,2.443182101944803,0.4082381650605012,-0.155037976524088,0.3489481401801018,0.2847685666616214,real,False
0.923019035592296,-0.2767705866366571,0.9723866648195316,0.4125266137717313,-0.8163206535970764,0.9282641583983596,-0.5669766215400588,1.3237919233244106,real,False
-0.5196639934342397,0.8733372539386548,-0.2609445645806125,0.2761062058353407,1.2395644498809484,-0.9615569983907865,0.8069105210401821,-0.8010909555446862,real,False
0.4592007149206566,1.3819876984311663,-0.8227508216597643,-0.2438224706787133,-0.261110535439455,0.4878054029869582,-0.0192766750817799,1.237514776270561,real,False
-2.0241237402827843,-1.3094007037576332,-0.2684229235399539,-0.4770311335698202,-2.705837290091589,2.052988142869305,-1.0610345595122637,-1.5652599723073544,real,False
0.114246631238046,-0.8237170658830586,0.1978660319375313,-0.6238325796338583,-1.6481532025020271,1.4911897235104714,-1.0610345595122637,1.3237919233244106,real,False
1.5154250988805311,1.2064628937052042,-0.5361393935486247,0.5331992288696731,1.2051685803661294,-1.1635293127385484,0.0930206137114964,-1.1244248352179227,real,False
1.5154250988805311,1.5809678825818472,-0.5361393935486247,0.5331992288696731,0.9425602012302732,-1.0987778052159565,-0.3205743115315974,-1.147842917989682,real,False
1.5154250988805311,1.1912332581018326,-0.5361393935486247,0.5331992288696731,0.8794502952314378,-1.1934109398554535,-0.5168439033287747,-1.2513754944543014,real,False
0.0359548494645044,1.1373882712499523,-0.8375120396436853,-0.0292430547708537,1.0937652658256176,-0.6301341759494676,1.6045220677817122,-0.1659268158053931,real,False
-0.7970322897745933,-1.5630249333008088,1.0157768115035988,-0.1062984978420391,-0.3387289619544451,0.531607362832126,-0.1290673279644921,1.2204647686384906,real,False
-0.791529195537414,0.5042546979223093,-0.4178718450863042,-0.2232511220699001,-0.1214489656780613,0.5000045930667326,0.4700186546603529,1.3237919233244106,real,False
-0.7337985247605063,-0.9985708148224546,1.371491528863394,-0.1638511291343597,0.029695647172685,-0.4087639565542177,-0.6898017811577049,-0.9074994369111008,real,False
-0.5553356388840891,0.9584554819138088,-0.4539539032761673,-0.0178764059020525,0.4151298005472441,-0.4350262938913615,-0.2343460362081887,-0.4728269531826582,real,False
0.1439266927244433,-1.4471973147924182,0.8498057251525909,0.332673284842766,-1.7062892015360966,1.435186260494162,-1.0610345595122637,1.3237919233244106,real,False
-0.2977212957366221,-1.0228993827447035,0.6794468720927859,0.930816461483893,-0.7566869481180861,0.5671136258667898,-0.7680088215673081,0.4741674466226913,real,False
-0.2977212957366221,-0.5120513225435884,0.6794468720927859,0.930816461483893,-0.1563650644263326,0.559016295629224,0.5309299072870631,1.3237919233244106,real,False
-0.2977212957366221,-0.6760606043540417,0.6794468720927859,0.930816461483893,-0.1114805532211397,0.1597387038891994,-0.280969464144683,0.2003402156160685,real,False
1.1430529905417277,0.2665318404668114,-0.4547832272048867,-0.7888705341454675,-1.651162003565901,1.294911681328223,-1.0610345595122637,1.3237919233244106,real,False
-0.6370945399619553,-1.0246987018805211,0.0728602390662233,-0.8972167834100092,0.0452206584855436,-0.0640548991708839,-0.3303501915827978,-0.1837985105522619,real,False
-1.319984993384197,0.3910528505948319,-0.9528816572028428,-0.9478855998604652,0.9507970911123866,-1.2444993075713446,-0.4857616180377785,-1.280339965250951,real,False
-1.3208581875908814,-0.7601521030514322,-0.6964903774721092,-0.7126123246220735,0.6771322195737055,-0.7225262439581467,-0.2115356494220545,-0.7750023896498316,real,False
0.521763070954995,-0.346087339821893,-0.0585130437192193,-0.3943552044332835,1.0411306753587568,-1.151722144698137,-0.2335940454350195,-1.1726989532123386,real,False
1.7160342868363792,-0.0250521120606269,-0.3048103933172411,-0.773173376359976,1.279674509980857,-0.8883239421671197,1.3368133525334551,-0.6028589390995317,real,False
-0.1421990097399769,-0.390351709607581,0.9421525850390918,0.3973194120242267,-0.4703566707992582,0.5799886913299293,-0.3393740808608289,1.0859135035902252,real,False
0.6761162251602387,-0.2727792480291102,3.4207108209019674,1.8806965003292797,0.3801864193808537,0.06393045579712,1.0257398360324372,0.9628658581491396,real,False
0.7223581327719002,-0.0893451088923853,-0.2523005242030783,-0.3408176534851056,0.153088209475517,0.2604627923135247,0.7597857659215751,1.3237919233244106,real,False
-1.3148354468062184,0.109721818113815,-0.865926757540331,-1.4204782486055552,1.5986749352964995,-1.1212819084121657,2.1066012406677226,-0.7263174280980165,real,False
-1.303532171273901,0.6658316761479429,-0.8097973564953513,-0.4839141922430671,1.7457572323235937,-1.230159138727319,2.5452625250164584,-1.0286982863438896,real,False
0.3901520589599549,-0.7271322611131511,-0.2574013715391065,-0.538012214874633,-0.7217606244710812,0.2429531553547846,-0.8828127462711487,-0.3594341313404559,real,False
1.1104357835559269,0.1023471476486346,1.1646993766324267,2.231642196193408,-0.7760631791001072,0.4256564493322802,-0.8527331153443782,0.0222395334834789,real,False
0.00621373700705,-1.0526825298123557,0.8624250307167975,-0.1240933186588854,-0.6616223385134226,1.1454616723197937,0.3995821855734988,1.3237919233244106,real,False
-1.3200334060187189,-1.881864875606134,-0.7965825184492049,-1.386784705346925,0.8732573643404437,-1.0668257200899156,-0.3827388821135897,-1.1346959241529049,real,False
-1.3203290586764724,1.0096980930052584,0.1088182195671193,1.1011518271674607,0.634661742316892,0.0123307991910447,2.498388433488908,0.0121738663271964,real,False
-1.3203290586764724,-0.1139273960965028,0.1088182195671193,1.1011518271674607,0.3480886413313803,-0.3490105610864438,-0.2215621930643113,-0.3824413705548158,real,False
-1.3203290586764724,-0.0064202632154923,0.1088182195671193,1.1011518271674607,0.036141023382269,-0.203933398677079,-0.5115799679165899,-0.5377402352517452,real,False
-1.3203290586764724,1.7788900622931574,0.1088182195671193,1.1011518271674607,-0.3643190390321033,1.3146212255036909,3.045587052765074,1.3237919233244106,real,False
-1.31925758378657,0.1565572421320843,-0.7143692870758097,-0.8398399026107745,1.0557296578653028,-1.3110608340122991,-0.4268556741395197,-1.3138237151789929,real,False
1.345501171813705,-0.6492773831393699,-0.4397473837318485,-0.3841506299144479,-1.4605169026969298,1.18374621192293,-1.0610345595122637,1.3237919233244106,real,False
-1.2999084941832328,1.460432197903804,-0.6259062064580577,-0.2726092078338926,0.7703781984068667,-0.6262075782785894,0.1962940132267417,-0.5506818073098226,real,False
-1.316831433879014,0.6294586340258291,-0.7387442844989753,-0.1309286126318347,1.951807101600613,-1.493491324294177,2.2948495975510945,-1.0623874580506307,real,False
-1.3140898034203452,1.5662793668532462,-0.6248663043789885,0.5767499915033699,0.9079087224658542,-1.3242510802362488,-0.605829478153804,-1.349156261115331,real,False
-0.5430162414470197,0.0748545905910658,-0.2699621879535424,-0.9430846434389512,-0.6391514092646169,0.6838835848789614,-0.5163425761466619,1.180202100013361,real,False
-0.4753110033820741,0.3769768116437493,0.5508817112978244,1.770633072471172,-0.6780636665552807,0.6650026651912191,-0.5978082432399985,1.0012797307659729,real,False
0.2947568606476023,0.5466357221003263,-0.4484823477315167,-0.5176902097582861,-0.2386104356987009,0.4580695313245189,-0.023537956129739,1.150415942101913,real,False
0.3099983822677058,-0.7151721378165224,0.1558266774558025,-0.5806913595928944,-1.9153701909972944,1.971824764612545,-1.0610345595122637,1.3237919233244106,real,False
-0.7013589274268327,0.3456487951542255,-0.5402091250679609,-1.088411740065902,0.1110608092989502,-1.3298698607235355,-0.9740542934156856,-1.6392118126392254,real,False
-0.5531499329817348,-0.8381819591158866,0.1702083347573701,-0.7047887041392878,-1.7100501232444298,1.2806379281496796,-1.0610345595122637,1.3237919233244106,real,False
-1.0577857655878409,-0.7242346878170703,4.450364631420461,2.56759825652165,-0.7439236520653012,0.8154391095857566,-0.5539421148051249,1.3237919233244106,real,False
-1.3217036287929391,0.7367868510480848,-0.8696710291347439,-0.5381174468882668,-0.1968931831477186,0.0521853712539876,-0.5439155711628681,-0.2624750517942248,real,False
-1.3167515981105111,0.5880084634048445,-0.7182072424440336,-0.0500540700353152,0.408208826450387,-0.3468968631422904,-0.0969823883092703,-0.2540527588675395,real,False
-1.3167515981105111,0.6430193433383569,-0.7182072424440336,-0.0500540700353152,0.3332206554998239,-0.2616255729245464,-0.1002410149930037,-0.1706515167154849,real,False
0.9009221617289166,-0.4539906749129754,-0.4927603461589468,-1.152660384516779,-0.5462982040537457,0.4131452160523902,-0.6424263624480414,0.2588854225454665,real,False
0.5176298075389038,-0.5673701751682743,0.8907608143877923,1.076202149592096,-0.3914738751841277,0.5212103407261639,-0.2681856210008055,1.0082640712417603,real,False
0.1964456385909047,0.8124029257775882,-0.7495251987259408,-0.5647900578618009,-0.1224056442009288,-0.1391407489385117,-0.6298931828952203,-0.5929986937219488,real,False
-1.3071057087721982,1.1827460528349265,-0.7749345151782,-0.4579739628003085,0.411294432524398,-0.1294743236313618,0.4349257519124541,0.3761812581829621,real,False
1.4931983466151144,0.3705371577527058,-0.4650250086531211,-0.7858884837789779,-0.0445678558753472,0.3330008484104008,0.2409121324347845,1.164179201274789,real,False
0.6924605610950247,-0.3056544253570352,2.400752784610733,1.362710145787848,-0.7610728663980553,0.6613463993048008,-0.7133641587170084,0.827287484207376,real,False
0.370868451490807,0.3105936163664106,0.3660980516182976,0.1413704034693216,0.7031453813749861,-0.1602224921875777,1.7890104707992378,0.2642263887916572,real,False
0.2717989462327635,0.8491662579401429,-0.5621297339657287,-0.6704393460933546,1.7056340687840896,-1.1825667309298062,2.565566275892029,-1.0198651498598048,real,False
-1.3133456782261412,0.7471757444498885,-0.7914912947784779,-0.7310161773427027,0.4582102070514132,-0.5834423006571294,-0.3747176471997842,-0.727139115212815,real,False
-0.7632789101171741,-0.422314342400946,0.4356711212620412,-0.4658638273471683,-1.1843142111410676,0.5136720105368592,-1.0572746056464173,-0.0426737485856079,real,False
2.3211738950482554,0.4679727855386824,-0.5739902990574531,0.3442655672810905,-0.2717161510160722,0.6251378499668467,0.2975621040135356,1.3237919233244106,real,False
-1.318063523627986,0.5787005701925662,-0.934591881096462,-1.1869872493616345,0.8069577767479539,-1.6173985871983605,-0.8414532537468393,-1.5973057697844986,real,False
-0.1094019671599781,-0.433200374248505,-0.9370857983907512,-0.9669963252305374,0.264839831531825,-0.4767706934642899,-0.5113293043255335,-0.782808417240418,real,False
-0.7141205360487165,-0.4063479920068851,0.0929846192903462,-0.044663757013596,-0.0348884073434384,-0.2458127081577278,-0.6281385377578254,-0.7012559710966602,real,False
-1.287220785772425,1.549991650496427,-0.931109163001224,-1.030375673004804,1.1960869460453794,-1.233056529381287,-0.0714147020215154,-1.2047447506894826,real,False
-1.287220785772425,1.724973932882781,-0.931109163001224,-1.030375673004804,0.5809849084227449,-0.301416270500736,0.5038582394529697,0.057161235862418,real,False
-1.3184364612569253,0.4993141085688967,-0.8831153811621723,-0.9454398607273524,0.4103129511321379,-0.360538855699098,-0.1177874663669532,-0.2879473523529804,real,False
0.6287660365246266,-0.5383406223800904,0.586006131218412,-0.4004116126821295,0.6952994129296135,-0.5369527330921532,0.2055685660958292,-0.4266070529752388,real,False
0.1993259785275195,-0.7895144230892229,-0.5826530709705682,-1.461177204870132,-0.0185600531824361,0.6183914360996783,1.573941109672829,1.3237919233244106,real,False
0.7211344504005752,-0.3468088779688165,-0.5856771003552976,-1.5422267557561131,-1.9579239656549023,0.904372432506824,-1.0610345595122637,-0.2727461407292069,real,False
1.7115360467611258,0.7702407039272988,-0.1363528606075475,-0.1446973248928034,-0.6902757208836944,1.0804041064548546,0.0571757201904283,1.3237919233244106,real,False
-0.1102357451650283,0.0735703132711227,0.5491362949834109,0.7690502424712641,-0.6221075635247166,0.5929146086076986,-0.583771082140839,0.7952416867302318,real,False
-1.3050806919871336,1.4469898128326475,-0.6853968173029709,0.2952200967347492,1.0602314037416276,-0.6680089479306212,1.2009536861808752,-0.3349889396751985,real,False
-1.3050806919871336,1.4554515718120284,-0.6853968173029709,0.2952200967347492,0.4595775332029786,-0.2884143771237123,0.1531798755650374,-0.0498635108400953,real,False
-1.320656943680882,0.1936144420647548,-0.8072459388964917,-1.1521796183775563,0.8852923916473417,-1.3060371662848722,-0.6120960679302145,-1.3390905939590485,real,False
0.1319950182454873,-1.2269024786716225,-0.5577412264609145,-1.1617229520026109,-0.4325732156433351,0.8927094639351143,0.5387004786098122,1.3237919233244106,real,False
1.0445179778215716,1.2518691395908217,0.6861494972865555,2.3839685987975563,-0.5146584792944471,1.0080204143584792,0.5968544317349017,1.3237919233244106,real,False
-2.349986258823489,-0.1768253626708631,3.531971913131723,1.9220066940293008,-0.9332082844471165,0.7782842094704725,-0.845463871203742,1.046472522079894,real,False
0.1486776812797761,0.014528937294323,-0.9417127781362764,-1.6290842939684562,-0.023418874323913,0.1288560134046377,-0.1553870050254162,0.2919583289161089,real,False
0.3753720976074398,0.1483544744882688,-0.7545373788392736,0.1807856635319985,-0.0362371133125739,-0.7191451547644259,-0.877047483676851,-1.2982116599978195,real,False
-0.7532269725593214,-1.4588090486201666,-0.6252628349057545,0.5470915195206001,-0.263568971100329,0.6104624133823456,0.2832742793233196,1.3237919233244106,real,False
0.4295677085911787,-0.8293928955093584,-0.0620870784530534,-0.4690758993164316,0.2161164004234906,0.010331273309907,0.1962940132267417,0.4947096244926555,real,False
-1.314577240559676,1.172776890710681,-0.9480074727337569,-0.5926163220168225,-0.0219957788506262,-0.1627982076042663,-0.5411582716612475,-0.5250040849723673,real,False
-1.3191925649024332,-0.6171368458169527,-0.1061284476545428,-0.0734997025115535,0.5870844911122756,-0.8298137763775514,-0.4880175903572863,-0.9888464612761588,real,False
-1.3002344685801193,1.777711060894761,-0.8790871757278474,-0.2237189445493596,0.9449308873441602,-0.9377934010371994,-0.0518629419191146,-0.9574169291351138,real,False
-1.3159027882146432,0.6944918521512566,-0.9317399144102456,-1.2261103682788452,0.7242204863677162,-0.9438536953146216,-0.4398901808744536,-1.0447211850824616,real,False
0.2900300163685919,-1.7414411129535303,-0.6922445683733298,-0.4552416236740328,-1.6395825287042014,1.5745080224471335,-1.0610345595122637,1.3237919233244106,real,False
1.218119614403643,-0.8742400467983629,-0.2046173128946665,-0.8025227040997366,-0.024659075169441,0.426037942509204,0.6081342933324406,1.3237919233244106,real,False
-1.312897865681033,0.6912167246137707,-0.5232234560580128,-0.3096654616201909,0.6526027602509631,-0.3968124398044403,0.4604934382002089,-0.1279237867459593,real,False
-1.3168668374676344,0.934335744853832,-0.8298412771056829,-0.4151098433760796,0.7597901247304669,-1.0570888107625491,-0.5173452305108875,-1.1527730406784733,real,False
-1.319164444723874,-0.0523328005077505,-0.7777440372405446,-1.1231903971356323,0.593811270909779,-0.8527449376796234,-0.5038093965938408,-1.0159621360645117,real,False
-1.3183435542140791,-0.2915836394283926,-0.5884322474159299,-1.0715093603084846,0.9324302776294372,-0.9728918793824856,-0.1426031618815388,-1.0085669520313243,real,False
-1.310207271408406,1.6598264314619022,-0.9224372591063326,-0.5489685298296126,0.7284656869787892,-1.1165971890837214,-0.6040748330164091,-1.230011629469539,real,False
-1.3181667012442422,-0.550386877974343,-0.5854316749824243,-1.1706690943524063,0.991880532000792,-0.7477853164854289,0.5697827639008083,-0.6075836400096234,real,False
1.514638559885745,-0.3203504394899792,-0.4687795202000058,-0.9869260554564924,0.969683786669356,-1.1210942622628526,-0.3085424591608892,-1.1628387078347555,real,False
-0.1319950112803704,0.2393680250388856,1.589623891840281,1.6316289833773017,-0.6275091159174365,0.6337527989464652,-0.5511848153035043,0.9645092323787368,real,False
1.0790813829617325,0.0303458863286706,-0.0853845155555475,-0.2281867129317054,0.0738698241563662,-0.5784128563169999,-0.7597369230624462,-1.0999796435526652,real,False
-1.8756156506376376,-0.8587841824293445,0.470829417957346,0.1199834008519542,-2.0520486743257145,1.4270086110650488,-1.0610345595122637,-0.021926148936944,real,False
1.3707402546057208,1.329393474051484,-0.6121872457330682,-0.1518161139829938,0.1733264263252135,0.3105694078068241,1.0778778629721728,1.20937199258871,real,False
0.5945062397107392,0.0868556747888023,0.3514008096730213,0.168479326251699,-0.310564229070233,0.8879817237627534,1.1964417415418596,1.3237919233244106,real,False
-1.2939797540530231,1.9288143123719728,-0.8384208230503973,-0.1403236476391224,0.082757993458593,-0.5408490096400896,-0.7324145916372964,-1.047802511762956,real,False
-1.3129571015257082,1.1988151989929727,-0.745487748221911,-0.6762342735602002,0.8847757017518486,-0.9497770709657878,-0.1952425160033871,-0.9987067066537416,real,False
-1.3186501264804025,2.3662475222838357,0.297463059395048,0.5557470181341739,1.6994821158065396,-2.3715331753515425,-0.7126121679438391,-1.7665733154330037,real,False
-1.3186501264804025,-0.0787363402739188,0.297463059395048,0.5557470181341739,0.3496152711130342,-0.986708596305048,-0.7990911068583042,-1.3559351798124193,real,False
-1.3186501264804025,0.9700178593506528,0.297463059395048,0.5557470181341739,0.4760778817147947,-1.2012519747120902,-0.828168083420849,-1.4658358314167277,real,False
-1.3142955170928623,0.9580425424217778,-0.8957867739537482,-0.2970172645823632,0.138674929855907,-0.3035317924865099,-0.4867642724020042,-0.6104595449114184,real,False
-1.3683182991296563,0.4206444181858245,1.1608437075202374,0.9905991844955396,0.2568057628399651,-0.5379598311652366,-0.5785071467286541,-0.8945578648530232,real,False
-1.3172945088053198,0.1801878358559702,-0.4020681250212234,-0.134174393706293,0.8495674656032928,-0.9896715454978487,-0.3163130304836383,-1.0584844442553376,real,False
-1.276786484572518,1.4524435750180165,-0.6660902302022587,1.0185602862073513,0.297563462879242,0.3793660382579575,2.420933383852474,0.5653747163653324,real,False
-0.1565405794148927,0.4289124491210311,-0.480823303792153,0.5181480116812017,1.374841633665146,-1.2346809540706989,0.4023394850751194,-1.1283278490132158,real,False
-0.8871190948287234,-0.6448410022204468,-0.528939438730462,-0.8524859082262777,0.6304517743609054,-0.49020694932691,0.1391427144658778,-0.3797708874317204,real,False
-1.2888303038857252,1.5507215924358202,-0.7511908440136355,0.1909351642288375,0.6234765147809761,-0.7708824637344318,-0.3702057025607687,-0.8662096593924727,real,False
-1.3087476490180248,1.3220328318477887,-0.7460857488718827,0.7002285348348618,1.6682497339934037,-1.472852615615661,0.7043891122981062,-1.257332726036591,real,False
-1.3087476490180248,1.6319745755479402,-0.7460857488718827,0.7002285348348618,1.3526289824308364,-1.256756384933425,0.2717437541347243,-1.166536299851349,real,False
-1.3087476490180248,1.5986241714205585,-0.7460857488718827,0.7002285348348618,1.0313764472210194,-1.101463127567376,-0.1701761568977451,-1.1223706174309265,real,False
-1.3087476490180248,0.5959406660311314,-0.7460857488718827,0.7002285348348618,-0.5818902761431903,-0.1667329161455603,-0.9314414829360944,-0.9405723432817432,real,False
-1.3087476490180248,0.7447827480754866,-0.7460857488718827,0.7002285348348618,0.4992059860852468,-0.9364564108019896,-0.6689967031000219,-1.2123453565013695,real,False
-1.3093037453396994,1.3326588987567396,-0.704333162244962,-0.1237193436198246,1.310314967620293,-1.0453276660825443,0.7921213691678534,-0.8908602728364298,real,False
-1.3093037453396994,1.195844225341737,-0.704333162244962,-0.1237193436198246,0.8542956167941478,-1.064042476126221,-0.4060505960818368,-1.1369555637186008,real,False
-1.3170021126953766,0.4327432789100816,-0.7351041471776633,-0.7366110493521582,1.0924896455204909,-1.2189812834910414,-0.2473805429431226,-1.2238489761085494,real,False
0.8739557987734875,-0.0049929240134396,-0.7961981996292312,-1.2546700809595803,-0.3492149495327347,-0.0420434009444006,-0.7614915681998411,-0.6231956951907962,real,False
0.9011972866304157,0.5853740906679217,-0.4253906963423292,0.8156002197716566,-1.9792344749937003,2.225802715926871,-1.0610345595122637,1.3237919233244106,real,False
-1.31653778855856,0.6127219553858387,-0.5722817919873656,-0.7630693927264196,0.8984855971723703,-1.0512113073519531,-0.3243342653974437,-1.1112778413811455,real,False
-1.3171450150572976,2.533450087152374,-1.0226143712017608,0.0233755279925629,0.7389394198741679,-0.6469646266010297,0.0641943007400081,-0.6135408715919131,real,False
-1.3171450150572976,1.263998033392388,-1.0226143712017608,0.0233755279925629,0.7594840484990214,-1.0896428918575027,-0.549179506575053,-1.1831754639260204,real,False
-1.3142473659041565,0.841976788920909,-0.9025667966268708,-1.0110308878122367,0.8321684694334672,-1.0655831037604775,-0.4376342085549458,-1.1441453259730885,real,False
0.542393008927423,-0.7627385124667255,-0.5344699232949747,-0.8724374561004524,0.2809235615995697,-0.4061614528559809,-0.411565195085078,-0.6258661783138916,real,False
-1.316963340607081,0.0390508683874385,-0.4268307806063769,-0.3968378113643947,1.1707730359250417,-1.0337471577818866,0.3181165184801621,-0.9715910318653892,real,False
-1.2426735775952362,2.677731974101645,-0.4647518506750043,1.459931888311531,0.886601435288896,-0.4075191964013144,1.5416055064265508,0.2058866036409589,real,False
-1.304501417615772,1.951985784210181,-0.4262383221690762,0.0520171113228785,0.8328874574344834,-0.7065057828919518,0.1737342900316638,-0.6575011322336364,real,False
-1.3188213022634407,0.022144347833949,-0.3944168246965321,-0.500118929185826,0.8182056331839278,-1.0774088841178509,-0.4689671574369983,-1.159141115818162,real,False
2.021084879231068,1.1295714213845056,-0.4574275196120972,0.9040075234232507,-1.8163184658421847,1.0762711791479171,-1.0610345595122637,0.4143897090210955,real,False
1.7238607238577504,0.7787927207272777,-0.5724502749199007,0.8242483469592176,-1.2816618218053146,0.2194489276582754,-1.0610345595122637,-0.6301800356665841,real,False
0.1174776666711629,0.1774741872768789,1.3538459042649562,1.850339361591373,0.7362242864832761,-0.3805407750323337,0.8532832853856199,0.0351811055415563,real,False
-1.3179634732869574,0.948111431025972,-0.6707638615003717,-0.3612718063473124,1.1135612251030738,-1.3383823527535157,-0.3802322462030255,-1.323889382335275,real,False
-1.3115428465162653,0.4284680791091485,-0.7401109768192274,-0.7551849618985743,0.2578877269037101,-0.248103028379282,-0.2285807736138911,-0.289385304803878,real,False
-1.274714051661677,1.6068061225173076,-0.7672900571177058,0.3140466801248844,1.3784963766432412,-0.8644912167776985,2.171272447160279,-0.5533522904329179,real,False
-1.2890297974592544,1.8449213982799104,-0.9162889066848158,-0.5145308704650441,0.8953076781684824,-1.0532524676285824,-0.3321048367201927,-1.1143591680616405,real,False
-1.3036097483502458,1.073599080815368,-0.8814293464843358,-0.2199270911617731,0.8276427790595724,-0.3075756319455449,1.7428883700448563,0.1563799549743451,real,False
-1.317340129553736,-0.6361709924778282,-0.9178129199933316,-1.756018432548112,0.5511442188861291,-0.8005764650894078,-0.5008014335011638,-0.9851488692595656,real,False
-1.3095821325684434,1.761476164537249,-0.6001418256004346,0.2553431746964026,0.2317963147249368,-0.4991813701315475,-0.5702352482237922,-0.8581982100231866,real,False
0.3732205020481966,-0.5437161084482435,0.4150185885410326,-0.3704387408083331,-1.3042515669030426,1.4145827943804217,-1.0610345595122637,1.3237919233244106,real,False
-0.2745621341342719,0.0554704156527527,2.345967231043133,1.4675877553245356,0.4209156384690812,0.1609807636227213,1.81407682990488,0.6044048543182644,real,False
2.571582810521387,0.5531822187935965,-0.3166179407427838,-0.2371037926620193,0.0543611006867004,0.5179159165432721,1.4623958116527218,1.2837346764779805,real,False
-0.0377518007084801,-0.9451614947928092,-0.3851750469378653,-0.8749968953743997,-1.5641385290562917,1.1217747213974292,-1.0610345595122637,1.3237919233244106,real,False
1.244121540070457,0.4396711646376913,-0.4859459240090493,0.0727277291348438,0.3038999535764208,-0.3537898783757248,-0.3070384776145507,-0.4736486402974568,real,False
-0.0883853606174074,0.6723794465274521,-0.3699961503825059,0.2386946525041959,0.3489352596841523,0.1920037418674494,1.502501986221749,0.823795313969482,real,False
-1.3029564240667484,1.646136832680989,-0.7511316820010817,-1.5179006480289212,0.4583441388713697,-0.4416143145834618,-0.1629069127571089,-0.4068865622200732,real,False
-1.314036339568916,1.30882304709942,-0.8987821331926312,-0.2817454327198929,0.6509386125428805,-0.9175727940979572,-0.5028067422296152,-1.048007933541656,real,False
-1.293502924409639,1.6429046590374234,-0.7119266061649433,-0.3019600261373665,0.3968672428836325,-0.2036484821376077,0.1840114972649771,0.1191986130297099,real,False
-0.3044870179936624,-1.8893485491272173,-0.1702959497075514,-0.3056036626138881,0.9716371028747032,-1.1471165502646907,-0.3413793895892803,-1.1881055866148118,real,False
0.2400002946171167,-1.4608917663455758,0.2701416343516998,-0.23149509083111,-0.4909096423015894,0.7618372185794018,-0.0603855040150329,1.3237919233244106,real,False
-1.305123393206568,1.4867810449154135,-0.7927871077556963,-0.1298486126111502,0.7751441925223916,-1.0333565686232749,-0.4744817564402396,-1.12586278766882,real,False
-1.314144987862181,1.5275434463635322,0.0229401606830885,1.12983491162309,1.0658889298034606,-0.8796264601079818,0.4191339456758995,-0.7963662546345944,real,False
-1.314144987862181,1.189009992578124,0.0229401606830885,1.12983491162309,0.688743518770404,-1.2437692253687975,-0.7263986654519422,-1.388186399068263,real,False
-1.314144987862181,0.8455303119337437,0.0229401606830885,1.12983491162309,0.7621883103291465,-1.1121782532621514,-0.5669766215400588,-1.2031013764598857,real,False
-1.31270477828496,0.6727179293399715,-0.688379000155758,-0.6024651573706213,1.561071749614057,-1.0766463066982344,2.1231450376774466,-0.671469813185212,real,False
-2.049945933531329,1.0101304972385476,-0.3610005024941425,0.5960044123143281,0.0392317100323317,-0.7675462222461527,-0.8617570046224093,-1.3097152796049998,real,False
0.8197579158355894,0.0076816817143542,-0.1918454171307879,-0.3743148145169722,-0.39166387174665,0.7304182589795162,0.1754889351690588,1.3237919233244106,real,False
-1.3184893047771815,-0.8132788629195055,-0.6288814767631132,-0.8165076184736771,0.908818956718418,-1.034593423860155,-0.28397742723736,-1.0897085546176832,real,False
-1.313514915645657,0.7618620120012508,-0.277946720363959,0.0110152454451843,0.7898465448753916,-0.7796698997570183,-0.0869558446670134,-0.8064319217908769,real,False
-1.313514915645657,0.6271794892194513,-0.277946720363959,0.0110152454451843,1.033934513685414,-1.291122770716571,-0.4326209367338174,-1.302114673793113,real,False
-0.5567789421847688,0.5698746022565347,-0.7623900825596598,-0.9752661789206752,0.5415024273917745,-0.609124985347574,-0.2772095102788366,-0.6616095678076293,real,False
-0.5584979560596504,0.2808834268052042,0.0075107591321415,-0.2259944118667545,1.1027850913857815,-1.0778440158799696,0.0273467528547142,-1.066290471845924,real,False
0.4626310244627719,-1.1233323282857155,1.0557869010013168,0.7988508538099283,-0.3005263818069082,0.515449035996521,-0.0648974486540484,1.2574406888044265,real,False
-1.2770133685746778,1.762741414420587,-0.604086296152315,0.9490552510360568,1.360385105673148,-1.1427565698572133,0.6432271960803395,-1.0102103262609217,real,False
-1.2770133685746778,1.987979790422893,-0.604086296152315,0.9490552510360568,0.7956045622300799,-0.7826916023388987,-0.0804385912995465,-0.808075296020474,real,False
-1.2770133685746778,1.364797125369951,-0.604086296152315,0.9490552510360568,1.2251479239407663,-1.7329205105559422,-0.6431783532212106,-1.5584810536102662,real,False
-1.268599814166381,1.4548747671928834,-0.9642696174127928,-0.9877497289156156,1.475910879167744,-1.004030201903461,1.9607150306728856,-0.6151842458215102,real,False
-1.2996388501089104,0.9208497521985972,-0.7336765404451605,-0.3564922848105722,0.6073852441612074,-0.0936673445235371,1.536341571014366,0.4895740800251645,real,False
-1.318040906457867,0.8099460047490822,2.197709762946406,4.020990247552226,1.37741590379146,-0.8808605784347466,2.0451886608589,-0.4730323749613579,real,False
-1.318040906457867,0.8935551364454033,2.197709762946406,4.020990247552226,1.164767390025973,-0.7138791593989374,1.5824636717687472,-0.3037648293128529,real,False
-1.318040906457867,1.482209660419804,2.197709762946406,4.020990247552226,1.2607398596725792,-0.894993807941909,1.197193732315029,-0.641683655273764,real,False
-1.318040906457867,0.1243878772291241,2.197709762946406,4.020990247552226,1.1406955688180935,-0.8202793049982725,0.9254743996098692,-0.6114866538049166,real,False
-1.318040906457867,0.4276362197075125,2.197709762946406,4.020990247552226,1.3528728354198398,-1.026409602921858,1.0693553008762544,-0.8173192760619579,real,False
-1.318040906457867,0.6983477131663243,2.197709762946406,4.020990247552226,1.29643051692063,-1.0295859945325472,0.7923720327589098,-0.8750427958765573,real,False
-1.318040906457867,0.1679627591759118,2.197709762946406,4.020990247552226,1.2668958838513484,-1.0781749432621286,0.5073675297277596,-0.9765211545541804,real,False
0.2799817615953517,-0.1245453815686384,-0.1319777077609063,-0.4684913541501724,0.0317299213632892,0.4731130534592904,1.0818884804290754,1.3237919233244106,real,False
0.8536933395409657,0.4147210165654546,0.6142807492810572,0.4256451173472262,-0.6063190505127007,0.6032079093148546,-0.5499314973482222,0.8718640101851982,real,False
1.6118766439354402,-0.9685999040040288,-0.3705875829379131,-0.5586813452852556,-0.8468740211318433,0.4185468632107145,-0.903868487919888,-0.0570532730945828,real,False
0.3170349250750613,0.2777127352475619,1.3997210480487705,1.7266798506655772,-0.0160073934770392,0.4632200016992746,0.7911187148036276,1.3237919233244106,real,False
-1.317887988025744,-0.2844342782184652,0.6201578375419903,0.429504875445983,0.8241803382171135,-0.9289914607730066,-0.2706922569113697,-0.9956253799732472,real,False
-1.3036087332171833,1.612297221471719,-0.5949689942259953,0.4577869418879658,1.2798314351311393,-0.8198527663550098,1.7238379371245685,-0.4237311480734438,real,False
-1.3032957754394674,1.3627070171107245,-0.6960211413069773,0.0850921551944024,0.7392578124174984,-1.010991447600646,-0.4945348437247532,-1.1118941067172443,real,False
-1.2882530803162875,1.0445902434559562,-0.6660521155820103,-0.361799173899944,2.2097973301057348,-1.7700669253052912,2.403888259660637,-1.2583598349300893,real,False
-1.307721825331056,1.1471829701007552,-0.7248342384789841,-0.6539123160764098,0.3142239715689568,-0.1009311095547888,0.2025606030031522,0.3363294331152315,real,False
-1.3170593850916266,0.2050043772753605,0.2866000868957553,0.4901475283983636,0.6548191121997824,-0.8505484984069783,-0.424098374637899,-0.957211507356414,real,False
-1.3170593850916266,0.4214015621476075,0.2866000868957553,0.4901475283983636,0.6467794939173233,-1.1255470540865988,-0.6817805462438994,-1.304374313358809,real,False
-1.2629849832660642,1.5882987321502604,-0.5020483655781982,0.7166022032458802,1.348111420424272,-0.7744938508621043,2.6151976669212,-0.8091024049139722,real,False
-1.3157800600066898,0.2399786954130821,-0.1206834545110132,-0.3155496339956675,0.889652618578047,-1.0467048624918318,-0.3318541731291363,-1.1090182018154495,real,False
-1.3154260933913713,1.2278110515949705,-0.5228689005017764,0.6782381813594683,1.150833075220443,-1.156598085406612,-0.0225353017655134,-1.1392152032842968,real,False
-1.3154260933913713,1.218584913611265,-0.5228689005017764,0.6782381813594683,2.0517832354195447,-1.9385700638854395,0.5893345240032091,-1.5262298343544225,real,False
-1.3154260933913713,1.307453373589596,-0.5228689005017764,0.6782381813594683,0.4883850464550049,-0.3894196110751576,0.0012777393848465,-0.2725407189505073,real,False
-1.2929230541321386,1.4334914969750785,-0.7223677977526842,0.3977279147619418,0.401431020017713,-0.0560802611709343,0.6402192329876625,0.6366560735741081,real,False
-1.2929230541321386,0.97303422590692,-0.7223677977526842,0.3977279147619418,1.5943461452562229,-1.1200296953263946,2.080782890788911,-0.7293987547785111,real,False
-1.2929230541321386,1.66334045218814,-0.7223677977526842,0.3977279147619418,-0.2233005872840104,0.6116874470749749,0.4389363693693568,1.3237919233244106,real,False
-1.3081738634115194,1.3679237515121938,-0.7943809795411918,-0.0805838890789012,1.1467489225655318,-1.3931102656245684,-0.4012879878517648,-1.3598381936077124,real,False
2.520644751976799,0.2163964410753361,-0.9094373675626728,0.2573491168858324,-1.4177816836117003,1.1805344198393697,-1.0610345595122637,1.3237919233244106,real,False
-1.291324940614783,1.817393365366796,-0.7732512976250951,0.147698659287393,0.5584989088906569,-0.2856189818433725,0.4727759541619735,0.0750329306092869,real,False
-1.2805208633328298,1.9755863060564909,-0.8284225287947622,0.5430382337007881,1.2742644056002004,-1.35701700400133,-0.1358352449230155,-1.299238768891318,real,False
0.632836161684005,-1.0875627227871498,0.110240114073755,-0.3618172155495283,0.6599341738742862,-0.5986349017515251,-0.0237886197207955,-0.5769757949833768,real,False
0.2710461209789736,-0.1573226645837432,-0.702653704170798,-0.4748020202014492,1.1924373864872313,-0.9668522481281,0.5958517773706761,-0.8505976042112999,real,False
0.2710461209789736,-0.0113332014789023,-0.702653704170798,-0.4748020202014492,1.5879194628704156,-1.5680889459564715,0.1581931473861658,-1.3861321812812666,real,False
0.2710461209789736,0.4198481839070673,-0.702653704170798,-0.4748020202014492,0.4159520747801249,-0.4992458734164007,-0.3278435556722336,-0.6182655725020048,real,False
-1.2945013807731045,1.8090713622076504,-0.6762266687808623,0.559300804369267,0.5113528417633012,-0.5697609208650641,-0.2704415933203133,-0.6153896676002099,real,False
-1.2980066698022728,1.4265166959671576,-0.7893880685182423,-0.629019253071883,0.4332620854818992,-0.3685182522969205,-0.0831958908011671,-0.2688431269339137,real,False
-1.30625331791624,1.380841594250204,-0.7093511551025438,-0.0007977911006967,0.5604090809003366,-0.6729491508219821,-0.3368674449502647,-0.752405993992871,real,False
-0.100262294207697,-0.6518034398781369,-0.3027319767841765,-1.1596585791609724,-1.7338653657524905,0.9099326829937896,-1.0610345595122637,0.2744974777266393,real,False
-0.6368687406258234,0.8668623657564384,2.4226158102658144,2.4073985508017133,-1.785080925138849,1.4312378415469635,-1.0610345595122637,1.3237919233244106,real,False
-1.3199037569708278,1.0053578009968798,-0.6853078806532321,-0.5498152514161079,2.7492619459837573,-2.465357278762193,1.7855011805244478,-1.6453744660002148,real,False
-1.3199037569708278,-0.7036633150444986,-0.6853078806532321,-0.5498152514161079,2.45414309668608,-2.139916267669196,1.7416350520895745,-1.521299711665631,real,False
-1.316625492626765,0.7675066094631676,0.0109920322509761,0.4698043157671448,0.6266675433046845,-1.1179255577785532,-0.6920577534772127,-1.3111532320558972,real,False
-1.3175099457140078,-0.3508367363446517,-0.4323787625507457,-1.0289842867594143,0.9833674472044928,-1.438346225554053,-0.6283892013488819,-1.4171508698649125,real,False
1.0923260244144235,-4.2135700276817785,-0.4738344758847621,-0.929196698325062,-0.6977932993230664,0.7518882584371624,-0.5416595988433603,1.3237919233244106,real,False
0.7000071835142891,0.994479897102198,-0.7620435521390289,-0.363461869691521,-1.8860855268779584,1.5145029554109433,-1.0610345595122637,1.0748207275404444,real,False
0.6212368145826077,0.64789324480357,-0.4607332229722228,-0.2187785619678491,-0.5430183788328483,0.4120680876019913,-0.6394183993553644,0.260323374996364,real,False
-1.3020339955773463,1.4368993307693054,-0.6237134015932813,0.131441150668692,1.7260409823197218,-1.3412830144681758,1.611540648331292,-1.0276711774503913,real,False
-1.3053560026420998,1.3236496948258831,-0.8152444726268618,-0.808301985058492,0.9815463187867044,-1.016004558089869,-0.1200434386864609,-1.0418452801806666,real,False
-1.3053560026420998,1.4537725834480388,-0.8152444726268618,-0.808301985058492,0.863571043050998,-0.812930003207938,0.0130589281644983,-0.8179355413980568,real,False
-1.3001700588780951,1.5117573334559145,-0.720504908913981,-0.0831176237479061,0.9832625908958238,-0.9789498319495632,-0.0471003336890426,-0.9941874275223496,real,False
-1.3121379385576455,1.6580963964963096,-0.6926939938035602,-0.3993361367309382,0.6574534154066677,-0.8901179887427559,-0.4657085307532649,-1.0030205640064342,real,False
-1.3138648183305486,1.1304783374277263,-0.6575849755665487,-0.6820055157672616,0.7297899246730858,-0.7000965827451517,-0.0661507666093305,-0.7123487471464408,real,False
-1.301572113911312,1.4657314165260753,-0.8920472547855539,-0.0920561577707294,0.6790058446205935,-0.9583110153961268,-0.5113293043255335,-1.0757398736661077,real,False
-1.3104621543039607,1.6160481159327529,-0.7364992761524349,-0.4514452087117104,0.7666772606304214,-0.7894407174772777,-0.1521283783416828,-0.8325204876857314,real,False
-1.3067866965079962,1.6564666946993984,-0.7386564597229489,-0.385083163889129,0.6387106772108627,-0.6818257599288735,-0.2170502484252957,-0.7308367072294086,real,False
-1.3067866965079962,1.2877996767666264,-0.7386564597229489,-0.385083163889129,0.4721685548311944,-1.0055064749648734,-0.7339185731836348,-1.3035526262440105,real,False
-1.3067866965079962,1.2511302221617255,-0.7386564597229489,-0.385083163889129,0.9373704985566554,-1.2490622138269882,-0.506316032504405,-1.28670804039064,real,False
-1.298436732097965,1.6060577323189127,-0.7435070298628856,0.8229344229997114,0.6563707711462801,-0.8013305244792599,-0.3606804861006247,-0.8945578648530232,real,False
-1.298436732097965,1.5756557367597246,-0.7435070298628856,0.8229344229997114,0.9905305648037284,-1.1347474308172554,-0.2942546344706732,-1.1706447354253422,real,False
-1.298436732097965,1.4508464510881234,-0.7435070298628856,0.8229344229997114,0.6097192463326931,-0.4081162309223721,0.2865329060070531,-0.2053677973157243,real,False
-1.292248635174901,1.688754634621756,-0.5511293898145445,0.5766169900800348,0.3668943953422454,-0.3479220937642842,-0.1837119908147918,-0.3432058108231842,real,False
-1.2870178737159377,2.002476676810583,-0.9905210342658896,-1.1543413242014031,0.8433920698967522,-1.182669585114155,-0.5461715434823758,-1.2489104331099057,real,False
1.5560104786274271,-0.5469695102380349,0.1359647564079082,-0.1519107437044898,-0.903733763586733,0.5886252836741513,-0.8905833175938977,0.3683752305923757,real,False
0.5305305631356325,-1.1207814030885923,-0.2851200655080452,-0.8132403878109071,0.3829076317894561,-0.5662656569389544,-0.4591912773857979,-0.7975987853067923,real,False
-1.2951672450917535,1.6459165997719696,-0.7816851298148284,-0.4179113398751879,0.8082649791226478,-0.5244257049401244,0.6214194636584309,-0.2824009643280901,real,False
-1.3174951933136596,0.7407444998179229,-0.6025595265416737,-0.2984369891461243,0.6845886154897943,-0.907449325289042,-0.4501673881077668,-1.0151404489497131,real,False
-1.3043784562498328,1.397567531274121,-0.9066194302855168,-0.2849045712487039,-1.4080443843776569,1.0639593092506083,-1.0610345595122637,1.3237919233244106,real,False
-1.2983074150617882,0.7258174822038764,0.0648999899178501,0.9065910252912872,1.16416750061345,-0.8901191567108477,0.7547724941004467,-0.733507190352504,real,False
1.4848521005774722,-0.1367642389918086,0.3270018575170162,0.6772422830495144,-0.3430347836240126,0.3733004852748561,-0.3922640985737337,0.4815626306558784,real,False
-1.3172200752507075,-0.0213689030459249,-0.4430517524481759,-0.901359663457234,0.9395340937099949,-1.224577946929658,-0.4782417103060859,-1.2657550189632765,real,False
-1.2882132902196273,1.3500822485208162,-0.3270735710713061,1.256667571696481,1.361808052627381,-1.011145978642992,1.1866658614906591,-0.777672872772927,real,False
-1.2882132902196273,1.4968824381640566,-0.3270735710713061,1.256667571696481,0.4910263879284743,-0.0855480324531965,0.922466436517192,0.6927362191591104,real,False
-1.2661603713757454,1.398494426291503,-0.7734418608847785,-0.6464986871371503,1.9329162401513271,-1.4623488614873072,2.3713019928233026,-1.0256169596633948,real,False
-1.2823637883015837,2.047343355084029,-0.7330632655236924,-0.0690151888211203,0.6016299329137148,-0.908106431297512,-0.549179506575053,-1.0868326497158882,real,False
-1.296034579253729,1.6691871911071288,-0.9139649087595684,-1.5113145667797068,0.35211168231591,-0.5388530788601369,-0.4687164938459419,-0.7871222745931106,real,False
-1.3187280735762743,2.0629021357456487,-0.472718081304844,1.3867924085678216,1.0088748128150162,-0.510952926218268,1.7471496510928155,-0.0132984342315591,real,False
-1.3187280735762743,0.4135322110832841,-0.472718081304844,1.3867924085678216,-1.8357366467180352,1.6079448145965836,-1.0610345595122637,1.3237919233244106,real,False
-1.3066992909209607,0.9924577511563868,-0.4545654193832087,1.1426128594203342,0.8506290034269859,-0.322851147511648,1.81056753963009,0.0986564351597457,real,False
-1.3066992909209607,1.9112114463265053,-0.4545654193832087,1.1426128594203342,1.865835741352698,-1.3650103694741214,2.548019824518079,-1.093816990191676,real,False
-1.2987289604845758,1.9598483157661968,-0.7836046354632795,0.0451520500523671,0.2962267453019166,-0.6025981199209918,-0.5942989529652086,-0.9543356024546192,real,False
-1.3161365751868788,0.0634741351600957,-0.6063039657833499,-0.9573468177462512,0.9046802441549544,-1.0318898220137875,-0.286985390330037,-1.088065180388086,real,False
-1.2994257123318271,1.805627128647868,-0.5533758262587319,0.4690371047895436,1.0883482687610966,-0.9650517755156712,0.2526933212144363,-0.9198247436330792,real,False
-1.2994257123318271,1.510284494219999,-0.5533758262587319,0.4690371047895436,-0.8857038224096371,-0.4043720560855799,-1.030704264994437,-1.2466507935442095,real,False
-1.313851448252498,0.7018944531568145,-0.7384749991800118,-1.2355796353349096,0.9069570121646384,-1.0916610388692354,-0.3654430943306967,-1.1507188228914769,real,False
-1.3156675343321105,0.3486712779522313,-0.3662608854274656,-0.4679060302817349,1.3627167677353078,-0.8820618173503482,1.923616819196536,-0.4644046602559729,real,False
-1.2689834267957425,1.926337897271171,-0.6076494263703192,0.5981296435884627,0.8535244179810956,-0.6955871068309879,0.2607145561282418,-0.6215523209611991,real,False
-1.3051180778826577,1.0397562924299186,-0.7408947557159525,0.3115183419739594,1.92009438366327,-1.4267472065952391,2.5427558891058943,-1.1164133858486367,real,False
-1.3051180778826577,1.1319145595256914,-0.7408947557159525,0.3115183419739594,1.0962832514465597,-0.7378570375242358,1.0648433562372388,-0.4701564700595629,real,False
-1.3051180778826577,1.2927895109487215,-0.7408947557159525,0.3115183419739594,0.0686313785498489,-0.0769105787126104,-0.3087931227519456,-0.1766087482977745,real,False
-1.3165005606535265,0.4615841473648808,-0.596691120168975,-0.6991922507032511,0.7007680513712116,-1.0838889332824744,-0.6033228422432397,-1.2162483702966629,real,False
1.205819762907883,0.4382240051320979,-0.7113954426183435,-0.9909016318582606,0.5089287446530181,-0.3014197432568077,0.2637225192209188,-0.0317863943145269,real,False
-0.4802107023177012,-0.8305193191813478,1.374737654027668,0.3909506069856068,0.1975999546194327,-0.6572697749231259,-0.7191294213113061,-1.110456154266347,real,False
0.5955971766749398,-0.4736597789979894,2.3519566708544954,1.7677740571248384,-0.6104599573900678,1.123543334528585,0.5800599711341216,1.3237919233244106,real,False
0.5955971766749398,0.1758037805739104,2.3519566708544954,1.7677740571248384,-1.0741714016993955,1.3418068712162032,-0.7557263056055434,1.3237919233244106,real,False
-0.107896059646003,0.2959697604072156,-0.4344684010525641,-0.1483322256448654,0.5798002924609846,-1.3531300875426828,-0.84070126297367,-1.5262298343544225,real,False
-1.25602122479066,1.9500024583097293,-0.537450558583147,0.1807568638927131,0.9116954983210224,-0.3556807248103821,2.053711222954818,-0.0909478665800238,real,False
-1.283050995735094,1.371250675894781,-0.6498570128277342,0.1375633761182517,1.420337550711451,-0.8984764414694092,2.269532574854396,-0.6445595601755589,real,False
-1.1324381668686525,0.3745549034908532,-0.3286271365947432,-1.141242966912134,1.112701336209348,-1.0559589487643988,0.0995378670789634,-1.0338338308113806,real,False
-0.7553096643717907,-0.1014756851845999,-0.629044596055921,0.0859067784413423,0.505740044098853,-0.6585200058779496,-0.3997840063054263,-0.8029397515529829,real,False
-0.7553096643717907,0.3008655802426462,-0.629044596055921,0.0859067784413423,0.6778310168033184,-1.0049037268065264,-0.5574514050799149,-1.1400368903990954,real,False
-0.7553096643717907,-1.576915592310414,-0.629044596055921,0.0859067784413423,0.543664243641467,-1.1537199442514048,-0.769763466704703,-1.3955815831014502,real,False
-1.035418428478911,-1.5720674425092251,0.291469778460066,-0.3899333050516612,-0.0879610099931123,0.0300282382008954,-0.4190851028167707,-0.155039461534312,real,False
-0.7922351674276638,-0.6728111780334246,0.983951743006444,0.3416736908246662,-1.457642022524322,0.6010049869087469,-1.0610345595122637,-0.022542414273043,real,False
-0.3428321770753154,-0.8056322589439165,0.1192782347962179,-0.5560135601528642,-1.2968168024425222,0.9147731528153435,-1.0610345595122637,1.14630750652792,real,False
-1.8186016765918689,-1.176307584238665,0.2231184117394085,-0.403041189880202,-1.2685550041707376,0.5684300022104933,-1.0610345595122637,0.0423708677960438,real,False
-0.9650361736572224,1.285822958683337,0.0549996442408947,2.024272329966322,-1.3468297580381958,1.1504484767002263,-1.0610345595122637,1.3237919233244106,real,False
0.78227505491074,-1.1369872207617937,2.3290788134024,1.5931383900111291,0.2150240785907336,-0.5648769305423638,-0.6414237080838157,-0.9750832021032828,real,False
1.1836387113092468,-1.8106874568098112,-1.2152739685785343,-1.1647942647565883,-0.4760591052004783,0.280664281915531,-0.6667407307805142,-0.0379490476755161,real,False
-1.2823716655878057,2.1221518260594374,-0.8548882880290111,-0.7454499355587042,0.8185006268902546,-0.8422084524721482,-0.1410991803352003,-0.8840813541393415,real,False
-0.702565744773707,-1.3909770487274566,0.8516690883563104,0.0134043371973625,-0.7201570871277203,0.5573706854750999,-0.7354225547299734,0.4914228760334612,real,False
-1.2949723868080707,1.889523372079448,-0.4276948142534038,1.7146259106724886,1.2451461291148842,-1.117642670874203,0.3188685092533314,-1.0463645593120587,real,False
-1.2949723868080707,1.5893024426341422,-0.4276948142534038,1.7146259106724886,1.2238863317980622,-1.2153767638894537,0.026594762081545,-1.1755748581141336,real,False
-1.2949723868080707,2.02118093947882,-0.4276948142534038,1.7146259106724886,0.8523345856859463,-1.0391152005746815,-0.3779762738835177,-1.1116886849385448,real,False
-1.097283217869118,0.3033553565667378,0.2373860631573386,-0.5974660630499192,-2.135119976415313,2.9706717038913744,-1.0610345595122637,1.3237919233244106,real,False
-1.1327280962784716,-0.1456727512123653,-0.0818421378254005,-0.1365751728134106,0.7499077737468348,-0.7737565193630161,-0.1581443045270369,-0.8173192760619579,real,False
1.2870052523445843,-1.5746349781799214,-0.4101244114772321,-0.6457844789631079,-2.097706346817132,2.5555577881664826,-1.0610345595122637,1.088378564934621,real,False
-1.0007659358461023,-0.8593159204969185,0.2593113841377519,-0.0467652165625766,0.033654774038784,0.4119402849083956,0.8161850739092696,1.3237919233244106,real,False
-1.0007659358461023,0.0408578842159715,0.2593113841377519,-0.0467652165625766,0.044364971025347,0.1245530570861785,-0.006242168346846,0.4540361123101264,real,False
0.4742874214986881,-0.0670627761650795,-0.7181572757753553,-0.8672527509901001,-0.2307275105149111,-0.091900566570619,-0.6963190345251717,-0.6110758102475173,real,False
-1.2933196377227945,1.5087014238325822,-0.4734942697187352,0.7748628497141667,0.71275134357976,-0.6561187709349172,-0.0180233571264978,-0.6470246215199547,real,False
-1.2992253846779989,1.760431507649947,-0.9224560357603744,-0.7690113221308467,0.7911853999617611,-0.9668295188840352,-0.3749683107908407,-1.0510892602221504,real,False
-1.2933514243372155,2.0838478559580613,-0.6164435759708649,0.3359879813961164,0.9692426863428464,-1.224837734469849,-0.4408928352386793,-1.2600032091596864,real,False
-0.5513523234960238,-0.8356068756882779,0.2332336764400459,-0.2024171762090371,0.690087172598288,-0.5166889175259971,0.2419147867990102,-0.3865498061288086,real,False
1.431444015732782,-0.7274663804158176,2.352739708581212,1.397455821442663,-0.8540654487190039,0.8395155355390941,-0.7106068592153878,1.3237919233244106,real,False
-0.657967445247187,-0.7629170023125559,0.9587865218045598,0.5803395760063198,0.1381262724860701,-0.5237340887362647,-0.6785219195601659,-0.9828892296938694,real,False
-1.282845871123889,2.208934094108686,-0.5919712220098581,0.288834317501876,0.6754287639201665,-1.350078557726018,-0.7915711991266116,-1.4812424648192009,real,False
-1.3074225146951564,0.70366844794807,-0.6814038941703224,-0.6573139401339297,0.7668876467817787,-0.909856194664556,-0.3366167813592083,-0.9925440532927524,real,False
-1.2947302324603216,1.3920058413077834,-0.5039385742030185,-0.5122209727071821,0.6027342641794822,-0.4308923495729645,0.2065712204600549,-0.2684322833765145,real,False
-1.3074918365326855,1.6872159036349057,-0.4410642530771988,0.9135343277885324,0.8580158479725013,-1.0872149881799695,-0.4286103192769147,-1.159141115818162,real,False
-0.5432878168484548,-0.6981287525721515,0.3892680886836511,-0.1670355256597412,0.1533612302016604,-0.5535257091732846,-0.686292490882915,-1.01123743515442,real,False
0.6890162551161718,-0.0017125479142579,0.8835558041870244,0.2232263371228214,-0.6826314583224063,0.4735095021071405,-0.7484570614649073,0.2627884363407597,real,False
-0.0737801738644158,-0.2824486617076998,0.6580058713273695,0.4599221758159156,-0.5832496057877692,0.7440854781825665,-0.3275928920811772,1.3237919233244106,real,False
-1.2978786100230728,1.767130448566523,-0.7380807015258043,-0.3946915799530114,0.7327504179071553,-1.1626752872932524,-0.6369117634448002,-1.2778749039065551,real,False
-1.316021034404556,0.308460647793795,-0.4160448033769109,0.038207835190062,1.1571226264055083,-1.6743527227606767,-0.6569648507293138,-1.535062970838507,real,False
-1.316021034404556,0.4611820670609109,-0.4160448033769109,0.038207835190062,0.8511637951857021,-1.502594808275158,-0.7667555036120259,-1.5026063298039636,real,False
-1.3077151559300817,1.3409827871229845,-0.7109243313084714,-1.534949852269006,0.3414186776182855,-1.3649899758723574,-0.9286841834344736,-1.6088093893916786,real,False
-1.302086451549284,1.5166056050815346,-0.6650820219242977,-1.0524944697126717,0.7183743737622864,-0.9670632273691138,-0.4732284384849575,-1.0716314380921146,real,False
-1.3089529184153346,1.4274010691419106,-0.7336447108987956,-0.7298120044601102,0.9307366927886724,-0.9661719221203524,-0.1340805997856205,-1.0005555026620383,real,False
-1.2971631923033893,1.7079708109528395,-0.4704838401012062,0.4526482012178442,0.6474794782882242,-0.6564972793289392,-0.1581443045270369,-0.6856439159154873,real,False
-1.2279167910489055,-0.794451837256406,0.7713835630806049,-0.0833319032568399,-1.0055640441307068,0.5288676049088706,-0.9728009754604036,0.1042028231846361,real,False
-0.5580809386569645,0.4982641499684562,0.3043063669596858,0.5153068645434753,0.483692536713261,-1.0299647102663074,-0.7401851629600454,-1.3197809467612822,real,False
-0.9694859570388475,-1.111896192263406,4.136074757373039,2.741015734143367,-1.9040657495056008,0.2832838263870912,-1.0610345595122637,-0.8779187007783523,real,False
-0.9694859570388475,-0.6120511293928734,4.136074757373039,2.741015734143367,-0.7314659561003314,0.3209598185801833,-0.8615063410313529,-0.1973563479464383,real,False
0.6919014429016507,-0.2476457335411435,1.2385695383120088,1.3478136745259637,0.7760242378935478,-0.5439364386147874,0.4399390237335824,-0.3666238935949433,real,False
-1.299640822261923,1.5284798755502116,-0.3677309590951146,0.6585137924300365,1.1705941894314476,-1.035450964302883,0.3131032466590336,-0.9740560932097848,real,False
-1.299640822261923,1.7264908155522902,-0.3677309590951146,0.6585137924300365,0.5546454894160053,-0.6173943194784232,-0.2669323030455234,-0.6687993300621168,real,False
-1.3180332388620437,1.393893855372906,0.3889901863799685,2.181542225282274,1.1174303180128342,-1.2770366725950022,-0.2914973349690526,-1.2708905634307677,real,False
-1.3180332388620437,1.520298089001771,0.3889901863799685,2.181542225282274,0.9178051329844564,-1.2420805248470912,-0.5216065115588466,-1.2846538226036437,real,False
-0.0759185737658079,-0.7688875598044802,0.6983303358936398,-0.1240638623121388,-0.4977472563948444,0.90164252463905,0.2860315788249403,1.3237919233244106,real,False
-1.1327999500227288,-0.3954947683876191,1.0986644103153234,0.2918868692750715,0.8984553866493391,-0.5409566912297622,0.9487861135781162,-0.2098870764471165,real,False
-0.0711214364390943,-0.152888856189461,-0.3013344130671009,-1.000888671952301,-0.4440987851916251,0.5350115079976934,-0.3534112419599885,0.9353393398033876,real,False
0.1962209695346153,-0.9757035556513636,-0.3383032707791216,-0.9430183333617076,-2.105903859480005,2.226973157385036,-1.0610345595122637,0.2200607063712341,real,False
-1.286607985950463,1.9316968728164157,-0.1423625289805234,1.1943623725344,0.804600950921388,-0.4918766657755742,0.7229382180362812,-0.1996159875121344,real,False
-1.3087085237744345,1.5601623640768136,-0.6251633262238258,0.7176405767388518,0.8009638069447615,-1.2079118469262493,-0.6108427499749324,-1.2770532167917568,real,False
-1.3087085237744345,1.4591559450510163,-0.6251633262238258,0.7176405767388518,0.7527742770717107,-1.4151175324857794,-0.7797900103469598,-1.489870179524586,real,False
0.3195162177889512,-1.2120017492844388,-0.1888164398746197,-0.9893711022126772,-1.74559107871277,0.7732473283586948,-1.0610345595122637,-0.0321972378719261,real,False
-1.27716495073134,1.9287621420320349,-0.8027750161710803,-0.0752271055942412,1.062863413846453,-0.9421392156455332,0.2371521785689382,-0.9005150964353129,real,False
-1.317337571243347,-1.1374727709233885,0.1435648994510255,-0.525296235848284,0.8197156953544206,-1.1333179801157345,-0.5248651382425802,-1.2107019822717724,real,False
-0.4548477980960762,-0.5943281843634799,-0.1243832836210948,-0.7480178882381121,-0.0137502825794088,-0.5300680858875021,-0.7900672175802731,-1.09730916042957,real,False
-1.2916995060054248,1.707893536994775,-0.7860129620088963,-0.1932484788435983,0.4587453391375787,-0.9467253816220532,-0.7075988961227108,-1.2530188686838986,real,False
-1.2892386695714884,1.918361185962597,-0.5519922636457196,-1.071064207956667,0.1461417725388186,-0.3178576484586713,-0.4925295349963019,-0.6295637703304852,real,False
-1.3081259801048428,2.1601543277137325,-0.760724727919243,-0.1240364393490595,-2.8146777440726387,3.876542290064872,-1.0610345595122637,-1.5946352866614033,real,False
-1.3140140587287397,1.6346943648160992,-0.0566630601467437,0.9415443882654744,0.7135804883157768,-1.1396722180520522,-0.6361597726716308,-1.2684255020863715,real,False
-1.3140140587287397,1.197608759568799,-0.0566630601467437,0.9415443882654744,0.9424608419840038,-1.120037851464853,-0.3496512880941422,-1.1694122047531443,real,False
1.01078991091929,0.5389326551513288,-0.2498919888873895,-0.277908426354805,-0.4440305703473124,0.3322094244259855,-0.5870297088245724,0.1567907985317444,real,False
-1.304102290973092,1.3072364299509809,-0.6304086405937519,0.3632868400748967,0.8854069736189113,-0.710648086844861,0.3173645277069928,-0.6254553347564923,real,False
-1.2945462479568606,1.7829928350384532,-0.5868219404877989,-0.3935609298580667,0.450296510047706,-0.1537881085543202,0.4988449676318413,0.3507089576242065,real,False
-1.3060827012527183,1.3903196017158943,-0.2772710107110361,1.143967928813976,0.814457706180729,-1.2924777041520807,-0.6637327676878372,-1.347923730443133,real,False
-1.2897050200488076,1.600612325377747,-0.4227401813174895,0.4191970296128192,0.9095149100360012,-1.1737434706548455,-0.4601939317500236,-1.2279574116825422,real,False
-0.1498669354691316,-0.0346275320339098,0.0509950944102318,-0.4818243211803203,-0.6241050844857767,0.6530717668847053,-0.5251158018336366,1.0631116861545649,real,False
0.0346508789617826,-0.3550599491473147,-0.4718091109531432,-1.1629129209748152,0.4185368094011745,-0.3709469003331614,-0.1192914479132917,-0.2994509719601604,real,False
-1.304428477540036,1.3666524533968696,-0.2353014997328655,1.263091789177003,0.9734593079540343,-0.9589290060702196,-0.0295538823150931,-0.9724127189801876,real,False
-1.304428477540036,0.768799778849366,-0.2353014997328655,1.263091789177003,1.0294810222831337,-0.9361773794633704,0.1584438109772222,-0.9111970289276944,real,False
-1.3126080516649876,1.2129950413357973,-0.615442351493722,1.0220491701517034,1.3060511951538991,-1.3989681350659529,-0.1463631157473851,-1.3269707090157696,real,False
-1.3126080516649876,1.6435510950539371,-0.615442351493722,1.0220491701517034,1.2664837085830447,-1.4381148872593457,-0.2799668097804573,-1.3688767518704967,real,False
-1.3126080516649876,1.964181799901055,-0.615442351493722,1.0220491701517034,1.1627334250104897,-1.4351676224545409,-0.4298636372321968,-1.3879809772895633,real,False
-1.3126080516649876,0.3771576213173837,-0.615442351493722,1.0220491701517034,1.4003044838274945,-1.9596074119435132,-0.6637327676878372,-1.6455798877789145,real,False
-1.3055005967917344,1.2669638318954344,-0.4403914083989753,-0.5395348096095149,0.662129431804467,-0.7404725363291065,-0.2661803122723541,-0.8086915613565729,real,False
0.0123713943629307,-0.4621424001986121,-0.0841423718325024,-0.841428319346106,-0.4277085197811653,0.2562809804916602,-0.6331518095789538,-0.0418520614708093,real,False
-1.3152602507838886,0.7806867687787136,0.100232264986531,0.3385718629415692,1.1050695252654377,-1.815191879940159,-0.7782860288006213,-1.6049063755963853,real,False
-1.2936831134534834,1.6546565288930568,-0.5173616677877348,-0.1402370902920912,0.79243714947676,-0.7714361268427539,-0.0659001030182741,-0.7922578190606016,real,False
-1.2962274987341735,2.060051643643279,0.3242412998495378,2.3609540928932096,0.6971104708497989,-0.8815052030784503,-0.4027919693981033,-0.9812458554642722,real,False
-1.2611856541534885,2.4512037708793244,-0.0451262371821072,-0.3345494435834767,0.5762879457844845,-0.3651277847778286,0.299567412741987,-0.1295671609755564,real,False
-1.3129785906042457,1.512464648289473,-0.4106676078160653,0.0786309677912677,0.9626423944429786,-1.035308066399045,-0.1902292441822587,-1.072042281649514,real,False
1.007830890540671,-0.277382116534184,-0.8462393838551896,-1.2264250773331873,0.3435242396592455,-0.1946057255070414,0.0606850104652182,0.0717461821500926,real,False
0.859851616486043,1.404692467020367,-0.3946667010931217,0.1323837788872073,-1.9788444489338048,2.111630426410665,-1.0610345595122637,1.3237919233244106,real,False
1.191383178709064,1.2496699416428114,0.9561017408404712,1.4151596390648271,-1.386251511308161,0.4371118275944741,-1.0610345595122637,-0.3080786866655454,real,False
-1.3102497652288518,0.9754725319487128,-0.1329035070530221,0.2896544887342911,0.981289271704606,-1.3927153070334453,-0.5930456350099266,-1.3869538683960652,real,False
-1.3014887052638568,1.512409047349447,-0.4830743769582689,0.1492907602769749,0.8887963422343904,-1.1863305703569915,-0.4987961247727124,-1.2433640450850154,real,False
-1.3001232252315045,1.4995764109892649,-0.3070377217105156,0.3420251358139029,0.7266702531363286,-1.038514446264715,-0.5363956634311755,-1.1420911081860918,real,False
-1.3099153951762348,1.243907434055865,0.3346260174093997,1.402086209059218,0.8241125615322966,-1.1595496763805346,-0.5451688891181502,-1.2328875343713337,real,False
1.637554969303457,1.3951149629102582,-1.0403924789360977,0.1757817432847778,-1.417658015362972,1.4249316140762984,-1.0610345595122637,1.3237919233244106,real,False
-0.3404937403362826,1.641610357201543,-0.3108211739970786,0.1297829012169309,0.5063943079081837,-0.3796404799857497,0.0667009366505723,-0.2345376898910735,real,False
-1.314823037833181,1.248386848837678,-0.5199015162400705,0.0237659335113782,1.1772032942568174,-1.1880290965893443,-0.0255432648581904,-1.1636603949495543,real,False
-1.3000896877277222,1.4544167708983091,-0.3291544044833416,0.7773643012543555,1.1111391009678508,-0.9139785346145156,0.4700186546603529,-0.82183855519335,real,False
-1.3100048204361217,1.296714990055709,-0.2784814307589484,0.9390573524639448,1.430107204720664,-1.3931254992646067,0.1501719124723603,-1.2807508088083503,real,False
-1.3100048204361217,1.5586438311626645,-0.2784814307589484,0.9390573524639448,1.0739561990203093,-1.249253780523803,-0.3220782930779359,-1.2571273042578914,real,False
-1.3100048204361217,1.233948182711942,-0.2784814307589484,0.9390573524639448,0.7045324749253611,-1.0816257443527333,-0.5978082432399985,-1.2100857169356734,real,False
-1.3026125700384668,1.9178121759287057,-0.6750688689656695,-0.2959339537770656,0.4766170949887779,-0.5915559653009486,-0.3574218594168912,-0.716251760941734,real,False
-1.3049276283192108,1.3073400438522622,-0.2946285814428154,0.2721276671502436,0.9064815489173212,-0.8664275526953246,0.0032830481132979,-0.8756590612126562,real,False
-1.3003379978080418,1.8703301582408824,0.0415791848773977,1.1018183437651194,0.7735990632814188,-1.0353531197021153,-0.4784923738971423,-1.1283278490132158,real,False
-1.306501960404198,1.3505172816328448,-0.4260660910422041,0.0250336646376563,1.0238456755165568,-1.6092272602731528,-0.7151188038544033,-1.512671996960246,real,False
0.3214199240369217,0.25723974197446,-0.3822661721938662,-0.1150830064895552,0.2401743616614262,-0.2912193034401662,-0.3240836018063873,-0.4317425974427298,real,False
-1.3020235780555696,1.399387558005554,-0.3846285238626522,0.1296734272407002,0.1974149751691006,-0.1358527911509962,-0.1596482860733754,-0.0901261794652252,real,False
-1.313866567941512,0.8946816621843149,0.0735821043609012,0.6560783375469859,0.9868263829858096,-1.3462090732451502,-0.5459208798913194,-1.3532646966893238,real,False
-1.313866567941512,0.5062576446194524,0.0735821043609012,0.6560783375469859,1.0895778130226388,-1.090289244143488,-0.0288018915419239,-1.0870380714945878,real,False
-0.5595113550120123,-0.190520087053294,-0.228558331666997,-0.552994915759813,1.4573023542168484,-1.3292780853744024,0.3983288676182167,-1.2004308933367902,real,False
1.1534379983855982,-0.1793567778570462,-0.0343209937277782,-0.3045935244579057,0.6808212541680566,-0.5807234567221684,0.0639436371489516,-0.5282908334315616,real,False
1.0133575611103998,-0.725983385748209,-0.1375953924812385,-0.0233534096304223,-2.341160543846976,3.239056174973604,-1.0610345595122637,1.3237919233244106,real,False
1.0133575611103998,-0.6013312733994935,-0.1375953924812385,-0.0233534096304223,0.2749468902243072,-0.8673753745730182,-0.7843019549859754,-1.2873243057267387,real,False
-1.313724330764806,0.4409810006614756,-0.263017159618599,-0.2443273126364508,1.0006418718254575,-0.7950420634419525,0.4512188853311214,-0.6938607870634731,real,False
-0.2549990243357135,1.3316461904775654,0.3183204565576269,2.597728093380978,0.2881947868185975,-0.6299866735038516,-0.6246292474830355,-1.0017880333342364,real,False
-1.2679052171597254,2.3255732220959056,-0.3908178126731198,0.7851238181161224,0.8460410591888711,-0.7761440611376988,0.04865315809451,-0.7694560016249413,real,False
-2.1327450791714564,-0.8792728875186264,0.0549713119047924,-0.8293936171568919,0.5644643817679716,-0.5293039500248046,-0.1012436693572294,-0.508570342676396,real,False
0.7784347087762036,-0.8811938649363613,0.0205543763465599,-0.4774425202254554,0.2845038064279289,-0.4860737119443736,-0.4970414796353175,-0.7756186549859305,real,False
-0.3935333847135328,-0.2846898201796548,0.6855590841446892,1.6783190099318213,1.4767822585981585,-0.9659455916595004,2.2394529439276254,-0.6632529420372264,real,False
0.1082812275405401,-1.037755890098398,0.0762385555626267,-0.3524868422009233,-0.4975879338192742,0.8542756758274754,0.1461612950154576,1.3237919233244106,real,False
0.5411741854337888,-0.4939633103937202,2.4327822268825323,2.5005377892737606,0.16449431141027,-0.121503005959798,-0.2012584421887412,-0.1170364324748783,real,False
0.5411741854337888,-0.1976403023668015,2.4327822268825323,2.5005377892737606,0.2899484531486507,-0.2996875619231683,-0.250639169626856,-0.3647750975866465,real,False
0.5411741854337888,-1.945760490562608,2.4327822268825323,2.5005377892737606,0.7818079994899153,-0.6993165509773415,0.0566743930083154,-0.6792758407757985,real,False
0.6304130077878505,-0.8346047450240601,0.8153361032111242,0.173059187049649,-0.744716409851593,0.8122032639579789,-0.5589553866262533,1.3237919233244106,real,False
0.7294385460719354,-0.5184076474725993,1.2922537452176153,0.3472707128393079,-0.7046478830663475,1.1073015826571937,0.0762261531107162,1.3237919233244106,real,False
0.1230092091819966,-0.0628665337434954,0.3850559492271222,0.9753189920063398,-1.43325912689279,1.1636222772948868,-1.0610345595122637,1.3237919233244106,real,False
-1.3412942087647617,2.288618080770013,-0.7313706868515661,0.2001577738976302,0.5152489382254726,-0.8243840678673419,-0.5642193220384382,-1.0578681789192386,real,False
0.7629738596034339,-0.0392716741891899,-0.5007692972141271,-0.4329363944654569,-1.9452546702588875,2.375215440624813,-1.0610345595122637,1.3237919233244106,real,False
0.3383447117269714,-0.1172910960396201,-0.7144215766771832,-1.3286002152009624,-2.018607601179187,2.3450822616944347,-1.0610345595122637,1.3237919233244106,real,False
1.0800680794734243,0.3236394344402574,-0.6760650135888723,-1.2925200427604266,0.3049826352759352,-0.9005913961461853,-0.7830486370306933,-1.302114673793113,real,False
1.0703043094914857,-0.4899263899923929,-0.419482903616514,-0.9778848722424638,0.5467398780855832,-0.3916982455819834,0.1454093042422883,-0.2267316623004871,real,False
-1.3141484538958557,1.0106062664907778,-0.8643341015207645,-0.5159139584752891,0.8608924855715017,-0.9647711945013484,-0.2616683676333386,-1.0258223814420946,real,False
0.7714455151690914,0.4929840732757481,-0.4031438021416914,0.5316247311127164,-0.4069544105232273,0.4936947328435534,-0.3416300531803367,0.8373531513636584,real,False
0.5929324878419506,1.214657358705851,1.8033208548917905,3.655612149543611,-0.4500039510489951,0.5169540610751534,-0.3897574626631694,0.8373531513636584,real,False
-1.5736066976168406,-0.6247395545913778,1.72803255438895,0.7969140094628672,0.8060103858001016,-0.5378466939759319,0.5672761279902441,-0.3193768844940257,real,False
0.6942921044173207,-0.1937711443902612,-0.0289265056608455,0.5076179336404859,-2.199460316973591,3.0920109154134043,-1.0610345595122637,1.3237919233244106,real,False
-1.320116176206238,0.2366006551944864,0.003368246537255,-0.2429081922894406,0.7705277613140045,-0.312245994595366,1.3458372418114863,0.3453679913780158,real,False
0.6551460562703484,-0.1291674594463241,-0.7255622427930979,-0.188358422146286,-0.1015664745301493,-0.0999088381400725,-0.574245865680695,-0.4896715390360289,real,False
0.1539783230037756,-0.6582028627543547,0.1031917974073161,-0.636687973887188,-0.2363044490175768,0.867528274205074,1.5980048144142454,1.3237919233244106,real,False
0.558351001400411,-0.6262935397274425,-0.4882927789146139,-0.1845741304195663,-1.426103036927286,1.2945712118392705,-1.0610345595122637,1.3237919233244106,real,False
0.6498408985193506,0.0125051271590947,-0.9719550574150082,-1.43059271504305,0.3594454886205239,-0.4100443006197737,-0.2945052980617297,-0.511446247578191,real,False
-0.6103171442363019,-0.0212925713740851,3.7124466501618576,2.475467322680241,-1.747620714484587,0.948409042421364,-1.0610345595122637,0.3285234055246451,real,False
1.5333329978767811,-0.4459672648539691,-0.8757202533063458,-1.303931859624417,-0.5497991195595927,0.6320361649309205,-0.4203384207720528,1.1397340096095314,real,False
-0.5830464880732696,-0.2889196267393969,-0.4815211616603577,-0.7479754994455718,-0.2025007833778017,-0.3911212311046929,-0.8346853367883159,-1.039174797057571,real,False
0.6790848098410467,-0.4567491959931524,0.4776969017011792,-0.2225408300790947,-0.0065367153990247,0.56231099614581,1.3202695555237314,1.3237919233244106,real,False
-0.0385453210197762,-0.9671640734905927,-0.6728649897656286,-1.31174884570588,0.1784022395999994,0.4055185645529998,1.6313430720247493,1.0312713104561204,real,False
0.0807857333886282,-1.0584694474973546,-0.7068827323343099,-0.0413897025660113,0.4410614899340233,-0.9901365950720998,-0.7459504255543431,-1.3078664835967029,real,False
0.7962663063388042,0.0553968422610882,-0.3022519554205609,-0.3163195484019931,0.0951224110933388,0.3652873112099604,0.918957146242402,1.3237919233244106,real,False
-0.0898467085598335,0.3536925800945703,0.2260617623740978,-0.2021205427684869,-1.5642454431415478,1.6907160220674975,-1.0610345595122637,1.3237919233244106,real,False
-0.9402571421368218,0.1769664163627374,-0.4789426205066522,-0.7972022871860447,0.0903551165698544,0.3806048156837278,0.9628232746772756,1.3237919233244106,real,False
0.7119148111897597,-0.5416875852041465,-0.5936760440656323,-0.9060038777085392,1.884734416981232,-1.448649716885977,2.0695030291913725,-1.054786852238744,real,False
1.6545179817348692,0.4614740253023771,-0.0301554690228543,1.0800767238742783,-0.4232519518565617,-0.4384746137800565,-0.9389613906677868,-1.179888715466826,real,False
-1.2540615867706506,-0.4377044841639496,0.2249014054088513,-0.7143201748021875,-1.592878462256735,1.571313912230097,-1.0610345595122637,1.3237919233244106,real,False
0.818597651422116,1.6188028486278798,-0.6980559738105762,0.3414638898201134,0.989959207102248,-0.4583215687695238,1.9519418049859112,-0.1104629355564897,real,False
1.2933857794044412,-2.343268295254882,-0.509577352196838,-0.6385428034862348,0.5354336592089325,-0.763667572142917,-0.4812496733987629,-0.9455024659705346,real,False
0.7413576357146204,1.3195818130677412,-0.6438830816377421,-0.660856844612837,0.7559020516198345,-0.496072010096188,0.5178954005521292,-0.2702810793848113,real,False
-0.0603480804463703,0.3873282484680477,-0.8303813498822217,-1.2101558110073234,0.1440291044433032,0.058039292789412,0.1073084384017124,0.4712915417208964,real,False
-0.0168008676207142,0.5761604701769997,-0.4592016185185437,-0.1935834510330802,-1.5076901929718878,2.000017582834228,-1.0610345595122637,1.3237919233244106,real,False
0.4942687996580717,-2.265448896735582,-0.5808711254283078,0.2037573802846422,0.0391422558456022,0.2950273809519854,0.4173793005385046,1.2882539556093726,real,False
0.1156097992148057,-0.0299819641226197,-0.4426515084476086,-0.9927170956684443,-0.4486108968204764,0.646158860222495,-0.181456018495284,1.3237919233244106,real,False
0.3381981857438354,-1.4141006421089246,-0.2114579336047904,-0.7814466822255919,-0.8606310182044516,0.8172370767454747,-0.7356732183210298,1.3237919233244106,real,False
0.2707121283984733,-0.0777332400441853,-0.431514272310967,-0.311687243194372,1.555504491804418,-1.066050605323149,2.154477986559499,-0.6570902886762371,real,False
0.2707121283984733,-0.0472578249935196,-0.431514272310967,-0.311687243194372,1.5045684694959551,-1.0637511029601416,1.7814905630675453,-0.7209764618518258,real,False
-1.126512041866528,-1.1304377000509802,0.3271888906325981,-0.4097026181382725,0.975386675909314,-0.9201211616234052,0.0554210750530333,-0.9175651040673832,real,False
0.3547862506968495,-0.8264167332496485,0.6373809670367298,0.6977141667219489,0.9789480553145417,-0.499718794948534,1.6105379939670663,0.0631184674447077,real,False
-1.3526013680311906,-0.8786526945941233,-0.1846678190461248,-1.2124715402831805,-0.3012004868710647,0.4531356314848699,-0.1864692903164124,0.9297929517784972,real,False
2.065064892436539,0.8008255811049585,-0.7113361093996708,-0.1659326074324828,-1.5963883825147438,0.8592110368710533,-1.0610345595122637,0.4369861046780561,real,False
1.3699416708785133,0.6683904447094302,-0.4794120417891589,-0.5292416488471466,0.2145539655417855,0.3714286017865019,1.673454555322228,0.9606062185834436,real,False
0.8538716621421047,-0.1989482705793891,0.3065475804898874,-0.1740480376279084,-0.3999543606524113,0.5937139366245211,-0.1606509404376011,1.3237919233244106,real,False
0.0609881186843164,-1.0903663650438673,0.9673758615627972,0.2721933383041138,-1.8172090252609645,0.9159993228537422,-1.0610345595122637,0.0879745026673643,real,False
-1.3155602472690668,0.4262182507490587,-0.514819799806082,-0.2218070750109677,0.7614417089998704,-0.8459320692700846,-0.2536471327195331,-0.91366209027209,real,False
0.930351793183964,-1.176198425083769,0.7149641845553332,0.3065339802867094,-0.2354007828098899,-0.1098534040091264,-0.7121108407617263,-0.6482571521921525,real,False
-0.038779613167059,-0.4089643039627899,0.4900461860270929,0.9396252210543188,0.4597688343927307,-0.47931629102257,-0.2228155110195934,-0.4980938319627142,real,False
0.722716838084205,0.8232749829854069,0.5458335998585137,0.7660392004632729,0.389789331413054,-0.8764508680988627,-0.7141161494901777,-1.2256977721168465,real,False
0.9291455750766096,-2.7454776212349574,-0.5523902099906748,-0.7103999988328809,-1.7703081436773902,2.016416182845146,-1.0610345595122637,1.3237919233244106,real,False
1.48004429598929,-0.2942543843525202,0.0500608770149282,0.1018912920393914,-1.928495951793277,2.855093973562824,-1.0610345595122637,1.3237919233244106,real,False
-0.0670993996145911,-0.076047502493143,0.6829634295206233,2.5642222023748227,-1.072797534700503,0.9990612125391138,-0.92542555675074,1.3237919233244106,real,False
-1.3063397457034098,0.9208332920355866,-0.7518332766171899,-0.6351158431479708,0.8410253130792437,-0.9594128308733793,-0.2872360539210934,-1.0264386467781934,real,False
-0.4863048072562084,-0.3642667145934083,1.5997042486163429,0.782283475307395,0.1905436437048412,0.4169228986092565,1.7955277241667047,0.9597845314686452,real,False
-1.3144760205340045,-1.3840653618934595,-0.0120762069488893,-0.4882407679084496,0.8227897423779054,-0.9201623703625834,-0.2599137224959436,-0.9853542910382652,real,False
-1.3047195224346817,1.2686275204530215,-0.8986278152680712,-0.8740989995177828,0.8351716304275105,-1.1672765526985374,-0.5406569444791346,-1.237406813502726,real,False
-1.2972387632595526,1.7132979371956392,-0.5977011576587371,0.7162855979802757,1.0724444640302344,-1.321783346563333,-0.4170797940883193,-1.3191646814251834,real,False
1.900838013254979,-0.0515243429735409,0.3043888279521993,-0.0469527529068039,-0.444817624206951,0.4795305514861753,-0.4296129736411403,0.6869844093555204,real,False
-0.9023625382985906,-1.0657102493355577,0.5360405307118052,-0.4749109306778666,-0.990869541977098,-0.0327077958217202,-1.0264429839464777,-0.9005150964353129,real,False
-0.0679837240406456,0.9970664153070118,-0.6919754640280452,-0.4519501964125484,0.0250628425223023,-0.0569745803797495,-0.3539125691421013,-0.2002322528482333,real,False
1.0491970736047942,-0.39605722402295,0.1906476588076656,0.8102501551517131,-0.6824223439828434,1.040624638878831,-0.0190260114907235,1.3237919233244106,real,False
0.775875956765001,-0.6138341019816616,0.0971416406717511,-0.4238852078057242,-1.4472948101714722,0.8029679982249457,-1.0610345595122637,0.5166897548135172,real,False
-0.2206677349430684,-0.9155846574510148,5.913472458380336,2.8639784089369016,0.1572064864465156,0.1389406200324907,0.3612306561418664,0.8977471543013531,real,False
-1.310539400550896,0.4759169012834641,2.279596055812284,2.552141444437672,1.2582309419958349,-0.8299694082802052,1.5210510919599245,-0.4851522599046368,real,False
-1.310539400550896,0.7559498270184064,2.279596055812284,2.552141444437672,1.1516315762887612,-0.7655480612716858,1.2280253540149686,-0.4674859869364676,real,False
-1.310539400550896,0.6946727189836063,2.279596055812284,2.552141444437672,1.087271458365613,-0.7811395143990464,0.8397474514685732,-0.5829330265656664,real,False
0.912907445715884,-1.8637128765721291,-0.5515495108042631,-0.0162839723599175,-0.9929942276582896,0.9659771258973888,-0.8316773736956389,1.3237919233244106,real,False
-0.6383514543902238,-0.2642272320644789,0.9696041035836368,-0.3753070628193248,0.7312516769399409,-0.783058642507416,-0.2092796771025467,-0.8397102499402189,real,False
1.5765329800620298,1.3553292101998873,-0.527400401185363,0.457434571491426,0.3336455923214852,0.3140060218435109,2.2143865848219835,0.5809867715465051,real,False
-0.3463954694956461,1.0398082287845405,-0.5634881583114736,-0.568355190389521,0.1702625395080567,0.3887297473208218,1.473174346068148,1.0933086876234124,real,False
-1.2926913468488872,2.357226402497438,-0.8545007766806884,-0.0245888051380159,0.9053515876997014,-0.9191274138095004,-0.1014943329482858,-0.950432588659326,real,False
-1.296791988130428,1.51969682593929,-0.6570299687327557,1.0017655312187468,1.0644444381560416,-0.903753256699401,0.3449375227231991,-0.8382722974893214,real,False
-1.296791988130428,1.5833551009383064,-0.6570299687327557,1.0017655312187468,0.7979717320687083,-0.8807213140769501,-0.242868598304107,-0.9448862006344356,real,False
-1.3143094270018347,0.2811874576934693,-0.4219602441142389,-0.650283350462031,0.6292992133502394,-0.7241438770813209,-0.2975132611544067,-0.7988313159789902,real,False
-1.2700867069112256,1.7041305895052277,-0.6400184360000342,0.0777183864056807,0.6869447700473696,-0.4082207501436035,0.548727022252069,-0.1172418542535779,real,False
0.5714687908022443,-0.1671688428286608,1.03180621159646,2.0774880283298605,-1.283163760278043,0.931822425025768,-1.0610345595122637,1.2436774296315505,real,False
2.357144838435546,-0.8495959068255953,0.3175568716711774,0.9248917478994284,-0.047403206405715,0.4520493042946989,0.6061289846039893,1.3237919233244106,real,False
-1.3148262893819198,0.9009713276337916,-0.824587704434982,-0.2494005986123151,0.7150463299386043,-0.8473809080064941,-0.3323555003112491,-0.933177159248556,real,False
1.5372422051993926,0.1742978830077971,-1.0339027474402578,-1.0711650549940486,0.20943081594091,0.1679665241417559,0.6547577212689348,1.2568244234683277,real,False
-0.4358504782328812,-0.4751768773476073,0.5848952296080611,-0.1174338675927862,-0.5098444834686753,0.9657571667038536,0.4537255212416856,1.3237919233244106,real,False
-1.3041707463832417,1.1139560148165937,-0.7968966981872644,-0.5132659449348725,0.6657615106589209,-0.8110807365990013,-0.3594271681453426,-0.9040072666732069,real,False
-0.5028227837723562,0.3710443225212523,-0.5012209413905153,-0.3914639152528829,0.2756039729437597,-0.4450968139899146,-0.4642045492069264,-0.7107053729168437,real,False
-0.6322364211721605,-0.3963481504380275,-0.316749841331703,-0.8953131074221455,-2.0537332976594573,0.2707886650875566,-1.0610345595122637,-1.0165784014006107,real,False
-1.315984673876167,-2.0811644414908783,-0.408777065122229,0.3759733627202146,-1.948487927893784,2.492093792729656,-1.0610345595122637,1.3237919233244106,real,False
-0.0498213211388881,0.4456526089677507,0.0350889047827721,0.9604976000579964,0.2124685860833604,-0.3007159238421549,-0.3807335733851383,-0.4989155190775128,real,False
1.7193172733600837,-0.7238930573244768,-0.3069025503415402,-0.149153243189274,-0.5506354656314996,1.0324164732782428,0.5136341195041702,1.3237919233244106,real,False
0.4946965156880458,-1.1629335332494517,1.753307549859907,0.6747981898062901,-2.2560284440201617,1.09808879466677,-1.0610345595122637,-0.8715506256386634,real,False
1.5856463188995438,-0.4295292281364191,-0.3384322675385062,0.3015304094020171,-0.8584738793776462,0.8128078844611699,-0.7356732183210298,1.3237919233244106,real,False
-0.2101846182065917,1.7720676595353453,-0.6305870649467235,0.1375252615607234,0.1195337448303405,0.4049687698292815,1.2440678238425795,1.239158150500158,real,False
0.186524236007745,0.1126146301397342,0.3605060905883666,1.2141098125912446,-0.534235946161757,0.8037855473094484,-0.094475752398706,1.3237919233244106,real,False
-0.0342362296663905,-0.8109116690809643,-0.0565542038794578,-0.8951334857110339,0.5514046403984634,-0.5012685805450002,-0.0766786374337002,-0.4627612860263758,real,False
0.9847973240697656,0.6461355066395048,-0.4775382479797823,-0.926735647845788,-1.861856351390239,1.5293831239754856,-1.0610345595122637,1.297703357429556,real,False
-0.9968704691720068,-1.6914686567597708,-0.8466301104277179,-1.2471007071188374,0.6455467511347671,-0.9293937353877484,-0.5208545207856774,-1.0708097509773162,real,False
0.0294431421151775,1.1042240045780147,-0.3348201564807712,0.4684391929353385,0.6848706197052804,-0.479839580874996,0.3248844354386854,-0.3058190470998493,real,False
2.1824780823016936,0.5790254181557684,-0.4479912061642316,-0.7842593045301623,0.1833191831218718,0.1611974117542894,0.5259166354659347,1.12905207711715,real,False
0.0621394272794879,-1.006735560873119,0.5572122334438118,-0.4149343917347431,0.4984532869157818,-0.9966888129130465,-0.7098548684422185,-1.277464060349156,real,False
1.5766353716445176,0.9332185582433284,-0.7061834529185225,0.347147815536089,-1.722975757815397,1.014062447685124,-1.0610345595122637,0.5565415798812477,real,False
-1.2819045694568512,2.1039563750775248,-0.6885216167134938,-1.2490425558744176,-0.3114015201231875,-0.0689397510251303,-0.7479557342827944,-0.6402457028228665,real,False
0.5861333931210947,-0.0404268358438609,-0.5364833368740617,0.0978951526081672,-1.5747032052082972,0.8284404804696633,-1.0610345595122637,0.3922041569215342,real,False
1.0537329053138222,-0.4477490854868124,-0.1248342801878572,-0.0441240025992806,-0.1855000766076725,-0.3307190287070143,-0.798339116085135,-0.9531030717824212,real,False
1.5850896124484737,0.531360328697042,0.0990058422117197,0.31815800402006,0.0857270605669282,0.5762796356390821,2.103091950392933,1.0518134883260846,real,False
-0.2849832505031349,0.3544197960808779,-0.2819402014422538,-0.0453389635570574,0.0315061450229566,0.521176537220943,1.3318000807123267,1.3237919233244106,real,False
-0.261907164215636,0.6130450485234823,-0.7684191637971814,-1.2823267559433935,-0.490040226145822,-0.3468050274304351,-0.940214708623069,-1.110661576045047,real,False
1.655442882904347,2.0372070729306526,-1.0284835086254858,-0.563182254095362,0.3123814746593483,-0.6294690139604862,-0.6008162063326755,-0.9783699505624772,real,False
-1.3088508256243412,1.6895651557217308,-0.9221062989504122,-0.6313551134819535,0.5947462716871138,-1.0025145307811825,-0.6361597726716308,-1.2117290911652705,real,False
-1.3088508256243412,1.6617506266850737,-0.9221062989504122,-0.6313551134819535,0.8782873697074159,-1.2412645826183852,-0.5634673312652689,-1.2908164759646328,real,False
-1.3137132003339662,0.3470587465402912,-0.7575448767715158,-0.4661572004310323,0.7146587907546181,-1.1439693993912543,-0.638666408582195,-1.272123094102965,real,False
-1.3059222827677666,1.4329945891866342,-0.8393006344759849,-1.2433313439799758,0.008472891864168,0.0086856093709791,-0.2889906990584884,-0.0416466396921097,real,False
-0.7011141450954833,-0.8879049338924948,1.201654289879799,0.1062198217153208,-0.6353342654431736,-0.6074959377707841,-1.009899186936754,-1.3620978331734084,real,False
-0.8957432481854876,0.6894775031518757,-0.1074597199970499,0.0580010827225444,0.2771661328820938,-0.2520138795609624,-0.1982504790960642,-0.2620642082368256,real,False
0.8068444429154358,0.2314876061556456,-0.6875502587890162,-0.7683404252219312,-0.3621178830676324,0.920144771956862,1.0442889417706125,1.3237919233244106,real,False
1.2390893491258796,-0.6821365460887544,-0.177370903896167,-0.5216981501930672,1.431254885230815,-1.197140052131628,0.7347194068159331,-1.0418452801806666,real,False
-0.0339992456203815,-3.1469232817591317,-0.4115609266309978,-0.938185768381978,1.1732235917108356,-0.6680938352626943,1.927878100244495,-0.2522039628592427,real,False
0.885722190807557,-0.2875179616951973,-0.2577615772673228,-0.8279452552427069,-0.648026172234076,0.1592500646233156,-0.8682742579898762,-0.4740594838548561,real,False
-0.552756899943412,-0.7333905371556544,-0.2972917914068409,-0.9285256044082536,-2.1358249556117976,0.6849994974998032,-1.0610345595122637,-0.8314933787922332,real,False
0.3482147380337939,-0.1603249269492322,-0.2970478461194917,-0.5989428989414286,0.2238603508641498,-0.4839762832546006,-0.5649713128116074,-0.8415590459485156,real,False
0.4073474940618964,0.0101331740948833,1.425464071382916,1.1308883734150006,-0.3733343377035813,0.1699412451891474,-0.6429276896301542,-0.1987943003973358,real,False
0.4073474940618964,-0.1912997364150388,1.425464071382916,1.1308883734150006,0.5978058681634452,-1.2038359058630954,-0.7629955497461797,-1.4074960462660293,real,False
-1.1351201472301709,-0.0747814176482645,1.4134291671854684,1.5331098684163955,1.5982367270252291,-1.29404946105257,1.1104641298095077,-1.0636199887228286,real,False
-1.1351201472301709,-0.0112408396614324,1.4134291671854684,1.5331098684163955,1.4042659803516282,-1.114357430186975,0.939762224300085,-0.9305066761254608,real,False
-1.1351201472301709,-0.2766150783807936,1.4134291671854684,1.5331098684163955,0.8000007067250247,-0.7169635691840182,0.0634423099668388,-0.6983800661948651,real,False
-1.1351201472301709,0.0714586732818234,1.4134291671854684,1.5331098684163955,0.6262566787060656,-0.6228396645153017,-0.1418511711083696,-0.6404511246015662,real,False
-1.283388947603352,1.6337589257822565,-0.582761309654684,0.158328145154206,0.6252024205263521,-0.2469968560025928,0.884365570676616,0.3090083365481791,real,False
0.4398310828747384,-1.7918279207189118,-0.1139434961607629,-0.1003117940741304,-1.6876337799515422,0.864893043245051,-1.0610345595122637,0.271826994603544,real,False
-0.9898923700511838,0.0461590028765613,-0.6060971670703174,-1.0434315056553078,-1.947116907694524,1.7619733539718396,-1.0610345595122637,1.0764641017700416,real,False
1.732306381343796,0.3641295666204915,-0.8376869211506831,-0.4712469683629239,0.0212782092655495,-0.2695214612028531,-0.5907896626904188,-0.6852330723580881,real,False
1.2160845990812976,-0.8649420740528037,-0.3815609734590772,-1.1823399598424749,-0.4703638450110939,0.8071786864356124,0.1133243645870665,1.3237919233244106,real,False
0.6811524177461236,-0.4956539982658102,-0.7892057274545526,-1.2905156927377317,1.3558790008877568,-0.8522592838535412,2.075769618967783,-0.47755165409275,real,False
-1.7202105962287129,-1.259667030309808,0.6929211500722107,-0.2046636694021117,-0.0003455185606177,-0.4243028784624882,-0.7233907023592652,-0.9535139153398206,real,False
-0.4630469730688329,-1.058614448744989,-0.3373688276829525,-0.992158159496108,-0.177928991680767,0.8340769285825681,1.82736200023087,1.3237919233244106,real,False
-1.2947374339260482,1.9660659554510111,-0.7609857104912187,0.0484295104211585,0.3968452451657234,-0.3163947186881097,-0.0638947942898228,-0.1901665856919508,real,False
0.2154982109562819,-0.5114459000575909,-0.4784254941704163,-0.4838556040958768,0.3066132315550775,-0.6565499668449304,-0.6283892013488819,-1.0223302112042003,real,False
-1.2995595925250207,1.566206293056878,-0.8642625791549738,-0.1610824309704769,1.112947118652955,-1.3487952420799691,-0.3940187437111286,-1.3321062534832608,real,False
-1.294401101876017,1.7771514744083865,-0.922367886518874,-0.0812878540559826,0.5640943333298981,-0.8948234369572937,-0.5765018380002028,-1.1057314533562552,real,False
-0.762106106554353,0.3739098867269078,-0.0132297187944048,0.6807163687393926,0.5137423167812352,-0.5420597000657194,-0.2233168382017062,-0.5621854269170026,real,False
-0.297928941383827,-0.2791024676568968,1.1986581168826616,0.7777652590179028,0.2648532400783419,-0.4464367052738152,-0.479495028261368,-0.727139115212815,real,False
-0.8120764920354504,0.5073895526622512,0.9350172201139886,1.3584653569016862,-0.702409378234582,0.9654037742959009,-0.2463778885788969,1.3237919233244106,real,False
-0.997441851357865,-1.3093803798591903,-0.1868803328357484,-1.248555262980643,-0.0693944501863268,0.3804792762814298,0.2912955142371251,1.3237919233244106,real,False
0.8457618945015307,-0.9965018718727828,-0.3457904747698947,-1.5112593720411864,0.6324118247312761,-0.6510126431215665,-0.1781973918115505,-0.6846168070219891,real,False
-0.0244052760711688,-1.1162542100809107,-0.9904981610154684,-1.5672588491612858,-1.6729164117875708,1.4388646197720092,-1.0610345595122637,1.3237919233244106,real,False
0.189557745218262,-0.8319708391745961,1.379218473261328,0.2486121175839293,-0.6716586540998576,0.7856911553694985,-0.4534260147915003,1.3237919233244106,real,False
-0.2592010990244472,-0.6310192987226795,1.8879168647782287,0.9898291439097532,-0.3502416931722044,0.8619926201509338,0.8259609539604701,1.3237919233244106,real,False
1.518219184855622,-0.509248195524558,0.6737182895296582,0.2864934976002691,-0.5423321743870081,0.5420113613940397,-0.5155905853734926,0.7410103371535263,real,False
0.523681193935906,-0.5997610055576138,-0.453295705037455,-1.1187848649006955,-0.753309153492522,1.4749597076149794,1.8647108752982768,1.3237919233244106,real,False
0.5185483212870088,-0.6186589119806638,-0.1331097262695631,-0.9215967865653866,0.7151338558362927,-1.1701050298915552,-0.657716841502483,-1.2994441906700176,real,False
-1.3126942899198784,-0.3599277341978896,0.0457363601453248,-0.2112083109929376,0.6601570149946548,-0.646554906041292,-0.1147795032742761,-0.6618149895863289,real,False
1.0491679543193242,-0.1330785697795539,0.7340219732757806,0.2877453009313345,0.5596789411651865,-0.5960598231381643,-0.2250714833391011,-0.6310017227813826,real,False
-0.907388456822948,-0.7309772653370816,-0.0712048600724096,-0.8458041321963592,-1.4639078336077955,1.231034009713013,-1.0610345595122637,1.3237919233244106,real,False
-1.3122206039472557,0.257334988401811,0.3126760727991476,-0.3240650746092947,0.6715399497175455,-0.8490793313662819,-0.399032015532257,-0.9500217451019266,real,False
-1.3122206039472557,-0.0323406683693824,0.3126760727991476,-0.3240650746092947,1.090715279262119,-1.0665466411519855,0.0223334810335858,-1.057662757140539,real,False
-1.3097823386489147,1.49658493791695,-0.986671653235034,-0.8719581279524764,0.8085778414455609,-1.3500590938931534,-0.7068469053495414,-1.4054418284790329,real,False
0.0203909294016112,1.0284850250756408,-0.150608206549009,0.9786245601510688,-2.1826777412772858,2.880040132279668,-1.0610345595122637,1.3237919233244106,real,False
-0.5281422064703765,0.3651051446245448,-1.0276466012379255,-1.285785453196944,-0.1625474699629142,0.3194689869414601,-0.1150301668653325,0.7023910427579936,real,False
0.5843304384084835,-0.2999773503615565,0.1327708306939446,-0.3106305676585399,0.0708404824275261,-0.7534175171349544,-0.8422052445200086,-1.2836267137101451,real,False
-1.6177591973316945,0.1701326750548586,-0.7895707374118541,-1.4985236143181,-0.7086977258927263,-0.5122023039776677,-1.0129071500294309,-1.3047851569162083,real,False
-0.7902388687599275,-0.3094573452944531,3.4755426814702464,1.7859160385839736,-1.7096622978374276,1.4147384227406896,-1.0610345595122637,1.3237919233244106,real,False
-1.3120517383160335,-0.1866057047186414,-0.983528011185889,-1.680789948584859,0.7389208628970136,-1.2317855984045945,-0.6817805462438994,-1.3436098730904409,real,False
-0.663785574712846,0.0836740209161834,-0.6216597863287775,-1.1530361222613985,0.0378594376007702,0.4768754745138488,1.135279825324093,1.3237919233244106,real,False
0.0732864919241212,-1.806187536803176,-0.6253339069646141,-0.4030357976473724,0.7847652987807683,-0.5455165233290293,0.4655067100213373,-0.3612829273487526,real,False
2.017062471570479,1.0429965870418836,-0.8156292167501945,-0.5143443621759262,0.1613544959231843,-0.0510660145181979,-0.0816919092548286,0.1021486053976396,real,False
2.1883227440204176,-0.7877528097067498,-0.0983004575261024,-0.4472979192104144,-0.0289339633882544,0.3708216897287779,0.40509678457674,1.3237919233244106,real,False
-0.2809335388440008,1.046046214881903,-0.4101194678109253,-0.5436408360227111,-2.673020378486608,3.6499054597798266,-1.0610345595122637,-1.404209297806835,real,False
0.91049730890206,-0.4935720854754875,0.2852769472420161,0.0805532022899271,2.213949985052561,-2.2401757049413,0.2421654503900666,-1.667560018099776,real,False
-1.2599174017749877,-0.2481680633146529,-0.2138358017859169,-0.8877542859100915,-1.006039967232413,1.0129665395423144,-0.8269147654655669,1.3237919233244106,real,False
0.6694578576972946,0.0508042303831461,0.2638767199185211,0.0658455664942735,-0.3401084623643375,0.9239866067323016,1.207470939548342,1.3237919233244106,real,False
1.426087080288716,-0.7936420970173443,-0.0639096156934339,-0.5594657909978858,0.0037577544395724,0.387044894275118,0.5868278880926449,1.3237919233244106,real,False
-1.3300864626486613,-0.7558318908319268,-0.1489202735360767,-1.01779135247719,0.4692489504290594,-1.3399729372284703,-0.8810581011337537,-1.5586864753889658,real,False
2.59574859407369,-0.5613863444546805,-0.2370254813072025,-0.3000349310382155,-0.3883165439509853,0.1315755092743596,-0.6865431544739714,-0.3078732648868457,real,False
0.0783228588039499,-1.2803166704900948,-0.5802844217530174,-0.6760340137980054,-0.1714498248931681,0.0164815720575476,-0.5471741978466016,-0.3150630271413332,real,False
0.7149113333114456,-0.0764648435366933,-0.2995501968418283,-0.4198469514721333,0.3986038621311121,-0.4133132532123383,-0.230335418751286,-0.450025135746998,real,False
-0.2123212337276843,-0.7284729656502226,0.7005202933015587,-0.3614754451220278,0.0371866596304888,0.2465962940995639,0.2684851274509908,1.0041556356677677,real,False
1.3120227829457716,-0.4293981883345281,0.2691419250371403,0.4448082054368886,0.3452275543274116,-0.3412519931520686,-0.2142929489236751,-0.3678564242671412,real,False
-0.3440123149153321,-2.462180612931763,-0.938479697046982,-1.2625756478974468,0.4898291431644663,-1.509985633096959,-0.921665602884894,-1.6420877175410205,real,False
1.0889128842914342,-0.0876479393064442,0.0190727646054246,-0.3290066258998705,-0.3670034008725549,0.2168078854838981,-0.5965549252847164,-0.0679406273656638,real,False
0.47620175914059,-0.0838231944663836,-0.0548592217853368,-0.562491395587688,-0.2905616811452757,0.997428105130466,2.1434487885530165,1.3237919233244106,real,False
-1.0232661478205345,-0.4248448066783784,-1.0510127272396983,-1.0562531073917234,-0.1318873652809994,-0.7047415723708178,-0.90863109614996,-1.3203972120973813,real,False
0.1582832512719104,0.4735836950104202,-0.7735547685698543,-1.1506076092295243,0.1048039012322611,-0.682668428822256,-0.7938271714461194,-1.1975549884349952,real,False
-0.5154883226898032,0.064592688753248,0.221870754745531,-0.4856995689355277,-0.3244813059287086,0.206475761655538,-0.5539421148051249,-0.03568940810982,real,False
1.363510204743505,-0.0679014079473582,-0.3470970007879384,-0.7813653937029659,-0.7460560526936199,1.0462295287806975,-0.2175515756074085,1.3237919233244106,real,False
0.5463994506283499,-0.2966339440432333,-0.0201699051112602,1.3703895923790557,1.0108945748062177,-0.9192177185751566,0.1486679309260218,-0.8966120826400197,real,False
0.7171689216178582,-0.2904641762950108,-0.4896564482472595,-0.9664539342641164,0.04030482518112,0.5339020929663048,1.4628971388348346,1.3073581810284394,real,False
1.665859290628599,-0.2452078693178404,-0.2897246257421594,0.0974477970512585,0.5371764339613971,-0.5338706332409613,-0.1651628850766167,-0.5340426432351516,real,False
-1.3117531808289566,0.9389085373617312,-0.2650361887982757,0.4375108407797692,1.2844064529725283,-1.0225682461109282,0.7673056736532677,-0.8727831563108612,real,False
-1.3117531808289566,-0.0134481172560445,-0.2650361887982757,0.4375108407797692,0.6076527635138829,-0.7225456215029591,-0.3300995279917414,-0.8054048128973786,real,False
-1.3117531808289566,-0.6428169765521553,-0.2650361887982757,0.4375108407797692,0.8491870297020012,-1.0777957672399494,-0.4293623100500839,-1.1519513535636747,real,False
0.5358430980760148,0.8846377636830398,0.5041236929232146,2.4237487353378437,-1.0791870246870008,1.2440081112119723,-0.8361893183346545,1.3237919233244106,real,False
-0.1207483602931998,-1.188410290610081,-0.5831286526331709,-1.6679016992630722,0.6076742582431319,-0.4499740883638438,0.173232962849551,-0.3086949520016443,real,False
-1.2588917346613422,-0.4131629590855615,-0.8310756102627259,-1.3312437894785762,-0.4617409777724028,0.5858864054255105,-0.3130544037999048,1.1395285878308317,real,False
0.1273299370110752,-0.8546905133628763,0.4110702809240413,-0.3837077518160414,0.6261334636116539,-0.4656170426118927,0.1865181331755413,-0.3282100209781103,real,False
-1.3086343385047334,0.7447488563746991,-0.86130528761434,-0.4838511639720211,0.6517207011954931,-1.1444202982448894,-0.6905537719308741,-1.3197809467612822,real,False
-1.2941221606485191,1.552012176250858,-0.781154357125452,-0.6002261396487234,0.6746501536901508,-0.6249991910250159,-0.0428390526410834,-0.6155950893789095,real,False
1.3957778853377198,-0.1057980338485635,-0.8073439259155136,-0.9039557259891356,-0.4693595448416754,0.6598437978813667,-0.2067730411919825,1.3237919233244106,real,False
1.9928900242218195,0.4794909324421631,-0.4018295221750547,-0.2392767819625756,-0.0332940289835291,0.6976502477614897,2.0163623478874118,1.3073581810284394,real,False
1.221738933360032,0.1793520607519219,-0.0931731267783071,-0.1219383072562373,-1.6438931265331806,0.8608336977946812,-1.0610345595122637,0.3496818487307083,real,False
-1.3120251887363352,0.8028022323426781,-0.6912748254381045,0.283860873338418,0.8008003948325014,-1.2636825688985642,-0.6542075512276931,-1.3296411921388651,real,False
-1.292161754841644,1.0607310440537172,-0.1979667541846241,0.1046002712806821,1.7244427318419997,-1.1876247498945258,2.704433905337285,-1.124835678775322,real,False
-1.3136423475503818,-0.113307495982401,-0.0953866598480737,-0.1752636835742191,1.0738484418251115,-0.8483854356285849,0.543964414021997,-0.733507190352504,real,False
-1.3136423475503818,0.0115056565049168,-0.0953866598480737,-0.1752636835742191,1.124252130169562,-0.9015291573995168,0.5567482571658744,-0.7895873359375062,real,False
0.0517990826001978,0.3491081437051953,-0.6679456825697918,-0.3088215817845977,0.7354331558718633,-0.8203756564196891,-0.2599137224959436,-0.8898331639429315,real,False
0.0517990826001978,0.5994669677551958,-0.6679456825697918,-0.3088215817845977,0.92086380659641,-1.193119720575867,-0.4672125122996034,-1.2427477797489164,real,False
0.0517990826001978,0.5501204089402897,-0.6679456825697918,-0.3088215817845977,0.9459984213740464,-1.2968987067062527,-0.5434142439807552,-1.3228622734417768,real,False
-1.2847754429939413,1.554210997250361,-0.762143003939984,-0.406379537143374,1.05235185949485,-1.0200743901069846,0.0286000708099963,-1.0161675578432114,real,False
0.6294665238023543,0.3163196013346362,-0.3020937916284837,-0.4037141466467593,-0.5157724205328758,0.8055177303179908,-0.0363217992736165,1.3237919233244106,real,False
2.029186850595796,-2.3492501594301194,-0.7923342533170165,-0.7421266644718756,-0.5682583662703057,0.8128701351897276,-0.1706774840798579,1.3237919233244106,real,False
-1.312109552842394,-0.1807101239393814,-0.6971943581189746,-0.99191747042974,0.7362343589524096,-1.016823655485877,-0.5040600601848972,-1.1186730254143329,real,False
-1.2828947340136876,1.4846320255523395,-0.8481665639559747,0.2481434194149744,0.5400042803740062,-0.110869775743505,1.0555688033681514,0.6892440489212165,real,False
-1.2993708199109495,1.1870025677077998,-0.6802929231930716,-0.5343924606066607,0.8237458230811023,-0.3157328387836375,1.6654333204084224,0.2001347938373689,real,False
-0.0648590171497684,0.6608358029796982,0.6422956297375199,0.8469320138683133,0.3023687713608851,0.1616631920438924,1.0683526465120288,1.0415423993911026,real,False
1.2087911299165577,0.4939939335544989,-0.918990505981466,-1.1510544196648445,0.9267176517073282,-0.953649965283224,-0.1200434386864609,-0.9863813999317632,real,False
1.4181988187069594,0.0478445446196148,-0.7840188346148604,-1.021364580080514,0.5399177818011219,0.0134169781823464,1.724840591488794,0.4854656444511716,real,False
0.1861535791883734,-0.1583508756246648,-0.3918625409443863,-0.8520127854313787,-1.7901151466054952,1.1343255025339871,-1.0610345595122637,0.643640414049896,real,False
0.2868864088272461,-0.8108876339601641,0.3931006675055667,-0.5318822814899076,0.5612907369673691,-0.516621964759632,-0.0841985451653928,-0.486179368798135,real,False
-1.3117590606166698,0.2063838381107332,-0.2461496960140952,-0.6735197630144601,0.6235400272780468,-0.4678510955710001,0.1737342900316638,-0.335810626789997,real,False
-1.312671798730577,-0.0328147631665346,-0.489331381182553,-0.6297534939028284,0.5717423340237675,-0.9161250912676048,-0.5872803724156289,-1.1264790530049191,real,False
-0.4580475822383172,-0.7287294058297288,2.866818928791046,1.245705533223718,-0.2885263882093604,0.6783689502744112,0.4000835127556116,1.3237919233244106,real,False
0.5546224459972323,-0.5993749085624844,-0.2887789927551093,-0.6472341035321999,-0.814844230734754,0.923972961240644,-0.5687312666774538,1.3237919233244106,real,False
1.297356960721793,-2.9912315701919305,-0.3727214971026962,0.0192032091458027,-0.8981587675119335,0.8424776043136564,-0.7702647938868159,1.3237919233244106,real,False
-1.3025687702872546,0.0865727404179929,0.9116908525166696,1.2078502640368254,0.9771056205551044,-1.520371155596215,-0.6923084170682691,-1.4676846274250244,real,False
0.393499864443477,0.1615033665095571,-0.4118201385912093,-0.0898103987792374,0.5298620541237127,-0.4686735617395993,-0.061638821970315,-0.4122275284662638,real,False
0.475528667188393,-0.5097699311788109,4.041067948015277,2.2747329443319746,0.0150919432640964,0.4597275820437227,0.930237007839941,1.3237919233244106,real,False
0.2681353684705759,-0.977024124774821,-0.5296150850452048,-1.434030529124272,0.8390667008202854,-0.3324370810618982,1.668691947092156,0.1837010515413975,real,False
-0.5256096358712163,-0.5258521879658477,-0.3097690424192822,-0.0384754610504201,-0.247533309329706,0.7235776826166171,0.7505112130524875,1.3237919233244106,real,False
0.2421951986014553,1.051032578973285,0.5314890202987925,0.9705322168893256,0.3292145817152764,-0.5057978951020258,-0.4616979132963622,-0.7556927424520653,real,False
-0.1532223298790232,0.5207935143624851,-0.0628401173328611,1.0526477177616809,0.3519201720457058,-1.390481901159298,-0.9316921465271508,-1.6186696347692613,real,False
0.3429598873936361,-0.1354235555178328,1.697036587958895,1.6674284183831611,1.6825780549981568,-1.454605635425024,0.8334808616921627,-1.2273411463464434,real,False
0.3429598873936361,-0.3097565293597806,1.697036587958895,1.6674284183831611,1.2896018462703187,-1.0581654837595966,0.6592696659079504,-0.9288633018958636,real,False
0.3429598873936361,1.27628964234959,1.697036587958895,1.6674284183831611,1.295990019091221,-1.1501216656352582,0.3893049783401855,-1.0615657709358322,real,False
0.3429598873936361,0.9415633531229748,1.697036587958895,1.6674284183831611,0.8709394757836155,-0.9490374985255888,-0.2195568843358599,-1.0030205640064342,real,False
0.3429473747772295,0.607491556979974,0.0943100799988908,0.9934941447620992,0.619835948043243,-0.5818529187954662,-0.0806892548906029,-0.5716348287371861,real,False
0.3429473747772295,0.420020772187771,0.0943100799988908,0.9934941447620992,1.0520075984692911,-1.0523440938447002,-0.0380764444110114,-1.0570464918044402,real,False
0.3429473747772295,1.6643835387666213,0.0943100799988908,0.9934941447620992,1.5211875621939752,-1.7417985149659578,-0.3020252057934223,-1.5260244125757227,real,False
0.7433780062037811,-0.3437982299449664,-0.2889563993794252,-0.1610776460764281,-1.843084443842425,0.0323259813912502,-1.0610345595122637,-1.061771192714532,real,False
-1.3111474975215969,0.3110646131191427,-0.3543033971900278,-0.5016410616763447,0.4444942949994029,-0.9069367826297144,-0.6925590806593255,-1.2203568058706555,real,False
-1.2992745717244634,1.4957029635607508,-0.560448472504072,0.2874438846888762,0.2955436924083888,-0.05893437366451,0.2557012843071133,0.4528035816379285,real,False
-0.5559020747667157,0.8401608079472384,1.127491896881339,1.679908907394767,0.374338890331187,-0.4639625338014577,-0.3456406706372394,-0.6079944835670227,real,False
-0.5571158021950913,1.1281970994975523,0.5328306853701382,1.38722011722356,0.8840882156850592,-0.7661173573416503,0.1704756633479304,-0.7283716458850129,real,False
-0.5571158021950913,0.7737528277422125,0.5328306853701382,1.38722011722356,0.3626270991182256,-0.5517796360740276,-0.4692178210280548,-0.797187941749393,real,False
-1.5406184528829865,-1.7007798011554036,1.8106342303339065,-0.0464771991167369,-0.2562987666103732,0.534766615661274,0.1030471573537532,1.3237919233244106,real,False
0.0710569432735717,-0.1006621355618931,-0.5266546891415013,-0.2350880186264564,1.0911936157413666,-1.4085348776734776,-0.4900228990857377,-1.381407480371175,real,False
1.7892106229892837,-0.2028560732726705,0.2500887489846263,-0.089210281549359,0.4299273780779423,-0.3943431983347999,-0.1375898900604104,-0.3397136405852902,real,False
0.343086077629974,0.6030618233941094,1.164207009843557,1.8872492591660208,1.622778841219466,-1.578915324341834,0.2278776256998507,-1.3838725417155706,real,False
0.343086077629974,1.409769782194634,1.164207009843557,1.8872492591660208,0.9502077731900538,-0.98983707551552,-0.1368378992872411,-1.0223302112042003,real,False
0.343086077629974,0.0017549963126504,1.164207009843557,1.8872492591660208,0.8508228430997359,-1.1379270375412442,-0.4935321893605275,-1.2084423427060762,real,False
0.343086077629974,1.8804135203233825,1.164207009843557,1.8872492591660208,-1.8525896968651,-0.4326347423933552,-1.0610345595122637,-1.3828454328220725,real,False
0.4364503207850907,1.8693591686675732,-0.6769541686873501,0.4050659830775363,1.6743318065679684,-1.369418136882638,1.1588422028833965,-1.1180567600782338,real,False
1.5121040174723197,-0.1575406626821782,-0.1604378287938191,-0.5670506093091895,-0.3078598865528308,0.4860516748711344,-0.1416005075173131,1.0750261493191442,real,False
-0.6846835807208284,0.3534065018798527,-0.8831622197275836,-0.7597504482226368,-0.5295585328824288,-0.1072507253472899,-0.8940926078686876,-0.8399156717189186,real,False
-1.3035093186440625,1.208134504977646,-0.7630110557511189,-0.4638848478862026,0.8623047425552189,-0.8516197032134811,-0.0669027573824998,-0.8766861701061545,real,False
1.182688354209014,0.567112633142982,0.1189411833272597,0.344056623562565,-0.1218293292922195,0.5919561775905812,0.8161850739092696,1.3237919233244106,real,False
0.4893847266381778,-0.6908011330023471,0.5434357409251616,-0.4096549307074599,-0.4987034648809034,0.6038562037923646,-0.3609311496916811,1.130695451346747,real,False
0.9189186029114116,0.1069843239460569,-0.4979916615668948,-0.2630032747229056,0.4307834767712256,-0.8197933471376032,-0.6419250352659286,-1.1289441143493149,real,False
0.194199132759761,1.7108881093425248,-0.9931714898149808,-0.8170312896869643,0.3986224931363173,-0.4288593531955292,-0.2546497870837588,-0.4878227430277321,real,False
-0.2895724091028898,-2.326322655751929,0.6992255815065411,0.6502139145310717,0.7261466716652241,-0.6659464918679415,-0.0069941591200153,-0.656063179782739,real,False
-0.4506377585271513,-0.9475189488058248,1.414312523395967,0.0598278607993001,0.1667194748354316,-0.4830826580689609,-0.6226239387545841,-0.8978446133122175,real,False
-1.4628878010100628,-0.793347393968176,-0.4958047872771429,-0.9007464195876465,1.61926210745482,-1.5651687341771872,0.2529439848054927,-1.37277976566579,real,False
-0.1597455984056328,-0.6788805032418691,-0.0704298947392175,0.1535664013403986,0.8242091579125135,-0.8123174700091645,-0.0746733287052488,-0.8378614539319221,real,False
-0.1799815983486626,0.3282037365436948,-0.0996638402630773,0.2442801379059126,0.7123635662730926,-0.3800154907897417,0.7500098858703746,0.0004648249413168,real,False
-0.461532365487696,0.0130129468417782,-0.2041535782695879,-0.476727633730287,0.51776467904734,-0.49209997565164,-0.1313233002839999,-0.4670751433790683,real,False
-1.2120912037770368,-1.1629893743042468,-0.4591742642775652,-0.8407373506306329,0.3076742776338211,-0.7106275385984895,-0.6679940487357963,-1.0929953030768775,real,False
0.1086304434798551,-0.59823030489497,0.3415153135407783,-0.445688672459458,-1.4684421412633475,0.8933062044831969,-1.0610345595122637,0.777369991983363,real,False
-0.4456055153582396,-1.3452855027933122,-0.0852851181324549,-1.185166794571753,0.3610807638910812,-0.5440002014835518,-0.4627005676605878,-0.7850680568061141,real,False
-0.4404592621072497,0.0768718491006218,-0.3281067551385382,-0.0029329455607231,-1.115602136147198,0.6753827716657842,-1.017669758259503,0.443970445153844,real,False
0.949184383150796,-0.6195339794237207,-0.5399410313381677,-0.8894062560986821,-0.1624774634683678,0.5646401467436123,0.5254153082838219,1.3237919233244106,real,False
-1.2932059828088327,2.045224619859784,-0.8919158099804939,-0.0929474922826445,0.7670685479717643,-1.1177517193481052,-0.5669766215400588,-1.2070043902551788,real,False
-1.2873642952295072,1.847148160065412,-0.7966593065363905,-0.0608690558382094,-0.0177619405933015,0.0303959254335826,-0.3037798509308172,-0.0270616934044351,real,False
0.445425771390273,0.6641481722662996,0.6540240679702365,1.5199525753284793,0.5910206324678372,-0.0827421825736035,1.4932274333526616,0.5275771090845982,real,False
-0.9292926239292092,-0.1738549573354185,0.1190335621488296,-0.3269678866927122,0.4744856458395635,-0.7105584767248552,-0.4995481155458817,-0.9317392067976584,real,False
0.2351328079452755,1.4851223536403069,-0.8120495079711314,-0.4286726949799356,-0.5708560580499996,0.7831333219110782,-0.2330927182529066,1.3237919233244106,real,False
-0.2147369896149837,-1.5148301153687065,-0.9859089719057076,-1.854374331763548,0.8168509935295973,-1.2423781349895555,-0.6238772567098663,-1.301498408457014,real,False
-1.284028432820869,1.6545909121887892,-0.8623072961623813,-0.354807947923541,0.4525325382535418,-0.6041411626832379,-0.4088078955834574,-0.7750023896498316,real,False
0.7459364164565112,0.1819731974731588,-0.8130360784988715,-0.9790642289654828,0.2133471118476829,-0.7297169181543359,-0.750713033784415,-1.1831754639260204,real,False
-0.0243457851866537,0.0868817214153765,-0.5812495703432929,-0.7772750356368168,0.3664989950631716,-0.5332734775933825,-0.4433994711492435,-0.758157803796461,real,False
-1.2839063569374334,1.788673501534072,-0.7567355486747452,0.1215300681989186,0.7868825958520559,-0.5401743773793258,0.4895704147627537,-0.3460817157249791,real,False
-1.2750410944234354,2.567638486371675,-1.0662801792594938,-1.1338155886753762,1.0037572514058315,-1.3251422644528863,-0.5065666960954615,-1.3345713148276563,real,False
0.6679431246207176,0.3540320906548542,-0.1795356162648078,-0.1694810121654945,-0.89269312343573,0.981024264058378,-0.659471486639878,1.3237919233244106,real,False
0.785475306983064,-0.1876756079148387,0.3663519472392911,0.0137178202798452,-0.0842824809865703,0.6028464540317287,1.0658460106014644,1.3237919233244106,real,False
-1.114218172176391,-1.1118646222475377,0.2260595411968118,-0.6343204338534568,0.0723083191290715,-0.9475091205643456,-0.90512180587517,-1.4372822041774775,real,False
-1.3014479950541695,0.8721484886931484,-0.9444746719381828,-0.2077533001519306,1.2410777159269852,-1.581269866559021,-0.4927801985873583,-1.4728201718925156,real,False
1.9205754200627907,0.6496195200255497,-0.1730589816644961,1.149577349330578,-0.4397879025075629,0.8516645214968114,0.3602280017776407,1.3237919233244106,real,False
-0.8399232006526823,-0.2613464300227514,-0.2673530637693578,-0.8063269669734109,0.9191197834985276,-1.2998001629504623,-0.5739952020896386,-1.3294357703601654,real,False
0.270892187680984,0.1577063607691262,-0.7105148691444442,-1.2491102456449552,0.8462631705710916,-1.0665332567710906,-0.4200877571809964,-1.1416802646286923,real,False
-1.287175010778213,1.3753130121381043,-0.9558462333884754,-0.2677330853362807,0.846534398080159,-0.5187143875423581,0.8011452584458845,-0.2189256347099007,real,False
-1.1374753272076086,0.2073231617863972,-0.6153187046169224,-0.9652658895749728,1.049472416771426,-0.5302308376111684,1.9183528837843509,-0.14476837259933,real,False
-0.3492366673976502,0.5443952282153993,-0.6098973450858123,-0.0112331110714117,0.5574904943671598,-0.4115430592022166,0.1276121892772825,-0.2643238478025216,real,False
0.6576172900706848,0.133511760712132,0.1299797905931031,-0.1738192052820653,1.5989557878483722,-1.193647423493587,1.6378603253922162,-0.885519306590239,real,False
0.0183874324003733,-2.4937243448750688,-0.6209130115570454,-0.7474568134806658,-1.8113345322312369,1.3728863269990574,-1.0610345595122637,1.2001280125472262,real,False
2.1098483138096285,-0.6017535293446382,-0.4057480131751269,-0.4475005914238424,-1.497308559599931,0.7233286554527297,-1.0610345595122637,0.2282775775192198,real,False
-1.1349383315692674,0.8353012056628399,0.1184059772073998,0.5291928205088343,1.1794224763102257,-0.8190834045960521,1.1224959821802156,-0.5638288011465997,real,False
-1.1349383315692674,0.8065056981965758,0.1184059772073998,0.5291928205088343,1.331900607675992,-1.046920765439848,0.881357607583939,-0.875248217655257,real,False
-1.1349383315692674,-0.5096149360205053,0.1184059772073998,0.5291928205088343,1.2344738348708757,-0.9877254461240972,0.6883466424704953,-0.8530626655556957,real,False
-1.1349383315692674,-0.8647834820609535,0.1184059772073998,0.5291928205088343,0.7596243303120991,-0.6108022556663242,0.2040645845494907,-0.5282908334315616,real,False
-0.8900759357110966,1.2664352672997454,-0.6473217104683164,-0.2922795314186325,0.1341070395140145,-0.5417635202721416,-0.694063062205664,-1.0108265915970207,real,False
-1.307644616825826,0.9258381977664664,-0.6511994778026993,-0.6337903698467213,0.8097264430806091,-0.5664452339939386,0.488567760398528,-0.3851118536779111,real,False
-1.307644616825826,1.107603555613173,-0.6511994778026993,-0.6337903698467213,0.521197772429687,-0.9938554433030924,-0.6908044355219305,-1.2585652567087888,real,False
0.3435295728339197,0.3827343929718455,0.0339548863741295,-0.2150951144247669,0.9846374386990974,-0.6501336226090829,0.8999067133221141,-0.3900419763667025,real,False
-0.4738751077938707,0.9184374025768334,-0.0921836395787955,0.1846020963834583,0.3316246080887241,0.3450414871118962,2.4517650055524136,0.4957367333861537,real,False
-1.3068153835999754,0.8817464038875171,-0.6429782512404493,-0.1982665697110805,1.021265487206002,-0.9139113101746562,0.1897767598592747,-0.8824379799097444,real,False
-1.3068153835999754,1.1409621539058936,-0.6429782512404493,-0.1982665697110805,-0.1835942199579075,-0.3987569196500952,-0.8276667562387362,-1.038147688164073,real,False
0.6736534509797829,-0.3465066792898484,1.9777491972864256,0.8069521080421631,-0.0287273127069429,-0.0705179034856741,-0.4524233604272746,-0.3234853200680185,real,False
1.7316141106728455,-0.0936029211850714,1.5687028901829525,1.1316406183730614,-0.8817079460290806,0.3042406638025788,-0.9509932430384952,-0.335810626789997,real,False
-1.5307304488570386,-0.7847100154864196,-0.5060700137416201,-0.9783911109911052,-1.4632143384510348,1.1374739878898374,-1.0610345595122637,1.3237919233244106,real,False
0.5717034300260241,0.2160236236914728,0.4402181278533843,1.043457810176304,-1.8719077551157608,2.1897965165451776,-1.0610345595122637,1.3237919233244106,real,False
0.3486761252094137,-1.6552999118591818,0.2715545463982171,-0.4655455096481518,-0.5337383708648391,0.5832387134930609,-0.4534260147915003,0.9421182585004758,real,False
0.7131530073470747,-0.7062433595591693,0.3308988499856981,-0.4595068361839732,-0.2377729877578538,0.6780320179411619,0.6138995559267383,1.3237919233244106,real,False
1.024457000339392,-1.5335198056149446,1.5230206144328569,1.115930270062599,0.6630121144566671,-0.4717355318787756,0.2790129982753605,-0.3078732648868457,real,False
-0.1578527631890054,-0.760922261876179,-0.018466838510546,0.2736434379191355,-0.5054339262118538,0.7803719110041529,-0.0618894855613714,1.3237919233244106,real,False
-0.8716647093980158,0.2877700039455777,0.0477922465449859,-0.3616492832932753,0.7191155969177679,-0.4931644588922425,0.3983288676182167,-0.303148563976754,real,False
0.3235295012786266,0.0153969494003112,0.5693543548242537,0.2928107515585853,-1.3345990811153587,0.8289332986658617,-1.0610345595122637,0.7541573309903034,real,False
-1.132759098892352,0.6583049432091781,-0.4640508091363001,-0.1515340720941768,0.2173381937985816,-0.0796167912229256,-0.0074954863021281,0.143849226473667,real,False
0.3676827626157734,-0.5856988198054077,1.0670960115606287,0.260167828180638,0.6034516668805935,-0.438287150590721,0.1900274234503312,-0.2852768692298851,real,False
0.7383675796901356,-0.7887645123708507,1.229327610634524,1.0829876535908536,-1.2327628783819584,1.27452171900792,-1.0610345595122637,1.3237919233244106,real,False
0.6409905298506031,0.093916656765336,-0.3179792131373928,-0.7221349867504352,-0.030733205131573,0.4906039300890783,0.834232852465332,1.3237919233244106,real,False
-1.3069178108926152,1.6140097623704055,-0.941808690986344,-1.0527795875341428,0.7613992311521557,-1.065050294302192,-0.5233611566962416,-1.1599628029329607,real,False
-0.4251875404669452,0.7316506511164902,0.2601177131442594,0.4453159825727251,0.415299527697857,-0.5961810056879474,-0.4501673881077668,-0.8099240920287708,real,False
-1.3122681847404456,-0.831602357577856,-0.8927855154187175,-0.3156008875855561,1.3923005398659682,-1.507722584586762,-0.1654135486676731,-1.3931165217570545,real,False
-1.3122681847404456,0.6283031185237606,-0.8927855154187175,-0.3156008875855561,1.080619778053652,-1.5724964001138042,-0.6461863163138877,-1.4871996964014904,real,False
-1.2943249552189724,1.6821488368321502,-0.8439426783521452,-0.0332142641603229,0.8120946931290152,-1.1307923307887733,-0.5308810644279343,-1.2098802951569738,real,False
1.5563788040447872,-0.0870024895883113,-0.2799615064936816,-0.5894198187426026,-0.9931291837967364,0.9235453056483336,-0.8517304609801525,1.3237919233244106,real,False
-0.0646503884838163,-0.2758150653384164,0.6540360429941946,0.4110100390648926,0.8651441857351972,-0.7662690343736516,0.1190896271813641,-0.7411077961643907,real,False
0.7656383513546846,0.5753073519279177,0.1327917944588742,0.4720205249419026,0.3072847063954437,-0.1984920835793984,-0.0363217992736165,-0.0342514556589226,real,False
-1.3112727266521642,0.1816379913266899,-0.275327357781544,-1.023800856504311,1.4917957332910243,-1.0345966540991929,1.876241400486872,-0.6690047518408164,real,False
-0.9374936598466288,-1.1209687097872256,-0.2200121056186647,-1.1742826674178075,0.1542628085708348,-0.5568929495333923,-0.6877964724292535,-1.0151404489497131,real,False
-1.296555563280399,1.464948305166532,-0.7542526290677091,-0.8438390186236636,0.6819792999736086,-0.8268155139514514,-0.3554165506884398,-0.9185922129608814,real,False
-1.2878929026322092,1.643053236069672,-0.7551310404070499,-0.3638340008054256,1.0041515476219436,-0.9161669581981244,0.1378893965105957,-0.8959958173039207,real,False
-1.2968470941088033,1.8499977692302385,-0.6767542760684563,0.2572924075571232,0.6314984022781103,-0.8479883242799297,-0.4519220332451618,-0.9648121131683008,real,False
-1.3109116817176256,0.0227819707219927,-0.6160006636022046,-1.3140997330168591,0.5521380795297721,-1.0563265856463229,-0.7081002233048236,-1.3010875648996147,real,False
-1.3009686183036515,1.0980685269146964,-0.3288271539068666,-0.0571510259714949,0.9311406224221652,-0.763294024649207,0.3153592189785414,-0.6895469297107806,real,False
-1.301727358819061,1.4515402713720136,-0.9397568989764924,-0.9590398560559492,1.1636438385022383,-1.3944635226723592,-0.3792295918387998,-1.357373132263317,real,False
-1.3057405589535798,0.8112363372979624,-0.4737756741543931,-0.3388753528788625,0.6169957543759125,-0.4925942164329074,0.0977832219415684,-0.3959992079489922,real,False
-1.2905848545683491,1.818031773971437,-0.9341423162160006,-0.6909715818377573,1.1164582344840033,-1.2771664585509177,-0.2932519801064476,-1.271095985209467,real,False
-1.3106136249788705,1.8221371422177768,-0.9049464611654892,-0.1950177281384592,1.0163748481226569,-1.1911240389536557,-0.3321048367201927,-1.218302588083659,real,False
-1.0626666671038796,-0.5409798742880978,0.1876775195950015,-0.2798985922674334,0.8104409077537653,-0.654112372311726,0.241162796025841,-0.5745107336389811,real,False
-0.1108971157347904,-0.4962800803777021,-0.2410185238956589,0.4758519801038028,-1.769798856429631,1.4505124242149188,-1.0610345595122637,1.3237919233244106,real,False
-0.1108971157347904,0.166335941260235,-0.2410185238956589,0.4758519801038028,-0.829523296679643,0.3906661770395589,-0.9011111884182672,-0.1112846226712883,real,False
0.1070737725772991,-0.1863262311558083,-0.1958140811830395,-0.5651748902165495,-0.9759094756628708,0.9807890962883038,-0.7988404432672478,1.3237919233244106,real,False
0.5465903073517571,0.7483680710520337,-0.6183838280165517,-0.5799768987989211,1.1328957974525118,-0.9925031860489916,0.3138552374322029,-0.9337934245846548,real,False
-1.3092690707004129,0.0322017519572813,-0.8144133277598403,-0.8207852298776732,0.8930274114372748,-1.2144079083336805,-0.5221078387409596,-1.266576706078075,real,False
-1.305662205584665,0.9762484949959336,-0.5422151029138761,-0.6068153529478224,1.0705767993878692,-0.9835775833167024,0.1564385022487708,-0.9570060855777144,real,False
-1.3117579200955876,0.2917867110021794,-0.5341434878971955,-0.4078234092153071,1.080549502465373,-1.0667320210365352,-0.0019808872988869,-1.0623874580506307,real,False
-1.2946919057385595,1.5296204741044377,-0.5668738958557784,0.5039392930165982,0.5927056001546243,-0.6770089575052939,-0.2902440170137705,-0.7448053881809843,real,False
-1.2971989455880517,1.1580381958847463,-0.8802216079513211,-0.4613218412109576,0.3494380547466764,-0.354232985399713,-0.2273274556586089,-0.3933287248258968,real,False
-1.310403627314519,0.2171274027556987,-0.5563088619369311,-1.0656519536969602,1.060492717587984,-1.1669951534159049,-0.2230661746106498,-1.182148355032522,real,False
0.5330108367878473,-1.0593811478673696,-0.0977972001582174,-0.1195828219783586,-1.035888828224524,2.4339449057749887,3.045587052765074,1.3237919233244106,real,False
0.5330108367878473,-0.3754996928848351,-0.0977972001582174,-0.1195828219783586,-1.6525388997947337,2.395112605777113,-1.0610345595122637,1.3237919233244106,real,False
1.0522107113402837,0.4221600011443859,-0.5617754397531711,-0.6590510797734592,-1.7320291027781332,1.5827187991192255,-1.0610345595122637,1.3237919233244106,real,False
0.2153074214915309,0.0535113369299572,-0.4338274439108076,1.227131995989639,0.2442673761769911,-0.5508753439647783,-0.6023201878790141,-0.9272199276662664,real,False
-0.8868203545565507,-0.6600292817053128,1.9925090019408165,1.0760914327391828,0.7536053944894819,-0.6304889525153968,0.1396440416479906,-0.5718402505158857,real,False
-1.308267587968819,0.2459298038769785,-0.214848123939433,-0.1012602203326068,0.8582863034810742,-1.0747894861885592,-0.4135705038135294,-1.1468158090961835,real,False
-1.2795635984621858,1.860847213499292,-0.8899676082489577,-0.6519587391786796,1.0772617871490804,-1.0881274691568843,-0.0518629419191146,-1.0897085546176832,real,False
-1.3072236014252787,0.9011170888342516,-0.7235885396902465,-0.3845692940222018,0.5600059367852811,-0.870656555979872,-0.5589553866262533,-1.077177826117005,real,False
0.9432258731828498,-1.4721866258904746,0.0884300682450626,-0.5742599669032932,-0.0859005793934053,0.483880919330921,0.5585029023032694,1.3237919233244106,real,False
-0.3359265204147754,0.1273320564257769,-0.720906723980911,-0.573411221402712,0.521137943131753,-0.4988360812730006,-0.1363365721051283,-0.4779624976501493,real,False
-1.3029258546332072,1.3251849129513704,-0.9051225239359232,-0.9530057255413588,0.6079760307513161,-1.24060603469649,-0.7760300564811136,-1.4319412379312868,real,False
-1.3031937912507092,1.083520003149029,-0.71492992286177,-1.3041889858650393,1.66353864174238,-1.4655522547878057,0.7116583564387423,-1.2513754944543014,real,False
-1.3031937912507092,0.8835884602088422,-0.71492992286177,-1.3041889858650393,1.133946279469081,-1.0269770843701174,0.2263736441535122,-0.9835054950299684,real,False
0.8804019629484899,-0.139830570615826,-0.2808465945109819,-0.5294039635455684,-2.0765914124132294,2.5165843779519825,-1.0610345595122637,1.2946220307490617,real,False
0.3247512579072719,-0.2986311889952573,1.3213828431498145,0.5337934078004071,-0.7821523761565827,0.3695816436253495,-0.8775488108589639,-0.1242261947293658,real,False
-0.8553386181194924,-0.6732052403776276,0.7803476619777081,0.2638619548267595,0.5908289269834068,-0.0292451920520488,1.819090101726008,0.3809059590930538,real,False
-0.8553386181194924,-0.4347465767636982,0.7803476619777081,0.2638619548267595,0.197375734912379,0.3061726330633065,1.190676478947562,1.1409665402817293,real,False
-1.5940529762140918,-0.3789233871983977,-0.4651973260468918,-1.2271400893593052,0.3498559584870878,-0.4731616325316079,-0.3947707344842979,-0.664074629152025,real,False
-0.2595856743682617,0.5169982713899124,0.1952284149567235,0.028994702865382,-0.6745458013542828,0.8056066054509055,-0.4331222639159302,1.3237919233244106,real,False
-1.309339669787953,-0.0860265429930093,-0.4768793999284129,-0.6117853959306782,1.259171651942949,-1.1303698608197557,0.3273910713492496,-1.0558139611322424,real,False
0.232692537226224,-0.6105718359794289,0.4446049089590321,-0.66237741750266,-1.5895759081995957,0.8736343830813866,-1.0610345595122637,0.4899849235825638,real,False
0.7298973002197882,0.7054962667741037,-0.1998442098974079,-0.352233530441673,0.0657362214261255,0.084937728197611,-0.0358204720915036,0.3546119714194997,real,False
1.2874589651988837,-1.37586335267378,-0.2017186933014828,-0.9212047298653326,1.1800000643978064,-1.0724387259458217,0.2434187683453487,-1.021097680532003,real,False
-1.301411752198232,1.0868853509116223,-0.9553347566428824,-0.8190152369450177,0.4375622560437697,-0.5023751736868073,-0.2967612703812374,-0.5901227888201539,real,False
0.3279903781852096,0.7583679003740059,-0.4996417444933415,-0.1120654979730842,-1.0101226623982102,1.3739162211208509,-0.5013027606832766,1.3237919233244106,real,False
-0.4512287957206981,-0.6312173420295055,0.696047040980127,-0.3708995523165859,0.400526942328246,-0.7985904200026911,-0.6527035696813546,-1.127711583677117,real,False
-1.3069510784047638,0.8685818667597514,-0.8885537929615669,-0.9814153536030412,0.7134709174486165,-0.9828787678129124,-0.4960388252710918,-1.089297711060284,real,False
-1.2932181431783998,0.9149940898797888,-0.8532317177210058,-1.5729582022839417,0.1084453387813299,-0.0197562085639668,-0.1398458623799182,0.0822226928637744,real,False
0.8530501847074679,-3.1931175047294813,-0.8555839155690049,-1.2554594869120217,0.6620944071085652,-0.6667161360549942,-0.146864442929498,-0.694477052399572,real,False
-1.2815393842430869,1.9200864419754404,-0.8668279678344566,-0.2405804374126131,0.6604854195416636,-0.5286873054396696,0.1293668344146774,-0.4381106725824187,real,False
0.5319982038787578,-0.5372986927365756,-0.6575480144532282,-1.2526306704929686,-0.2028723425180301,0.9471429796685786,2.5786007826269626,1.3237919233244106,real,False
1.512908500364027,-0.8300474866865675,-0.0861882528193017,-0.5444801207156544,1.2140547737070129,-0.710951595564596,1.948933841893234,-0.2963696452796658,real,False
-1.280202800743588,1.6689634668075028,-0.7258488978964905,0.0056762000142991,0.8456582608833045,-0.7569576948785048,0.0900126506188194,-0.7378210477051964,real,False
-1.3066224559264996,1.588171400472022,-0.4902267994624096,0.3026586573912329,0.5313030624093509,-1.2814005208323975,-0.8344346731972595,-1.4984978942299707,real,False
-1.3066224559264996,0.5637359036540885,-0.4902267994624096,0.3026586573912329,0.6788057360784971,-0.8955754132160509,-0.4444021255134691,-1.003225985785134,real,False
-1.2956039165691302,2.359133321743019,-0.8671557364668275,-0.3430265618973826,1.2437567083183658,-2.0155077827784065,-0.7988404432672478,-1.6753660456903623,real,False
0.0763933030929969,-0.9826614556704272,0.1627012524850593,-0.1139572838458345,-1.4186740599730352,0.8779540495354731,-1.0610345595122637,0.8079778370096096,real,False
1.5256899036902205,0.9656215124156746,-0.6043011103091118,-0.3146167232352223,-0.4391486858148121,0.7074004073905568,-0.0315591910435445,1.3237919233244106,real,False
-1.2964205603748682,1.2198810607764985,-0.511639932514801,0.081676190634128,1.1004689287791118,-0.6716924010555068,1.4135164113967198,-0.283633495000288,real,False
0.2773637932521152,-1.0947887746549854,0.5707841449824245,-0.1411580057169049,-0.5203212262409657,0.375207783083183,-0.6424263624480414,0.1769221328443093,real,False
-1.2835993698427244,1.902325974743301,-0.8820601525345624,-0.6665836782988815,0.4973727682111925,-0.9538717133012,-0.6825325370170686,-1.2330929561500332,real,False
-1.291592268402513,1.5837093742411024,-0.7971523712507431,-0.2198340137604165,0.6231306367473995,-0.8107335749131763,-0.4200877571809964,-0.9181813694034822,real,False
-1.3078286440051812,2.0445796299801167,-0.3989543484639773,1.347094301460729,0.6493268855425816,-0.5778526208015471,-0.006242168346846,-0.5449299975062326,real,False
-1.3117203558170905,0.5196872323474848,-0.8501199267373671,-1.3690368922591534,0.8447071605065726,-1.0671159404604291,-0.422845056682617,-1.1425019517434911,real,False
-0.2376450959926935,1.7077305132742937,-0.0212965692112541,-0.0501162377133801,1.1524261261623578,-1.4585804225168897,-0.4692178210280548,-1.4062635155938314,real,False
-0.3497870073733531,0.535947820762618,-0.4046122047968563,0.2547644627619606,1.2611608768931413,-1.1714884814285236,0.2248696626071736,-1.1077856711432517,real,False
-1.3119350930155322,-0.6818838825735968,1.662942570571652,0.2415526916683595,0.8581685477088951,-0.9867762129495776,-0.2985159155186324,-1.0523217908943483,real,False
-1.2826898859748972,1.8402647549165212,-0.488448487028511,0.4378219521938424,0.3717248255418595,-0.0384709461472415,0.5830679342267986,0.6530898158700795,real,False
-1.2945713979217306,1.196353187295914,-0.728757094515685,0.030723163011722,0.4770152730836415,-0.6005910811146715,-0.3687017210144301,-0.733507190352504,real,False
-1.2775740572344796,1.529261378006106,-0.6690541831121045,0.1987119752628329,0.3657179774330588,0.0978061111438105,1.106704175943661,0.9497188643123624,real,False
-1.306973960402883,0.6657021461807335,-0.4028571017923721,-0.4596086165119075,0.6393721864293237,-0.7373438433397254,-0.2997692334739145,-0.8136216840453644,real,False
-1.2743859086383051,1.471412394273131,-0.5150571728110631,0.3731830025505049,0.7437085535291762,-0.2305778535721612,1.6351030258905956,0.2958613427114021,real,False
0.0414054657366492,-0.2381933342824697,-0.3337401714569694,-0.2841337269166617,-0.7541985279982755,1.1589968450695658,0.0215814902604166,1.3237919233244106,real,False
-0.8512465303782241,-0.5850207966492118,3.362337106413055,1.784323164256785,-0.3666482243166173,1.041816152653628,1.8065569221731872,1.3237919233244106,real,False
-1.233640666957458,-0.3880936308789544,3.83148466745452,3.1878810828163937,0.8335083468482916,-0.4826012679524856,0.886120215814011,-0.1330593312134504,real,False
1.1556123673861474,1.0131727641457433,-0.7019682894449539,-0.6535754338821769,-0.2492660356911337,0.0040913908451739,-0.6444316711764927,-0.4383160943611184,real,False
2.1188426302018546,1.847402576422822,-0.742860257668879,0.1380996063659463,0.8529152835902009,-1.200164829486022,-0.5524381332587864,-1.2618520051679831,real,False
-1.273842807794468,1.8910800564036665,-0.9325645350708824,-0.5817920402348264,0.6332829958701612,-0.6344989769304196,-0.1481177608847801,-0.6564740233401383,real,False
0.893463064629972,-0.5643778902358226,1.0927386865431243,0.211124648934386,0.283416125707616,-0.638636394511659,-0.6359091090805744,-1.018221775630208,real,False
0.131834481136257,0.2674262077481711,1.821489888075644,3.0080138152975016,0.2341376175524871,-0.228638768726913,-0.2418659439398813,-0.2824009643280901,real,False
0.1413008603340992,-0.7369292734744788,0.8722834699280232,-0.0881750985480148,0.0536063220849632,0.264702885379494,0.3762704716052517,1.1705472764144778,real,False
-1.311805987803955,0.1030712563644306,0.0009328658658514,0.2251305446511882,0.6933097179707789,-0.7766773804685245,-0.2669323030455234,-0.8469000121947063,real,False
0.2824570118780203,1.431535601921289,0.2152894901113107,2.271701306333569,-1.9112274667366271,1.466141015453565,-1.0610345595122637,0.7977067480746275,real,False
-1.3232566113539197,1.816275298588169,-0.8254399875815118,0.2514607429486146,1.240552938030832,-1.2574423557923156,-0.0207806566281184,-1.2139887307309667,real,False
-1.3089132352652906,0.8318594589395306,-0.8200988229543985,-1.3521767274958247,1.0956417890849983,-1.3257296027962442,-0.3897574626631694,-1.3173158854168865,real,False
-0.956503746198208,-0.7627535933911773,2.244158104666288,1.0574938070735034,0.5230135733294531,-0.8419208284487343,-0.5717392297701308,-1.0745073429939096,real,False
-1.296018441685404,1.819666631696215,-0.9349822155072504,-0.7057715362901452,1.0249649690837277,-1.168485101011362,-0.2864840631479242,-1.194268239975801,real,False
-1.301376504315495,1.2201106285708123,-0.5307135566790054,0.151390925201495,0.6241092014676941,-0.7357348873383475,-0.3223289566689923,-0.8175246978406575,real,False
-1.3083066856870704,2.0034289816834083,-0.9131593115237728,-0.3066654995693086,0.5343543505843699,-0.1531654610676903,0.8465153684270966,0.499023481845348,real,False
0.9770242839940616,0.9781595791207544,-0.745594063194092,-0.7850787778507099,0.8527394651125414,-0.7615631963493369,0.0977832219415684,-0.7411077961643907,real,False
-1.308761905851438,1.288547077580551,-0.1360056588139372,0.6751771930763221,0.7147994044757298,-0.4691185751732461,0.455730829970137,-0.2476846837278506,real,False
-1.2747991085852748,2.000584187003829,-0.9570991073377773,-0.0687419405343179,1.723817413101029,-1.3816421080031431,1.3746635547829746,-1.0964874733147714,real,False
-1.3110294358460997,0.837754351259117,-0.6239690921100162,-0.0856152333309594,1.0048211559132785,-1.2892275902970791,-0.4677138394817162,-1.3064285311458057,real,False
-1.3110294358460997,-0.2602872202821531,-0.6239690921100162,-0.0856152333309594,0.7850374778300314,-1.4460107098429862,-0.7765313836632264,-1.496032832885575,real,False
-1.288021364926475,1.259004160061066,-0.7633964211361305,-0.549025155054992,0.9952463602871324,-0.846960818507503,0.2857809152338838,-0.7912307101671033,real,False
-0.5165004367560805,-0.7381305717399859,2.9037319972443023,1.040807482869025,-1.6763770734689227,1.385586644710827,-1.0610345595122637,1.3237919233244106,real,False
1.048644535377861,-1.5051007797502634,-0.6235231254130604,-0.7734833519270551,0.611691276863987,-0.4193001403880653,0.2627198648566932,-0.2312509414318792,real,False
0.5711917472158269,-0.1727203894556546,0.2931419923943726,-0.9347232690285208,0.7108730459142597,-0.3248333796221355,0.96532991058784,0.1810305684183022,real,False
-1.293445004009673,1.800858029389947,-0.5999497710938663,0.4635626964213433,0.7281589059449424,-0.7058191326187254,-0.0806892548906029,-0.7226198360814229,real,False
-1.2732326228979145,1.3964255774828862,-0.9094461653841382,-0.2333312353741125,0.922129060125911,-0.2611845971344356,2.934793745518136,-0.5765649514259775,real,False
0.9092351022897096,-0.5881996880687955,0.5799053643904853,-0.3929321345776833,0.0799196765344023,0.4549432027014674,1.2703875009035035,1.293184078298164,real,False
0.5063274409695673,-0.2152580607013694,-0.4642675846292121,-0.747960837947082,1.2344609523732857,-0.720172420465315,2.043684679312561,-0.3688835331606394,real,False
-1.287163179556943,2.0100174442655403,-0.7408361784538312,0.7729436574586346,0.4936659270913762,-0.938878909167444,-0.6752632928764325,-1.2193296969771572,real,False
-1.3083118353704988,0.0549332287644344,-0.4138552201818082,-0.3263836238749769,1.2612957030467933,-0.890413113834724,1.222260091420671,-0.6305908792239833,real,False
-1.2990410861751835,1.805818328530416,0.0609925619535626,1.9373171140599972,1.5547875893704493,-0.9903500370596282,2.7610838769160364,-1.0549922740174438,real,False
-1.2990410861751835,1.0416207225837182,0.0609925619535626,1.9373171140599972,0.5233872010724693,-0.2343484709781111,0.5083701840919853,0.18801490889409,real,False
-1.3060051518081264,0.7269090292869208,0.5802620451363447,1.4338081703562364,0.5238702039983013,-0.5458515255640387,-0.2107836586488852,-0.5634179575892004,real,False
-1.2961446595615194,1.609989200400366,-0.4814714360600386,0.22261865267026,0.7764722058025381,-1.118069410739942,-0.5574514050799149,-1.205771859582981,real,False
-1.29447934369952,1.248433543395964,-0.704144054297594,0.7436872597436079,0.0959200729724934,0.6738840826391411,3.045587052765074,0.7342314184564381,real,False
-1.29447934369952,1.4960885127614596,-0.704144054297594,0.7436872597436079,0.6646753227928657,-0.7908923128120401,-0.3341101454486441,-0.8777132789996527,real,False
-0.7465678549029547,-0.806050997093533,0.9433532306178648,-0.3790200190162081,-0.5074220684786922,0.7829845029764161,-0.0618894855613714,1.3237919233244106,real,False
1.2271874797639255,-0.1506473415764834,-0.2984019170807761,-0.3427564468291945,0.3548721935818443,-0.4476365953774237,-0.3541632327331577,-0.6030643608782313,real,False
0.1298669208479941,0.4955607189497598,0.1847417451542776,-0.1705634457517316,0.7554960787903495,-0.813800324718837,-0.2140422853326186,-0.8723723127534619,real,False
-1.3079654777440164,1.0803389373073449,-0.1554949551861509,0.6300751249166453,0.6964719969580885,-0.5788557999544907,0.1083110927659381,-0.513089621807788,real,False
-1.3110002201791695,0.7242077993291876,-0.8049745696816445,-1.3526567827470517,0.945494573111166,-1.33993063720206,-0.5827684277766133,-1.3551134926976207,real,False
-1.310744040838171,-0.019395989464841,1.0169266950797649,0.8535761741292578,1.0532180583914934,-0.5747628982406856,1.6619240301336329,-0.0560261642010846,real,False
-1.310744040838171,-4.542436306710094,1.0169266950797649,0.8535761741292578,1.037111942616067,-0.5658713216696711,1.6070287036922766,-0.0564370077584839,real,False
0.7627993273800151,-0.6315201454228124,0.4822837886337996,-0.1757060313796265,-0.5105008237088543,0.9104644450069428,0.2624692012656367,1.3237919233244106,real,False
-1.3053139987610023,1.2454144669735343,0.5766995286375345,1.6162753776324352,0.9017881363133604,-1.0283426269665483,-0.2867347267389806,-1.085189275486291,real,False
-1.3027678836558916,1.3548013030145358,-0.8777890637461421,-0.6535199689441715,0.2890012137652246,-0.8492113763376773,-0.7665048400209695,-1.2616465833892836,real,False
-1.127867977920617,0.033799988339425,-0.0945511858149653,-0.1070834594724995,-0.5304835960152172,0.5092470191519449,-0.5323850459742727,0.6306988419918186,real,False
-1.3159163188040148,-1.5628030374738555,-0.3398040025138488,-0.6766426612566652,0.5241201033430415,-0.4979216104656015,-0.1285660007823792,-0.4742649056335558,real,False
-1.2936839660819652,1.7216748115121785,-0.8760371995733693,-0.1432623654571787,0.9811640007165128,-1.421579672116606,-0.6171093397513429,-1.4064689373725312,real,False
-0.4301053905381805,-0.5749947649503998,1.7963524647581548,1.5895298843329049,1.256909217270716,-0.756251590956315,1.9687362655866916,-0.3405353277000888,real,False
-1.2988388557539037,2.097425855790412,-0.8599364843562248,0.7006646216732052,0.8684185803196547,-0.615619925251194,0.5442150776130534,-0.439137781475917,real,False
-0.7586165243925098,-0.8986343579610558,1.4270570242350398,-0.0068331032962498,-1.020030684758115,0.6139132787064807,-0.9667850492750496,0.3346860588856344,real,False
0.9486070809634632,0.6284023382577568,-0.7505787747286653,-0.5853984362581758,-0.1838452846107114,-0.3682977974804182,-0.8146322495038023,-1.0007609244407385,real,False
-1.2814609007607711,1.689642705763247,-0.810730605826127,-0.8372033182489637,0.7910611066239509,-0.7653472710501358,-0.0571268773312994,-0.783424682576517,real,False
-0.6478571181029302,0.034816153057391,-0.4767983068400178,-1.0618406808396277,0.6812486498249101,-0.6001681342261005,0.0230854718067551,-0.5656775971548964,real,False
0.3003277271975456,-1.0917200145988504,2.304851741272132,0.7841313261858986,0.7642946961453817,-0.706978186359862,-0.0017302237078304,-0.7035156106623562,real,False
-1.3034383675217296,1.6035467038450228,-0.2219086206186319,1.1773270519168737,0.8004123936392904,-1.2844870956268244,-0.6692473666910784,-1.3503887917875288,real,False
-0.0180255189664603,0.5204950832075672,-0.8854863536478147,-0.7249241966677359,0.3636006186172959,-0.7345364099724919,-0.6369117634448002,-1.077177826117005,real,False
-1.2995354257472769,1.555853309109921,-0.7396053990816649,-0.022646011450208,0.7465050919495673,-1.2296758785704904,-0.6742606385122067,-1.3362146890572535,real,False
-1.9656155146350127,-0.7510539514463851,2.477719903040347,1.1371983500617528,-0.9346192813401673,0.7313737240160308,-0.866268949261425,0.8441320700607465,real,False
-1.9656155146350127,0.1762340188587071,2.477719903040347,1.1371983500617528,-0.2515884283542641,0.4658132908791823,-0.0413350710947449,1.1487725678723155,real,False
-1.3095659783387152,-0.0324192650710096,-0.5283094461277399,-0.9776729377309196,1.1809251563739274,-0.7169409499044045,1.6722012373669457,-0.2854822910085847,real,False
-0.8529112934309502,-1.2470525364851877,4.477307441167121,2.0179249462873625,0.4451127122161363,-0.523194774090041,-0.3140570581641305,-0.6231956951907962,real,False
-1.2986328891398766,2.08087486275582,-0.8144549692786451,0.31647490076672,0.6620870336636481,-0.762840683635652,-0.2990172427007452,-0.8403265152763179,real,False
-0.8116661575506463,-0.8551205690835243,0.8002552380589254,-0.1119716142432185,-1.264396721618794,0.6107688290445472,-1.0610345595122637,0.1520660976216526,real,False
1.592897480421384,-0.7946534455184271,-0.3750393127903633,-0.0907774213543917,-1.9216040845611877,2.532881024278704,-1.0610345595122637,1.3237919233244106,real,False
-0.0313270175267906,0.5867930673234694,-0.4633319184592923,-0.1228107766354977,1.113773518125169,-1.1398105362860198,-0.0714147020215154,-1.1346959241529049,real,False
-1.3072316446557886,0.5568151076451607,-0.6741910505836837,-0.3548899668151422,1.1519392059968885,-1.059136699256375,0.1967953404088545,-1.018016353851508,real,False
-1.2958519890914515,1.610355259039934,-0.8319677981493261,-0.3641533008704353,-0.1137089737727969,0.0294943506398084,-0.457436632248403,-0.1981780350612369,real,False
-1.2281356617207275,2.39440177332648,-0.9364610159840576,0.0244932027122042,0.7379599460674764,-0.7533149502505655,-0.1463631157473851,-0.7924632408393012,real,False
-1.3087827363236464,-0.3090828169844508,-0.6876571930898419,-0.4659142906818067,1.0824312549349275,-1.0393253984064477,0.0601836832831053,-1.0268494903355927,real,False
-1.7230132311543045,0.9506870924214522,0.0988707221190635,0.387518734982693,-2.359402946843863,3.153964716100316,-1.0610345595122637,-0.3452600286101805,real,False
0.6806397283863794,-0.5249268692566849,0.7563853588951499,1.3896692838351703,-1.9490575307166549,2.332883298188336,-1.0610345595122637,1.3237919233244106,real,False
-1.2894071786798662,2.0617602034386766,-0.8702833627635636,0.0091893304437033,0.7486339701505914,-0.9367246482125388,-0.3982800247590878,-1.0297253952373877,real,False
0.8508977006779014,-0.1734303381240618,0.5410800112635245,-0.0120132842336744,-0.2805719574328138,0.3845039809782955,-0.2586604045406615,0.671783197731747,real,False
0.1217584639926777,-0.5248430957905243,-0.2997814261484658,-0.4910878145929771,-1.7131532912742595,1.2116659221671142,-1.0610345595122637,1.193965359186237,real,False
-1.2915240702765804,1.7365936806909952,-0.7301311426762561,-0.2468686946183532,0.6116988819480722,-0.9876485418167712,-0.608837441246481,-1.1796832936881263,real,False
-1.2729994846215125,2.006247074802801,-0.838553862100712,0.2122837447148272,0.7750825004058759,-0.4915231405740562,0.6051263302397636,-0.235975642341971,real,False
0.4831418685933332,0.9706412210634692,-0.8579375394439085,-0.6413281831110109,0.4906708144856155,-1.0666875189466212,-0.7562276327876563,-1.3495671046727302,real,False
0.94435192410175,0.5616371421453544,-1.0068048629511028,-1.3884047917524591,-0.4698002629267808,0.206673679379803,-0.7123615043527827,-0.2199527436033989,real,False
-0.5458700091132936,-0.8062315098876676,5.805564783220315,3.81978895701962,-1.5923610602907845,0.6560842756103059,-1.0610345595122637,-0.0424683268069082,real,False
-0.9880821622104968,1.36846602386987,2.5847535630855303,3.013967361727896,-0.6899373041639991,0.949743130941416,-0.2408632895756557,1.3237919233244106,real,False
-0.9880821622104968,-1.9015312767038532,2.5847535630855303,3.013967361727896,0.7942663230290785,-0.2992167374331287,1.5659198747590235,0.2796330221941304,real,False
-0.9880821622104968,0.3932486786261544,2.5847535630855303,3.013967361727896,0.0054360208876597,-0.2262698047858787,-0.569483257450623,-0.6207306338464005,real,False
0.3383803250263555,0.4494148271742071,-0.5885424886931117,-0.0386968984556451,-1.7549993197196996,1.256782869063618,-1.0610345595122637,1.1479508807575172,real,False
1.9185985734970603,0.3815620271971385,-0.5283473656449549,-0.3728642176326971,-1.5297559595356975,1.2188289796563536,-1.0610345595122637,1.3237919233244106,real,False
0.4323938568961021,-0.944863935932758,4.013672238599124,1.7905546523767737,-0.2956197091136659,0.7042992502772888,0.4584881294717576,1.3237919233244106,real,False
-0.3434673914779176,1.2067772544372573,-0.7037347079516407,-0.3489145691376837,0.343437788728028,-0.0451084727256612,0.4552295027880241,0.5772891795299117,real,False
0.34344518411342,0.7472898837408033,-0.5741322175295127,-0.0459034330270559,0.8996621375601104,-1.20270013719213,-0.5028067422296152,-1.2552785082495943,real,False
0.34344518411342,1.022631544179351,-0.5741322175295127,-0.0459034330270559,-0.0407036963967088,-0.6567431282393267,-0.8574957235744501,-1.2437748886424147,real,False
-1.0944467551025052,-1.088151138568236,5.217758299288328,2.198155651778761,-0.4203314749957149,0.5319500163946757,-0.3110490950714534,0.9823809271256057,real,False
-1.282853823938743,1.9438501852849204,-0.9884890632368086,-0.3792133349252715,0.8690102821800396,-1.407228487015696,-0.6990763340267924,-1.415712917414015,real,False
-1.2644489555967262,2.5129789299285816,-0.818327894156655,-0.8551979822223228,-0.3050379477794129,-0.6038420380376427,-0.9389613906677868,-1.2908164759646328,real,False
-1.3022037072150707,-0.2650122373317675,-0.2788723501753352,-0.6569181671036952,1.7313755229916838,-1.3446922414146054,1.6268311273857337,-1.0282874427864903,real,False
-1.2922977844780077,1.9922522548551376,-0.959569892972922,-0.4162471816975065,1.0865324602645885,-1.3901401457267566,-0.4762364015776346,-1.3688767518704967,real,False
-0.314470309161864,0.6379391684025085,-0.3839186378304247,-0.4302862715381812,0.305151382903806,-0.3336904434613043,-0.2754548651414417,-0.4229094609586453,real,False
-1.379495884748327,-0.8306160613759691,0.6523452787758646,0.1844816036646875,1.1293282021060431,-0.9932878105169888,0.300820730697269,-0.9370801730438492,real,False
-0.3464572831934781,-0.4644358997458581,-0.1064620208722727,-0.0132735170802125,-0.2775655817939548,0.4121426620744218,-0.2060210504188132,0.8026368707634189,real,False
0.8940296721967834,-0.4147198137922568,-0.2226517152847336,-0.8273026905037419,-0.3030652739326217,0.906979248775556,1.3608770572748714,1.3237919233244106,real,False
0.112937763298999,0.0015379253474548,-0.1675292509417613,-0.4028561880765521,-0.0193868918448359,0.4397700341616198,0.6823307162851411,1.3237919233244106,real,False
0.3833829016603788,0.3841186469684283,-0.912261995111822,-0.9754485303461344,0.6696482228569937,-0.8137397706284287,-0.3569205322347784,-0.9060614844602032,real,False
-0.0220081119796845,-1.021108821218406,-0.5430672869212574,-1.3102470881903174,0.7198765461390144,-0.1421099883676146,2.039423398264602,0.1235124703824024,real,False
0.2137564622695281,-0.677175638446517,0.1705145497026995,-0.6534503388958548,-1.894904779604082,1.2063888530810396,-1.0610345595122637,0.382549333322651,real,False
-1.345080877749381,-0.9181423245518715,-2.6208601988357896,4.1034590382879585,-2.3062692818769315,4.473495057381055,-2.049525174148372,3.479116215413862,A_global,True
-3.269575967527175,3.518552346895447,-1.9576992852397528,1.5113330558117004,-3.8665560283187004,2.8883177500719515,1.0772559990865558,-3.7033101324259445,A_global,True
-4.52314817587179,-0.6269041357816286,-4.9825273716396055,-3.352293873587489,-1.3735293844771606,0.5391856227439822,2.595175937550214,1.1689813846241297,A_global,True
1.6202593336690445,0.14383505230795351,4.394730099357386,1.4915148809560075,-0.8675699583702998,-3.613262622308517,1.194241751580434,-5.461825685845847,A_global,True
1.904270879141835,-4.383100242260208,-2.349026543904798,-1.8087832649816842,0.8011913513330078,-1.6696645408964685,-5.665042582497962,0.9423138894243658,A_global,True
-2.135453861364774,1.5079857856391266,-0.5077651157801228,-3.3646726610770155,1.71406635985781,-2.9280376410196434,-3.31368476554658,-5.112321592012957,A_global,True
1.4804313216348426,-1.6290480470028628,3.360215195982168,2.5839332270157613,5.015006688693422,-1.1571563724998053,-0.21018016194584282,4.391239468659432,A_global,True
1.290115132209856,-0.342323512608612,-1.136872645247628,4.623834767803082,-1.2188714721893485,-3.3529546156839904,5.397441904862811,-1.1888904691835267,A_global,True
0.616430550179351,-0.9313529407976125,0.7749663123128149,-1.2814398182623035,4.486067237181375,0.8341349214173228,6.596240126192274,-0.8551166662653811,A_global,True
5.558909699661304,0.7614470632797272,0.2701245666798474,4.144912868677399,3.9423558827465506,-0.8801430892882064,-1.328931234435353,-0.6338614356462433,A_global,True
-6.188226731544248,-2.3520580526374215,-0.9731010415810031,3.2735197010144406,0.5441493559794094,-2.460574278805148,-2.0292037863826344,-1.7918647121933633,A_global,True
1.35409918636305,-3.988786828941757,-0.12876971690928246,1.0097414830289437,-1.1275560205995097,-3.795140950540113,5.755513257941887,-0.46070082179928623,A_global,True
1.8720804708362684,-1.8461822169403506,-5.3687760043498995,0.048361668379539875,-2.6247449193567807,-0.7496301853400205,-3.8018730316693246,3.1675963613385165,A_global,True
-1.071803702493148,-0.825704208741011,-2.943135896556628,-5.984640125597622,2.3751671876903946,-1.1511259038690027,-1.6286034774421418,-3.3698353263530043,A_global,True
3.8256101699552603,-2.9165884652626564,0.38222851687274584,1.5831959502962374,-2.457325997623551,-1.2333193869681403,4.390594136815086,-3.8071746650965075,A_global,True
-3.4054113859941553,2.9816890356375882,2.3047208950527285,0.8368331108786903,4.570077578574004,-0.35369445263051,0.9375907266747698,4.532371648608961,A_global,True
2.664368123820878,-4.831688368657903,-2.674373888372651,1.9334160480050397,-0.5311686821673655,-2.1377623591708295,-3.252544077627795,3.508087634526606,A_global,True
-6.8337089757131055,-0.8703056604219365,0.8628051178812614,-3.760416241428735,-1.8061070750992472,0.7393693037623638,-0.9710203038598828,1.5936861724018263,A_global,True
1.4839532309577064,0.15590453025537665,1.120462804195828,2.387373031752568,-0.717119551222543,-0.07737500693742808,-4.943586884999578,-5.829726617578953,A_global,True
0.949895177572078,-0.7092235514148569,-4.703277377138382,2.0461320647637047,2.946170056282006,-5.248172188909389,1.6379235770339955,1.4068911514987197,A_global,True
-0.9910308737542199,2.124498412763958,-0.503034219397567,-0.9874836817461756,2.2783039070989837,0.1814527118576702,2.1786624430785144,-0.31203821686064026,B_local,True
-0.15990445011785837,3.076175188524733,0.774278728801505,1.7612854023848152,0.698450143826752,-1.1409688352579082,-2.6260774240986846,-1.2090195255342089,B_local,True
2.2609018577874975,-2.583401986538899,-1.757428733726388,-3.1831750349634804,-2.2661646638840827,0.3564858650291539,0.3618387136796336,-0.793115817400138,B_local,True
-2.75934908775052,0.39105839577639234,1.9404554494958632,1.5118818909202476,-1.6205592182593462,-2.397434132847777,-1.5617673446296347,2.969489243590039,B_local,True
0.0057178327548647045,-3.2040325616148877,-0.7456143579309538,1.1529244179139733,1.0647522972630061,2.7300344073225014,1.2372705232900976,1.8182091540505139,B_local,True
-0.27549817827949274,-1.56556521839765,1.5589497241288206,-0.04451754607623787,-0.33230383567751687,0.2828445139688983,-1.2112724148463436,-1.7610392179849987,B_local,True
3.142591055537912,1.2444533704245675,1.0212769607257168,0.5238326831102375,-2.570244015758995,2.2914039995376934,-0.9177810696521849,4.148240263319939,B_local,True
-1.541693617137044,1.4696874536206255,-1.6702704176972993,-1.251789862473846,0.5170724110887959,-2.340621722386564,-2.165904753163841,-2.6295482411301103,B_local,True
-3.5889136780931947,-2.3745046786067525,6.200499693166325,2.6234194280703287,-3.509584863521303,1.3399059234517074,0.2779890873673818,0.5037181490759124,B_local,True
0.5222892108363764,-1.8283228705004122,-0.5722508191969757,1.857809433304309,-3.338259936989794,-0.2404893031762937,-0.2487264104568222,1.860749957908848,B_local,True
-0.79638079087861,-1.121809483902357,-0.05718971503782544,-0.3403439585125335,1.1058125095610982,-0.7496628632416124,-0.24726138558645616,-2.336229973933624,B_local,True
-0.5646932582264139,-0.9655115847725023,-1.0155017621796842,-2.386738411742501,1.976091815051512,0.5910483790660379,2.3882782973825036,-1.6442259901387606,B_local,True
-2.190425967177877,-0.7654614347986969,1.0181255584838214,-2.7505261992499253,-1.6278530231940072,-0.2018930459950039,0.10525316999680062,-2.082666062744724,B_local,True
-1.008728187321445,-0.014323128026278498,1.6408174971443688,0.3467038225669295,0.9944511362551223,0.2585112534415728,-0.2703604985925414,1.9219118238261461,B_local,True
4.385907849831181,-0.08127455567604606,-0.9650961119144618,1.8193328469657217,2.0110561076397193,4.853774234627986,3.6997221385629233,-0.9768590651419533,B_local,True
-2.9289617046005283,0.3824632958143518,-3.196951353147094,2.3422187559938643,-2.734153126814867,0.2833805080204579,-0.8451005355950038,0.9195350418285253,B_local,True
1.5690437502609207,-0.5901805614839879,2.7273560012191633,1.1739533230351675,-0.05740181596489702,-2.4767384450214727,-2.333043788989473,1.0419548420036724,B_local,True
-0.6151108194025598,4.037916536741163,0.20912715415416072,6.141309906123253,-1.4026929593899942,-0.5322414734574731,-1.4650947543552504,-2.516433602586029,B_local,True
1.456178692908091,-0.07098591203872862,2.945144094847351,2.497326821645157,0.28714685189553213,1.4612469329677358,2.3184461292511434,1.2511050865396092,B_local,True
-0.7980851654401532,-0.5946280943525782,-0.3013769506586922,-0.5346937617731166,-0.3020521973561101,0.007142835324105978,-1.4872192137715754,-0.04589133870854223,B_local,True
-0.06296973252859292,0.9310108237410089,-0.14307415407471075,0.14048783167683035,0.5869367696954018,-0.9431140714551342,-0.698378892386945,-1.1152756349349495,C_collective,True
-0.07224922167091449,0.86961286170226,-0.17483751915555762,0.2843178705711566,0.504358368402936,-1.0618504006796412,-0.5884611564424789,-1.0808950244142852,C_collective,True
-0.11636739972071972,0.8725296084245946,-0.07629936844777663,0.2593495334249921,0.5225675376672922,-0.9368167340258788,-0.5415925513743293,-1.064395054907557,C_collective,True
-0.19331385227311892,0.9257160993288759,-0.04923332097399179,0.2018861970318288,0.5779720142148116,-0.9482173188683579,-0.678706496180463,-1.0393057843141424,C_collective,True
-0.09765523938366241,0.9330087602653443,-0.19660720053784458,0.30586501659271587,0.5048307190592877,-0.8988828079010676,-0.5814481006719587,-1.1680623606853895,C_collective,True
-0.1576779050227612,0.8876522496463481,-0.12080311586784909,0.36139639791448147,0.5757331661092813,-0.9658713278271086,-0.5959895559751706,-1.0303427718738685,C_collective,True
-0.15814429543200303,0.830102474851931,-0.14890934125405314,0.1989619686793005,0.5964627852193671,-1.005169356721695,-0.6069582617069302,-1.051049821200858,C_collective,True
-0.19494605571446819,0.8612360444855864,-0.10600666672339268,0.32292753816997594,0.5596936795748054,-0.936953076325108,-0.701075941609473,-1.1131546332118354,C_collective,True
-0.16177006701520383,0.9032753385110813,-0.0789641224655563,0.24103914441172003,0.558805506167289,-0.9832005009665771,-0.6859252194093202,-1.1381792650035298,C_collective,True
-0.12481953311456191,0.9894171738009392,-0.11285220346740732,0.2604883966981963,0.4987687484726874,-1.0253222384599396,-0.5852605518668381,-1.09942592913535,C_collective,True
-0.11999666314512443,0.8975827220802078,-0.08142073926404964,0.2634585582961975,0.5912910844756869,-0.8965237708022733,-0.6508543556185348,-1.1400259732567852,C_collective,True
-0.16863609100614507,0.9435541037796955,-0.13488218848638991,0.19686700242444588,0.6329718938290133,-0.9806166121970721,-0.6697291964452263,-1.027670167651226,C_collective,True
-0.08474744159468861,0.8087273124298452,-0.08380489001107053,0.2968087458013046,0.5536413962820301,-1.0265725033979198,-0.5889459689354353,-1.2095786921012859,C_collective,True
-0.13343529512084132,0.8968041774731759,-0.26391398422316914,0.3172999668788559,0.5685585012459481,-0.9023166123148172,-0.6699304757370294,-1.103922165836184,C_collective,True
-0.11086877313895291,0.8520850000073181,-0.17659878128712408,0.25812627077097394,0.5116282790908404,-0.9287697082955958,-0.5828318960627761,-1.175184531951123,C_collective,True
-0.1044220604826237,0.8897790304477567,-0.1460921365438153,0.32396678882461266,0.5089005922376141,-0.9457487413790595,-0.5685674224535832,-1.1416548555613786,C_collective,True
-0.1735064302518394,0.806503717107101,-0.14920248719194124,0.3000221088589382,0.5458641258548249,-0.9898826139843557,-0.6807833970965962,-1.117287571368665,C_collective,True
-0.07675995750169715,0.8629585314966239,-0.09655131512642476,0.262842128118343,0.5798630777978988,-0.9571419599726122,-0.6457079702592466,-1.151788596750296,C_collective,True
-0.08372551020731503,0.8999590105122084,-0.1531666003081349,0.23634335917688748,0.6742963082163909,-0.9870642962212297,-0.5851450605340913,-1.1059319402301697,C_collective,True
-0.07635975478758035,0.9571634759854902,-0.14240312224653937,0.27504877647016424,0.6040697980606584,-0.9206697332497082,-0.6485284710239619,-1.1354488206173992,C_collective,True
-0.41409961497099035,1.2073871560118778,-0.0511813053843458,0.7744221417694439,0.6911484437658119,-0.07517422731461032,-0.1811904065721893,-0.19917379154428383,C_separated,True
-0.4233791041133119,1.1459891939731293,-0.08294467046519269,0.9182521806637701,0.6085700424733461,-0.19391055653911732,-0.07127267062772322,-0.16479318102361928,C_separated,True
-0.46749728216311714,1.1489059406954636,0.01559348024258831,0.8932838435176057,0.6267792117377023,-0.068876889885355,-0.024404065559573654,-0.14829321151689118,C_separated,True
-0.5444437347155163,1.202092431599745,0.042659527716373144,0.8358205071244424,0.6821836882852217,-0.08027747472783409,-0.1615180103657073,-0.12320394092347674,C_separated,True
-0.4487851218260599,1.2093850925362135,-0.10471435184747965,0.9397993266853295,0.6090423931296978,-0.030942963760543674,-0.06425961485720308,-0.2519605172947238,C_separated,True
-0.5088077874651586,1.1640285819172171,-0.028910267177484163,0.995330708007095,0.6799448401796914,-0.0979314836865848,-0.07880107016041493,-0.11424092848320266,C_separated,True
-0.5092741778744005,1.1064788071228,-0.05701649256368822,0.8328962787719141,0.7006744592897772,-0.1372295125811713,-0.08976977589217455,-0.1349479778101923,C_separated,True
-0.5460759381568656,1.1376123767564557,-0.01411381803302774,0.9568618482625896,0.6639053536452155,-0.06901323218458422,-0.18388745579471727,-0.19705278982116964,C_separated,True
-0.5128999494576013,1.1796516707819504,0.012928726224808632,0.8749734545043336,0.6630171802376991,-0.11526065682605324,-0.1687367335945646,-0.222077421612864,C_separated,True
-0.47594941555695935,1.2657935060718082,-0.02095935477704239,0.8944227067908098,0.6029804225430975,-0.1573823943194157,-0.06807206605208249,-0.18332408574468437,C_separated,True
-0.47112654558752187,1.173959054351077,0.010472109426315289,0.8973928683888112,0.695502758546097,-0.028583926661749505,-0.13366586980377912,-0.22392412986611937,C_separated,True
-0.5197659734485426,1.2199304360505645,-0.04298933979602497,0.8308013125170595,0.7371835678994234,-0.1126767680565482,-0.15254071063047067,-0.11156832426056024,C_separated,True
-0.43587732403708607,1.0851036447007143,0.008087958679294412,0.9307430558939181,0.6578530703524402,-0.158632659257396,-0.07175748312067959,-0.2934768487106201,C_separated,True
-0.48456517756323875,1.173180509744045,-0.17202113553280424,0.9512342769714696,0.6727701753163582,-0.034376768174293415,-0.15274198992227372,-0.18782032244551813,C_separated,True
-0.4619986555813504,1.1284613322781873,-0.08470593259675914,0.8920605808635875,0.6158399531612505,-0.06082986415507193,-0.06564341024802042,-0.259082688560457,C_separated,True
-0.45555194292502116,1.1661553627186259,-0.05419928785345037,0.9579010989172262,0.6131122663080242,-0.0778088972385357,-0.05137893663882756,-0.22555301217071283,C_separated,True
-0.5246363126942368,1.0828800493779702,-0.05730963850157631,0.9339564189515518,0.650075799925235,-0.12194276984383184,-0.16359491128184056,-0.20118572797799916,C_separated,True
-0.4278898399440946,1.139334863767493,-0.00465846643605982,0.8967764382109565,0.6840747518683089,-0.08920211583208837,-0.128519484444491,-0.23568675335963038,C_separated,True
-0.43485539264971246,1.1763353427830776,-0.061273751617769975,0.8702776692695011,0.7785079822868011,-0.11912445208070593,-0.06795657471933567,-0.189830096839504,C_separated,True
-0.4274896372299778,1.2335398082563593,-0.050510273556174434,0.9089830865627778,0.7082814721310685,-0.052729889109184414,-0.13133998520920637,-0.21934697722673338,C_separated,True
-0.45668381175879363,1.2573907234286796,-0.10328179960229138,0.9501038196315178,0.6600674891008694,-0.15249999139209688,-0.10110450806919043,-0.3062149545952759,C_separated,True
-0.4401005233978788,1.1806334633660767,-0.053291682288619434,0.8218922598782878,0.6412654842569587,-0.16090194540638708,-0.042174083390744264,-0.14781292227164997,C_separated,True
-0.531644171628389,1.2766644099399453,-0.032813109520151616,0.8899278807681382,0.7063788792457433,-0.014940737488929733,-0.06995484817719991,-0.19905687582035003,C_separated,True
-0.4507548932540565,1.1725491547277336,-0.00524605585049126,1.0033351241624673,0.690936795794314,-0.12322509904126713,-0.08482698793730029,-0.19074810707268972,C_separated,True
-0.5078013090244669,1.1479308572442573,-0.17769913843977309,0.8883681136623514,0.5955059147745565,-0.11543433999399799,-0.12448500072090593,-0.19815589577819845,C_separated,True
-0.4998974624140233,1.274207180223653,-0.09524079513776054,0.9297696262683225,0.6470881462827814,-0.09299266955999634,-0.07539748839273731,-0.15250073006857334,C_separated,True
-0.4378868427736625,1.131232046926238,-0.07019395588588011,0.9372643550395874,0.6479056119426801,-0.04286692605419863,-0.0235381496535238,-0.18007517998631847,C_separated,True
-0.43820661665608257,1.0724887847381654,-0.09860465902031243,1.019670787354257,0.7006436839566177,-0.006095306429279954,-0.1561565699207023,-0.1887425024840183,C_separated,True
-0.4073345633157065,1.082990236235101,0.011904246450617155,0.9144218059465213,0.6038689833058511,-0.11188816156737685,-0.08031047144715076,-0.1747954608387387,C_separated,True
-0.5447971477615993,1.2019100097757027,-0.024740521074175854,0.9057432100399556,0.6372772192963271,0.047261318349247614,-0.175137833186711,-0.1896691901492679,C_separated,True
-0.5272720691666116,1.131823188703915,-0.03160479724633916,0.9510437879147308,0.7514204233140855,-0.07056452859388683,-0.16978086353978836,-0.1765359725526188,C_separated,True
-0.5187904488348133,1.178054760760464,-0.03847528295279604,0.9013928412951011,0.6020612398990444,-0.07226174906864932,-0.08176350833954547,-0.18512652659101156,C_separated,True
-0.49148160412534375,1.229346547718766,-0.027180868215616515,0.8741660744515658,0.5856043064062445,-0.07479497567919083,-0.11927234458958977,-0.19642956590674746,C_separated,True
-0.45026733659105983,1.2058852287344848,-0.1287819785014917,0.816979163476018,0.6935852667045304,-0.06096440649632108,-0.12814137117989657,-0.07310979349461241,C_separated,True
-0.4294729057978296,1.2596643690903377,-0.01638999764141079,0.8487557084200004,0.6765552378109598,-0.09420208405265847,-0.17494951839017464,-0.20057794470946674,C_separated,True
-0.43983399623940256,1.107238576666849,-0.03692807713064641,0.9917889431787137,0.6957657058752944,-0.08345526010968393,-0.12183575131546374,-0.19709976029037832,C_separated,True
-0.45430665148798793,1.1937942079110877,0.008815356021611431,0.8786953845474789,0.5587938527428576,-0.09616172920650168,-0.14925651213503474,-0.12421558822654713,C_separated,True
-0.49888829847703786,1.191641553424227,-0.06963487481797359,0.8924256115819714,0.6936923891828117,-0.07535858900114183,-0.04827640238157157,-0.232251466054889,C_separated,True
-0.5214225060163484,1.1893941759621995,-0.043347441787214634,0.8129426531493821,0.6904002472491013,-0.05486118898369426,-0.1488977780860606,-0.17540479104170117,C_separated,True
-0.5752867601790468,1.2498710734242306,-0.05566589544485838,0.9409721760934705,0.6907431995530442,-0.05040623037614428,-0.07685106031620852,-0.244258088378155,C_separated,True
-0.49437319126418133,1.1871470365873444,-0.04704916340530276,0.9899063447987819,0.7303428456504654,-0.05907894811803338,-0.08835879563509855,-0.22208637356085847,C_separated,True
-0.5154992711622769,1.1689401508528352,-0.02280181818885682,0.8424425288977662,0.6893906138835495,-0.12202398773960002,-0.08147151127025873,-0.19958573396535922,C_separated,True
-0.5388146390740169,1.170430596046595,-0.012712243224127406,0.8904460465223022,0.7409162021253719,-0.04994541055150291,-0.11570786290808506,-0.2010545500314406,C_separated,True
-0.4598267483961633,1.1741406744439844,-0.09522702976018138,0.8667980659766454,0.6075155231583147,0.0036673874266070494,-0.22659913266425552,-0.15085914464268935,C_separated,True
-0.4568249647987723,1.083623848801382,0.017784780511068035,0.9523542350132725,0.5782021048944669,0.04212325266244443,-0.09362473387887922,-0.19746725717521244,C_separated,True
-0.5252638933194006,1.1676860407649305,0.06880072967878896,0.8848607222691424,0.7371619820977181,-0.09539656733992942,-0.15176317648410942,-0.1903179567462424,C_separated,True
-0.473017389182769,1.1371584244226807,-0.010508053432135532,1.0433808235519748,0.6412000499460094,-0.048763646565040134,-0.060955867831558264,-0.20390685794909028,C_separated,True
-0.4571642432922503,1.1099774866063303,-0.0021760486535458215,0.9398797792642725,0.6083902990377992,-0.057357208581151925,-0.11679521257208596,-0.16197150336223837,C_separated,True
-0.5876428635001307,1.1462173216139633,0.027668016905289194,0.8524065272064553,0.6509938912285985,-0.05415856155581661,-0.061705176291871874,-0.11234007985322185,C_separated,True
-0.4629932017404189,1.1068891684882263,-0.015551969046702696,0.9085872930077759,0.6751986644142334,-0.06467007206786805,-0.20830788901185776,-0.08869987386791556,C_separated,True
-0.5488013713136386,1.1505910585761794,-0.03599314130387726,0.9721430282649142,0.6466904777517288,-0.05901608460604918,-0.13160914427349107,-0.1976735557352303,C_separated,True
-0.525954483786261,1.1355381416940402,0.04827669830415207,0.898533303243526,0.6485466491810422,-0.08130617766717307,-0.059263638266780376,-0.20264498534694794,C_separated,True
-0.5268302711926282,1.252438108028628,-0.031415994473517714,0.8765937654169645,0.6502076129648552,-0.10064405425663311,-0.1385755355605317,-0.16841759961378566,C_separated,True
-0.4361109506498194,1.1560295512593386,-0.08195058231961166,0.8482981874792517,0.6732945587000944,-0.05718846640867576,-0.07804549627410087,-0.18633658501258585,C_separated,True
-0.4228178045586788,1.2332791847504776,-0.045363253575198076,0.9467864096252097,0.6042554567088672,-0.08871224544591907,-0.1810792779380852,-0.19005756905131074,C_separated,True
-0.5054850447310973,1.2345808858802945,-0.045119717597547356,0.8947900300541877,0.6724866470992842,-0.13561054894042773,-0.07032433733563345,-0.22831838111521713,C_separated,True
-0.5497748491823545,1.1002305744561147,-0.02609174111150898,0.8682349359699206,0.6593712480085456,-0.1214362793826495,-0.06858708199235103,-0.2438951818439079,C_separated,True
-0.5545020540939068,1.1170404828497915,-0.004462170273381347,0.9951352884143176,0.7174464090383657,-0.16053644769520906,-0.11724144846972542,-0.18254766674883807,C_separated,True
-0.4335851108982188,1.122480374172603,-0.0008889139371579605,0.8193842240464632,0.6958806840382334,-0.11466047560609138,-0.1534983379259167,-0.19209173996694642,C_separated,True
-0.5351021872171957,1.1449857134955175,0.008200313593231916,0.8885057401431152,0.6894294419899073,0.028695431400822757,-0.1255374713784824,-0.16927919198237096,C_separated,True
-0.5400482253703812,1.0807972833480657,-0.1174516802741294,0.9216011297880129,0.6840686282170945,-0.07173899388070523,-0.10920039397963208,-0.25626603904500406,C_separated,True
-0.46638411262139234,1.173349062935022,-0.07125166855963938,0.9738976086773493,0.6480129722451385,-0.06468078118544827,-0.12677621157122812,-0.17238929708512368,C_separated,True
-0.4667098817693757,1.1018925027549042,-0.09352636429043748,0.9290603997197695,0.7110386733143308,-0.031060728442189073,0.021592994779041502,-0.23102709795622556,C_separated,True
-0.5074043268023528,1.1307464827878075,-0.0011312860312296044,0.9856430459775786,0.6366868447886693,-0.11947932713774237,-0.09196171749971374,-0.1492155582578222,C_separated,True
-0.37832747528773475,1.0935903611222186,-0.06670886129047432,0.9038740770779748,0.6107446651008972,-0.09473788029181465,-0.08692825955476888,-0.14357849548306476,C_separated,True
-0.47931419049023544,1.08183646344146,-0.01157496318866768,0.9662401206299606,0.6680622798131112,-0.09357659331333432,-0.028604894240771644,-0.07893307250794834,C_separated,True
-0.4883471602623105,1.1735644709278965,-0.03512333269325505,0.9209737083368581,0.7351574864335518,-0.08854707643299084,-0.10530697974193211,-0.17474826156771076,C_separated,True
-0.5423973637909154,1.1665894859408308,-0.0779739359500706,0.8767823555621403,0.7084581126344005,0.008899001258280304,-0.08381672203825444,-0.28493769402229047,C_separated,True
-0.4262617492259049,1.1350382452440861,-0.14385157694965534,0.9153872165011189,0.720139876404377,0.02499859399796918,-0.009649859154146984,-0.19118868164486127,C_separated,True
-0.41969888394183463,1.0889674802049143,-0.041347323677146434,0.8544012267556707,0.6241882322336023,-0.040052550233423405,-0.08256250683882771,-0.18089543100041092,C_separated,True
-0.4728744993452833,1.118507453960917,-0.06403346717608363,0.9830059094914965,0.6781762824876272,-0.01972039256326652,-0.05188688928477202,-0.12899176201789905,C_separated,True
-0.49769258719066617,1.1805958107245347,-0.03535205329245701,0.9001775929836692,0.6841514821048525,-0.2110245052417126,-0.24594789977855122,-0.14517180845648842,C_separated,True
-0.5071732910086925,1.1584088010082096,-0.021377196736618465,0.9254965808900334,0.6154431032032025,-0.09294637044553276,-0.10235769796869697,-0.12799306571172617,C_separated,True
-0.45131842030859903,1.1677905516192495,-0.06623091189370009,0.93905784757389,0.6134732381548939,-0.11977797123408837,-0.10999569114410987,-0.15468934620362274,C_separated,True
-0.3807437528758801,1.1288327687844397,-0.08530325623249052,0.955832477752147,0.6510999359112724,-0.017300963816540935,-0.08940421042598108,-0.16678548143061397,C_separated,True
-0.5002821518208853,1.1365639120533189,-0.0046389135783667865,0.9241549912515018,0.6767936420175237,-0.13623297610777882,-0.11075873005478737,-0.14973508816364872,C_separated,True
-0.5150185608378235,1.0874946532574634,-0.05640476551965501,0.8583631069208666,0.7365228333197686,-0.10257734469898784,-0.13333030267857787,-0.2743784489756878,C_separated,True
-0.44682840871374113,1.2680232768822406,-0.0814389812451084,0.9018652451941822,0.6079103424580162,-0.06811333374841198,-0.06977146237478471,-0.1956503934031722,C_separated,True
-0.3994248345944731,1.1224883141759097,-0.0711633462067026,0.896626646317488,0.6538624336466852,-0.07115209850303347,-0.07009416240562355,-0.16490852855091348,C_separated,True
-0.523544901171654,1.2140372586763706,0.02873204357309206,0.9006711208608108,0.6456536067918425,-0.04567260694382384,-0.12272962974265769,-0.15788290742608724,C_separated,True
-0.4824993869383132,0.9502733008853996,-0.5276991849509638,-0.6508549510211333,0.8045348305884429,0.712013325070772,-0.4113145314940216,-1.3068393747032048,D_subspace,True
-0.5304396081020668,-0.2351184820634596,5.301583877628648,3.25224446638166,-0.05842110033836907,-0.05170267379945663,-0.2847294180105292,1.3237919233244106,D_subspace,True
-0.5149180422319011,0.6435119710187706,-0.3693353866718256,0.9026231231909172,0.1261534905217112,0.11164583911171443,-0.4882682539483428,-1.327997817909268,D_subspace,True
0.187695561795355,0.1028604837860461,0.1870387371032301,0.5060896807446592,0.9185838103395974,0.8129466721505436,-1.0585279236016996,-1.2439803104211142,D_subspace,True
-1.5630221826844806,-0.8326403857694799,-0.6772147167156937,-1.0084585947015114,-0.020386204336759483,-0.018041790838032142,-0.5810137826392183,0.8198923001741888,D_subspace,True
0.2420555285517227,-0.0340604455458055,3.1861509235360685,3.752110720025807,-0.8856447394398731,-0.7837955944042877,-0.6268852198025433,1.3237919233244106,D_subspace,True
0.0657944059223844,-0.7042561525726561,0.4304676821584891,-0.2507078214870359,0.27452233272550947,0.24295226446207588,-0.7735234205705493,1.3237919233244106,D_subspace,True
-1.7202105962287129,-1.259667030309808,0.6929211500722107,-0.2046636694021117,1.5,1.3275000000000001,-0.7233907023592652,-0.9535139153398206,D_subspace,True
-0.8515413913593841,-0.1373551579143571,-0.3567022319452804,-0.7070704711196849,-0.6955120504710428,-0.6155281646668729,-1.0610345595122637,1.3237919233244106,D_subspace,True
0.581517199054031,1.5003073106328515,-0.5599444174112069,0.761296003899894,-1.5,-1.3275000000000001,-0.6441810075854363,-1.2519917597904004,D_subspace,True
1.0860067020166335,-1.054666021341237,-0.0506745355642758,-0.6775247438650097,-1.0723658797336644,-0.949043803564293,-0.2844787544194728,-0.4520793535339944,D_subspace,True
1.117274743547346,-0.5855942402409536,0.1300013017913152,-0.5831633881126048,-0.644732718140617,-0.570588455554446,-1.0610345595122637,1.3237919233244106,D_subspace,True
0.0769673391195928,1.784065578874365,-0.4714855196720465,1.2061564392106154,0.9666227629933414,0.8554611452491071,0.5376978242455864,1.3237919233244106,D_subspace,True
-0.6179356753907467,-0.5076187600036799,0.1954480860662659,-0.8053270158823381,1.0344150397460536,0.9154573101752574,-0.686292490882915,-1.2277519899038427,D_subspace,True
0.0728915290092113,-0.8653465230353863,2.927581174401427,1.282035792250432,0.32337974893569815,0.2861910778080929,0.9214637821529664,1.3237919233244106,D_subspace,True
2.0781050442211777,-1.4201631774591663,-1.0047055448294615,-1.1371027202693904,-1.5,-1.3275000000000001,-0.2062717140098696,-0.8284120521117385,D_subspace,True
-0.6824095917234961,-0.207669456985325,-0.3520989115744649,0.3376047559802307,0.5773873170205683,0.510987775563203,-0.4105625407208524,-0.7033101888836566,D_subspace,True
0.853824158561637,-0.1074055315399677,1.30757949796019,1.383483010190031,0.09558387497269796,0.0845917293508377,0.7966333138068689,1.3237919233244106,D_subspace,True
-0.7910785521521663,0.7016608895872235,-0.3134378345897519,-0.1279950432315872,1.5,1.3275000000000001,0.7302074621769175,-0.5777974820981753,D_subspace,True
1.637554969303457,1.3951149629102582,-1.0403924789360977,0.1757817432847778,0.7794017466851227,0.6897705458163337,-1.0610345595122637,1.3237919233244106,D_subspace,True
1.2390893491258796,-0.9106402392409788,-0.5393376246300151,-1.1255474436186168,-2.181874457778463,2.374065039405899,0.7347194068159331,-0.1827714016587637,E_contextual,True
-0.5304396081020668,0.3923621237915601,-0.7241521560254662,-0.879868964283812,1.3452732672648988,-0.8096851766963795,-0.2847294180105292,-0.6116920755836163,E_contextual,True
-0.0758439189517249,1.0671740684363826,-0.6169856170311585,0.7635156244180855,1.2687951497712102,-0.6589768226504494,-1.0610345595122637,-0.8877789461559351,E_contextual,True
-0.7570889483211758,0.7842232595808672,-0.1237568427198371,0.2282208129309861,0.0083439963398962,0.532466120744966,-0.7888138996249909,1.3237919233244106,E_contextual,True
-0.5387595784002003,-0.3753749333102512,-0.9546131344937904,-0.5967865401345439,-2.098662275090714,1.0930479191825202,-0.4907748898589069,-0.4635829731411743,E_contextual,True
-0.2826059229598144,-0.4410344136989107,-0.3795941879522291,-0.586802828434842,1.263624038184065,-0.8009005847187031,-0.6762659472406581,-0.3957937861702925,E_contextual,True
0.1082812275405401,0.5637673111417857,2.1883526851057384,1.3750221588456235,2.690390035622081,-2.151546690542179,0.1461612950154576,-1.9818553395102283,E_contextual,True
-1.8756156506376376,-0.0250521120606269,-0.3048103933172411,-0.773173376359976,1.279674509980857,-0.8883239421671197,-1.0610345595122637,-0.6028589390995317,E_contextual,True
-2.199027790021417,-1.740197974088975,-0.7597953924483456,-1.0286130387124437,-1.2001823725460203,1.92630506286016,0.8876241973603496,1.3237919233244106,E_contextual,True
-1.2815393842430869,-0.1891016817298135,-0.5185247802557195,0.2390481087985975,-1.5961529642773775,0.9260034701224908,0.1293668344146774,0.6292608895409211,E_contextual,True
-2.412013768382593,0.7803361193905755,-0.6609174545001267,-0.4491793480458602,0.7969148918105795,-1.119375422845433,-0.0107541129858616,-1.202895954681186,E_contextual,True
-0.7936463861720466,0.130607947522334,-0.8610991801922218,-1.2353435735754317,0.3756819279181037,0.2388755710683788,-0.9266788747060224,0.595982561391579,E_contextual,True
0.547025365087894,-4.231427156911738,-0.2557901049251581,0.0413741765197633,-2.26292782633843,0.1388074118067375,1.835132571553619,-1.2723285158816648,E_contextual,True
0.2010188361900113,-0.7695405477446198,1.4252167975785237,0.2431451872694704,0.6044968985976876,-0.0843872518553272,0.0757248259286034,0.4768379297457867,E_contextual,True
-0.3124656638402048,0.5795147708184468,-0.7749796590303792,-1.0347593038459484,1.4980801643248025,-1.0284059170287254,0.5853239065463064,-0.6441487166181596,E_contextual,True
-1.1327280962784716,1.4872278099301457,-0.8882871366497214,-0.0655503911682158,-0.4468568382001747,1.5594575762043532,-0.1581443045270369,1.3237919233244106,E_contextual,True
-0.3342757532667021,0.242845841125977,0.3871493152418724,0.1146608647768209,1.051849886979537,-0.5197784661070183,-0.8259121111013412,-0.1977671915038376,E_contextual,True
-0.0072572914764349,0.6842656650302639,-0.7379952516999186,-0.6889058328100571,1.2546140738434204,-0.725432265379395,-0.5704859118148486,-0.4605016464606797,E_contextual,True
0.541317216622074,0.2557429620114946,0.4705582692213259,0.1671670619619305,0.905488994232029,-0.7386514292621491,-1.0610345595122637,-0.6630475202585268,E_contextual,True
-0.5553731802968381,-1.300890945965753,0.8629791613515626,-0.2413312894899994,-1.494833505227811,1.811340187556757,1.8612015850234869,1.3237919233244106,E_contextual,True
