tns_name,sub_num,repeater_name,catalog1_flag,is_repeater,lof_median_rank,eif_score,knn_score,cblof_score,subspace_score,cad_score
FRB20180904A,0,,1,False,1728.0,0.4294800076991862,1.0523270752404685,1.5602502435364345,2328.84,2.8968812328791773
FRB20180906A,0,,1,False,75.0,0.5339279042316972,1.827394645449515,3.628418667205589,3415.54,3.8624652470580765
FRB20180906B,0,,1,False,66.0,0.5280022101637969,1.842085795059215,2.6648837609806137,3557.08,2.7853824568203978
FRB20180907D,0,,1,False,1705.0,0.4573909399311278,1.0742191578575817,1.6959564671319827,2440.92,1.9075825066459393
FRB20180907A,0,,1,False,2285.0,0.40984496893069977,0.8125147043036103,1.101419020912125,1884.52,2.3973838438567516
FRB20180907B,0,,1,False,3841.0,0.4011581509838279,0.6922105238028918,1.090786948428109,1082.3,2.61492544071231
FRB20180907C,0,,1,False,2527.0,0.4410387263292231,0.9572444563824887,1.485972650640298,1757.12,2.185461520810019
FRB20180907E,0,,1,False,2975.0,0.40673635631535515,0.7063685536905588,1.210676999775868,1649.16,2.352938930869755
FRB20180908B,0,FRB20180908B,1,True,922.0,0.44794888012295325,1.151073551265105,1.7263695199988267,3190.0,2.373944044543468
FRB20180909A,0,,1,False,1763.0,0.46904062683663245,0.9084255289029073,1.6211967112389745,2357.22,2.5467776858458446
FRB20180910A,0,FRB20180910A,1,True,422.0,0.5132910986134729,1.5321566397962612,2.0285984727796547,3636.78,3.5354418723222056
FRB20180915B,0,,1,False,1267.0,0.43150612750318784,0.9520286333637591,1.3706501549132792,3364.26,3.0487284576669174
FRB20180916A,0,,1,False,2509.0,0.4230622629025683,0.8915292783457701,1.515752927431168,1564.8,2.6999778515032613
FRB20180916C,0,,1,False,1117.0,0.4769465961724275,1.2478187978572133,1.9753485564955762,2994.38,1.832571673009764
FRB20180917B,0,,1,False,3031.0,0.3987221604132636,0.8197761724740061,1.1420290195467895,1250.22,2.1276810532718198
FRB20180917A,0,FRB20180814A,1,True,609.0,0.5087135332366345,1.3491218306741888,1.8995448256796552,3390.82,2.5026724347373968
FRB20180917A,1,FRB20180814A,1,True,1441.0,0.4799186786540369,1.1377263397388562,1.665474639437865,2403.5,2.0822288818904924
FRB20180917A,2,FRB20180814A,1,True,780.0,0.4595292394277841,1.2649724158866147,1.8107761943542389,3274.84,2.819131382532342
FRB20180918A,0,,1,False,2227.0,0.4338909303399637,0.9323743577052754,0.9636109047244253,1932.38,1.9102399756094732
FRB20180919B,0,,1,False,3739.0,0.3956408903974797,0.6513969152214237,1.0414821028287897,624.86,2.553808210716153
FRB20180919A,0,FRB20180814A,1,True,3421.0,0.4445693253436371,0.6171422458008787,0.9314433419591521,2689.0,2.5681477612003376
FRB20180920A,0,,1,False,2415.0,0.4074514845699041,1.0177130429492416,0.8762312342961236,2246.8,2.1984806858259334
FRB20180920B,0,,1,False,2869.0,0.43273355380115597,0.760850836410749,1.3473926560497667,2260.96,2.5363832591445488
FRB20180921A,0,,1,False,2918.0,0.3857395836571268,0.9204161861679436,1.3466971860087196,1388.24,2.4118664215173875
FRB20180922A,0,,1,False,856.0,0.44788810414564517,1.2946479445659962,1.9750816075866324,3103.2,2.5987271172388633
FRB20180924A,0,,1,False,2090.0,0.4337600551114464,0.9847823268392035,1.4329075824225943,2268.78,1.9794928268035255
FRB20180925A,0,,1,False,31.0,0.5621393264731486,2.2932378751812856,4.416475916154675,3637.56,4.738185265755565
FRB20180925B,0,,1,False,3668.0,0.3853911823900391,0.6676342119970679,0.9121363510065759,827.2,2.0138231604378865
FRB20181012B,0,,1,False,3649.0,0.4136980025498449,0.6372722759958932,1.0540327281606077,787.16,2.6380379207861218
FRB20181013A,0,,1,False,1491.0,0.44515219337699186,1.1108439776444217,1.662663406778927,2636.42,3.819422051159391
FRB20181013E,0,,1,False,4023.0,0.38467594895013163,0.5701539533282614,0.563280006472995,351.64,1.8370165566161614
FRB20181013B,0,,1,False,178.0,0.5335231128674672,1.9985383286842455,3.2688390648602574,3516.36,4.709789070305416
FRB20181013C,0,,1,False,693.0,0.4933721537473654,1.2706012540228855,2.068217505277205,3181.92,2.669050983177158
FRB20181014A,0,,1,False,2391.0,0.4630844664891919,0.999434710076023,1.073355693561239,1576.28,1.9392391515353384
FRB20181014B,0,,1,False,3988.0,0.39511389547776066,0.6095245240253673,1.0672972423712621,174.3,1.937236101494648
FRB20181014C,0,,1,False,276.0,0.4777569639367102,1.434741578625546,2.8137134212804362,2812.84,3.3390699764529668
FRB20181014D,0,,1,False,1702.0,0.5190116024272186,1.5093237022807962,2.948779870863126,2319.58,3.775922730779921
FRB20181015A,0,,1,False,4069.0,0.3951424221051082,0.7149755973080631,1.0406099709502619,570.92,2.098449685114924
FRB20181017B,0,,1,False,2899.0,0.4138577158728839,0.8620422683348762,0.7647826528313549,1595.98,2.480228212057622
FRB20181017A,0,FRB20181017A,1,True,524.0,0.4386740482314095,1.469606236100873,2.306873587896879,3406.84,2.419116357111569
FRB20181018B,0,FRB20181018B,1,True,1713.0,0.4660267545190383,1.10682175698008,1.7806216840059117,1846.56,3.214918967528066
FRB20181018A,0,,1,False,62.0,0.5413356534375684,2.3793217171225556,3.419525948997089,3863.7,3.5436214912867685
FRB20181018C,0,,1,False,2258.0,0.4155689410841721,0.8850481708652138,1.0484706935834232,1299.88,2.452004724245961
FRB20181019A,0,FRB20180916B,1,True,2664.0,0.45214916459809934,0.9160645882690913,1.5096446776910089,1138.64,2.5652948974175582
FRB20181019A,1,FRB20180916B,1,True,2781.0,0.4308832833768097,0.9767390097859423,1.4283670855345338,1347.22,2.3290195770346966
FRB20181019B,0,,1,False,3977.0,0.3897063702097703,0.6794968863031101,1.0385294920288257,758.64,2.4904534122741833
FRB20181019C,0,,1,False,3337.0,0.43832357608175504,0.9096964525710598,1.1193625478112073,1475.0,1.950209228064149
FRB20181020A,0,,1,False,3301.0,0.42571501820205787,0.8635080103378303,1.0582199122120768,1494.36,1.7101172419052504
FRB20181022C,0,,1,False,3136.0,0.371986032622739,0.8261279261767059,1.29549273183534,1088.78,2.2336118468124826
FRB20181022D,0,,1,False,1327.0,0.46393243593993677,1.268741880305268,2.1588038083674523,2345.06,2.6471117163544293
FRB20181022E,0,,1,False,3666.0,0.3898217307835069,0.6649542744019598,0.6682328236852147,1318.94,2.1293103339247015
FRB20181025A,0,,1,False,3713.0,0.4232264792430655,0.7416518330114161,0.6090009963526333,1200.66,1.9818977945028973
FRB20181027A,0,,1,False,455.0,0.5054590057544898,1.6882241641480298,2.594791138552214,3476.94,3.168482494357042
FRB20181028A,0,FRB20180814A,1,True,246.0,0.48156299212697457,1.249286716786686,1.9315444804067168,3628.22,3.683436812991936
FRB20181028A,1,FRB20180814A,1,True,270.0,0.47690462731953853,1.3658113592705248,2.003616617295376,3727.58,3.4386683170720125
FRB20181028A,2,FRB20180814A,1,True,265.0,0.4853504511771989,1.2560102927452634,1.9548014288245337,3613.96,3.278159808254393
FRB20181028A,3,FRB20180814A,1,True,205.0,0.4903670963054636,1.4012663927895272,2.063884372415868,3744.82,3.3728136035700227
FRB20181030C,0,,1,False,2719.0,0.4091659521689911,0.8910826793381542,1.020247397153462,2387.56,2.166840244404801
FRB20181030A,0,FRB20181030A,1,True,143.0,0.5096567208695456,1.7332217145124011,2.7218434202972914,3123.98,2.6038286193342217
FRB20181030B,0,FRB20181030A,1,True,134.0,0.4701084321975995,1.4928539886720855,2.26297006566023,3480.98,2.521221269985017
FRB20181030D,0,,1,False,874.0,0.4331164190512837,1.1123311661311317,1.9152220620155116,2794.5,3.0180564696130285
FRB20181030E,0,,1,False,861.0,0.45528856308712806,1.06684418719463,1.5053824392417217,2261.58,2.356495312658125
FRB20181030E,1,,1,False,576.0,0.4405659216244692,1.1869296184813376,1.7809358342690815,2997.08,2.4223901281994595
FRB20181101A,0,,1,False,485.0,0.4646916738643208,1.325297247022613,1.8005204272924888,2810.1,2.631948838784991
FRB20181102A,0,,1,False,192.0,0.5031923924503608,1.8033307461005386,3.0519638886126974,3021.32,3.500533938931719
FRB20181104A,0,FRB20180916B,1,True,2977.0,0.39711801421333276,0.8077998392178103,1.276772581002643,1371.38,2.471836358157882
FRB20181104B,0,FRB20180916B,1,True,1330.0,0.4286029742488778,0.8266535898775681,1.1354581636255734,2811.56,2.5047744776123984
FRB20181104C,0,,1,False,1429.0,0.5135984567980226,1.207737018477417,2.461107090257723,1741.78,4.209341625977703
FRB20181115A,0,,1,False,3324.0,0.4047705049696459,0.6512268596481456,0.6940988792443278,695.72,2.336224835350452
FRB20181116A,0,,1,False,1932.0,0.42509135761282146,0.9776798470022614,1.5975393081295186,1847.08,3.173439068205616
FRB20181116B,0,,1,False,391.0,0.47695993204335047,1.340979544199024,2.2147795668005243,3172.06,3.1566029129078235
FRB20181117C,0,,1,False,1561.0,0.4712234055926327,1.1116240774783177,1.4230078275193445,2271.44,1.9093748195862137
FRB20181117A,0,,1,False,252.0,0.48451385112312756,1.362574245179014,2.4050534578730076,3032.5,2.7513716786967
FRB20181117B,0,,1,False,3891.0,0.39226431366934683,0.7065622743541662,1.1637661501938141,605.9,2.105460441429265
FRB20181117B,1,,1,False,2510.0,0.3749080517070532,0.9680132322328767,1.2352277554647708,2778.18,2.1018092597037983
FRB20181118A,0,,1,False,525.0,0.5097850005360267,1.359451039108251,2.2538699375339726,3067.74,3.926324013939468
FRB20181118B,0,,1,False,3404.0,0.3987533136943026,0.6737831971183678,0.8866625341575868,742.98,2.651668738742993
FRB20181118C,0,FRB20180814A,1,True,719.0,0.457408306539613,0.9707736217651826,1.6032753553412746,3794.48,2.4206439406032128
FRB20181118C,1,FRB20180814A,1,True,909.0,0.4588098818368366,0.9309324668356554,1.76149216211561,3720.24,2.8455128963221092
FRB20181119B,0,,1,False,398.0,0.5351188825321906,1.802744268034553,3.4310831385878564,2979.9,4.796926037058653
FRB20181119E,0,,1,False,2760.0,0.4461670840836741,0.7939429940962804,1.1700735737712873,938.52,1.7299391267786268
FRB20181119D,0,,1,False,1076.0,0.47104136721308,1.1362204723974618,1.8552941586627285,2476.42,3.3787898478728993
FRB20181119D,1,,1,False,12.0,0.586563427444896,2.5817284639053915,3.583737619426925,4080.4,5.6091980876618175
FRB20181119D,2,,1,False,1108.0,0.4436660510250177,1.0995202693614003,1.462225368262606,2375.2,3.1734657235391883
FRB20181119A,0,FRB20181119A,1,True,2914.0,0.40030963025126454,0.716026606328255,0.9080195803841065,1067.82,2.521437436637553
FRB20181119C,0,,1,False,1091.0,0.4504520434648586,1.0336865139074196,1.337777507075503,1779.64,2.544969563707495
FRB20181120B,0,FRB20180916B,1,True,2706.0,0.41446073986165755,0.9849674912722344,1.415924996426645,1654.16,1.9626256531828759
FRB20181120C,0,FRB20180814A,1,True,2466.0,0.4717315939817873,0.8443755810572862,1.1196316640794524,1286.22,1.7986414396630104
FRB20181122A,0,,1,False,2160.0,0.40782644253672107,0.7472748165564886,1.0766665518291256,2319.28,2.9031090129833252
FRB20181122B,0,,1,False,1926.0,0.5069418047834416,1.395107106261975,2.9853233967787927,1753.24,5.260921565534029
FRB20181123A,0,,1,False,3634.0,0.39021368594635597,0.5974119864899213,0.7501256760289204,540.9,2.047981438002937
FRB20181124B,0,,1,False,746.0,0.512520989757898,1.4846269986110445,2.593540432103226,2994.6,3.951367362070892
FRB20181124A,0,,1,False,3507.0,0.41762906353668294,0.7974548997597085,0.6435589430461827,1336.7,1.821777215356073
FRB20181125A,0,,1,False,3295.0,0.39681276177636554,0.711665130471599,1.097600566429395,1817.78,2.5624321179577345
FRB20181125A,1,,1,False,3471.0,0.3918359443368541,0.710023962364369,0.7521212572447876,1732.3,2.159966983767097
FRB20181126A,0,,1,False,1345.0,0.4276881771411539,1.0667494747515245,1.1468747023944363,1844.46,3.1016717961322966
FRB20181127A,0,,1,False,3598.0,0.38078595342316307,0.6268110903746781,0.7188792021546513,624.04,2.101817428205408
FRB20181128A,0,FRB20181128A,1,True,3309.0,0.41562042548736056,0.8568482148271546,1.1722888616867435,1119.36,2.51147401888756
FRB20181128A,1,FRB20181128A,1,True,1568.0,0.3909278069236477,1.0421430773536695,1.8153772833462054,2743.34,2.0989167861488256
FRB20181128B,0,,1,False,1285.0,0.4558899915606507,1.0229211914451108,1.5010295940941183,1905.52,2.6580020294589293
FRB20181128D,0,,1,False,237.0,0.5358826439536211,1.764851896747071,2.6111914520983888,3678.98,3.7397129439365124
FRB20181128C,0,,1,False,3227.0,0.38988171740568894,0.7889526402348019,0.9789508406970795,1916.24,2.024391246824074
FRB20181128C,1,,1,False,372.0,0.43100445329390863,1.1325332905609793,1.890583223452338,2384.22,2.8001605103891127
FRB20181129A,0,,1,False,3678.0,0.4012973484757738,0.7533800389857874,0.9688153368307553,1395.68,2.994699179324468
FRB20181129B,0,,1,False,361.0,0.4238656016988231,1.0897424316248407,1.7960031252719029,3643.56,3.1755928124980164
FRB20181129C,0,,1,False,3871.0,0.4017441569460078,0.751161595049864,1.0737753051993444,1211.98,1.953009517091434
FRB20181130A,0,,1,False,2145.0,0.43554952576985784,0.7845616751010468,0.9794361517101051,2281.36,2.4215951666419433
FRB20181201A,0,,1,False,609.0,0.4745446087490625,1.3580666756196733,1.5711238914476635,2872.22,3.844925052142461
FRB20181201D,0,FRB20181201D,0,True,758.0,0.4552724939693024,1.1213360859304402,2.0371513011531426,2645.68,3.0094669117410433
FRB20181201B,0,,1,False,3845.0,0.4269770599793878,0.6998587110075709,0.7505477197434455,665.42,2.1673551810080545
FRB20181202A,0,,1,False,3270.0,0.41722061320212667,0.8543049405088166,0.6787182916858364,1194.34,2.6471681034745176
FRB20181202B,0,,1,False,3767.0,0.39663821534490873,0.7774333904090808,1.1793289106890281,1278.98,1.7704208603375249
FRB20181202C,0,,1,False,4085.0,0.39736405725595725,0.6566167029969663,0.7954213523146018,573.72,2.235774311455645
FRB20181203A,0,,1,False,2219.0,0.4544193022167882,1.150711724988377,1.3847229019827312,2852.86,2.2010179654531385
FRB20181203B,0,,1,False,3198.0,0.42931777925399917,0.8918592602797665,1.4394609117560824,1012.18,1.9964003682277984
FRB20181203C,0,,1,False,723.0,0.4916819834884555,1.3079073099255232,1.9375927431828508,2933.66,2.188411113205134
FRB20181213A,0,,1,False,3226.0,0.4401062347842184,0.8192612052930214,0.5434847745782291,638.92,2.3571289452920836
FRB20181213B,0,,1,False,3631.0,0.42032561381078215,0.8706507520248421,0.9024423800138639,1011.02,1.6838249205461988
FRB20181213C,0,,1,False,2224.0,0.41913876732378447,0.9767289309683704,1.2082315581630083,2902.52,3.2036738445523576
FRB20181214A,0,,1,False,2129.0,0.436109346996402,0.7537588556161168,1.3476018223025112,2294.22,2.471460591301824
FRB20181214B,0,,1,False,2909.0,0.4254314287342868,0.6891389395584693,1.3279437665016973,1391.02,2.3815114775935977
FRB20181214C,0,,1,False,3806.0,0.40461608179217057,0.7149828099237954,1.1588054459362935,724.06,2.049413494423326
FRB20181214D,0,,1,False,1079.0,0.4608929897079065,1.2390780025170636,1.508078394054745,2573.52,2.176548734786593
FRB20181214F,0,,1,False,503.0,0.4974395460911236,1.2233661710886883,1.6876501347560193,3320.76,2.8364250837426668
FRB20181215A,0,,1,False,335.0,0.5035384230373492,1.4982167272708617,2.119737746142212,3212.06,3.1159270641608225
FRB20181215B,0,,1,False,2446.0,0.42101268553637144,0.899920144410145,1.444305215854264,2751.62,2.5829886540743847
FRB20181216A,0,,1,False,2177.0,0.42373762017175903,0.9190004655392544,1.6910064350278025,2110.52,2.0209516478295853
FRB20181217A,0,,1,False,3147.0,0.42154142441789655,0.7809314365901237,0.7638616814400128,827.4,1.7793636387413572
FRB20181218A,0,,1,False,806.0,0.4553498335955476,1.0879735718730303,1.730215618377528,2755.48,2.3839509562994308
FRB20181218B,0,,1,False,1430.0,0.4657653609454131,0.9264221057608741,1.7554898202439162,1577.84,2.288413615111834
FRB20181218C,0,,1,False,713.0,0.4267751008108058,1.090705733888654,2.0182059262923198,2317.7,2.8391275893332604
FRB20181219B,0,,1,False,265.0,0.5400147897939827,1.7419459558808874,2.3008773040906045,3871.1,2.5956459890516976
FRB20181219C,0,,1,False,1988.0,0.426507438107475,1.0190210165504106,1.569744341951815,2019.16,2.147965335458169
FRB20181219A,0,FRB20181128A,1,True,1617.0,0.385793403657477,1.06039460718063,1.4431273756451792,2741.74,2.623394081789781
FRB20181220A,0,,1,False,1858.0,0.4339687948571888,0.8859696651081104,1.2454449065727322,2442.9,2.553929265693867
FRB20181220B,0,,1,False,1817.0,0.4102733076422087,0.8724401461656935,1.5357310696146553,1970.52,2.5335475065421225
FRB20181221A,0,,1,False,2995.0,0.3970860090589824,0.8167961834432382,1.2340909846598784,1281.62,2.0494602781788176
FRB20181221B,0,,1,False,1620.0,0.41039030546204297,0.7568551377403114,1.6084457995211576,1631.84,2.055380571011931
FRB20181222A,0,FRB20180916B,1,True,395.0,0.5610937558620457,1.9528251048883578,4.27469133126343,3584.46,4.169941010775826
FRB20181222A,1,FRB20180916B,1,True,302.0,0.5629426749338334,1.8537761962780877,4.295419743077555,3398.84,4.1482248944709905
FRB20181222A,2,FRB20180916B,1,True,627.0,0.5613086349862333,1.8207578304253267,4.11125674948554,3247.3,4.171891299338286
FRB20181222A,3,FRB20180916B,1,True,585.0,0.5498441935269698,1.659646705652633,3.8549217300594987,2572.42,4.354107428298301
FRB20181222A,4,FRB20180916B,1,True,789.0,0.5452237162275994,1.5337469816193967,4.018937259908389,2478.5,4.066430034794095
FRB20181222B,0,,1,False,2072.0,0.444090331076529,0.8667243161014598,1.491529725848365,2670.42,2.560372893885543
FRB20181222C,0,,1,False,403.0,0.49083800324306753,1.3321776501597253,2.211878998624796,2749.9,2.78404153701498
FRB20181222D,0,,1,False,582.0,0.46868975032016813,1.0921402158165063,1.6364122781568595,3188.14,2.2919829540042995
FRB20181222E,0,,1,False,1784.0,0.4129074737571146,0.9484140313734792,1.6614635162603395,2559.4,2.574011512058931
FRB20181222E,1,,1,False,687.0,0.41656507778248747,1.1200646573342081,1.4442321193165262,3342.82,2.58125213438904
FRB20181223A,0,FRB20180916B,1,True,1783.0,0.4354103525766014,1.1349339912587724,2.1329202199304396,1750.74,2.486519862527247
FRB20181223B,0,,1,False,3576.0,0.4073027903855955,0.8163005421061342,1.142862234268307,1217.58,2.6327805667106894
FRB20181223C,0,,1,False,282.0,0.47541072625657327,1.4414740469345908,2.1849732324425144,2910.24,3.036199131185871
FRB20181224A,0,,1,False,1694.0,0.4675989933296371,1.0438991074476927,1.6562666926596024,2069.32,3.5158946940921254
FRB20181224B,0,,1,False,3863.0,0.41834262606086414,0.6753230624142136,0.9604702987681115,443.32,1.8011504515616366
FRB20181224C,0,,1,False,1562.0,0.44667809224293126,0.9936335255910407,1.1268569103758845,1626.86,2.6207161642985386
FRB20181224D,0,,1,False,2182.0,0.48195398557959485,0.9325573309472895,1.0324684413744283,2180.46,2.577550433191687
FRB20181224E,0,,1,False,1806.0,0.41828571623371297,1.1726410778748895,1.2886165645141958,2490.84,2.976717069055961
FRB20181224E,1,,1,False,2822.0,0.43701663712681355,0.8796241874159463,0.7258760869208706,958.1,3.0378647349874
FRB20181225A,0,FRB20180916B,1,True,3946.0,0.3954661667850169,0.5732155515312056,0.6358871650266061,418.08,2.0091268135658447
FRB20181225B,0,,1,False,1696.0,0.41101970170259494,1.0729086871116655,1.5983991047668695,2417.94,2.6075880344405378
FRB20181226G,0,,1,False,3640.0,0.4057135407814653,0.7571897942874435,1.1999304461811278,981.04,2.072163160748574
FRB20181226A,0,FRB20180916B,1,True,1241.0,0.42594579889910805,1.0127838987048896,1.7043367995814505,2951.38,2.9544111867676186
FRB20181226A,1,FRB20180916B,1,True,2476.0,0.40486934149164167,0.8606017712055168,1.0963986637410166,1339.18,2.2717969893831387
FRB20181226D,0,,1,False,2429.0,0.42452547090933906,0.9449666360753138,1.4771942640185904,2251.98,3.315734180348871
FRB20181226B,0,,1,False,2274.0,0.5104836692859992,1.480092010263123,3.2810116152193163,1514.32,4.716543769110469
FRB20181226B,1,,1,False,2254.0,0.5050389758653768,1.4636357380815284,3.270355902826049,1179.98,5.193858735522002
FRB20181226E,0,,1,False,3175.0,0.40943484027220517,0.675037318416184,0.9519955491208005,882.9,2.3575912390337495
FRB20181227A,0,,1,False,4019.0,0.40224838179127353,0.5719180522332898,0.8121876375960893,200.5,1.6458418179626424
FRB20181228A,0,,1,False,3029.0,0.3741893931674745,0.8218734290771412,1.5448870327401747,1005.82,2.042683474156345
FRB20181228B,0,,1,False,409.0,0.4538549737853003,1.1741463088724018,1.8059084905028304,2468.58,2.870640959482151
FRB20181228C,0,,1,False,3153.0,0.4367843163074625,0.7757052440434654,1.4726893048198486,2093.2,3.440572491604659
FRB20181229A,0,,1,False,394.0,0.45634954180343984,1.1500007439268918,2.254061052017328,2366.08,2.654349143181959
FRB20181229B,0,,1,False,3237.0,0.3950429610171323,0.7962255882034908,1.3740856140785445,1473.74,2.140061303438019
FRB20181230A,0,,1,False,1780.0,0.46134172862724676,1.264919934845481,1.615427266698834,2377.72,2.2473774548072227
FRB20181230B,0,,1,False,2119.0,0.4302585411996911,0.9147684570590652,1.4487421953259,2012.62,2.1699577350100574
FRB20181230C,0,,1,False,2819.0,0.4291056817862096,0.7921433551967344,1.079722395567292,1179.78,1.7722325070679164
FRB20181230D,0,,1,False,529.0,0.4660864097916192,1.1642834178275652,1.6073461943268712,3067.86,4.102369522834672
FRB20181230E,0,,1,False,2489.0,0.39366002366610336,0.9037975054358093,1.602614561540998,1543.22,2.046512593613353
FRB20181231A,0,,1,False,2375.0,0.43178475136934286,0.8548848346651624,1.130135422903008,916.1,1.7936502276355555
FRB20181231B,0,,1,False,1335.0,0.4608504784727743,1.0298635417082542,1.692821223738053,2026.8,2.2955743560483466
FRB20181231C,0,,1,False,3711.0,0.4063228474943436,0.7922102008503235,1.097514914219528,1828.52,2.225069909200305
FRB20190101A,0,,1,False,1592.0,0.4527292470096206,1.155073713791575,1.4408815868878357,2327.86,2.424512041287982
FRB20190101B,0,,1,False,2573.0,0.46451705504171037,0.8981919132838799,1.1632872136444379,670.3,1.684068752279972
FRB20190102A,0,,1,False,3039.0,0.3865083798670292,0.7430901598820501,1.3224836291127968,1172.02,2.2557343812969624
FRB20190102B,0,,1,False,2605.0,0.4261240519205647,0.9289479342598936,1.2264894791983239,2239.82,2.323892488052153
FRB20190103B,0,,1,False,1208.0,0.4150976164049836,1.132421647289258,1.2890198137803013,2427.54,2.9148378323719375
FRB20190103C,0,,1,False,741.0,0.4590404277459092,1.312909163378372,1.886772665269735,3037.08,2.5570821246908046
FRB20190103A,0,FRB20181119A,1,True,3036.0,0.46891770803020366,0.9585152022225458,1.1671945612131482,1700.02,2.29239446617287
FRB20190103D,0,,1,False,458.0,0.5149212399088434,1.3256598447520274,2.172982987239585,3081.54,2.761243117578084
FRB20190103E,0,,1,False,3896.0,0.40488820980364704,0.7050877303914522,0.8783479073413035,1626.34,2.775907403919115
FRB20190104A,0,,1,False,3960.0,0.392722100241481,0.6519041065564654,0.9509665878102816,686.36,1.9850507873118262
FRB20190104A,1,,1,False,140.0,0.4828451068769456,1.4287171271433092,2.9249604312319706,2620.08,2.9953236084216273
FRB20190104B,0,,1,False,16.0,0.5893206074945356,2.612711389329336,4.496618156896748,3791.36,4.533076466681834
FRB20190105A,0,,1,False,2545.0,0.43115077822328274,0.9555251016990148,1.0019620310224497,1682.82,2.1148233753042054
FRB20190106A,0,,1,False,2015.0,0.47551777716345295,1.0818523898546346,1.7019217942170657,2753.84,2.678522882779899
FRB20190106B,0,,1,False,3283.0,0.3963104882607181,0.669012487100593,0.7749857679875467,1090.92,2.0484352021114223
FRB20190107A,0,,1,False,107.0,0.5467611099094958,2.119622077898552,2.7343590067659362,3809.72,3.7110534654480842
FRB20190107B,0,,1,False,501.0,0.47605906832781436,1.3589381794340514,1.7281434622047063,3174.34,3.3443250033655367
FRB20190109A,0,,1,False,1974.0,0.41627281000953037,1.0244897931435868,1.4471698305365646,2355.04,2.5628447976359636
FRB20190109A,1,,1,False,849.0,0.43194604987234786,1.342778835758351,1.8912078799777432,2993.74,2.9664692830629473
FRB20190109B,0,,1,False,836.0,0.4388562561274281,1.0430792939476217,1.338863392033946,3262.46,2.7936851403775336
FRB20190110A,0,,1,False,214.0,0.48328192965876954,1.546171939974407,2.203374433278385,3843.3,3.70813751702946
FRB20190110B,0,,1,False,3791.0,0.4066033197727923,0.7089448558497656,1.3445896204874157,888.22,2.1684708989048382
FRB20190110C,0,FRB20190110C,1,True,2638.0,0.4053385762077026,0.7949082208345047,0.8537529496819026,2621.34,2.139371880872628
FRB20190111A,0,,1,False,582.0,0.5138529109977766,1.7350088064304763,2.9551047799913124,3524.88,3.5602202560680967
FRB20190111A,1,,1,False,1034.0,0.46590563700329596,1.4508778585548447,2.41139353170473,3042.62,3.238251837043163
FRB20190111A,2,,1,False,556.0,0.491920616101187,1.4314376998023133,2.0484078981073375,3027.84,3.056772869716246
FRB20190111B,0,,1,False,1056.0,0.43680617664539273,1.144644695537481,2.1531327586358753,2826.62,2.287019121702063
FRB20190112A,0,,1,False,1834.0,0.4358044719878164,1.0788083556787893,1.6753237083634454,1718.04,2.2231658565465766
FRB20190113A,0,FRB20190113A,1,True,3162.0,0.4428376289402042,0.9787733906925047,1.4942456055608058,1590.28,1.7816872850187984
FRB20190114A,0,,1,False,3061.0,0.41691200510579285,0.6844233180464987,0.9994364040653252,1244.46,2.346257761095304
FRB20190115A,0,,1,False,3311.0,0.44025773547378305,0.7211727586474452,1.1106791609650737,890.74,2.0819676527487476
FRB20190115B,0,,1,False,3410.0,0.4019102094205931,0.871959900671702,1.5014077342619474,1303.12,2.3830418026514755
FRB20190116E,0,,1,False,1158.0,0.46619342170654576,1.0298183542644308,1.518613579567349,2109.48,2.125029358044712
FRB20190116D,0,,1,False,2810.0,0.4344804724855882,0.846403895454587,1.4350548726550194,1197.78,1.7108595349045361
FRB20190116A,0,FRB20190116A,1,True,2221.0,0.4339781765307048,1.0221308664546847,0.9808683743509724,1726.2,2.6126741639171396
FRB20190116B,0,FRB20190116A,1,True,4007.0,0.3764155439775052,0.5839466579212451,1.206435176492029,613.44,2.12084937944902
FRB20190116C,0,,1,False,84.0,0.608809868300984,3.054715645435068,5.758133787410008,3783.48,6.9127449387157425
FRB20190116F,0,,1,False,2136.0,0.4393058724579109,1.0102502414539891,2.0648032897255675,1437.62,2.4377680129848436
FRB20190117C,0,,1,False,2121.0,0.4429704682153574,0.9017788719601902,1.5695014227745872,1684.04,2.296552356705271
FRB20190117D,0,,1,False,1603.0,0.4151007193805529,1.0096162870833645,1.4388509590187586,2836.22,2.0787017499261218
FRB20190117A,0,FRB20190117A,1,True,1849.0,0.4195913562510889,1.009093268757092,1.354747551834369,2000.94,2.8270854635813896
FRB20190117A,1,FRB20190117A,1,True,2028.0,0.41025062362645137,1.021297231257925,1.0092351209934414,1951.1,2.9020241080190616
FRB20190118B,0,,1,False,2031.0,0.4291165324257959,1.1390097176642688,1.3143701308339895,2927.78,2.273492747831371
FRB20190118A,0,,1,False,1782.0,0.4984690056234375,1.325680612235296,2.839838941959834,1986.52,4.517492744671266
FRB20190121A,0,,1,False,2802.0,0.40285620829740904,0.8685652528968237,1.151634244359739,1090.66,2.9237768058494042
FRB20190122B,0,,1,False,867.0,0.4366183425282043,1.117286259483957,1.9002344434667315,3199.32,3.176121715791786
FRB20190122C,0,,1,False,968.0,0.48715457867208833,1.4435789576607272,2.427266196751777,2255.36,4.240232360078438
FRB20190122C,1,,1,False,468.0,0.49977502673634633,1.7243760644987614,2.7785379327599555,2952.2,4.803706812710198
FRB20190122A,0,,1,False,722.0,0.4997114593354312,1.3452551441229352,2.347272270574284,2264.68,2.5114705349603894
FRB20190124A,0,,1,False,1177.0,0.42991520348482576,1.0215583794029865,1.796969990685081,1925.94,2.308041110590745
FRB20190124B,0,,1,False,2273.0,0.40353377130482715,0.9916957162326341,0.8121951199536896,1719.74,3.4532392143246375
FRB20190124C,0,,1,False,1676.0,0.4350257636074859,1.1423937402908844,1.5395764026961352,1941.4,3.330648743707138
FRB20190124C,1,,1,False,801.0,0.43884817000885146,1.413734005823296,2.034939826735887,2589.76,3.6304010930427584
FRB20190124D,0,,1,False,2570.0,0.3885632306684933,0.8438691612240798,1.2917466331778467,1092.3,2.2999403717685847
FRB20190124E,0,,1,False,1085.0,0.4329286650701863,1.1095273038343259,1.9272343321026117,2115.4,2.731537092336696
FRB20190124F,0,,1,False,1290.0,0.4209332909436279,1.2483614252779653,1.5886145615132066,2578.14,2.926927526222147
FRB20190125A,0,,1,False,3875.0,0.434788400566473,0.7959864401655599,1.1828733934425948,712.72,2.123417853345967
FRB20190126A,0,FRB20180916B,1,True,2594.0,0.4321017920036921,0.9171484445643265,0.973795508476942,2081.24,2.8891867182088244
FRB20190127B,0,,1,False,1369.0,0.42804914293786306,1.0729725809272235,1.7202606293119909,2067.3,2.9045701305402516
FRB20190128A,0,,1,False,2964.0,0.42149082809242316,0.8001061197220236,1.3210549397322744,501.9,2.2784312258811896
FRB20190128B,0,,1,False,934.0,0.4043727833070071,1.0966255455038794,1.3837792678674854,2872.3,2.5423369823670354
FRB20190128C,0,,1,False,1569.0,0.40841180541995514,0.9976416316159025,1.2158746471432467,2404.88,2.5693304133865404
FRB20190128D,0,,1,False,2993.0,0.3817301526748325,0.821327821491509,1.2228588582604931,1613.14,2.1446015665817417
FRB20190129A,0,,1,False,3157.0,0.4419192440252518,0.8734833135077282,1.461974255893009,885.44,2.1938822329490195
FRB20190130A,0,,1,False,1829.0,0.4215856367685595,0.837203800361898,1.461165523063739,1401.22,1.96062614923672
FRB20190130B,0,,1,False,301.0,0.4591653272932639,1.2180379401989412,2.002466527921448,3044.24,3.157652528461105
FRB20190131E,0,,1,False,3323.0,0.39940400488684324,0.6979110065360794,0.9666814572667318,1115.86,2.351063482157377
FRB20190131D,0,,1,False,2663.0,0.42495146857987154,0.89735003036348,0.8713839873318374,2179.0,2.524430499753727
FRB20190131D,1,,1,False,2586.0,0.42134513531253304,0.9081599167290522,0.9820515794389053,1543.3,2.3070704976996357
FRB20190131C,0,,1,False,2851.0,0.40832452796811847,0.8225122051183377,1.3419150731544562,1703.6,2.342475289223385
FRB20190131B,0,,1,False,1807.0,0.47728664878522714,1.078122833799901,1.4015666781557343,2199.16,1.691201328712672
FRB20190201B,0,,1,False,3335.0,0.40224652310710707,0.8599395069851029,0.9964007080255369,1278.72,2.052412872771987
FRB20190201A,0,FRB20181226F,1,True,1716.0,0.42168509579033964,0.8904921923229618,1.373972638043013,1936.06,3.2812593708781908
FRB20190202A,0,,1,False,92.0,0.6312399906315481,2.4099520251890505,6.4368832449808355,3562.08,7.902736049466858
FRB20190203B,0,,1,False,3457.0,0.42542894129773445,0.7373731666010273,1.2645331449063923,1637.1,2.3171914790928327
FRB20190203A,0,,1,False,3538.0,0.38274666798346374,0.6834946632576616,0.793713167685883,654.76,1.9637516026503834
FRB20190203C,0,,1,False,224.0,0.47654483800048175,1.5384076195218181,2.936886711111912,3097.82,3.2601467503520287
FRB20190204A,0,,1,False,3640.0,0.38502518101696587,0.6322825944356858,1.2828385507892368,1593.18,2.3180533809602135
FRB20190204B,0,,1,False,2291.0,0.4306892833023666,0.8509943664457904,0.9430804137738882,1544.2,1.896127423181367
FRB20190205A,0,,1,False,3854.0,0.38972874028618204,0.5511567293656651,0.580049144674872,323.34,2.0393102234485023
FRB20190206C,0,,1,False,3211.0,0.39691564015796216,0.7740044502201964,1.07128761798536,1420.66,2.561036892207989
FRB20190206B,0,,1,False,1894.0,0.3900813724065286,0.973913724292963,1.7259008539484508,2090.62,2.382617226276054
FRB20190206A,0,,1,False,1177.0,0.4270958863320785,1.0549792614781868,1.629923524390811,2854.42,2.261354733261941
FRB20190208B,0,,1,False,760.0,0.5708624778027679,1.823909840252029,4.0158807476292155,2883.22,5.970673430471716
FRB20190208C,0,FRB20190208C,1,True,3045.0,0.41231738991808375,0.7216832750477691,0.9148009319704608,1273.44,2.719673165064944
FRB20190208A,0,FRB20190208A,1,True,3420.0,0.40208840282194447,0.7657444340026692,1.1531004125114146,732.78,2.4740477539915275
FRB20190208A,1,FRB20190208A,1,True,2229.0,0.41026924067869097,0.8215818071277677,1.583968791829301,1792.42,3.0086102349377306
FRB20190208A,2,FRB20190208A,1,True,2842.0,0.39520300050555784,0.7449945981947097,1.4100206630870666,1200.92,2.6371129803163216
FRB20190208A,3,FRB20190208A,1,True,2175.0,0.41305837707605125,0.7962519013440584,1.0927407623307563,1378.94,2.6312766538412773
FRB20190209A,0,FRB20190209A,1,True,4006.0,0.37933839479775133,0.6585881381446776,1.1709809733785734,1093.12,1.8743675268201228
FRB20190210B,0,,1,False,2276.0,0.42162930191868303,0.9849505636297161,1.5513975181802446,1916.62,2.180188872384807
FRB20190210C,0,,1,False,2557.0,0.41308381365423985,0.8279673844692633,1.3993989574403254,2441.08,2.809227164304259
FRB20190210A,0,FRB20190209A,1,True,2582.0,0.40167067105831744,0.6636544009717592,1.069426885376476,822.68,2.6379501531038376
FRB20190210E,0,,1,False,4095.0,0.3789563297992562,0.5965029850608735,0.575852635072658,434.06,1.8386039376503223
FRB20190211A,0,,1,False,1917.0,0.44267441567528326,0.9926394188227917,1.3160886791211002,2132.12,2.010057380018083
FRB20190211B,0,,1,False,2036.0,0.42118524188143874,0.8048823030557835,1.2206573686999171,1481.52,3.2385447543478216
FRB20190212B,0,,1,False,2811.0,0.42896077649030273,0.8708903085648124,1.1802257148857669,1520.64,2.0980993636689633
FRB20190212C,0,,1,False,1955.0,0.422155425154335,0.9219204006922735,1.4647166627300268,1365.18,2.3275941346888556
FRB20190212D,0,,1,False,2017.0,0.471536321947813,1.0316453384194049,1.413021399011153,2361.46,1.895637094174125
FRB20190212A,0,FRB20190212A,1,True,2809.0,0.3859566749287184,0.7848300804492372,1.3078992142359562,2310.82,2.3715621393919033
FRB20190213A,0,FRB20190213A,1,True,3740.0,0.42106355031726495,0.6239160770973328,0.9747990372144738,648.14,2.7481135740764078
FRB20190213C,0,,1,False,670.0,0.486090186025667,1.0655473256965482,1.79977916285663,2456.94,3.1660843141298716
FRB20190213B,0,FRB20190212A,1,True,2887.0,0.4509446169020376,0.8118799314306943,0.5892106973428315,1236.04,2.442562994721581
FRB20190213B,1,FRB20190212A,1,True,3336.0,0.38739373074714467,0.6849849958984568,1.1378409272059011,1411.54,2.464412077820272
FRB20190213D,0,,1,False,2789.0,0.4688986901517681,0.9185277700732909,0.9180482731089566,704.56,2.0740244890242745
FRB20190214A,0,,1,False,3332.0,0.4139789120884498,0.7568337682678414,0.984731161571669,1493.94,2.3692436358540747
FRB20190214C,0,,1,False,2389.0,0.3845760600503252,0.9687428658781381,1.5457926858981887,1767.22,2.6189251434988243
FRB20190215B,0,,1,False,848.0,0.4513647976099733,1.2366782400376617,1.8155482709003739,2826.7,2.5824261098323635
FRB20190216A,0,FRB20181017A,1,True,38.0,0.5327186438222252,2.342256376094629,3.5655447929740287,3630.06,4.287555386503184
FRB20190217A,0,,1,False,2693.0,0.44143499640892314,0.8482157606866043,1.3606528726217595,2711.14,2.4442681585087693
FRB20190217B,0,,1,False,3578.0,0.44002043640406746,0.8063591790246825,0.9722289219652339,1448.35,2.1072459420563607
FRB20190218A,0,,1,False,3138.0,0.41374911155066757,0.6755567536505797,1.3234119828766167,978.56,2.0139521767714452
FRB20190218B,0,,1,False,3112.0,0.40143302586120927,0.8331836570843872,1.0341762249733857,1058.32,2.2667712107216045
FRB20190218C,0,,1,False,1923.0,0.46748083794591766,1.3095022686869835,2.3591924412084104,1907.8,3.878913741640971
FRB20190219A,0,,1,False,2167.0,0.47793566761159784,0.9434451119283626,1.0430647747738162,2119.46,2.6334752640500994
FRB20190219B,0,,1,False,600.0,0.4687463435733678,1.2957396106040164,1.8423755721794421,2986.58,2.486689928154579
FRB20190219C,0,,1,False,2772.0,0.4161009697133162,0.7964930521479165,1.0320265905538646,1702.04,2.076533106210974
FRB20190220A,0,,1,False,1978.0,0.41775026957402955,0.8469318194596358,1.0669811159224294,2282.1,2.2741591552280584
FRB20190221A,0,,1,False,1382.0,0.3995564003584145,0.9762026319672724,1.6349362991715075,2526.58,2.513551635622277
FRB20190221B,0,,1,False,1472.0,0.44377884544134555,1.0320117976360692,1.130819484988044,1892.78,2.3744217204887015
FRB20190221C,0,,1,False,1126.0,0.46237410782880356,1.2428416598893264,1.737798686027666,2954.08,1.7909945342275304
FRB20190221D,0,,1,False,3765.0,0.4001956488284315,0.6853500084684248,1.2840972444165808,1459.68,3.237036897037924
FRB20190222B,0,,1,False,2211.0,0.427361422221232,1.0126854802471639,1.4139732270359904,1721.52,2.435267380390317
FRB20190222C,0,,1,False,3818.0,0.4010725500907345,0.5818008124631379,0.7334482539161129,528.04,2.078321759455155
FRB20190222A,0,FRB20190222A,1,True,1555.0,0.42203021194816975,1.0609159380837174,1.3739647097413419,2330.42,3.095146058952206
FRB20190222D,0,,1,False,2454.0,0.42849230615736617,0.820537730229263,1.4857049405411729,2238.38,2.076930636510259
FRB20190223A,0,,1,False,2945.0,0.4254572206557837,0.739290299260635,1.0219043673595585,1344.34,2.3421846730525355
FRB20190223B,0,,1,False,1529.0,0.44216346339888657,0.9518342901358906,1.4622251649477531,2850.74,2.9299675783705976
FRB20190224A,0,,1,False,65.0,0.4995796776252773,1.9783557307358532,2.989521798510459,3794.76,3.680224150821591
FRB20190224B,0,,1,False,1691.0,0.39329010427304495,1.0102721994274413,1.6871642218927934,2557.54,1.9170643810356498
FRB20190224D,0,FRB20190224D,1,True,3033.0,0.41773277487797306,0.9136948173256307,0.7441479155294812,1789.64,2.378184401524943
FRB20190224E,0,,1,False,3489.0,0.3973771894554755,0.799427408746015,1.3619610220300118,1327.84,2.941603873934282
FRB20190226A,0,,1,False,3348.0,0.40950997768609304,0.7750340570888252,1.372186630094572,1066.86,2.3570392033478496
FRB20190226B,0,FRB20190226B,1,True,1814.0,0.41432153197961075,0.9892881928048723,1.5650270104202206,2451.22,2.7302477257990643
FRB20190226C,0,,1,False,2812.0,0.4018965126301731,0.6989687181696664,0.9606000772396422,1789.84,2.1272039117698567
FRB20190227A,0,,1,False,1013.0,0.4516608224430068,1.3338901646726053,1.6422559189825434,3034.96,3.541275313726227
FRB20190227B,0,,1,False,1461.0,0.47962645537339127,0.9471277944278441,1.8693292891279791,2867.88,3.406142770418883
FRB20190228A,0,,1,False,844.0,0.4662035818698025,1.2844553436658248,2.422978662937965,2297.1,3.0300170083128273
FRB20190228B,0,,1,False,661.0,0.4632002741529247,1.4473557658600904,2.0116487994709162,3250.24,3.1243900385055445
FRB20190302A,0,,1,False,95.0,0.5471641493527392,2.124219490031264,2.8253643110994395,3350.62,3.838637460569944
FRB20190303B,0,,1,False,1514.0,0.547643514193129,1.666934718741286,3.97989812801124,2665.66,5.251107916636134
FRB20190303C,0,,1,False,3120.0,0.4224044932108334,0.9070035866269024,1.3532207649698071,2094.52,1.9263578013098317
FRB20190303D,0,,1,False,2431.0,0.40347360633007723,0.7605054228936527,1.2027934139879988,1398.4,2.3814884239314305
FRB20190303A,0,FRB20190303A,1,True,1556.0,0.47178497984466794,1.0356187017312422,1.0957480894126446,2790.96,2.7906274546513528
FRB20190304A,0,,1,False,204.0,0.48300747291712054,1.467607278302026,2.6641662610008323,3019.24,3.5932201590638027
FRB20190304B,0,,1,False,2813.0,0.42032389455849295,0.8368531997166239,0.7920090925963422,606.66,2.2652065283612632
FRB20190304C,0,,1,False,4084.0,0.38474446502156673,0.5033294509350184,0.5782527136959081,141.84,2.19557132605182
FRB20190308C,0,,1,False,765.0,0.4150410989025429,1.1009531164730313,1.6647884785085008,2280.72,2.373433597841855
FRB20190308C,1,,1,False,2322.0,0.3897519163102372,0.9134728229812452,1.2785592486916648,1890.3,2.0753753781630544
FRB20190308B,0,,1,False,2047.0,0.42661867566940725,0.8273550690562603,1.1655889429911135,2022.7,2.4887135670425384
FRB20190309A,0,,1,False,3599.0,0.4089110685127521,0.6464585505461306,0.906100115776618,685.3,2.1206195905427268
FRB20190313B,0,,1,False,2674.0,0.44215670295676185,0.7800036361119007,1.1590140236589586,887.82,1.638831392336229
FRB20190313A,0,FRB20181119A,1,True,3692.0,0.4326250836966041,0.7761401243151278,0.9757923807221641,601.7,2.2056664213754913
FRB20190316A,0,,1,False,4060.0,0.3925367879998167,0.6890094469005387,0.6414494062623933,1191.98,2.090536453055945
FRB20190317A,0,,1,False,3267.0,0.4258914316709506,0.6328758978924112,1.2705740383465958,1010.74,2.2034214366076688
FRB20190317B,0,,1,False,1577.0,0.4716424119097769,1.0284093996838117,1.0037265447466972,1779.44,2.8695692801592196
FRB20190317C,0,,1,False,2275.0,0.39835969149146194,1.015141380064543,1.344168877440913,2203.66,2.591044444785516
FRB20190317D,0,,1,False,1930.0,0.443595101562366,1.1377926230298816,1.2927260235001228,1678.82,2.1530552072289186
FRB20190317E,0,,1,False,3395.0,0.41019676581085623,0.7346111858062055,0.876088607214048,1332.1,2.53445376365941
FRB20190318A,0,,1,False,1670.0,0.4186608911559223,1.0542404070632823,1.1869473352073348,1563.06,3.6704521118235416
FRB20190319A,0,,1,False,238.0,0.49881945480431217,1.6309169451799335,2.3087723388720236,3553.56,3.007562602891005
FRB20190320A,0,,1,False,3902.0,0.4009570379088837,0.6904309046822549,1.042960923957253,854.36,1.9367334558739453
FRB20190320B,0,,1,False,3239.0,0.4175721337615607,0.9021359006763332,1.265768788700821,1348.8,2.129819666286581
FRB20190320C,0,,1,False,3381.0,0.4015211238284951,0.8372021924598474,1.30896998834882,1799.9,3.6152551322525683
FRB20190320D,0,,1,False,820.0,0.4485885133430552,1.1839848143116263,1.4481833175162424,2583.12,2.0898897299970796
FRB20190320E,0,FRB20190320E,1,True,1162.0,0.45860125818676184,1.2858721745124035,1.9871750538424715,2081.78,3.2235250292099393
FRB20190322A,0,,1,False,1804.0,0.4203002761670274,0.9193223958227623,1.5189849028335192,1595.82,2.2414846359610356
FRB20190322B,0,,1,False,3054.0,0.38357704618291183,0.7605401675566915,1.4028423522790754,576.46,2.0593890568925057
FRB20190322C,0,,1,False,492.0,0.47886326817252434,1.316322805662706,2.1960008659031147,3021.34,3.203054194917275
FRB20190323A,0,,1,False,300.0,0.4706372895487918,1.2204807830906748,2.3022540899914867,2858.92,2.765691961557904
FRB20190323B,0,,1,False,1470.0,0.49096375804051695,1.0288987715999636,1.515273389300068,1622.1,2.813875949929317
FRB20190323C,0,,1,False,785.0,0.4371004849206679,1.076416616495114,1.8685204190444928,2530.06,2.991869216647464
FRB20190323D,0,,1,False,937.0,0.4524627625744252,0.985474256452169,1.424227537930115,3438.4,4.494547457203775
FRB20190325A,0,,1,False,2868.0,0.4067780899255098,0.9220100566985122,0.6038891123097919,1166.68,2.2624409357276924
FRB20190325B,0,,1,False,1973.0,0.44410587346800834,0.965402602021584,1.0724085548385036,2299.72,2.1850562372056133
FRB20190325C,0,,1,False,1435.0,0.41331759387375944,1.0703970154362492,1.6046227790516674,3094.1,2.6250559492293557
FRB20190326A,0,,1,False,1935.0,0.4080513550530187,0.8725310066495722,1.1426065031585553,2214.18,2.7786044937351675
FRB20190328A,0,,1,False,711.0,0.5010562855337831,1.2182362081606217,1.8927667311238168,2571.22,2.3935348623661037
FRB20190328B,0,,1,False,3668.0,0.3995877398513139,0.7278126290740341,0.859624280537455,1539.32,2.24264596509641
FRB20190328C,0,,1,False,2390.0,0.4479458267540289,1.100320157446814,1.3978772664237864,1572.56,3.8982966975967237
FRB20190329A,0,FRB20180814A,1,True,2383.0,0.43333914018727365,0.6691892934304936,1.2588772633258347,2359.18,2.0430401280390127
FRB20190330A,0,,1,False,2065.0,0.4563982435360788,1.0165659420365507,1.5498378267723294,2704.54,2.2510168138434423
FRB20190330B,0,,1,False,3312.0,0.4064823186105788,0.7632457101067869,0.8540983381591983,1051.66,2.477697316074845
FRB20190401A,0,,1,False,1710.0,0.4133279435694156,1.0413300794040783,1.205905398801172,1729.28,2.658478017483734
FRB20190402A,0,,1,False,304.0,0.46414826454083846,1.3790831064540376,2.390332719814026,3231.52,2.7630624673865425
FRB20190403G,0,,1,False,3220.0,0.4053334967810311,0.6783235020597794,0.7863186531108302,959.64,2.4022577530274543
FRB20190403A,0,,1,False,225.0,0.47417457871337765,1.3753675520874673,2.6940963075996867,2169.16,3.937273079274897
FRB20190403B,0,,1,False,1252.0,0.4458936691532118,1.288024510821816,1.8953337314161653,2298.64,3.8814355019887796
FRB20190403C,0,,1,False,1109.0,0.47666411389215857,1.0720606740845544,1.6714853646905208,2380.8,2.916409151130752
FRB20190403D,0,,1,False,3085.0,0.38903180992308456,0.8041418629258548,1.4676835735744058,966.22,2.386744838506898
FRB20190403E,0,,1,False,1069.0,0.5014634385439672,1.5266768273836715,3.7680435792476876,2309.74,3.889017705577816
FRB20190403F,0,,1,False,3121.0,0.4401918434101386,0.8694251024272713,0.9454668747073339,1805.66,2.251656379001249
FRB20190404A,0,,1,False,1343.0,0.4727492346590521,0.9840851319154368,1.5036661739198618,2152.22,2.002554984351226
FRB20190404B,0,,1,False,1388.0,0.48403341396395855,1.189213828829104,2.2556083609694353,1217.9,3.4680773885857765
FRB20190405A,0,,1,False,2233.0,0.39810666614672235,0.844982571804634,1.3103647810536978,1630.38,2.3176263363759046
FRB20190405B,0,,1,False,2026.0,0.4339147628288837,1.0793751405005259,1.3488105047085348,1782.98,1.9826989625800107
FRB20190406A,0,FRB20190208A,1,True,2022.0,0.38201992763700116,0.9126979613051223,1.4871678334741736,2503.32,2.241468579858383
FRB20190408A,0,,1,False,2134.0,0.4162615252640814,0.9062723218305588,1.1708487819868465,2193.02,2.7598489362410272
FRB20190409A,0,,1,False,534.0,0.46386769540507705,1.1869458245020472,1.981259176840762,2900.8,2.351573198882498
FRB20190409B,0,,1,False,2431.0,0.4078399976492881,0.9337029175049606,0.9128707353545062,2610.32,2.7104837365494556
FRB20190409C,0,,1,False,4037.0,0.3920185323511822,0.6205585487448689,0.8260236775926533,468.08,2.748275305568245
FRB20190409D,0,,1,False,1652.0,0.40530301356095266,0.960604733610975,1.3768596152559691,1951.8,2.085627128888115
FRB20190410A,0,,1,False,1853.0,0.4114284179702211,1.0743098318029047,1.0331034818580949,2371.52,2.2083314597131567
FRB20190410B,0,,1,False,3956.0,0.3854206864589687,0.5913144179465479,0.6963277159881779,844.66,2.4257236100975836
FRB20190411A,0,,1,False,1364.0,0.4455789494280032,1.0074149302434874,1.8556540074253347,2312.56,2.4701802421754167
FRB20190411B,0,,1,False,3189.0,0.41004057797694154,0.7744152055280147,1.229017809430204,2124.82,2.0981559840500674
FRB20190411C,0,,1,False,1247.0,0.4617516224851722,1.2346863301798316,2.5063164214637337,1503.16,2.8390215936046683
FRB20190411C,1,,1,False,858.0,0.4795367909142752,1.3010325933565974,2.6173395134960558,1781.38,2.953736164017558
FRB20190412A,0,,1,False,1409.0,0.4267377233938099,1.20551280954637,1.8000221915854027,2633.08,2.5342239381776643
FRB20190412B,0,,1,False,616.0,0.4754989874876555,1.4789018375695326,1.703752319238777,2806.12,3.3157036188733455
FRB20190414A,0,,1,False,364.0,0.49780118427580844,1.315519724246618,2.0021044502071006,3378.42,2.669282303261761
FRB20190414B,0,,1,False,1412.0,0.4491058292144248,0.9430053841615471,1.369855692988028,1692.3,2.361652166893238
FRB20190415A,0,,1,False,3823.0,0.40124300068475627,0.7518337170574567,1.1772417526011663,1217.44,2.7047019750115306
FRB20190415B,0,,1,False,832.0,0.4534758076251381,1.2243649034342017,1.7492853818723537,2575.04,3.2600359579947127
FRB20190415C,0,,1,False,1977.0,0.39760416056224723,0.753310180025281,1.0828503125987303,2478.1,2.44284811779067
FRB20190416A,0,,1,False,1151.0,0.45630533457255873,1.082870420896105,1.6933228881604323,2772.64,2.299241834500626
FRB20190416B,0,,1,False,61.0,0.5800342508351657,2.323390618929785,3.742753948032751,3678.4,4.541299385305539
FRB20190417B,0,,1,False,1327.0,0.4368687274019263,1.0601895923138769,1.6195935913545367,2106.2,2.327428282507676
FRB20190417A,0,FRB20190417A,1,True,1265.0,0.4456688782641298,1.0586760147576073,1.4008871054752752,1882.5,2.9712863440156214
FRB20190417C,0,,1,False,1249.0,0.5155282468382345,1.4851343321867372,2.6320204538391403,2892.6,3.771854772245463
FRB20190418A,0,,1,False,417.0,0.490820588075578,1.4473154435579354,1.7165883896360448,3341.68,3.3399264486685882
FRB20190419A,0,,1,False,2040.0,0.4191550962786527,0.8241513163600056,1.3397873358420727,3158.76,2.3609611370601242
FRB20190419B,0,,1,False,975.0,0.45717679342822376,1.2489058982023287,2.2756829824029063,2646.0,2.881242763289572
FRB20190420B,0,,1,False,2281.0,0.43467546856280365,0.9521949788414255,1.1033750894330652,1767.62,2.7075391744459822
FRB20190420A,0,,1,False,2529.0,0.4928972656927631,1.0781490093858104,1.496091226316772,3038.94,2.0792251009155094
FRB20190420C,0,,1,False,3204.0,0.38954546162119996,0.8716763480917944,1.0723283139313091,1416.4,2.2195635964302975
FRB20190421A,0,FRB20190303A,1,True,2034.0,0.46422271658845915,0.989958937816018,1.170119922401521,2366.6,2.6211793334564617
FRB20190421A,1,FRB20190303A,1,True,2453.0,0.4187608416572277,0.7475381157423994,1.0319728968521262,1359.4,2.060499531036826
FRB20190421B,0,,1,False,898.0,0.49632298310876183,1.365609318137618,3.0262456745790973,2454.74,3.6970647324231742
FRB20190422B,0,,1,False,332.0,0.5411937589306298,1.3647578075615567,1.9540345425727657,3665.42,3.229755425709965
FRB20190422A,0,,1,False,1100.0,0.4525140129960839,1.2657327810133978,1.6582510751006667,3376.52,3.2510804159548865
FRB20190422A,1,,1,False,2097.0,0.4051335265528804,1.0241115017493736,1.2982558079999817,1842.56,2.201477105395293
FRB20190423A,0,,1,False,2329.0,0.49594236848035345,1.466051894321502,3.3744228376747034,1777.46,4.835391117196468
FRB20190423A,1,,1,False,1008.0,0.5167821642173108,1.9107020039499525,3.8427967605624604,2947.82,4.661459651655608
FRB20190423B,0,,1,False,2787.0,0.38483562162719265,0.7612989815784313,1.350366873365326,1291.96,2.384200919756055
FRB20190423C,0,,1,False,3254.0,0.3892060440701151,0.7808295043070983,1.3856322259664426,1643.18,1.7966889960600727
FRB20190423D,0,,1,False,1439.0,0.4364240328102739,1.1039189146390682,1.7696221486714732,2378.96,2.625297421442757
FRB20190424A,0,,1,False,3995.0,0.39750752426275815,0.6034441636669391,0.9632895842313781,465.2,2.49625126973669
FRB20190425A,0,,1,False,298.0,0.5820138576104985,2.2077295415107354,4.831028880689092,3689.32,5.726889974168898
FRB20190425B,0,,1,False,2638.0,0.3872424674241485,0.7125830060096403,1.2049909877661082,1548.5,1.9853159589358071
FRB20190426A,0,,1,False,3487.0,0.40101886416546517,0.6562357170769484,0.967650959531798,792.22,2.3853720444397495
FRB20190427A,0,,1,False,47.0,0.5905527600416945,2.34111118941019,3.849587304293994,3647.32,4.368593337158235
FRB20190428A,0,,1,False,1761.0,0.439720278734915,1.1912897781026832,1.4903600347174886,2174.28,2.1403292948359436
FRB20190429A,0,,1,False,2790.0,0.41760777970009877,0.803974534108705,1.3399108678532632,1271.92,2.471002929698486
FRB20190429B,0,,1,False,453.0,0.47767918939049253,1.1206229235384728,1.4080386765685113,3924.98,3.7083380794297875
FRB20190430B,0,,1,False,69.0,0.5437738603801725,1.857330252312033,2.5407810465763,3937.88,3.029282515159094
FRB20190430A,0,,1,False,577.0,0.4264278687595103,1.0631560128559094,1.5735448189878363,3122.64,2.468178089043264
FRB20190430C,0,FRB20190430C,1,True,2344.0,0.43019104971913424,1.0427187837869967,1.6571633013407745,1421.34,2.1237375768565383
FRB20190501B,0,,1,False,3464.0,0.396699502112723,0.8220171978374585,0.8254376624063071,1149.38,1.8065368518702385
FRB20190501B,1,,1,False,3948.0,0.4165293869915195,0.7105617496131453,0.8055907566241154,863.58,1.8119692994779524
FRB20190502A,0,,1,False,297.0,0.49003490177697895,1.6017048334953798,2.4344574928455414,3196.62,3.131459093411696
FRB20190502B,0,,1,False,2246.0,0.423137839983145,0.9694342506661693,1.234069048588839,2266.36,2.617246824389697
FRB20190502C,0,,1,False,2498.0,0.38608277054722573,0.9381628281130412,0.9772292167025771,2608.6,2.144262155535827
FRB20190515A,0,,1,False,1155.0,0.424159564703535,1.0959983892496938,1.5669756408359228,1991.8,3.0853520754275228
FRB20190515B,0,,1,False,1921.0,0.42566501503757215,1.0789809654467677,1.4507714819107298,2601.12,3.047977374126634
FRB20190515C,0,FRB20190213A,1,True,3038.0,0.3975058620019178,0.7734661333369868,1.110735269726188,1244.02,2.760192851478974
FRB20190515D,0,,1,False,1403.0,0.417382728233228,1.1193514224250525,1.0880858325756233,2418.3,2.9087932407731256
FRB20190516B,0,,1,False,1746.0,0.4115884399536706,1.01883186929999,1.6792083302122587,2038.26,2.269466875191317
FRB20190517D,0,,1,False,2227.0,0.42357747101035587,0.9723248767660948,1.570273348846508,1895.5,2.1305379774392335
FRB20190517B,0,FRB20180814A,1,True,3192.0,0.4259396077430787,0.6625178891165817,1.1849722932995042,3001.52,2.8171373529207067
FRB20190517C,0,,1,False,1152.0,0.43308684584387735,0.9768869820383026,1.0402058020815608,1696.34,2.7513384022029275
FRB20190518B,0,,1,False,3568.0,0.4082970035540755,0.6729270005050504,1.1342081396230166,809.5,1.678233194830109
FRB20190518C,0,,1,False,2345.0,0.4738362652374716,1.2773343573536944,1.9669862290788511,1927.42,3.9515775316341837
FRB20190518D,0,,1,False,1405.0,0.41738201820878773,0.9505797199415251,1.485233877414859,2054.42,2.837428775404664
FRB20190518A,0,FRB20180916B,1,True,2627.0,0.3971981160968434,0.7665852623142138,1.248769860307757,2593.72,2.042943544981073
FRB20190518E,0,FRB20180916B,1,True,3277.0,0.4348660720897802,0.9852529077555268,1.476665724677559,2028.8,2.1012721696115593
FRB20190518G,0,,1,False,4045.0,0.3884528247468853,0.5503344902726643,0.5683668296970303,205.92,1.8905217984347686
FRB20190519D,0,,1,False,1624.0,0.4636456000876222,1.0678554396016782,1.5745370202317972,2526.44,2.5025718068922256
FRB20190519E,0,,1,False,1460.0,0.48980379020401765,1.0900642895187598,1.666445758915908,2368.7,2.360716420304277
FRB20190519F,0,,1,False,3381.0,0.3881829856231497,0.6861412128089084,0.8261263684121534,893.78,2.1393358042203254
FRB20190519G,0,,1,False,1619.0,0.4338177720786572,1.065360198508872,1.0439160068888111,1703.02,3.669294388313272
FRB20190519H,0,,1,False,353.0,0.45718748253280267,1.4179750120326304,1.871866468375,3040.96,2.625946424755083
FRB20190519A,0,FRB20180916B,1,True,1093.0,0.4392249793540211,1.0466181092336684,1.700284857366987,3029.78,3.0924143068304613
FRB20190519A,1,FRB20180916B,1,True,1649.0,0.42966904989714383,0.9625256130648958,1.6103237451951007,2965.0,2.782820420485193
FRB20190519A,2,FRB20180916B,1,True,3719.0,0.39310425499929696,0.6762303087620554,1.1947384528854945,1027.06,2.4407328712260936
FRB20190519B,0,FRB20180916B,1,True,1967.0,0.43380324242000246,1.0236595719774226,1.229960819663905,1764.04,2.230176750203731
FRB20190519B,1,FRB20180916B,1,True,975.0,0.41381864997894546,1.2575755751340183,1.5452989080898327,3013.72,2.942144973881718
FRB20190519B,2,FRB20180916B,1,True,2165.0,0.42115178293142436,0.9424785069543805,0.9652582470689761,1852.04,2.6615938457346466
FRB20190519B,3,FRB20180916B,1,True,2341.0,0.4114627043281869,0.9303852063047267,0.9274035338410626,1845.7,2.823994073874017
FRB20190519C,0,FRB20180916B,1,True,3809.0,0.3877944066383409,0.626196839383479,0.9076915153605262,903.08,2.296168314284645
FRB20190519J,0,,1,False,257.0,0.4866179093030103,1.3307144740596883,2.1162489931840227,3397.6,3.776235530614015
FRB20190520A,0,,1,False,3659.0,0.3975069033756935,0.7514293398603196,1.0863838389140383,1317.56,2.412112397504538
FRB20190527A,0,,1,False,745.0,0.4621480571599753,1.2139663016115843,1.5136988638751518,3136.72,3.5062346877239445
FRB20190527A,1,,1,False,599.0,0.45868637946463187,1.1991096645495987,1.7759028576080345,2942.32,3.4928087730263444
FRB20190527B,0,FRB20181128A,1,True,2875.0,0.44115256622694227,0.9795362720707859,1.5675760669246517,2012.32,2.625597346969206
FRB20190527C,0,,1,False,2166.0,0.4420911381763608,1.1040528683370345,1.5772586229011585,1463.84,4.119373343700489
FRB20190529A,0,,1,False,3823.0,0.40594737819127147,0.5704918613922545,0.895506979921391,490.8,2.5341999907709702
FRB20190530A,0,,1,False,3908.0,0.3970399894270414,0.5532601873581705,0.8727132098300758,488.74,2.039246902949564
FRB20190531C,0,,1,False,4024.0,0.390275510665584,0.537117751973746,0.9832938026413265,292.24,2.120491743513048
FRB20190531E,0,,1,False,24.0,0.5512622698965377,2.3453465054296068,4.122043697635539,3756.84,4.359264206946352
FRB20190601A,0,,1,False,1431.0,0.46632414014767515,0.9658572795888245,1.3523259106069117,2428.86,1.576620656588515
FRB20190601B,0,,1,False,1252.0,0.4443922101879103,0.9574207989844765,1.0631520455108132,1842.04,2.929062417163749
FRB20190601D,0,,1,False,730.0,0.4676980558834215,1.4032263517519792,1.844901617333671,3212.4,2.680630017222242
FRB20190601C,0,,1,False,2752.0,0.40161138575445426,0.8155963377240875,1.3410558601210674,1712.54,2.553579903882148
FRB20190601C,1,,1,False,2360.0,0.4051192923748287,0.8773705974252122,1.2458096478697935,2007.66,2.5515895774549433
FRB20190603B,0,,1,False,2773.0,0.3766930141358066,0.7969568526590335,1.3981245964598585,1139.38,2.038916963175256
FRB20190603A,0,FRB20180916B,1,True,1849.0,0.4825896398838013,1.0945653615269608,1.2478480036585262,2740.44,2.8312262466497344
FRB20190604D,0,,1,False,3280.0,0.41558208634090266,0.8306606933720229,0.834939686976512,1869.3,1.6204592391200554
FRB20190604A,0,FRB20190604A,1,True,1256.0,0.43350916895906755,1.0258672757841443,1.359231288292853,3074.2,2.760140843735322
FRB20190604E,0,,1,False,3363.0,0.4430974631925692,0.8649030425089059,1.1180963313121353,1439.72,1.5813172586408633
FRB20190604F,0,FRB20180916B,1,True,524.0,0.5185539209177485,1.6067607745221952,3.1033469358673864,3455.38,3.427386894657667
FRB20190604F,1,FRB20180916B,1,True,354.0,0.5257177347908736,1.7430127860712048,3.100945305059589,3626.28,4.229611757671126
FRB20190604F,2,FRB20180916B,1,True,2082.0,0.4448065989487335,1.2913012768716396,2.3956929946993313,1661.96,3.083821072270814
FRB20190604C,0,,1,False,723.0,0.43857553084970297,1.538573241510046,2.0525700241429443,3327.96,3.2323748795241163
FRB20190604G,0,,1,False,373.0,0.4903845687041461,1.4422858687081024,1.901903863585257,3271.18,3.413875409875019
FRB20190605C,0,,1,False,767.0,0.45366974624150797,1.0752521182664447,1.6512329554304543,2728.62,2.5773883455621736
FRB20190605D,0,,1,False,2507.0,0.4468992398886855,1.0168384619780861,1.186783501666796,1451.42,1.9708956959430202
FRB20190605A,0,FRB20180916B,1,True,3094.0,0.393394250961873,0.7501787227458596,0.9015063846859861,1046.78,2.308789717241435
FRB20190605B,0,FRB20180916B,1,True,716.0,0.4585325609222315,1.1198305894645173,1.8683518798683039,2390.5,2.922517236346962
FRB20190605B,1,FRB20180916B,1,True,929.0,0.4485048994535776,1.1417031314335235,1.920761822519063,2415.36,2.7584717397249
FRB20190605B,2,FRB20180916B,1,True,688.0,0.4459270403509767,1.1069065555818827,1.6735075349466952,2478.12,3.3390964016952824
FRB20190606A,0,FRB20190604A,1,True,2715.0,0.38719957899889895,0.7678818257243345,1.5324054944230967,927.72,2.420706298173756
FRB20190606B,0,,1,False,1474.0,0.44125350382160033,1.2141622645483683,1.6040381508198513,2222.98,3.0839607156212514
FRB20190607C,0,,0,False,3202.0,0.4155397599070932,0.7740232043942538,1.074890753398716,2547.68,2.5512490121408815
FRB20190607A,0,,1,False,1534.0,0.4798120708337531,1.3171414316385914,2.2902408080870087,1898.36,3.4882405340049054
FRB20190607B,0,,1,False,2190.0,0.41484365830636777,0.9235519702192766,1.5640767119662564,1607.48,1.9871354030530037
FRB20190609B,0,,1,False,960.0,0.45996378228579643,1.221978057456317,1.918073456772689,2461.84,3.0888896177479945
FRB20190609C,0,FRB20190609C,1,True,147.0,0.49792581918727447,1.4124107585259444,2.613223476865629,3045.96,3.7666366760007706
FRB20190609D,0,,1,False,3356.0,0.38850330275323913,0.7440133251487399,1.1272891551776698,2224.26,2.0929526364723503
FRB20190622A,0,,1,False,516.0,0.4551927155159926,1.2185265627291195,1.8843561139109264,3116.26,2.916259616450891
FRB20190623A,0,,1,False,2327.0,0.41444429518397113,0.8606270226051104,1.11081626495714,2433.58,2.5590617157864144
FRB20190623B,0,,1,False,1239.0,0.4533454554032248,1.134233378342638,1.4626390108893497,2217.28,2.2056324093617308
FRB20190623C,0,,1,False,103.0,0.524886563716782,1.8429973224312455,2.955133756480609,3591.78,3.3961771172600366
FRB20190624A,0,,1,False,2286.0,0.4574199659379255,1.0512218827742292,1.0890063287672316,2605.76,2.2316907467469274
FRB20190624B,0,,1,False,576.0,0.45910021443767063,1.412606577243411,2.1383520593071235,3288.38,3.0982153432764767
FRB20190625A,0,,1,False,821.0,0.44187433268392456,1.29739571398854,1.6478265399774967,2549.22,3.0132852127366845
FRB20190625E,0,FRB20180814A,1,True,25.0,0.5493842640303616,1.7485569545844224,2.6788063224165635,3937.98,3.370274309705553
FRB20190625E,1,FRB20180814A,1,True,22.0,0.5479270028419959,1.771702049563594,2.678595072900553,3947.32,3.514527009481798
FRB20190625E,2,FRB20180814A,1,True,323.0,0.5029594565119986,1.1195829910734838,1.8717374625291345,3777.1,3.553459064149041
FRB20190625C,0,,1,False,1625.0,0.43776247210241426,0.9255982408335568,1.4148537455128947,1347.48,2.5498644804316215
FRB20190625D,0,,1,False,674.0,0.459366390873587,1.2917839216002736,1.9404158897832695,2598.16,3.603505240822313
FRB20190626A,0,FRB20180814A,1,True,2426.0,0.45436730186463997,0.6805433995400122,1.3931981213628488,3174.72,2.86292374018447
FRB20190627A,0,,1,False,3907.0,0.385260772138818,0.6403816656331585,1.057872463484219,1316.8,2.1110886398691475
FRB20190627B,0,,1,False,2225.0,0.4190804826612763,1.1503927659555493,1.2801608495930252,2307.62,3.133259256456819
FRB20190627C,0,,1,False,928.0,0.47439032837311784,1.1646704786068796,2.0150416860491225,1907.64,3.504812684736473
FRB20190627D,0,,1,False,148.0,0.4959429234818842,1.5572876686202763,2.5315224454070218,3656.74,2.868436168039781
FRB20190628A,0,,1,False,3299.0,0.41852110348056737,0.6881135083100692,1.3984838159775348,1520.94,2.225872146015813
FRB20190628B,0,,1,False,1851.0,0.44512275022923825,0.9838794150812256,1.1465909837129322,2052.56,2.3167061222022465
FRB20190628C,0,,1,False,159.0,0.4877697501043324,1.7083159978676317,2.315532425840081,3309.44,2.8340965801766584
FRB20190629A,0,,1,False,2664.0,0.39455358405721447,0.8447689024509035,1.422068302318131,1704.24,2.0590355539263254
FRB20190630B,0,,1,False,1874.0,0.41354553885544143,0.9427942014877695,1.2550689809349826,1622.74,2.8687928324642473
FRB20190630A,0,FRB20190117A,1,True,3238.0,0.39193140766462625,0.7858126725426582,1.3454474265353302,1506.94,2.1896840292258353
FRB20190630A,1,FRB20190117A,1,True,2573.0,0.40397382844335833,0.7646199074689438,1.0295078710635754,1627.92,2.5641529543836237
FRB20190630C,0,,1,False,954.0,0.45237928609383055,1.1464039362194671,1.495647280503936,2584.0,2.2653958646875716
FRB20190630D,0,,1,False,3314.0,0.4085889421122527,0.8327695353260619,0.688048182185233,1642.34,2.649283569556894
FRB20190701A,0,,1,False,30.0,0.5473494522373958,2.0716415124279,3.853325222871724,3144.36,4.228972066671907
FRB20190701B,0,,1,False,3536.0,0.38527919182054765,0.7973163426863181,1.149186986494212,1324.88,2.25265739068756
FRB20190701C,0,,1,False,2259.0,0.42038458129324385,0.8344455654726645,1.0156114430475054,2320.18,2.0950671664821794
FRB20190701D,0,,1,False,2460.0,0.3942538689497439,0.8888842964485659,1.7181130526901198,1447.5,2.1495103490540113
FRB20190701E,0,,1,False,3912.0,0.39743346486913206,0.6203389069041891,0.9607919380242429,706.94,1.9862775316017525
FRB20190702A,0,FRB20180908B,0,True,1407.0,0.42929516107225557,1.0187532733962263,1.592722823867634,2614.82,2.739517037105797
FRB20190702B,0,FRB20190303A,0,True,887.0,0.49524718480341967,1.1351688168988674,1.762921613528459,3074.62,2.148566962830976
FRB20190702B,1,FRB20190303A,0,True,1918.0,0.47179490676589175,0.9485636727143778,1.3123399328780914,1914.48,1.9251655473349707
FRB20190702C,0,,0,False,2320.0,0.4340146605417824,0.8663117408141888,1.207325513528525,1562.9,1.9372737680411407
FRB20190708A,0,,0,False,1621.0,0.4053059008295981,0.9491747526343183,1.4425267871869876,2577.78,2.3395806391259693
FRB20190710B,0,,0,False,2197.0,0.43901308359091235,0.7577650333312611,1.1867680190720546,1807.78,2.954968061582339
FRB20190710C,0,,0,False,459.0,0.5592157108509634,1.6203059547552872,2.9193792148803226,3380.14,4.981631809157418
FRB20190710A,0,,0,False,1586.0,0.42461073141568867,0.9369473571729788,1.535021887645163,2586.74,2.5558844542977956
FRB20190712A,0,,0,False,3296.0,0.41604423032391713,0.7989200821643451,1.2250279596277451,1865.92,2.3554458616353604
FRB20190712B,0,,0,False,2051.0,0.5431884415658087,1.5385016060404666,3.3499170777901917,1937.44,5.1074188184716345
FRB20190713A,0,,0,False,1627.0,0.4817300318842142,1.0091413500668172,1.8465986496664841,2054.7,2.6683918416905112
FRB20190713B,0,,0,False,733.0,0.433323699806338,1.0677793363229704,1.3887824472426822,3324.36,2.9945013722624196
FRB20190714D,0,,0,False,1281.0,0.45911073090855253,1.0625816996635862,1.6772869724378008,2503.8,1.8488707605947814
FRB20190714C,0,,0,False,3149.0,0.41975786031343004,0.6241290706750334,0.9302928656133446,589.64,2.042523864740986
FRB20190715C,0,,0,False,207.0,0.5200675532158058,1.662468037486141,2.161936593591714,3435.78,3.133608893982892
FRB20190715B,0,,0,False,1018.0,0.5359160755740386,1.8742196735931163,3.32188538697319,3533.44,5.637978847204778
FRB20190716D,0,,0,False,3950.0,0.39393188645945665,0.788363795639066,1.1801446152878965,2289.5,2.720248897867718
FRB20190716B,0,,0,False,1014.0,0.44106006687584487,1.1775264613222907,1.5492914268474587,2653.86,3.2288920937702024
FRB20190718A,0,FRB20180908B,0,True,793.0,0.460639264169232,0.9337322739616762,1.5891814498249242,3392.06,2.4245747057582863
FRB20190720B,0,,0,False,666.0,0.47711056141745883,1.2224489039787532,2.2947719681963923,3372.44,3.386884502646788
FRB20190720A,0,,0,False,1507.0,0.4523391798794429,1.0538775037109496,1.676496613882264,2489.2,2.618375963898848
FRB20190721D,0,,0,False,1666.0,0.4660732875482381,1.1716527772554284,2.1393488861110357,1341.44,2.812203531918336
FRB20190722B,0,,0,False,3514.0,0.4042300710935246,0.7732321635007315,0.6521438295388876,826.24,3.089055953287398
FRB20190722A,0,,0,False,2516.0,0.42523425273477744,0.7053003122690915,1.1699888454026712,3222.54,2.8002481616730233
FRB20190723A,0,,0,False,3286.0,0.380067993765274,0.6419683930341209,1.1162760148239073,1157.9,2.1848351506843944
FRB20190725A,0,,0,False,2575.0,0.41200053353206567,0.811067814459259,1.21343103161626,2351.02,3.2165931830295342
FRB20190726A,0,,0,False,1016.0,0.5235338969920379,1.3623678409283275,3.173545812038918,2352.88,3.674469840636259
FRB20190727B,0,,0,False,677.0,0.47629879704843814,1.1191921574631547,1.79945158820744,3811.42,3.2074327052665224
FRB20190727A,0,,0,False,3493.0,0.3904307417425619,0.8720883692873578,1.3223826851339036,1988.38,3.0514195737358842
FRB20190728A,0,,0,False,1987.0,0.4664014653226341,0.866489212619135,1.2032554400794226,1651.2,2.2545566509094788
FRB20190729A,0,,0,False,4006.0,0.37935304676228704,0.6053105916751605,0.5820901624229545,1329.22,2.0451460501246235
FRB20190804E,0,FRB20190804E,0,True,2829.0,0.40118186909043274,0.8221740757484337,0.6267013584651204,1515.36,2.5577681371891123
FRB20190804E,1,FRB20190804E,0,True,2794.0,0.4001480094819115,0.8249785484506671,0.666240606180367,1892.38,2.326629865845133
FRB20190804E,2,FRB20190804E,0,True,2432.0,0.41216916076862814,0.8550814665904911,1.2798285748700495,2335.24,2.0255248853783
FRB20190804D,0,,0,False,533.0,0.43125896187595997,1.1897871095808386,2.201422587008235,2126.32,3.3273056871790563
FRB20190804C,0,,0,False,2828.0,0.42972299548843457,1.0291777490164982,1.359631603240127,1594.9,1.929593762566544
FRB20190804B,0,,0,False,1176.0,0.4127600488130917,1.006833380303148,1.4672480018943999,3052.92,2.5912447974684274
FRB20190805D,0,,0,False,3003.0,0.4223426774262144,0.893302034040245,1.2777188612295096,1689.42,2.369243107688428
FRB20190805C,0,,0,False,2553.0,0.44394996928785574,0.944424653534842,0.9304334705236971,2173.36,1.8190024517092092
FRB20190805E,0,,0,False,618.0,0.4292072915030268,0.9989150833601993,1.7640005374345118,3269.04,2.9523828910906134
FRB20190805E,1,,0,False,301.0,0.5095870715573838,1.5205204013981062,2.29502080552051,3490.9,3.0727088996840792
FRB20190805B,0,FRB20171019A,0,True,608.0,0.4676377932119666,1.419462681820074,1.9517469381875943,2840.58,3.1998547931656742
FRB20190805A,0,,0,False,1642.0,0.42785346419972464,0.8682394968732504,1.2213037206319222,3242.2,2.5024136909285444
FRB20190806A,0,FRB20190417A,0,True,1258.0,0.45647920659531854,0.8786728659696988,0.8912569023264227,1062.62,2.3378099112758624
FRB20190806C,0,,0,False,1219.0,0.4507599072992093,0.9999736381827228,1.1549260889450574,1632.7,2.4733804610245156
FRB20190806C,1,,0,False,572.0,0.4917790755939743,1.0524453196342618,1.3750093980102063,2517.48,2.8173591990810496
FRB20190806C,2,,0,False,44.0,0.5372469645822741,1.8271871409360005,3.0619685462892043,2738.58,3.8322760358663497
FRB20190806B,0,,0,False,244.0,0.4950154924689092,1.7246049322143744,2.19280375384515,3930.54,3.526007144302097
FRB20190806B,1,,0,False,2855.0,0.4303226207905394,1.047308235496154,0.9579324201244412,2352.62,2.561279401309419
FRB20190807B,0,,0,False,544.0,0.49774283047886,1.3861288016172666,2.0411376907559466,2770.62,3.038457674260246
FRB20190807A,0,,0,False,1084.0,0.4541656610702138,1.0889748796418552,1.2415701324833568,2930.42,2.186029179356005
FRB20190808A,0,,0,False,2628.0,0.41202554501271715,0.840640320727719,1.3955401271955317,1559.08,1.9028410602093775
FRB20190809A,0,FRB20180916B,0,True,2281.0,0.47528740897200505,1.0141912180134165,1.2736267942180037,2446.76,2.3231921031529477
FRB20190809B,0,,0,False,1959.0,0.4448638558183868,0.7634351611458544,0.8974736989836798,1072.62,2.331494190757062
FRB20190810F,0,,0,False,2716.0,0.41027501442657055,0.830417654203842,1.490170039270566,2456.82,3.5029503282565715
FRB20190810A,0,FRB20190117A,0,True,701.0,0.4814497971988806,1.5291234015959463,2.887428549178577,3003.06,3.2563303564709076
FRB20190810A,1,FRB20190117A,0,True,1028.0,0.4671335265561254,1.351898237445871,2.676271480336999,2222.02,2.9300464291045523
FRB20190810A,2,FRB20190117A,0,True,1397.0,0.44613118646942335,1.4084415180507766,2.673789522462947,2139.66,3.167815088646447
FRB20190810C,0,,0,False,827.0,0.43174575269570487,0.9715564313044165,1.4110051557915475,2768.26,2.6680236351196776
FRB20190811C,0,,0,False,2850.0,0.4236697117702335,0.8015087864310446,1.1914414654658863,950.74,2.0545182899831476
FRB20190811B,0,,0,False,1391.0,0.4246038667476333,1.0188712582582173,1.5323534469380384,1409.48,2.606625284317302
FRB20190811A,0,,0,False,1848.0,0.4475216616041765,0.9810825995061416,1.6193637056274433,2029.44,2.109465155505152
FRB20190812A,0,,0,False,1273.0,0.49746718361971143,1.287781337998881,2.486847308999666,1908.48,3.0295825079577465
FRB20190812C,0,,0,False,2080.0,0.4741569027362187,1.2641065279616868,2.4098533656149694,1909.54,3.544832844319531
FRB20190812B,0,,0,False,2788.0,0.4560266491414258,0.799110703611203,0.7409454610703642,773.58,2.1619597066239447
FRB20190813C,0,,0,False,1635.0,0.4491942070328211,0.9691951780608463,1.649260076218486,2090.66,2.3822722686984967
FRB20190813B,0,,0,False,1161.0,0.44403290401107176,1.2510715162982604,1.8234496714873762,2678.08,2.736884065046648
FRB20190813A,0,,0,False,3094.0,0.3903097257163459,0.8746223682726869,1.1012729483781878,1258.8,2.5033774110345366
FRB20190814A,0,,0,False,2642.0,0.39291805374604516,0.7729162931717267,1.520523527808314,2087.04,2.516871205971417
FRB20190815D,0,,0,False,1634.0,0.470975778484798,0.9787742509758676,1.1731223358419252,1864.92,2.8219145753785444
FRB20190815A,0,FRB20190117A,0,True,410.0,0.47381748377253313,1.6467064672561562,2.295962734861669,3640.22,3.134759248721015
FRB20190815C,0,,0,False,1982.0,0.4211051890247449,1.0057426310506548,1.5225602466226147,2380.56,2.1516003860639987
FRB20190815B,0,,0,False,1091.0,0.43753096184376683,1.1267773178123142,1.8281179304173871,2736.02,2.4857994015308496
FRB20190816B,0,,0,False,196.0,0.6046018766094201,2.3858935431200132,5.2559527462287345,3726.5,6.973737144838907
FRB20190816A,0,,0,False,1714.0,0.45051641775930584,1.0712634561349825,1.2951916004692132,2337.58,2.5302985079536184
FRB20190817E,0,,0,False,818.0,0.4644921629735487,1.3538297194079567,2.2209610697568585,2705.66,2.829805720856462
FRB20190817A,0,FRB20180814A,0,True,3829.0,0.4195309694082761,0.5602956787442877,1.0960162925229813,1762.08,2.9405904629387978
FRB20190817C,0,,0,False,3544.0,0.4147141686274762,0.6830812605613412,1.1456610941264909,1050.2,2.0796375118108763
FRB20190817B,0,,0,False,3682.0,0.3884433192754231,0.6488321152566723,0.8929112466404951,971.6,2.2281651929287127
FRB20190818D,0,,0,False,1835.0,0.44760177767845144,0.7959808238172006,1.19775733904496,2387.5,2.86431110192381
FRB20190818C,0,,0,False,3815.0,0.41077791892705057,0.7241354083508535,1.1785957619903353,979.4,1.6605543597726848
FRB20190818B,0,,0,False,3731.0,0.40901481694671293,0.7363438207305486,0.9511232811285337,1064.68,2.0929365544220224
FRB20190818A,0,,0,False,2507.0,0.4441892422283445,0.957870113906664,1.451530389796593,1798.62,2.249481890265881
FRB20190819A,0,,0,False,2924.0,0.4295503119027489,0.8609692006828473,1.2765520626177627,1062.78,2.13974943304994
FRB20190820B,0,,0,False,3263.0,0.4166635173716659,0.8167226398122723,1.1240714004688472,2255.58,3.0551657216578603
FRB20190820A,0,,0,False,926.0,0.49451546556818066,1.303314281005552,2.1292584616789854,3390.9,2.180988688879223
FRB20190821E,0,,0,False,2398.0,0.4077452380118421,0.9243554950202334,1.2388818002968407,1969.74,2.5404113814456015
FRB20190821D,0,,0,False,2519.0,0.4508065443544648,0.8059778799709166,1.3153856215266284,1375.32,2.9846028573605845
FRB20190821C,0,,0,False,2917.0,0.43289401286206525,0.8898921066079153,0.7034747583719062,875.88,2.7503920619347473
FRB20190821B,0,,0,False,445.0,0.5074109925645972,1.5278600819916537,2.2515066375437316,3346.08,3.1228862992036786
FRB20190821A,0,,0,False,2684.0,0.4150255924025729,0.9306547411858432,1.0224611900395757,1414.6,2.558912308880335
FRB20190822A,0,,0,False,1773.0,0.4825858348543082,0.9273576245732181,1.5171410563961822,793.38,1.808302646819647
FRB20190823A,0,,0,False,2308.0,0.42811933024670934,0.8284211941934879,0.9288092529119586,1065.26,1.84247265719595
FRB20190824A,0,FRB20190117A,0,True,800.0,0.45024038368730035,1.2612605820524951,1.7373784477405436,2938.52,3.087206608026529
FRB20190824E,0,,0,False,3422.0,0.38508667311062333,0.819697318728457,1.3183099012759965,1674.16,2.757106304001105
FRB20190824D,0,,0,False,886.0,0.46769199646229503,1.1249803408665255,1.5930225765056643,3136.74,1.9171746600422492
FRB20190824I,0,,0,False,2676.0,0.4333412649494448,0.9197850245404269,0.8113145696535534,1397.84,3.397034972555555
FRB20190824C,0,,0,False,2605.0,0.42038720284882014,0.8088903088852657,1.2391791611705507,1465.9,2.6797536940430176
FRB20190824B,0,,0,False,1168.0,0.4190507368463115,0.9810752893648844,1.7017013473937235,2797.94,2.926141018522369
FRB20190825G,0,,0,False,2195.0,0.4184281167926413,0.7846698128241638,1.4400849504187325,2118.5,2.6663369786757807
FRB20190825A,0,FRB20180916B,0,True,1764.0,0.45912600010075766,1.193493803517873,2.2867245584911413,1790.1,3.1479520065968614
FRB20190825A,1,FRB20180916B,0,True,1878.0,0.43328197918022093,1.1284957321529787,1.5718219324288718,1427.34,2.940064348790496
FRB20190825B,0,FRB20180916B,0,True,3665.0,0.39415897523516374,0.7261354823052067,0.7762572253496723,1012.96,2.0077833032078614
FRB20190825B,1,FRB20180916B,0,True,3686.0,0.3972249204399498,0.6758676528165932,1.121773070980771,1352.06,2.4481636996490486
FRB20190825E,0,,0,False,1198.0,0.4450303043560665,1.219037909094839,2.2096850438832054,2525.68,2.547796708891173
FRB20190825C,0,FRB20180916B,0,True,3338.0,0.3890841487254902,0.7932342980745878,1.2763156437301413,925.68,2.3846723175679885
FRB20190825D,0,,0,False,1148.0,0.4337888848650925,0.8582348591459029,1.1700089357919212,1327.1,3.3491982036184216
FRB20190826B,0,,0,False,1380.0,0.49368881618069743,1.2600859381482663,2.145446761465498,1831.02,3.799389872248284
FRB20190826A,0,,0,False,498.0,0.47260148528458384,1.3663289076692808,1.9650088332438314,3172.44,2.0073360355725005
FRB20190827A,0,,0,False,1912.0,0.4299561210189679,0.9497166791600435,1.4257143811819186,1948.44,2.4509603416703047
FRB20190829B,0,,0,False,1235.0,0.4286468600998245,0.9418624955249102,1.7237617075285343,1759.38,2.0093039991064887
FRB20190829C,0,,0,False,2667.0,0.41798580092077053,0.9059866978227509,1.074015807489001,1538.36,2.4197945972032513
FRB20190829A,0,,0,False,1843.0,0.4362323505656031,1.0576535588003275,1.4696835292475556,1491.54,2.2253749317570235
FRB20190901B,0,,0,False,1665.0,0.47408325185895833,1.0915004472892444,1.5915858151815985,1787.76,4.105545658424237
FRB20190901A,0,,0,False,519.0,0.4860317254774522,1.0710537504883615,1.6115096232156665,2897.6,3.106783991789484
FRB20190902C,0,,0,False,3458.0,0.415677580223366,0.7173166337623684,1.3186895466128248,1253.76,1.9742527958693155
FRB20190902D,0,,0,False,829.0,0.43964405276589447,1.032228518460051,1.4133253263355614,3091.28,2.7523325619870076
FRB20190902B,0,,0,False,2127.0,0.40043519485994744,0.7830342221859209,1.2265042977516827,2160.42,2.4423372792476266
FRB20190902E,0,,0,False,153.0,0.48797004820712614,1.6938335423392992,2.645741165221508,3046.78,3.7553223959884194
FRB20190902A,0,,0,False,2877.0,0.37990630579840823,0.741677508611148,0.8932927236398517,1779.72,1.9328304103339695
FRB20190903D,0,,0,False,1982.0,0.43181234200046087,0.7744557488293919,1.59350369152969,2176.02,2.564756710754372
FRB20190903C,0,,0,False,2192.0,0.42047814540616857,0.8153152201100241,1.36592411917423,1773.26,1.936328523393774
FRB20190903A,0,,0,False,338.0,0.5373566605276338,1.5926569443828293,3.5512090313418967,2978.84,4.665813082858546
FRB20190903B,0,,0,False,2788.0,0.4664072324743931,0.8964688070835092,1.185276487421261,1195.28,2.2215830326413872
FRB20190903E,0,,0,False,1558.0,0.460504297397054,1.1966560684313436,1.7062700395621044,2967.76,2.4376665663825428
FRB20190904A,0,,0,False,2662.0,0.3906333296617458,0.8308058778568356,1.513358442573211,918.12,2.0965380043849806
FRB20190905B,0,,0,False,136.0,0.49513482524302505,1.5877480139957951,2.617608116609486,2684.04,3.644789195707046
FRB20190907C,0,,0,False,2297.0,0.44839496561066633,1.0836469042950465,1.3673716089799215,1304.36,3.311744205264282
FRB20190907B,0,,0,False,3336.0,0.40150682343744987,0.8299934482471443,1.0946831828685843,1634.1,1.86022353873373
FRB20190907A,0,FRB20190907A,0,True,477.0,0.4318845145444526,1.169116809615679,1.7548812152657083,3509.92,3.2496157182104315
FRB20190907A,1,FRB20190907A,0,True,1139.0,0.44463372590836153,1.1502313010133054,1.6798624503398796,3234.04,3.0789394718356538
FRB20190910B,0,,0,False,2581.0,0.4304913634770928,0.7814780678525748,1.2721618109242232,787.12,1.8303048238343882
FRB20190912F,0,,0,False,11.0,0.6059074213710666,2.8274086300442565,4.527631658926199,3527.08,5.3991488869826005
FRB20190912F,1,,0,False,2036.0,0.4329146292874407,1.0171849134892663,1.4951196108775615,2764.62,3.1588499098444838
FRB20190912F,2,,0,False,1146.0,0.4395567006971187,0.997614736113427,1.7917567053732977,2949.3,3.4458258195656417
FRB20190912A,0,,0,False,792.0,0.4812465958233658,1.2427841237954222,2.0270773347144635,2490.9,2.671979789658382
FRB20190912E,0,,0,False,3330.0,0.40425226297261563,0.8838435185902787,1.2432775515438275,1905.24,2.3952591032809694
FRB20190912B,0,,0,False,450.0,0.520233189399885,1.6366044780555993,2.5459654382419963,3587.48,3.1158779238454195
FRB20190912D,0,,0,False,2925.0,0.3854630566697947,0.7616784338802991,1.26760716616728,625.46,1.7849768152905015
FRB20190912C,0,,0,False,3990.0,0.38299330934426734,0.5819391306712135,0.5988504599095554,352.46,1.8794051371772098
FRB20190913D,0,,0,False,2293.0,0.45921271396554775,1.100621562890041,1.417413647292038,1661.24,1.7988653424161936
FRB20190913A,0,,0,False,253.0,0.47025153597530434,1.423124216595399,1.9423656035368069,3778.4,3.979071150850089
FRB20190913B,0,,0,False,3875.0,0.40596962310126783,0.6317664429783556,1.1011590983568877,1079.68,1.8881315489661292
FRB20190913E,0,,0,False,247.0,0.4816820380283819,1.2471180697376023,2.3791401646913544,2859.3,2.8291516561104997
FRB20190914B,0,,0,False,1687.0,0.4199112082517497,1.0014364277432064,1.5003632871925805,2265.46,2.3475912641082206
FRB20190914A,0,,0,False,2195.0,0.4045120596648343,0.9347924403310403,1.3882571334511313,2051.56,2.666183191511475
FRB20190915F,0,,0,False,1948.0,0.40913111195678975,0.9232228134899645,1.1867388433527493,2043.9,3.1679090614171472
FRB20190915E,0,,0,False,1533.0,0.44705980160375686,1.2639715248496572,2.516701666334547,2026.26,2.5460668996656572
FRB20190915E,1,,0,False,1499.0,0.4476213785310999,1.2673521711712745,2.2491604970549894,2299.62,2.6663557607671295
FRB20190915E,2,,0,False,1383.0,0.44196547433910566,1.34952417021691,2.0833142081955485,2598.36,2.5721775802870734
FRB20190915D,0,FRB20190915D,0,True,1362.0,0.420170724063756,1.0578504644765905,1.654930975926609,2043.08,2.8570047279215056
FRB20190915A,0,FRB20190907A,0,True,2889.0,0.4375714573499348,0.7997097602920278,0.7650378894496259,1155.24,2.3503264938003903
FRB20190915B,0,,0,False,3407.0,0.41463304612271806,0.7993642383881839,0.8378649993058807,1502.84,2.8515974232156793
FRB20190916A,0,,0,False,3566.0,0.4017274755225814,0.722382994278149,0.9483661870629118,1950.98,2.28923928425733
FRB20190918F,0,,0,False,483.0,0.45022843292665315,1.1133976929667846,1.656063572718835,2906.66,3.120717487851646
FRB20190918E,0,,0,False,3035.0,0.41622605896834325,0.8904240593757236,1.1187636304660469,1920.76,2.1004638507891937
FRB20190918D,0,,0,False,2978.0,0.40387500520109915,0.8428315407544174,1.1893633821410128,1036.1,2.301941559995895
FRB20190918C,0,,0,False,1452.0,0.4290287711113026,1.2017632004004932,1.3424998963639232,2563.08,2.583391074888058
FRB20190918B,0,,0,False,3828.0,0.4113803148996831,0.6433715746616622,1.2974750572591052,1350.36,2.28296539325831
FRB20190918A,0,,0,False,2150.0,0.4609487294450203,1.004323813534983,1.1842429735978486,1652.86,1.85778661492676
FRB20190919D,0,,0,False,2075.0,0.4198351174701732,0.9811052080186821,1.704054096456296,1906.52,2.552392850252162
FRB20190919C,0,,0,False,3825.0,0.3982952594979032,0.7250912500127317,1.2712135269987748,702.44,2.5744497481391453
FRB20190919B,0,,0,False,1279.0,0.4291949419067648,1.0242668316681423,1.4756791597991847,2405.82,2.373076320091109
FRB20190919A,0,,0,False,2339.0,0.4318679079991794,0.8971395592271684,1.5222677992882203,2144.06,1.855233868789528
FRB20190920A,0,,0,False,1154.0,0.49343962210242764,1.535638907417941,3.0495350232827154,2342.14,3.6277978214252204
FRB20190922A,0,,0,False,896.0,0.45351086833451726,1.1678935439768316,1.4185776094525226,2842.68,3.0194917684505054
FRB20190923A,0,,0,False,4019.0,0.3817628483888065,0.61061406580255,0.9388853866514792,1106.48,1.7992222493023797
FRB20190924A,0,,0,False,2365.0,0.41328504038167163,1.0311655111240983,1.374961258304898,1758.18,2.3370647779042417
FRB20190925C,0,FRB20180910A,0,True,1231.0,0.41604226861865967,1.0653081373527633,1.4005589346323761,2402.3,2.598973879295197
FRB20190925B,0,,0,False,327.0,0.566929473591374,2.1331855650856437,4.090817859477299,3575.76,5.323432712085771
FRB20190925A,0,FRB20190907A,0,True,2400.0,0.4161380044467228,0.7539456824160824,1.1457228074157348,2527.58,2.503476667594494
FRB20190925E,0,,0,False,712.0,0.5011886509022366,1.0940230272772318,1.5961763104822735,2954.34,3.094050647742983
FRB20190926D,0,,0,False,3526.0,0.4075146598171542,0.7075610376743028,0.692332292347038,1196.56,2.8618950105008123
FRB20190926C,0,,0,False,3905.0,0.38415337948513734,0.6830581024388043,1.1294972313390648,935.4,2.1852440416246948
FRB20190926A,0,FRB20181119A,0,True,1147.0,0.42555249216946006,1.1236702296122765,1.70575923299783,2275.36,2.8187542014570233
FRB20190927D,0,,0,False,2057.0,0.4301548749644177,1.071389568843397,1.314515640527508,1752.04,2.0755373473373653
FRB20190927C,0,,0,False,3625.0,0.4039057902498395,0.7063166028633507,1.3554869513135857,755.18,1.7320144354314342
FRB20190927B,0,,0,False,2479.0,0.41110616609736916,0.8809895081519846,0.9675399102464659,1457.8,2.1092575775454745
FRB20190927A,0,,0,False,2008.0,0.4288906371439806,0.9589925715893305,1.4932743466676615,2720.86,3.5290471625527147
FRB20190928A,0,,0,False,444.0,0.48015559512211126,1.099489992080452,1.7422519863488977,3494.14,3.2371151352224596
FRB20190929A,0,FRB20190417A,0,True,2411.0,0.48036254746114376,0.9464212972023418,1.25558797918178,633.72,1.8112542280673085
FRB20190929E,0,FRB20190929E,0,True,3665.0,0.39995446668470735,0.6334640544645097,1.1945239006343698,1047.86,2.1884989978046683
FRB20190929D,0,,0,False,3730.0,0.39384678828447117,0.7734398889372784,1.04182696424233,1678.36,2.4206392521796856
FRB20190929C,0,FRB20180814A,0,True,1849.0,0.431891737875809,0.8697194025362502,1.3992029651775473,2342.02,2.059198349589301
FRB20190929C,1,FRB20180814A,0,True,9.0,0.6007033836784749,2.352925495250973,3.6139183241177375,3993.74,4.550710818408659
FRB20190929B,0,,0,False,3475.0,0.40710112874835164,0.7370186768643482,0.7025346775668176,949.32,2.8243016275570607
FRB20191009A,0,,0,False,3105.0,0.4205302376497171,0.9650382956381064,1.1852260979705682,1677.18,2.4306357703687342
FRB20191010B,0,,0,False,699.0,0.43695581786324933,1.2114739662415563,2.038625751806894,2856.74,2.885896430857715
FRB20191010A,0,,0,False,2415.0,0.42198360981933275,0.9268504546448929,0.9918672924218691,2460.86,1.980336183387802
FRB20191012B,0,,0,False,3673.0,0.4094644897616156,0.7275171678955608,1.3011026895754123,1397.08,2.994010746077799
FRB20191013D,0,FRB20191013D,0,True,1761.0,0.44802165874631783,1.1255458937973215,1.3236850992991562,2237.84,2.7669408365703725
FRB20191013C,0,,0,False,2846.0,0.3945280799572116,0.8146478852777406,1.1311216459006461,1899.52,2.3627656565402897
FRB20191013C,1,,0,False,2756.0,0.3936796181602717,0.8362497939342843,1.186513895540513,2207.68,2.1812730285129915
FRB20191013A,0,FRB20190303A,0,True,1690.0,0.42739317825670464,0.7126075082263612,1.1155561724258967,3440.5,1.9498724921260575
FRB20191014B,0,,0,False,1410.0,0.44514163725812694,0.9129260607347106,1.0880279803190962,3089.72,2.9570501920810237
FRB20191014A,0,,0,False,2923.0,0.4234242296060077,0.8068080373329731,0.7092148558068393,1227.62,1.769116148645984
FRB20191015B,0,,0,False,2316.0,0.4100271742586757,0.7827125908145559,1.2777357573783477,1039.42,2.7853166612917994
FRB20191017A,0,,0,False,2502.0,0.4664681923518113,0.8483593693887788,1.0036359962373163,765.3,2.5148099871747114
FRB20191019E,0,,0,False,2497.0,0.42559909604157087,0.9715871994510519,1.3907466396286907,2371.14,2.3061236818108775
FRB20191021B,0,,0,False,2009.0,0.4154408121724925,0.8657960032257908,0.6693038655028801,1998.6,2.572597725956028
FRB20191021A,0,,0,False,1804.0,0.5068499077900281,1.2143967923425922,2.310590556940822,1284.7,4.792731179026928
FRB20191024B,0,FRB20190430C,0,True,3638.0,0.3904872713425788,0.5740216970245741,0.7412787585828153,406.92,2.4906759506391625
FRB20191025C,0,,0,False,262.0,0.5100248429180252,1.2889840202565535,1.9855558642438427,3879.34,3.5901136206772035
FRB20191025B,0,,0,False,2191.0,0.41203907254831035,0.9354282697294675,1.5238016823453866,1813.76,2.7084200879353464
FRB20191029A,0,FRB20180814A,0,True,2828.0,0.4654731133968638,0.8887424918223058,0.9663055963382016,1179.06,1.8289727318059739
FRB20191029D,0,,0,False,3148.0,0.4008202089147223,0.8606365554588089,1.2323621997507854,1885.32,2.346922952810746
FRB20191029C,0,,0,False,2595.0,0.45512372576922705,0.8754302630596038,1.0712331593572475,1108.1,1.8853960822223919
FRB20191030A,0,FRB20180916B,0,True,3102.0,0.3917048102709556,0.6660649050216333,0.9745161586310137,1890.08,2.3893233774676816
FRB20191030B,0,FRB20180916B,0,True,3550.0,0.4067831491587373,0.6193915889336815,0.7628799394690322,654.74,2.04268089031293
FRB20191030E,0,,0,False,1433.0,0.4884413989478822,1.0675480093872811,1.9959418978109909,2234.18,2.9814963185943646
FRB20191030C,0,,0,False,1348.0,0.4517406316051071,1.1825520871045894,2.032321517126575,2021.62,2.47244339492475
FRB20191101E,0,,0,False,3533.0,0.3984005265288362,0.6666275407500107,0.921524553994143,1694.08,2.507418322017402
FRB20191101D,0,,0,False,66.0,0.5438345282022075,1.9693376017286575,3.6817554192397597,2356.18,4.038267361668078
FRB20191101C,0,,0,False,3412.0,0.4350616027630127,0.7953010616121866,1.2140003260808767,1658.82,1.681362918641045
FRB20191101B,0,,0,False,2986.0,0.42302456859675025,0.6849174035801513,1.2012143484136306,1857.5,2.5625274102375784
FRB20191101A,0,,0,False,1526.0,0.4609103036460141,1.1646035519906444,1.892808408987809,1461.56,2.9908150209934967
FRB20191102C,0,,0,False,1111.0,0.4688576859982786,1.1202380858661984,1.5557527327566605,2569.52,2.332454379908677
FRB20191102B,0,,0,False,943.0,0.47270798757205895,1.2073287730709668,1.953529926269653,2573.4,2.4235968872146856
FRB20191102A,0,,0,False,729.0,0.4793462592099164,1.0190308495153593,1.4234277560495578,3360.48,3.21503605207171
FRB20191103F,0,,0,False,1588.0,0.41144081872541804,0.8916472865296667,1.7126834929419974,2182.82,2.7792219074369644
FRB20191103E,0,,0,False,543.0,0.43628625788519787,1.2164011816744253,2.081109392864801,2886.86,3.083232748744733
FRB20191103D,0,,0,False,4006.0,0.38847539783266694,0.6740987317774748,0.8736879293875858,918.06,2.059756068123006
FRB20191103C,0,,0,False,511.0,0.48407331420742283,1.171683922972782,2.04910031997683,3065.64,3.4710100064735685
FRB20191103B,0,,0,False,2235.0,0.4563837340145291,1.1360175706987692,1.5381762753699222,2119.88,2.9225567255666043
FRB20191104E,0,,0,False,2390.0,0.43391398852384483,0.7436155121141856,0.9446569594847983,1730.46,2.5889156545805334
FRB20191104C,0,,0,False,3654.0,0.3845368239944682,0.7539359562035941,0.8330079135049522,2230.72,2.134229313627302
FRB20191104B,0,,0,False,2565.0,0.46044845871604034,0.904525803255597,1.0578489649420961,1266.78,2.2531910023289954
FRB20191104A,0,,0,False,2212.0,0.41997300792007175,0.8674986764212056,1.3429781705515011,2059.18,2.6133512475995015
FRB20191105A,0,,0,False,3014.0,0.40294152525561877,0.8482082187650681,0.9364845704980088,1395.44,2.7288558944739636
FRB20191105A,1,,0,False,3436.0,0.40512865769171696,0.7802850222317097,0.6012136700154622,1043.06,2.9042950647759356
FRB20191106C,0,FRB20191106C,0,True,1373.0,0.43791778992377334,1.0987618622625992,1.6169696224620758,3081.5,2.7618857493583806
FRB20191106B,0,,0,False,991.0,0.4547811378392031,1.1595502625429828,1.9328882277616868,2475.3,2.604696261561957
FRB20191106A,0,,0,False,1468.0,0.4789336952583675,1.0962359042686136,1.5146370607648112,2708.94,2.0037103549280912
FRB20191107A,0,FRB20180814A,0,True,15.0,0.5483275768161603,2.155142591201695,3.206234557692608,3963.62,4.1856038237234
FRB20191107C,0,FRB20190110C,0,True,3427.0,0.40428912880892787,0.562580096214004,0.9610449836997605,1149.92,1.834408703962937
FRB20191107C,1,FRB20190110C,0,True,3164.0,0.41106758377382174,0.5776316297206973,1.0967408289457437,1413.82,1.5122728192073753
FRB20191108D,0,,0,False,3812.0,0.38757109037310233,0.5773831029289856,0.6632635310086913,652.36,2.3349313827057396
FRB20191108C,0,,0,False,316.0,0.4833760930137409,1.1388567290696316,1.723826441180962,3777.92,2.7123341605970155
FRB20191108B,0,,0,False,2597.0,0.4358478040472171,0.8068180375374995,0.882646061130903,2285.38,2.5817415683245923
FRB20191109C,0,,0,False,3768.0,0.3838726936718793,0.6637390859221334,0.8827725722449747,1569.28,2.4606193763149715
FRB20191109B,0,,0,False,3314.0,0.3949779901476829,0.7431360674411754,0.8416135459524797,2360.98,2.25589696534031
FRB20191110D,0,,0,False,2437.0,0.43486274117892926,0.9240846421873636,0.8528198488877955,2025.44,1.938254748207973
FRB20191110C,0,,0,False,1655.0,0.4837106050181229,0.9750761694447124,1.8320177166413913,2117.62,2.6549655526595175
FRB20191110A,0,FRB20190303A,0,True,825.0,0.480810355103166,1.267431858600664,1.895496502027043,3432.78,2.818288127903594
FRB20191110A,1,FRB20190303A,0,True,1455.0,0.43765187610670675,0.9981342246832522,1.4736566355204146,2780.16,2.2612402564144745
FRB20191110A,2,FRB20190303A,0,True,437.0,0.47832574470034767,1.248076090639358,2.03078106486504,3269.46,2.625653416021371
FRB20191110A,3,FRB20190303A,0,True,508.0,0.484290441811811,1.194468186667904,1.7989130892186251,3454.26,2.6257198243518833
FRB20191110A,4,FRB20190303A,0,True,304.0,0.4752367266227219,1.2923526828727794,2.110493996967845,3469.66,2.7669585096796676
FRB20191111A,0,FRB20180814A,0,True,1676.0,0.4371760015876537,0.9081026829940517,1.2277670882608678,2638.92,2.328987486367622
FRB20191113D,0,,0,False,1428.0,0.4864205465330665,1.0110661760483086,1.3257296548788722,1936.46,2.7631572336615373
FRB20191113C,0,FRB20191113C,0,True,3294.0,0.4546339105879788,0.8769567829574839,1.286662315304515,1494.28,2.2622422415324026
FRB20191113B,0,,0,False,2683.0,0.4377942043420544,0.8893520487185651,1.508966520657012,1615.78,1.9704276700416674
FRB20191113A,0,FRB20190303A,0,True,1971.0,0.43653706882291365,0.8390798209936913,1.3386545640624523,1965.04,2.2400032558916942
FRB20191113A,1,FRB20190303A,0,True,1422.0,0.4477080998458132,0.8217988990557051,1.1813283537703518,2352.7,2.029362091132859
FRB20191114E,0,,0,False,3168.0,0.4056093560633557,0.8707415367884904,1.3187263192388514,1707.98,2.981690209670002
FRB20191114F,0,,0,False,1137.0,0.4888363558784637,1.1951932869256436,2.0960398580938238,1722.8,2.2824952494006663
FRB20191114D,0,,0,False,1440.0,0.43919150112003635,1.4247012748081755,1.9000356983087148,2706.56,3.3956399691556025
FRB20191114C,0,,0,False,2836.0,0.3910426865296012,0.6780199816171797,0.9171256593651825,1954.4,2.412606230360097
FRB20191114B,0,,0,False,1744.0,0.43736951687482306,1.0671958743441605,1.666208620146454,2087.1,2.4605485555532236
FRB20191114A,0,FRB20191114A,0,True,2562.0,0.41083052761172545,0.7464059884420418,1.2793690899526757,1805.38,2.665080651550832
FRB20191115B,0,,0,False,2724.0,0.4238205725955751,0.8732457494356594,1.4183217313856449,1975.04,3.2865545598406674
FRB20191117B,0,,0,False,411.0,0.5007232869645712,1.303041765416357,2.011629471726122,3077.44,3.572549385947732
FRB20191117A,0,FRB20190303A,0,True,2853.0,0.42179135726435274,0.6583849985453998,1.1739075051995753,1263.84,1.599813023967023
FRB20191118B,0,,0,False,665.0,0.447803962204849,1.1483737262462261,1.531857930182807,2633.44,3.020495183267714
FRB20191118A,0,,0,False,1469.0,0.41479291038181954,0.8744189901314362,1.3995814898244292,1981.4,3.0895532842978017
FRB20191202C,0,,0,False,2486.0,0.40621208650805724,0.7859791292701153,1.0552565216454806,1897.08,2.2864139761303157
FRB20191202D,0,,0,False,179.0,0.5112125903051995,1.47131879790901,2.8518317706935816,2371.68,4.1500659481594875
FRB20191202B,0,,0,False,1651.0,0.4850868532327994,1.1166043283655847,1.5436590092361469,2153.44,2.7786717173508144
FRB20191205D,0,,0,False,3486.0,0.3975933674249012,0.8198796693534474,1.474913323665436,1642.92,2.9934274724951444
FRB20191205A,0,FRB20181119A,0,True,1670.0,0.40501546262055055,0.9404342264331127,1.308233360168115,2523.04,2.9193624615299716
FRB20191205F,0,,0,False,481.0,0.464877228043582,1.0747231086167306,1.6683215290586373,3402.68,3.750527502343601
FRB20191205G,0,,0,False,2436.0,0.43334505257174427,1.0785530174967028,1.319828578185126,2033.8,2.162957662626698
FRB20191206D,0,,0,False,3345.0,0.3959129431356037,0.7275252008463301,0.8168768907738383,1245.6,2.292470248893604
FRB20191206C,0,,0,False,2243.0,0.41339859200576223,0.9376265387232863,1.5974567456173556,1893.16,2.8879112997391685
FRB20191206A,0,,0,False,2719.0,0.40605439462600973,0.7247421294438462,0.9546819305960588,1189.98,2.1201698375995472
FRB20191207B,0,,0,False,3808.0,0.40811784716763666,0.7864622677705346,1.074268982234921,1820.66,2.7550382258084603
FRB20191207A,0,,0,False,2227.0,0.4230334815003387,0.9562583001822682,1.7029981868835173,2057.48,2.3350099462826597
FRB20191208A,0,,0,False,3020.0,0.4162424055966767,0.6767721246498621,1.066225636845285,733.46,2.1438816662322195
FRB20191209D,0,,0,False,145.0,0.5245765274441195,1.7382009890141155,2.4182681208456533,3668.18,2.5361857492906177
FRB20191209C,0,,0,False,2651.0,0.4006408368751478,0.8026144597115275,1.105139711335442,2864.74,2.8024866044491006
FRB20191209B,0,,0,False,3716.0,0.40804330695152075,0.6262740021611,0.7657510515681855,695.6,1.7473633851148784
FRB20191209A,0,,0,False,3543.0,0.42002995916358576,0.764464898977191,0.674723628640056,1127.96,2.0457207383319043
FRB20191211A,0,,0,False,3475.0,0.3941050899532722,0.6409535419465615,1.0089608332795754,1402.48,2.2608104589667555
FRB20191212E,0,,0,False,2801.0,0.4192566884412091,0.9701445991086253,1.605727240371279,1801.04,2.501198472940021
FRB20191212F,0,,0,False,922.0,0.4237429485136479,1.1783089858153348,1.4992464821650595,2961.6,3.0193161229152
FRB20191212D,0,,0,False,3752.0,0.39504411345123147,0.7460420717979563,1.0141545682669946,1164.5,2.3366550463420275
FRB20191212C,0,,0,False,484.0,0.5030095502986153,1.3628249798967995,1.9302643653081553,2912.76,2.3526103353886993
FRB20191212B,0,,0,False,1682.0,0.4676290073028955,1.0822791102455556,1.0752389532381768,2869.02,2.4355628587145794
FRB20191212A,0,,0,False,929.0,0.4765140850307153,1.107949289979554,2.0361036081016515,2943.36,2.5734548560719332
FRB20191213C,0,,0,False,1993.0,0.41904691257411397,0.9706066138439675,1.3065374992204082,1472.5,3.3870931358378646
FRB20191213D,0,,0,False,3517.0,0.4135156789773156,0.6476153785020026,0.8764248349599928,1141.48,2.3746247959449707
FRB20191214B,0,,0,False,991.0,0.4966127878281762,1.3223227818745744,2.4296903870655795,2265.22,3.3118843121193784
FRB20191214A,0,,0,False,510.0,0.4406144497578437,1.2068273260883804,2.2232568417536016,1922.54,2.959524607574317
FRB20191215C,0,,0,False,819.0,0.470556265536192,1.100705446679417,1.8690426937071436,2505.2,3.2227280051470024
FRB20191215A,0,FRB20190303A,0,True,50.0,0.5414024852780494,1.7332113597840908,2.648021563499743,3964.3,3.3852125224771585
FRB20191215A,1,FRB20190303A,0,True,2525.0,0.3969943820253735,0.7070776600001248,1.0702721004943285,2285.72,1.6185172946069366
FRB20191215B,0,,0,False,4103.0,0.38291141382326715,0.5790453030360659,0.5855676901527231,615.64,1.8388376141937233
FRB20191216A,0,,0,False,78.0,0.5378736866170518,2.169175387910397,3.579050200694811,2680.48,4.546653415615703
FRB20191217E,0,,0,False,3554.0,0.4090866675326154,0.7435477657734395,1.3378998259739356,636.14,2.3333670533858792
FRB20191217D,0,,0,False,167.0,0.5048766042326346,1.4069486653044498,2.1157471290505527,3649.34,3.252596971779189
FRB20191217A,0,FRB20190212A,0,True,3232.0,0.4035105920988576,0.7591405521798004,0.6846893937414381,1050.94,2.334886063269886
FRB20191217A,1,FRB20190212A,0,True,2083.0,0.4184625632029691,0.8984238837431014,1.6140281369973994,2407.32,2.6670970041270987
FRB20191217B,0,,0,False,603.0,0.511414389346484,1.2366609741941592,1.9284211988695914,3375.74,2.571349181816509
FRB20191218A,0,FRB20180916B,0,True,2285.0,0.3896592422762261,0.7722995937667739,1.2710580458887892,2116.84,2.3815382768130062
FRB20191218A,1,FRB20180916B,0,True,3833.0,0.4001192317774075,0.6007976084345364,0.8680581944280942,504.2,1.8473333386908144
FRB20191218B,0,,0,False,481.0,0.4475002540731398,1.0931826457275489,1.817881712206574,2093.0,3.2378903668177426
FRB20191218E,0,,0,False,869.0,0.5084957326297469,1.158963176139576,1.6859716847490953,2650.88,2.403753361354452
FRB20191220E,0,,0,False,1064.0,0.4917116443959618,1.1999753532072654,1.8510809610456838,2738.36,2.802590965353592
FRB20191220C,0,,0,False,935.0,0.46549442583027467,1.2981696885220175,2.201775033491976,2644.58,2.9982951838030734
FRB20191220B,0,,0,False,2975.0,0.4419696091889507,1.086612559040539,1.4109322389204288,2078.96,2.150938849649991
FRB20191223A,0,FRB20190117A,0,True,1705.0,0.4117952768047322,0.8736923672611316,1.242925070415291,2360.82,3.102032001430425
FRB20191223E,0,,0,False,43.0,0.5588182305681081,2.0388978379246323,4.402632932349359,2588.36,5.090583815555109
FRB20191223C,0,,0,False,2396.0,0.43988701827616006,0.8646946078280251,0.990921303617495,841.18,2.697396571820612
FRB20191224B,0,,0,False,1412.0,0.4202316030915868,0.9982533798239028,1.8154615984765696,2442.6,2.6668537246105344
FRB20191224A,0,,0,False,2810.0,0.39298085056085336,0.8097627954867195,1.5110409626656098,1116.86,2.4620872556573303
FRB20191225A,0,,0,False,1083.0,0.4799885658170489,1.5448466079480896,2.598651558010514,2690.1,3.630647631799412
FRB20191226D,0,,0,False,2158.0,0.4373378164362443,0.8654027411529146,1.0334152493283417,1869.14,1.8569255257069133
FRB20191226C,0,,0,False,1367.0,0.4225863091588382,0.9747467101742358,1.8082350926500335,2438.7,2.379211322424004
FRB20191226B,0,,0,False,1392.0,0.44645134080518234,1.075975935674767,1.5300654221431071,1580.9,2.508172170295251
FRB20191226A,0,,0,False,3756.0,0.4009141665825738,0.7179749878652089,0.8870300338353445,1334.62,1.8835653453222372
FRB20191227D,0,,0,False,277.0,0.5186477106291093,1.5259138515496538,2.135518042933962,3300.2,2.85550412498104
FRB20191227C,0,,0,False,2739.0,0.39538046039757446,0.7359177374087709,1.2007063409006078,1649.72,2.653021553140421
FRB20191227B,0,,0,False,1322.0,0.44446901823959867,1.1555821542631461,1.742443233533208,2111.06,2.577263294305831
FRB20191227E,0,,0,False,2092.0,0.40718637906933336,0.8931407471134085,1.3227409958641745,2675.86,2.5084990358861323
FRB20191227A,0,,0,False,2732.0,0.4183984119964483,0.696965381715273,0.9284516554714329,1657.58,2.812290495378008
FRB20191228D,0,,0,False,547.0,0.4736535424537961,1.6296826751387392,2.1522763212802554,3001.08,3.8720445926929887
FRB20191228C,0,,0,False,2707.0,0.41228416803964263,0.8436113821617092,1.3705763678230936,1519.54,2.1597358891092475
FRB20191228B,0,,0,False,2556.0,0.42430173117883047,0.711398983967216,1.2587997697148026,1426.14,2.4192323117705268
FRB20191229B,0,,0,False,232.0,0.4709401599083767,1.2267435607450696,1.9880301795519113,2787.12,3.1007736337835037
FRB20191229A,0,,0,False,3141.0,0.38877141497466594,0.7454530556604727,1.0900677421906708,998.72,2.237972498567504
FRB20191230D,0,,0,False,1073.0,0.4282677991130187,1.0741948982532796,1.897385952901642,2194.02,2.4711069122851166
FRB20191230C,0,,0,False,3145.0,0.38098025671719477,0.8552768708402116,1.2305784553906847,1165.18,2.3579236309882674
FRB20191230B,0,,0,False,832.0,0.48175080011970395,1.1983576108409681,1.58225528207512,2468.08,3.004805085277571
FRB20191230A,0,,0,False,2146.0,0.4820182131514843,1.3840540770732435,2.292955607542472,2044.42,4.377200059013787
FRB20191231B,0,,0,False,3033.0,0.435229812813288,0.8568269672421673,0.8313914294160037,1789.98,2.005904393496856
FRB20191231A,0,FRB20190303A,0,True,584.0,0.4793393822563932,1.2155063146447869,1.392038892513281,3615.6,3.2530430343411756
FRB20200105A,0,,0,False,2040.0,0.45462729111722344,0.9943728685625134,1.0460031075446508,1965.28,2.9834598570735067
FRB20200106C,0,,0,False,3628.0,0.416278957162861,0.8074564112429835,0.9492969068724102,1731.28,1.9746079527400693
FRB20200106E,0,,0,False,3154.0,0.4084948224950974,0.7614577577444692,1.340598861553396,1927.9,3.535250997847933
FRB20200106A,0,,0,False,2263.0,0.4502962621106776,0.9769012442679438,0.9989705123982199,1551.22,2.8974885116335862
FRB20200107B,0,,0,False,274.0,0.5148791752591179,1.2141252720561353,1.7225719515430948,3545.62,4.480489334605105
FRB20200107A,0,,0,False,332.0,0.4743403971040602,1.413400516611588,2.3857074369698994,3263.28,3.2738276361355365
FRB20200109F,0,,0,False,3468.0,0.38385860555479845,0.7468132095189842,1.0841379719335689,2228.98,2.0796560911807096
FRB20200109E,0,,0,False,881.0,0.435725746954693,1.221124508342802,1.6052163385409741,2341.54,2.5329717893004964
FRB20200109B,0,FRB20190224D,0,True,3057.0,0.40133471906082435,0.8447986987835622,1.2740643270633605,1252.14,2.0286932489900487
FRB20200109A,0,,0,False,737.0,0.452261278013105,1.254218863816917,1.90196674132463,2971.46,2.744587754580999
FRB20200110B,0,,0,False,273.0,0.4845325995040976,1.4062510586479595,2.0760332530931502,3876.06,3.4193284275751283
FRB20200110A,0,,0,False,2983.0,0.45096045682853964,0.8192819214218756,1.3633339442953816,1194.12,2.0092315515215615
FRB20200111D,0,,0,False,944.0,0.4541528409429387,1.3748644915331742,1.522042273655899,2435.88,2.590454816231952
FRB20200111A,0,,0,False,1781.0,0.4382619733238145,1.0487946864372066,1.610900850681073,2286.74,2.5391435022281157
FRB20200112E,0,,0,False,2332.0,0.402347754720049,0.7904265572355273,1.2159395274653535,1934.52,2.4358833612320843
FRB20200112D,0,,0,False,2880.0,0.38260220516009025,0.773377607428979,1.198232932912869,1288.36,2.0196978262089025
FRB20200112C,0,,0,False,2793.0,0.38523808999294823,0.7376854082608428,1.1296998829294183,1428.42,2.174929475983936
FRB20200112A,0,FRB20190303A,0,True,2993.0,0.41913515475276525,0.5349803490271661,1.0001058922023458,1467.24,1.5643035647138777
FRB20200112B,0,,0,False,2350.0,0.41518125318950394,1.0347316743462391,1.3931349534874145,2145.92,2.339044500471007
FRB20200113C,0,,0,False,2774.0,0.42324565892315047,0.8225733089924511,0.9000831364652063,1838.5,2.3966450874149405
FRB20200113B,0,,0,False,2929.0,0.39079228353959516,0.8406732534095885,1.521050440280256,2331.44,2.055593899958998
FRB20200113A,0,,0,False,3263.0,0.39675636669731634,0.7256707162646635,1.23725888402019,914.0,2.1858924990406945
FRB20200114C,0,,0,False,2954.0,0.4207358101062264,0.7910095606728761,0.7505438970632867,1181.16,1.7662796265365321
FRB20200114B,0,,0,False,4026.0,0.38996665837440736,0.5875334078903833,0.4523755092146556,447.02,2.5184627459379416
FRB20200114A,0,,0,False,1974.0,0.44940582287655073,1.0454468882568688,1.3294488810797755,1587.14,3.696479436786947
FRB20200115D,0,,0,False,2462.0,0.4641772096210762,0.784308558966048,1.0781585178286295,1135.06,2.2485029436898554
FRB20200115C,0,,0,False,143.0,0.5000627480970585,1.7359660816718843,2.312215093656956,3112.94,2.8870948591275454
FRB20200115B,0,,0,False,1652.0,0.43666035700270417,0.9245601592505179,1.5211951061880535,1770.72,3.0470404491242373
FRB20200116D,0,,0,False,2721.0,0.4339770509306716,0.6799708043022209,1.1901549071182846,1017.78,2.1157833582073384
FRB20200116B,0,,0,False,1184.0,0.545814688727887,1.7284226129436635,3.838511099531442,2582.3,3.9296875919959224
FRB20200116B,1,,0,False,961.0,0.5180849872304791,1.70855097540285,3.034566433706271,2816.0,4.328174289882551
FRB20200116B,2,,0,False,1567.0,0.49657313566422356,1.5897896485795775,2.981317556462745,2344.44,4.083484262023667
FRB20200116B,3,,0,False,835.0,0.5414188259811071,1.6142995408831697,3.6063152392838607,2845.34,4.385385415020395
FRB20200116B,4,,0,False,1615.0,0.5303272690356082,1.3076380079266114,3.445954884583621,1512.78,4.247902784482204
FRB20200116B,5,,0,False,908.0,0.5293057340630116,1.4909948502490393,3.5153189887170146,2424.38,4.520175289861288
FRB20200116B,6,,0,False,1457.0,0.520958192330247,1.254012487206015,3.3189787445990078,1452.52,4.2089372093993305
FRB20200116B,7,,0,False,2099.0,0.4896344295980787,1.4245028648085463,2.972582067575317,1275.36,4.03861063794114
FRB20200116B,8,,0,False,193.0,0.5569348933720292,2.198018985110356,3.5130920633625884,3486.28,4.997606231213444
FRB20200116A,0,,0,False,1172.0,0.4206741293304251,1.1193564329222214,1.6366348674713271,2521.56,2.4631842896667018
FRB20200116E,0,,0,False,748.0,0.48026082095756767,1.1585473680778005,1.6703241470804193,2636.1,2.6396133013126133
FRB20200116E,1,,0,False,1078.0,0.4566996512231189,1.113138473193207,1.5612577392862401,1991.56,2.471194312545185
FRB20200117C,0,,0,False,3465.0,0.4352885841167199,0.9155614128579339,0.9370529789207623,1353.5,1.704589430900417
FRB20200117B,0,,0,False,154.0,0.46996029583604476,1.6693851118266394,2.3541734014492377,2661.44,3.398710161628582
FRB20200117B,1,,0,False,1561.0,0.4268548165964949,1.1288468738733808,1.0783817565071738,2038.6,2.438423772744014
FRB20200117A,0,,0,False,1467.0,0.45465421649476956,0.8847170054959872,1.1809834528767698,2740.88,2.682768683016858
FRB20200118F,0,,0,False,1652.0,0.4107065457947435,1.0236702599220728,1.485309500524661,2071.24,2.7389969320226686
FRB20200118E,0,,0,False,216.0,0.5034934752438928,1.320147808529168,2.474151883863649,3191.14,2.827745169843096
FRB20200118D,0,FRB20200118D,0,True,3349.0,0.42086959665913687,0.6823549053667508,1.073603995939739,1847.16,2.732449699377434
FRB20200118D,1,FRB20200118D,0,True,715.0,0.4712672815293039,1.0646794848461356,1.8016042001151151,3726.1,3.724461585799366
FRB20200118C,0,,0,False,2537.0,0.4358973961530406,0.6897809969643888,1.0676153488574625,1191.26,2.6494747552834674
FRB20200118B,0,FRB20190226B,0,True,2872.0,0.3890701502903201,0.7185514446132306,1.313276807892308,808.16,2.428807687870547
FRB20200118A,0,,0,False,3647.0,0.40119124697506536,0.7156326258752497,0.9818733351963492,1269.28,2.237841408424865
FRB20200119D,0,,0,False,2675.0,0.3803971484636589,0.8433105006101391,1.260077059339621,1913.88,1.902632192742853
FRB20200119C,0,,0,False,1601.0,0.44950289871082266,1.1547317148935365,1.7444850395663145,2235.6,2.543714619036375
FRB20200119A,0,,0,False,195.0,0.48868531546746,1.555507269719673,2.541708237957286,3674.84,4.019807112795855
FRB20200121A,0,FRB20181017A,0,True,1655.0,0.4548098077961818,1.157661710255144,1.782124312976996,1523.32,2.266567427204335
FRB20200122L,0,,0,False,1160.0,0.46238109216399814,1.0290851484882122,2.187874407825851,1956.22,2.9552494675697063
FRB20200122K,0,,0,False,3233.0,0.41419667327660453,0.74381548881209,1.1300457961314783,1450.12,2.491117653361557
FRB20200122A,0,FRB20181030A,0,True,97.0,0.4926314994489814,1.7223119339602533,2.87647042984873,3509.14,3.109976155213768
FRB20200122A,1,FRB20181030A,0,True,152.0,0.49835118047386606,1.7147749366340381,2.5425698772729866,3375.3,2.9738748456596564
FRB20200122B,0,FRB20181030A,0,True,130.0,0.5119786528726432,1.934596456468603,2.494304920434931,3797.52,2.868162397620098
FRB20200122B,1,FRB20181030A,0,True,3.0,0.6120777333893955,3.3859093305144548,4.473689473045193,4013.74,4.846685916065522
FRB20200122C,0,FRB20181030A,0,True,76.0,0.5149278681826823,1.8766645173097802,3.0718271150090004,3686.36,3.428112803173722
FRB20200122D,0,FRB20181030A,0,True,116.0,0.49207959018548636,1.3591556003720129,2.1212401867377726,3533.52,3.803057962285064
FRB20200122E,0,FRB20181030A,0,True,100.0,0.48399840000691385,1.3553186811876057,1.8729363026420902,3392.7,3.540698415027309
FRB20200122F,0,FRB20181030A,0,True,106.0,0.45539993275783885,1.5196974719996124,2.336316534538785,3524.98,2.7742444031091473
FRB20200122G,0,FRB20181030A,0,True,170.0,0.46398153250538116,1.3997299410670292,2.0238289678488823,3659.96,2.5762975786679805
FRB20200123A,0,,0,False,4100.0,0.3906542001440403,0.6346806620918386,0.81945247827477,372.62,2.2575427129491925
FRB20200124E,0,,0,False,61.0,0.5581418457892464,2.219585002954105,2.807168759775516,4036.04,3.677264031622222
FRB20200124D,0,,0,False,82.0,0.5293916567690579,2.035741094376025,2.9619582363089343,3862.42,3.1770978750420635
FRB20200124A,0,FRB20190208A,0,True,2903.0,0.3918427365088118,0.7338653601379743,1.341570286483351,870.38,2.3548533638107165
FRB20200124A,1,FRB20190208A,0,True,3478.0,0.3820978871555464,0.690192192482818,0.9924475442360089,955.3,2.286723489451343
FRB20200124A,2,FRB20190208A,0,True,1191.0,0.41725660684203747,0.947673210702438,1.6028727028989203,3229.52,3.2296562308966825
FRB20200124B,0,FRB20190417A,0,True,1023.0,0.5075395073339644,1.1204306735887806,2.002419426000779,2116.92,2.5128609257209944
FRB20200125E,0,,0,False,3339.0,0.39900680734612015,0.7338301734039623,0.9577974806068813,1264.34,2.87146938068206
FRB20200125D,0,,0,False,2622.0,0.42921647625120635,0.751374335771316,1.0583483550130048,905.12,2.171424060919335
FRB20200125C,0,,0,False,99.0,0.4967949943693649,1.4287358338009835,2.2238730287679824,3908.2,3.93341592211007
FRB20200125C,1,,0,False,209.0,0.4799600518488274,1.1970778788790735,2.0346589448860946,3843.16,3.568906455146439
FRB20200125C,2,,0,False,3145.0,0.4204170364861494,0.7674742079447341,1.0930069155674478,2165.24,2.242202141711075
FRB20200125B,0,,0,False,838.0,0.47047023194791787,1.1150587459389176,1.9999580255810114,2587.34,3.386949293815606
FRB20200126D,0,,0,False,2517.0,0.4018569255136637,0.8422539898643153,1.3778285257937877,1750.12,2.5990530618357157
FRB20200126C,0,,0,False,508.0,0.4754311997380249,1.4537210776357166,2.0477616941347896,3333.74,2.9048644798047834
FRB20200126B,0,,0,False,2620.0,0.4346930931953585,0.8719737583156612,0.8766069625330222,1166.24,1.7971695311350029
FRB20200126A,0,,0,False,3158.0,0.451762902896585,0.8419392666034919,1.2705787956421755,1151.06,1.921258282271756
FRB20200127C,0,,0,False,678.0,0.4521392564972911,1.315188489037459,1.6033847254168625,3122.84,2.9561986549994783
FRB20200127B,0,FRB20200127B,0,True,2157.0,0.4343536409487411,1.0293333952090769,1.509619819394771,1951.38,3.547040136865817
FRB20200127A,0,,0,False,23.0,0.5903516104572363,2.774403973851948,4.828975874865515,3549.18,5.495428108555931
FRB20200128B,0,,0,False,1957.0,0.45811060916369706,0.9467350293394254,1.0058531807182938,1488.3,2.905949602177164
FRB20200128C,0,,0,False,1286.0,0.4371410837921678,1.0664481117522713,1.2653719605459224,1823.64,2.4645446284374235
FRB20200128A,0,,0,False,1171.0,0.4449261896067666,1.2278504432937691,1.6308910638161274,3108.28,2.6558365640353703
FRB20200129B,0,,0,False,1301.0,0.4611124052214503,1.1063664508974176,1.7624942456761665,2979.46,2.2584452585752475
FRB20200129A,0,,0,False,4045.0,0.38986757039938397,0.658039990021021,0.8486992302177343,472.12,1.6557135266818577
FRB20200130B,0,,0,False,27.0,0.5891269352691766,2.4045950473987348,4.39726572764785,3441.74,4.973767632883133
FRB20200130A,0,,0,False,1575.0,0.538630771813878,1.3300994351539623,3.1542082143732615,2014.9,4.902969813692255
FRB20200131A,0,,0,False,2127.0,0.4063240397702236,0.9508001153735,1.2922213730947618,2266.06,2.146498252270009
FRB20200131B,0,,0,False,1405.0,0.43962585243010877,0.841853568366866,0.8230988133843105,693.84,2.3823462139176668
FRB20200201A,0,,0,False,2216.0,0.4539433490018118,0.8458061243677747,1.6582607220847703,2012.98,2.633030516342875
FRB20200202A,0,FRB20200202A,0,True,1059.0,0.4485005311160073,1.1008691975371891,1.6512619259813932,2545.8,3.8258672536579597
FRB20200202A,1,FRB20200202A,0,True,1085.0,0.4521694499910357,1.062428930190396,1.4309403405673462,2269.5,3.5343409656923312
FRB20200202B,0,,0,False,1793.0,0.5302766815746572,1.2747591443809203,3.142318487548529,1610.58,5.317649246601803
FRB20200203A,0,FRB20180916B,0,True,3233.0,0.44604023318062175,0.8412307337944626,1.0539938466354282,1200.5,2.412589692074749
FRB20200203D,0,,0,False,2665.0,0.4118807228404043,0.7689458163690089,1.0322274948566463,2258.12,2.4358259360338086
FRB20200203C,0,,0,False,1360.0,0.4296924314829346,1.0148950403041017,1.6241521166598312,2054.52,2.738115318193026
FRB20200203E,0,,0,False,4094.0,0.3855397697150396,0.5911178702435559,0.7956676230059841,205.92,2.502224246713858
FRB20200203B,0,,0,False,1519.0,0.4010787661007541,0.9926169123515958,1.4404942419671565,2118.02,2.504116141088473
FRB20200203H,0,,0,False,3347.0,0.41595862555744645,0.6242424253888336,1.3116740904709203,863.88,2.11173729135828
FRB20200204A,0,,0,False,3250.0,0.41712783140300047,0.7091984703152151,0.9518144153489785,747.62,2.537874111118897
FRB20200204B,0,FRB20180916B,0,True,2117.0,0.4176285011057531,0.7727554560294181,1.2604906373926852,2249.18,2.1402039326703477
FRB20200204B,1,FRB20180916B,0,True,1443.0,0.45025202577209866,0.8235809297511107,1.2865399215178186,2853.44,2.8443332933779755
FRB20200204C,0,FRB20180916B,0,True,1272.0,0.5101468894121999,1.6167932826149851,3.462450565293875,2298.6,3.3377397616362443
FRB20200204D,0,FRB20180916B,0,True,3941.0,0.42263644664815214,0.7451601147036138,0.7605886914039814,296.04,2.165950802097568
FRB20200204E,0,FRB20180916B,0,True,2001.0,0.47822213822449755,0.953835808415539,1.3700316891842876,1767.06,2.628142243740062
FRB20200204I,0,,0,False,2221.0,0.40628279878579204,0.8766673364150875,1.491762848079088,1600.6,2.667706533518288
FRB20200204H,0,,0,False,600.0,0.4499527824165088,1.245117110398108,2.1016793835306533,3184.4,3.0515096413178253
FRB20200204K,0,,0,False,2048.0,0.41480108130022464,0.7892423571541223,1.363170164181999,1287.96,3.0118652458622264
FRB20200204G,0,,0,False,3462.0,0.37116421369501945,0.811974563572727,1.1017240522761362,1227.5,2.253702117916214
FRB20200204F,0,,0,False,642.0,0.5163210161775669,1.4615124170668203,3.173170463103101,2552.78,4.14363633591625
FRB20200205D,0,,0,False,2839.0,0.4160052173932458,0.7779256342872658,1.4709965082408372,1868.34,2.6660250829986882
FRB20200205B,0,,0,False,1792.0,0.4185817513774688,1.026536763743863,1.2983330863751452,2211.94,2.670128532695659
FRB20200205A,0,,0,False,3402.0,0.4162920955299033,0.6676773647346603,0.8293037984938114,856.84,2.48853692924627
FRB20200206B,0,,0,False,1604.0,0.4239006079056458,1.0127565423186407,1.4319084568426874,1839.12,2.417741474816078
FRB20200206A,0,,0,False,2230.0,0.43066629616113783,1.031669746104109,1.2881912866992373,1357.26,3.4383482462094572
FRB20200207A,0,,0,False,1897.0,0.4867773005452561,1.112955514532617,2.4246431896321416,1232.4,3.7016819809456
FRB20200207A,1,,0,False,2349.0,0.4794756659907535,1.1202003460079586,2.170661920634451,1112.9,4.809098195385897
FRB20200208A,0,,0,False,4056.0,0.38980424487742754,0.6666177830330261,0.9715997182436837,810.6,1.9195777246170218
FRB20200210B,0,,0,False,655.0,0.4467476554052097,1.3852867172819041,1.8470799826182398,2932.94,3.204131368775082
FRB20200210B,1,,0,False,1360.0,0.42385704656776163,1.0161064886896727,1.170052003241267,2071.8,2.7731308835590966
FRB20200212A,0,,0,False,1096.0,0.4930440360694162,1.4979806617281923,3.0627121772222194,2202.28,4.121220565303449
FRB20200213E,0,,0,False,4075.0,0.39433048440289303,0.6566707162536736,0.8437565406297193,920.28,2.175834986685509
FRB20200213D,0,,0,False,2787.0,0.4226636830642999,0.8204173268601241,0.9942063648372643,1818.4,2.0665515724161163
FRB20200213C,0,FRB20190915D,0,True,1617.0,0.4429967548245512,0.8048982920351891,1.5347943280859278,2903.58,2.710001821406596
FRB20200213B,0,FRB20190915D,0,True,768.0,0.44235447045996124,0.9354044701792473,1.4565528067675761,2633.56,3.317070570582014
FRB20200214C,0,,0,False,975.0,0.45724422419694677,1.1938136846380285,1.8673031814082786,3064.18,2.604266735117006
FRB20200214B,0,FRB20190915D,0,True,1546.0,0.42529931664916987,0.8595747582456775,1.227200326183185,1843.7,2.639700166718792
FRB20200214A,0,FRB20190915D,0,True,869.0,0.456189863011596,0.9868750093635036,1.406511342545937,2076.7,3.395518190484243
FRB20200215B,0,,0,False,3658.0,0.40141453210320754,0.6687279575206884,0.5910915956424216,2264.7,2.9495055628226
FRB20200215A,0,FRB20191106C,0,True,380.0,0.48016632957401006,1.0746764896071956,1.4147447679393748,3827.72,3.7712635239058163
FRB20200216B,0,,0,False,1745.0,0.4121510479050792,0.9517471890668343,1.626483557373642,1652.18,1.8199263501153977
FRB20200217A,0,,0,False,465.0,0.4670613909682474,1.5371222623930543,2.247302166542473,2989.76,4.505665448813657
FRB20200218D,0,,0,False,206.0,0.5212740715807356,1.6410553238433063,2.27828892033121,3217.96,3.974599982138148
FRB20200218C,0,,0,False,1564.0,0.4117892090085855,0.9602732976484809,1.3979263956633334,2170.38,2.5999778520148884
FRB20200218A,0,,0,False,1044.0,0.4275164557756508,0.9141277850570919,1.370822133392732,3052.06,3.0209390212632288
FRB20200219C,0,,0,False,3403.0,0.40406109549507135,0.7147407214473172,0.7905872970073957,1065.4,3.3339619198101316
FRB20200219B,0,FRB20200127B,0,True,1653.0,0.44193134176603854,1.0042462370044283,1.5211569835746779,2252.22,3.174189450043679
FRB20200220A,0,FRB20180916B,0,True,3615.0,0.403389636339111,0.6258636127468448,0.549599542761377,874.64,2.4016045751703032
FRB20200220G,0,,0,False,2569.0,0.40624031957155793,0.8303579998156158,1.3363491926517075,2161.6,3.0211238487548213
FRB20200220F,0,,0,False,2575.0,0.3908619010077292,0.819559914755667,1.4696733995672229,1125.84,2.2362206756814063
FRB20200220E,0,,0,False,2850.0,0.4282646811617276,0.8179113631327377,1.2954559433548951,1949.16,2.1989031746010133
FRB20200221A,0,FRB20180916B,0,True,2775.0,0.4128519596633104,0.8089036677721966,0.9241652768256855,2192.3,2.505506915162949
FRB20200221A,1,FRB20180916B,0,True,1512.0,0.4412573176759908,0.8194525810420284,1.3482764806044043,2902.26,2.7037405180936243
FRB20200221B,0,,0,False,1064.0,0.5121132853222898,1.2516462273163917,2.0044498051765705,3670.38,3.090541711189719
FRB20200222E,0,,0,False,4097.0,0.38951628353035556,0.7327179206535107,0.9199601781735219,851.06,2.1160542631954775
FRB20200222D,0,,0,False,596.0,0.552397601365547,1.8325675152680319,3.7239384924955696,3242.98,4.495821573125074
FRB20200222C,0,,0,False,3176.0,0.3759452681162836,0.7278591184220463,1.0433138057122304,611.28,2.1346376694046443
FRB20200222B,0,,0,False,781.0,0.42477486989891944,1.2219426436713956,1.6931252428012293,2827.84,3.9010609535711067
FRB20200222A,0,,0,False,229.0,0.48526801013590337,1.354029386777913,2.006010840662519,3482.36,3.2094315506229396
FRB20200223E,0,,0,False,1134.0,0.48527114417001543,1.276042703218931,2.0496819755966627,1776.76,3.9871808165578937
FRB20200223D,0,,0,False,1703.0,0.4820064445492769,1.2813126341019794,2.410828060106905,2088.84,4.582570385986031
FRB20200223C,0,,0,False,1188.0,0.4235542060917337,1.0045456099424537,0.9804396248984066,1814.36,2.6111284480392505
FRB20200223B,0,FRB20200223B,0,True,1545.0,0.5009309553037767,1.0542214043791454,1.1794315358680163,2809.9,2.1266487611848537
FRB20200223A,0,,0,False,3115.0,0.43420919580429834,0.7504910340317116,1.343091527920521,948.28,2.3892823966233823
FRB20200224A,0,FRB20180814A,0,True,2363.0,0.43635131457722787,0.7475468950954941,1.32526927987801,3180.66,2.8064061873871293
FRB20200224D,0,,0,False,639.0,0.4757895543320028,1.0231260820987116,1.6031833092118837,2823.94,2.8452321867885852
FRB20200225B,0,,0,False,901.0,0.4666271943236061,1.2132276877271,1.7843815130625627,2699.94,2.2005557528534605
FRB20200225A,0,,0,False,847.0,0.45008101012067997,1.3982403716871503,2.4139212457555246,2439.5,2.851906391190285
FRB20200225A,1,,0,False,1355.0,0.44158919812310454,1.0760752336504862,1.265241707935995,1865.16,3.9400648176092807
FRB20200227C,0,,0,False,793.0,0.4418077570299263,1.2816112027644833,2.069916450660816,2516.18,2.711386252579241
FRB20200227A,0,,0,False,2540.0,0.4307757191020461,0.9037959696521375,1.6554735908020355,1666.96,1.9823402259126004
FRB20200229D,0,,0,False,1953.0,0.41389680336008733,0.8686055012244029,1.0499716058665867,2401.2,2.447408867417749
FRB20200229C,0,,0,False,534.0,0.5063226664333238,1.1913034069508857,1.9416438484324723,3035.62,2.7733510769844276
FRB20200229B,0,,0,False,3987.0,0.39668177312318326,0.6453974521046949,1.0429185895271684,664.72,1.746197974018575
FRB20200229A,0,,0,False,3328.0,0.40013002970410005,0.7435427376128146,0.7160277878102582,1551.82,2.403481330374183
FRB20200301A,0,,0,False,2778.0,0.4157306892707171,0.8614934362708275,1.0099091932971906,1428.1,1.8975718230724703
FRB20200302A,0,FRB20180814A,0,True,3243.0,0.42342710786040455,0.6378361453163058,0.901040457309649,2608.62,2.6104130718130345
FRB20200302A,1,FRB20180814A,0,True,54.0,0.5530913228471265,1.6458595339204443,2.6762043467896093,3942.98,3.52777856955346
FRB20200302E,0,,0,False,2428.0,0.3948008991875942,0.9810891814058245,0.7933542445060406,1847.82,2.8775609785678573
FRB20200302F,0,,0,False,665.0,0.458646668017497,1.237129514748104,1.8956784015433146,2897.24,2.1556924831826003
FRB20200302G,0,,0,False,1296.0,0.41504070935364906,1.1304041947021215,2.008512430094364,2624.64,2.605625081933245
FRB20200302C,0,,0,False,3732.0,0.3886867670170808,0.6231339083588285,0.973024974797793,323.42,1.9550881881479618
FRB20200302C,1,,0,False,3086.0,0.38470345123726113,0.7963302739284657,1.3180295099577217,1695.14,1.9492585784912264
FRB20200302B,0,,0,False,1512.0,0.44692254291625255,0.8556580460115383,1.1039674637824015,2758.86,3.284979086563082
FRB20200302B,1,,0,False,2013.0,0.4201845013268484,0.7993408460405697,1.2044004982514858,2462.9,3.1441050908756774
FRB20200302H,0,,0,False,2901.0,0.4261587247639913,0.7560676010044414,1.3233767390509628,1763.5,2.6976526207027156
FRB20200304B,0,,0,False,3653.0,0.39096952994393824,0.6724583792690193,0.9520077295562378,1179.46,2.0074979486718343
FRB20200304A,0,,0,False,2443.0,0.4040935689817807,0.8861769934148953,1.4625750761921592,1305.66,2.3707927103668904
FRB20200305B,0,,0,False,957.0,0.5536194481451806,1.8778107890794022,3.5881952413833784,3266.02,5.098900348339891
FRB20200305A,0,FRB20191113C,0,True,3395.0,0.4369779343562853,0.9477515251073207,1.3146474294056902,1512.32,1.9755714901520807
FRB20200306A,0,,0,False,1370.0,0.4764461484111298,1.0898801010194328,1.940185850013709,1930.74,2.448692338701599
FRB20200306B,0,,0,False,192.0,0.48726990954079746,1.5057271853026808,2.0887660494101876,3261.52,3.9896269033880545
FRB20200306C,0,,0,False,505.0,0.4954999492144168,1.4345247242418204,2.8498040281508046,2676.74,3.9150094706237555
FRB20200307C,0,,0,False,1326.0,0.4427375945333405,1.0587290503863884,1.7303087191096367,1969.96,2.874882301728982
FRB20200308D,0,,0,False,155.0,0.49993960345599914,1.5763127529468957,2.536336102406272,3587.72,3.3176046152999543
FRB20200308C,0,,0,False,1055.0,0.42982039264652055,1.2333095307935893,1.8774755908958367,2958.06,2.87929149232483
FRB20200308B,0,FRB20200308B,0,True,939.0,0.4311054928545733,1.1732609200660329,1.8253996821003793,2669.56,3.054839923905854
FRB20200308A,0,,0,False,777.0,0.45465976072387543,1.3058081163631627,1.5928956448863707,3331.14,2.5690659392120847
FRB20200310A,0,,0,False,3984.0,0.3923409479526774,0.5831036540542541,0.7649890787737507,314.66,2.1704363503549864
FRB20200311E,0,,0,False,1165.0,0.4283283080737355,1.0926125367588935,1.2932653152280982,2667.14,2.5846366234080516
FRB20200311B,0,,0,False,3370.0,0.3744000991003096,0.7469534158110462,1.0518389539077189,933.56,1.9815042419160498
FRB20200311A,0,,0,False,3563.0,0.3960246931534055,0.6972672731559278,1.398470548784205,723.3,2.213481839970667
FRB20200312A,0,FRB20190915D,0,True,3606.0,0.39162547180624985,0.6627613936687481,1.0901692950155746,1234.04,2.791634419745204
FRB20200313C,0,FRB20190915D,0,True,1254.0,0.4464343997046987,1.015329639056054,1.257594131219045,2013.66,2.882031510668274
FRB20200313C,1,FRB20190915D,0,True,1415.0,0.42568917944851137,0.9585658593426573,1.5044113823834262,1632.94,2.979638299949383
FRB20200313A,0,,0,False,879.0,0.43410671122439864,1.2790874781062433,1.8400432810154355,2874.24,2.8256208319876044
FRB20200314H,0,,0,False,1863.0,0.4395257105171276,0.7621118072093546,1.2335708241523935,1512.06,2.327587102902804
FRB20200314F,0,,0,False,3971.0,0.4054325388919845,0.7229782174211399,0.9942062304638276,1092.2,1.8957072842114846
FRB20200314E,0,,0,False,2256.0,0.4221004176983734,0.8093402167165115,1.2929173434466112,1661.86,2.2593363915332594
FRB20200314D,0,,0,False,2054.0,0.41317198633886554,1.0155649659806076,1.3774220648994462,2089.04,2.1198399291046526
FRB20200314A,0,FRB20190208A,0,True,1616.0,0.41886642712256716,1.1407323645646357,1.9874774463270164,2592.68,2.925597397759665
FRB20200314A,1,FRB20190208A,0,True,1633.0,0.41613739941429106,1.0127760182050654,1.9140544352042232,2184.86,2.8067248269034657
FRB20200314A,2,FRB20190208A,0,True,1782.0,0.39945876676950914,0.901122612250175,1.4938634337581598,1459.42,2.6029422234674304
FRB20200314A,3,FRB20190208A,0,True,1430.0,0.4240493447066712,0.9461095373109154,1.663088184238637,1936.2,2.7794575081483543
FRB20200314B,0,,0,False,4058.0,0.3974058416935943,0.6380332085195916,0.8256605148354857,543.88,2.2597286995576233
FRB20200315D,0,,0,False,414.0,0.501004503112925,1.5410194329874907,2.3462986736126856,3314.24,1.9548616872785851
FRB20200315A,0,,0,False,893.0,0.47264701173627865,1.6736045187872048,2.6996902963201586,2857.24,3.9961720700011374
FRB20200315A,1,,0,False,1424.0,0.4819039362678977,1.338838897044345,2.4096102553819185,2048.9,4.182230996124923
FRB20200316C,0,,0,False,3935.0,0.3849742121017392,0.6150611241393101,0.9703279879209561,775.74,2.096017299704857
FRB20200316B,0,,0,False,1725.0,0.39715080805239,1.0470386217798013,1.3653486180218366,2338.36,2.9336574121588814
FRB20200316A,0,,0,False,1989.0,0.436418821164008,0.9306718251260833,1.2685743021636173,1900.92,1.913822081299439
FRB20200317G,0,,0,False,3798.0,0.38482756701872184,0.6262449974881756,0.4941204783661544,748.32,2.1198089191869314
FRB20200317F,0,,0,False,2539.0,0.41616896443062973,0.9664809582858929,1.2554129468274888,2178.76,2.898284643396055
FRB20200317H,0,,0,False,2387.0,0.44731971428071615,0.8302184293717854,1.1580517371656205,2164.84,2.0119401048199714
FRB20200317E,0,,0,False,3129.0,0.4297860222943061,0.9520276007802245,1.1193159046376517,1244.74,1.8925390125851083
FRB20200317D,0,FRB20191106C,0,True,1129.0,0.4257281698023744,1.046209428812047,1.5088630118212158,2821.8,2.6940328220700467
FRB20200317C,0,,0,False,1037.0,0.41491391929946453,1.0156995849519794,1.5499609428618166,3348.56,3.228378411399504
FRB20200317C,1,,0,False,581.0,0.4370311756940658,1.1499800792434762,1.8404705457750399,3292.6,2.961412873791517
FRB20200317B,0,,0,False,714.0,0.5506435701630997,1.5648111119391497,4.607533139165014,2490.78,7.049502673985214
FRB20200317A,0,,0,False,3279.0,0.40468792749794774,0.6913245435340845,1.0862355715944039,1709.28,2.5100311790459204
FRB20200318B,0,,0,False,2617.0,0.46273911557453234,1.2239458273730837,2.444643539788192,1549.3,3.4062413121197705
FRB20200318B,1,,0,False,2520.0,0.46965836556394885,1.1795634007646352,2.3820571941418804,1374.82,3.386096453000456
FRB20200318B,2,,0,False,2141.0,0.4754007120041008,1.1349641516428182,2.30415749306045,1034.24,3.3010405002809096
FRB20200318B,3,,0,False,1361.0,0.48570435441379395,1.4833287748212654,3.0891762561118488,1899.58,3.3479508318095252
FRB20200318A,0,,0,False,2991.0,0.4027083244718558,0.7058835309075211,1.1945155922133566,1579.68,2.464960324163449
FRB20200319B,0,,0,False,3956.0,0.3883265261747047,0.6901022795499501,1.3361715079888694,1220.84,2.4409456701497323
FRB20200319A,0,,0,False,3423.0,0.4089143306162492,0.7406058430027395,1.1460970074934826,1589.62,2.1777339824461333
FRB20200320E,0,,0,False,3968.0,0.38025358602805776,0.7775993803630896,1.209259152387032,1296.98,2.1786767721167855
FRB20200320D,0,,0,False,4026.0,0.3981028036077027,0.6032023118904994,0.6371516501043344,814.38,2.086241479909137
FRB20200320C,0,,0,False,1669.0,0.4079813451801841,0.8948227269440991,1.443615154362634,2220.54,2.0592396064411314
FRB20200320B,0,,0,False,3784.0,0.3922170687774056,0.6975139326416631,0.6704706247428216,587.14,2.450949444028404
FRB20200320A,0,,0,False,454.0,0.5699202408880744,1.9699049096787742,4.847735820440743,3352.52,7.043355879325809
FRB20200321G,0,FRB20190113A,0,True,1816.0,0.415269012103605,0.984740753776604,1.496825812714909,1948.48,2.745756293374379
FRB20200321F,0,,0,False,777.0,0.4460268376167272,1.0741136210625857,1.7945964975653832,3065.22,2.414313885720615
FRB20200321E,0,,0,False,45.0,0.5747900213221612,2.3550202999212226,3.0906917819587822,4018.1,5.866337050771694
FRB20200321E,1,,0,False,3125.0,0.4345075244305378,0.9441532959078189,0.9775325427013666,1592.48,2.906129163231936
FRB20200321D,0,,0,False,2383.0,0.3997909639089648,0.7775139810966445,1.2031715791678503,1457.26,1.9435842588963685
FRB20200321C,0,,0,False,2546.0,0.4236084084065513,0.9584588248603312,0.8602080661141401,1983.58,2.540040285855116
FRB20200321B,0,,0,False,1058.0,0.46116005592544507,1.0289625643932514,1.5906852411126162,2107.34,2.2494044814059744
FRB20200322C,0,,0,False,731.0,0.4763088757878621,1.1620640405619738,1.6848158034979226,2211.66,2.8806394291480153
FRB20200323G,0,,0,False,2845.0,0.44431975329080736,0.8262353087152224,0.6045365019745845,802.46,2.3966899869245646
FRB20200323F,0,,0,False,3472.0,0.38394390674380036,0.766896595037841,1.2188365642133858,1115.6,2.0577454806519877
FRB20200324H,0,,0,False,3333.0,0.4011478357947132,0.7247199661078285,0.8309347407625655,1363.86,2.5322954288870303
FRB20200324G,0,,0,False,2354.0,0.4179009627569512,0.947619521951899,1.065095385661181,1957.96,2.062625856428944
FRB20200324F,0,,0,False,1898.0,0.39693703697708277,0.8949374086129662,1.2805659521431145,2676.72,2.1476923926525857
FRB20200324E,0,,0,False,3610.0,0.40549020006489767,0.6858815027653553,0.9294956302310696,1510.2,2.0056118462319805
FRB20200324A,0,FRB20180916B,0,True,3578.0,0.40801752533144925,0.6053419540963028,0.8256288491808966,704.4,2.1130600019311334
FRB20200325A,0,,0,False,2969.0,0.40997356767938903,0.9189095962900847,0.9987410795234782,1946.22,2.0985178663003796
FRB20200327G,0,,0,False,3399.0,0.4413016952115005,0.7760441730709714,0.6909830456671444,1029.86,2.294422653527162
FRB20200327F,0,,0,False,2753.0,0.3837252581937062,0.7459352944208,1.2616970331878672,1390.84,2.077762919272938
FRB20200327E,0,,0,False,726.0,0.47166217347280626,1.3782074479815383,1.8047554400319106,3057.56,3.181193975035405
FRB20200327D,0,,0,False,1504.0,0.4817789131328939,1.076820376689969,1.567262519121731,1688.9,2.8878923920566955
FRB20200327C,0,,0,False,1438.0,0.43712815738882466,0.8595574943708983,0.8436404183771888,1299.56,2.6136039789587904
FRB20200327B,0,,0,False,1763.0,0.5090214931429616,1.1203376645822005,1.9538365814052088,1886.02,3.9633057937897176
FRB20200327A,0,,0,False,3800.0,0.3883826795404843,0.7083212344604246,1.0367476241126978,999.14,2.0023331309982204
FRB20200328C,0,,0,False,1650.0,0.49279226545880683,1.162685411160653,2.4650470460536216,1040.12,4.357205445614778
FRB20200328A,0,,0,False,2887.0,0.4321581100661788,0.8037288477731386,0.7718313732418001,1123.46,2.5146255891311737
FRB20200329A,0,,0,False,1350.0,0.4414904520041312,0.9818513000953178,1.4382012943610065,2719.16,2.578769711590455
FRB20200330B,0,,0,False,4072.0,0.382852469460819,0.6259990492551389,0.9266987347945261,1011.78,2.3709792355409602
FRB20200401B,0,,0,False,1834.0,0.5003518646780839,1.5591502631211096,3.009353065258778,2371.9,4.622857113818307
FRB20200401A,0,,0,False,1765.0,0.4112816727367743,1.020708652103437,1.5706262473553105,1970.96,2.567870042136342
FRB20200401A,1,,0,False,1531.0,0.4070521676924396,1.0288207327411296,1.412596290541427,2573.86,2.0738558899078026
FRB20200402A,0,FRB20190905A,0,True,1955.0,0.4931732257133364,1.3333741771032348,2.6667217872704065,1844.08,4.544283488098099
FRB20200405B,0,,0,False,1684.0,0.4282081449846788,1.1793623252065557,1.5828186248006453,2419.0,3.772310601163382
FRB20200412D,0,,0,False,2643.0,0.43547297225674325,0.9721738410665661,0.7536852412318049,2319.12,2.5473293980223137
FRB20200412C,0,,0,False,3494.0,0.38374951468401025,0.6884147578672473,0.8457825908922666,704.02,2.1208543906455533
FRB20200412B,0,,0,False,1599.0,0.44886998975353626,1.112426581079296,1.8450001000216538,2230.24,2.818442834740919
FRB20200412A,0,,0,False,3417.0,0.3846682818470517,0.727122292712447,0.9694303749888249,1256.08,2.1769368520161545
FRB20200415B,0,,0,False,1205.0,0.45162780383838913,1.0745064730453273,1.5595150446633868,3061.46,2.6501163120471722
FRB20200415A,0,,0,False,1236.0,0.46523790496727363,0.889586297980377,1.4922772006544196,3487.34,3.0333944950097766
FRB20200416D,0,,0,False,2899.0,0.4318131980373539,1.1002281522444348,1.096514762158168,1716.1,1.932800138570916
FRB20200416C,0,,0,False,3435.0,0.4029218895543619,0.7552002213347542,0.7622764732189914,1389.44,2.022856115377877
FRB20200416B,0,,0,False,2052.0,0.44774084208450493,0.9490222502505812,1.1034031220927831,1046.02,2.860081143522556
FRB20200416A,0,,0,False,2448.0,0.39672359720996403,0.8594981408208323,1.5470838062362806,1338.48,2.2856927058336955
FRB20200417C,0,,0,False,3801.0,0.4012746520794473,0.6241323031425104,0.9130510165333234,1049.42,2.01528666475716
FRB20200417B,0,,0,False,4036.0,0.38982899930958503,0.6575758766839366,0.8723422339646466,945.06,2.097648445926475
FRB20200418B,0,,0,False,2832.0,0.42213636742237426,0.7980663167402521,1.0579954086073209,1572.38,2.039134625181395
FRB20200418A,0,FRB20191114A,0,True,1450.0,0.4191482784195921,0.981779480366705,1.3409314442157707,2774.72,3.333650752192176
FRB20200419C,0,,0,False,1530.0,0.424120355443477,1.0028609876694783,1.3213309965188054,2017.66,2.264752454752739
FRB20200420C,0,,0,False,3021.0,0.43865184692336023,0.8359636963549502,0.7919827084220211,1061.46,2.4795349917519838
FRB20200420B,0,,0,False,56.0,0.557175267176671,2.0254262516793267,4.0735464151721255,3316.1,4.17991302496687
FRB20200420A,0,FRB20200420A,0,True,991.0,0.42788943501894977,0.9334627854707763,1.6475901004490558,3036.72,3.6876921186038474
FRB20200420A,1,FRB20200420A,0,True,2755.0,0.4101710035138824,0.7243312130837183,1.2162334796449883,1955.34,2.9514083820880295
FRB20200420A,2,FRB20200420A,0,True,3472.0,0.4021898682414356,0.7036786101686582,0.8376824366642959,1359.12,2.2597401010117744
FRB20200421C,0,,0,False,2571.0,0.44425549008284726,0.9842260063850119,1.3594769915419525,2419.12,1.906236535634135
FRB20200421B,0,,0,False,3080.0,0.4354153450797662,0.8338641147600967,1.2235388020452718,1348.68,2.3048672310544576
FRB20200421A,0,,0,False,2249.0,0.40338847416381446,0.9313971190615135,1.5891763830542056,1459.8,2.605443108094181
FRB20200422D,0,,0,False,2488.0,0.43340014210884903,0.7366738990805808,1.1457567344324464,1485.44,2.3856354366698396
FRB20200422C,0,,0,False,1675.0,0.42203511456855297,0.8967744492890424,1.5013678471650798,2805.28,3.425391235831911
FRB20200422B,0,,0,False,1876.0,0.43863562816575224,0.8022600104370383,1.5304208545892326,2808.02,2.549941679685591
FRB20200422A,0,FRB20190208A,0,True,3910.0,0.42256083478143,0.667338126840874,0.8566145032415778,239.8,1.788510859888432
FRB20200423E,0,,0,False,393.0,0.5281516996428866,1.3402139751890452,1.743144886951672,3652.22,3.330799491345155
FRB20200423D,0,,0,False,330.0,0.4840146703975751,1.602189699759898,2.518133803784237,3368.78,2.710174505984643
FRB20200423C,0,,0,False,650.0,0.45259868191882235,1.2309881937084015,2.0678210434028577,2518.58,3.0963894741438263
FRB20200423B,0,FRB20180916B,0,True,1844.0,0.41572192025304366,0.9167030702046658,1.5625226529205678,2358.76,2.849129678479673
FRB20200424A,0,FRB20180916B,0,True,2994.0,0.41854857795986666,0.9338299958817675,1.0526773948627182,1918.04,2.6498611866516795
FRB20200427C,0,,0,False,379.0,0.43104887180192214,1.2874982125925718,2.035840793870511,3349.8,3.1543720488819043
FRB20200427B,0,,0,False,4093.0,0.3819378919213795,0.502121306511453,0.618243111469707,225.02,2.1917169934255387
FRB20200427A,0,,0,False,2245.0,0.46005476671775447,1.1208637261529302,1.8505353327652383,1126.1,3.039101937263567
FRB20200427A,1,,0,False,47.0,0.5978406002011348,2.6135043651482612,3.8072763542966888,4058.74,5.155365545220957
FRB20200428E,0,,0,False,452.0,0.45603234071289656,1.1082513072022744,2.1236621833877893,1924.9,3.015170163996203
FRB20200428C,0,,0,False,2379.0,0.44789769258479184,0.8814250877978275,1.2675218416490155,2715.06,2.0827722655193806
FRB20200428B,0,,0,False,3258.0,0.41611279354561315,0.7777615434064639,1.1335688546660698,1751.16,2.8905778678929863
FRB20200428A,0,,0,False,2252.0,0.4413072074928463,0.7255517178813146,1.341029386111225,1292.52,1.7916058682761362
FRB20200429D,0,,0,False,2226.0,0.4319033645635449,0.9877976466316694,1.1987350030930668,1646.16,2.4315414474408974
FRB20200429C,0,,0,False,3112.0,0.4120475216569569,0.8588822256771806,0.8114245633832178,1661.86,1.8251127336929904
FRB20200429C,1,,0,False,3737.0,0.4125871256128981,0.7197183703359684,1.0164536606816852,873.7,2.0717702309103916
FRB20200429B,0,,0,False,145.0,0.5295963184244286,1.7021702981480697,3.076263578742269,3435.96,3.2819918781784003
FRB20200429A,0,,0,False,9.0,0.5656720098052037,2.36328039564096,4.499985877689015,3734.72,5.189850952245167
FRB20200430D,0,,0,False,859.0,0.41935374333954695,1.0154560679834561,1.2670203067332162,2043.62,3.150072107954781
FRB20200430C,0,,0,False,1920.0,0.4200264944335731,1.0219440326572695,1.4997654932080418,2864.72,2.348868972060289
FRB20200430C,1,,0,False,686.0,0.5203368867639641,1.2772616443254545,1.5065576428661052,3405.78,3.1161694224807324
FRB20200430B,0,,0,False,1009.0,0.4808081864344547,1.2845002250721675,1.6603646195311101,2581.08,3.4470052714233343
FRB20200501C,0,,0,False,455.0,0.43824144655421393,1.3373632753619835,2.0543060767361396,3280.86,3.2810814136152384
FRB20200501B,0,,0,False,2658.0,0.4565204605937817,0.9889418781767152,1.3180698246661218,1093.7,1.6331153758429988
FRB20200501A,0,,0,False,742.0,0.46792522136798315,1.348046805407243,2.0353752767230806,3247.62,2.7740471467911147
FRB20200502A,0,,0,False,2738.0,0.3905357759723174,0.8422376139132904,0.5077179352686697,1558.18,2.164391379065197
FRB20200503B,0,,0,False,3985.0,0.3931024959373074,0.5328232568736736,0.4763579309738857,730.74,2.148745559186869
FRB20200503A,0,,0,False,3708.0,0.4306828294909462,0.8005600283734733,1.15760373960334,1825.42,1.709826302872636
FRB20200505B,0,,0,False,1487.0,0.43776162941755964,0.948316116771003,1.1755996651650726,3132.88,3.3237519863138023
FRB20200505A,0,,0,False,3208.0,0.4213916184371063,0.9301176938616178,1.0897291982652053,1433.98,2.0535009460626323
FRB20200506E,0,,0,False,166.0,0.4984807067804577,1.535628718227767,2.172904921799291,4023.96,3.0817075311539126
FRB20200506D,0,,0,False,554.0,0.47010080714037744,1.3759185738120194,1.834146351218223,3746.94,3.6033390148654125
FRB20200506C,0,,0,False,1741.0,0.4415514140139745,0.9511443386118765,1.5442791715347466,2259.46,2.158465722106465
FRB20200506B,0,,0,False,1129.0,0.4399998576157441,1.009777762342539,1.2555356150115207,3137.82,2.3992213492835885
FRB20200506A,0,,0,False,3477.0,0.4125037512614552,0.7522444636114936,1.2020107180578943,766.94,2.0839851907883
FRB20200507A,0,,0,False,523.0,0.5013301346443527,1.5228645115172272,3.025282794674318,2941.4,3.146244874081199
FRB20200508E,0,,0,False,2118.0,0.41589583122310286,0.8905403583393163,0.8751192346490618,2058.76,3.0704740152491006
FRB20200508D,0,,0,False,3603.0,0.3846673330562944,0.7510595152973918,1.0049572494516217,1276.34,2.2623750161051386
FRB20200508C,0,,0,False,3342.0,0.3758497555044628,0.7181966749712407,1.3838192851439528,622.18,2.332106552754382
FRB20200508B,0,,0,False,696.0,0.5186099085614814,1.152367920156481,1.9859833769976238,3653.58,2.8329105635249867
FRB20200509C,0,,0,False,2084.0,0.4088915052492176,0.9007434455432737,1.5311133853045293,1512.86,2.197277404435444
FRB20200509B,0,,0,False,129.0,0.5521412028069256,2.060960639957636,2.892582119081989,3700.86,3.906460924191957
FRB20200509A,0,,0,False,3732.0,0.4384622183962419,0.814449016420322,0.8432133849277567,1124.62,2.1828510066081357
FRB20200510A,0,FRB20200510A,0,True,1889.0,0.4930501114069914,1.2696826441555569,2.6362301126071093,1656.04,3.28591426851511
FRB20200511C,0,,0,False,1549.0,0.5011767999195473,1.0310301655997867,1.7881031367381435,1478.12,1.8079252073826917
FRB20200511B,0,,0,False,3654.0,0.42621726514359237,0.8385645871785081,1.2841742490555568,1012.6,1.8993137600651866
FRB20200511A,0,,0,False,2569.0,0.4279314281015116,0.7879223919995926,1.2191861074179613,1960.32,2.753195361599278
FRB20200512E,0,,0,False,3941.0,0.42839681201609037,0.7999985178117652,1.203900197986054,452.24,1.9783225062185767
FRB20200512D,0,,0,False,1988.0,0.3973011047290326,0.9656916394073422,1.4576184164648787,2421.04,2.4127392038873943
FRB20200512C,0,,0,False,966.0,0.4751864065820228,1.1246804916152249,1.6532972257966818,2629.94,2.9698135752158477
FRB20200512A,0,FRB20180916B,0,True,2363.0,0.4450523283232914,1.021253936617601,1.6956853224751884,1983.08,2.2690100537826043
FRB20200513B,0,FRB20190208A,0,True,3573.0,0.45088496151333096,0.9618527731390959,1.1004481721066992,2083.04,1.8507596010890166
FRB20200513B,1,FRB20190208A,0,True,1356.0,0.3913549838180352,1.0165778954922238,1.477632310747635,2994.34,2.1474279555851226
FRB20200513A,0,FRB20180916B,0,True,3767.0,0.40626062753224645,0.5793691971609534,0.7760794766542656,442.94,1.9883294911060592
FRB20200514E,0,,0,False,2718.0,0.40446181037516926,0.9553237638459506,0.7372960996448383,1458.28,2.2285327885111936
FRB20200515A,0,FRB20191013D,0,True,1643.0,0.4247486560449383,1.0478643288404477,1.1251033113342506,1772.16,4.02169474790313
FRB20200516H,0,,0,False,1099.0,0.4236681272091597,1.255961313143151,1.4831575163290647,2455.44,2.8289461706935066
FRB20200516G,0,,0,False,1193.0,0.448139917806131,1.139700255623615,1.1878484065355364,2655.64,3.1243292084699084
FRB20200516E,0,,0,False,809.0,0.4486345846868729,1.1670113785273855,1.894702224194345,3241.58,3.3685846090570437
FRB20200516D,0,,0,False,3243.0,0.3918908883578197,0.6709127834425049,0.9604620054598508,1382.88,2.686776988948184
FRB20200516C,0,,0,False,3902.0,0.38928521904682967,0.6412221960465947,0.26904178470633217,856.32,2.357889263179046
FRB20200516B,0,,0,False,1153.0,0.41361233918081297,1.0612077891663743,1.8096490237048566,3048.14,3.1738196030354944
FRB20200518B,0,,0,False,74.0,0.4978323980851018,1.9216275057575598,2.6556581840830544,3812.56,3.593285662562059
FRB20200519C,0,,0,False,3062.0,0.4322454297461264,0.8453414478815938,0.5856348236800623,1235.54,2.219611841533565
FRB20200519B,0,,0,False,2497.0,0.43055887075784993,0.9599918030604553,0.993050806666279,1108.18,3.191677683191216
FRB20200519A,0,,0,False,435.0,0.5440422585477086,1.3914289958182455,2.452906164006841,3052.86,4.457303138685261
FRB20200520B,0,,0,False,3750.0,0.39016260957617227,0.6642560532708744,1.049601863694678,1143.98,2.233241346118091
FRB20200520A,0,,0,False,274.0,0.4558697392238296,1.204927042164576,2.26020240320595,2244.42,3.0659534908260677
FRB20200521C,0,,0,False,3033.0,0.4118367854909684,0.8477195875912628,1.1927075584043487,1851.18,2.927843955945658
FRB20200521D,0,,0,False,2194.0,0.4243995104008103,0.9387345600521485,0.8663400976146532,1357.04,2.3698575834637747
FRB20200521B,0,,0,False,3190.0,0.3977999731946275,0.7690700037273117,1.0209627130173522,805.4,2.674775521286754
FRB20200521A,0,,0,False,3127.0,0.4171305031337499,0.9028611813973229,1.3774980204766092,1226.92,1.9725235364561047
FRB20200522B,0,,0,False,1005.0,0.4454802750616244,1.1726131563885769,1.6590122395032345,2592.1,2.341996454653959
FRB20200522A,0,,0,False,2134.0,0.46281461166216814,0.9328800325541623,1.1710093327874795,920.94,3.0456770291676394
FRB20200523E,0,,0,False,3179.0,0.40994689899050296,0.7554323156764371,1.5240242495729046,1690.26,3.0037118129895544
FRB20200523D,0,,0,False,3156.0,0.42006395912249084,0.7814126155607679,0.7975683057764612,1329.6,1.8653492332776542
FRB20200523C,0,,0,False,3391.0,0.3968517342747234,0.7317822521715581,1.1300440471322788,1987.44,2.067773776160176
FRB20200523B,0,,0,False,1863.0,0.3904721246668713,1.07338810709908,1.0903882485940335,2402.24,2.707639065202775
FRB20200524A,0,,0,False,670.0,0.44125404561992443,1.1183612942875374,1.780113410035032,3471.02,3.4050051412428837
FRB20200525C,0,,0,False,2061.0,0.40298746306459277,0.9651979032843299,1.2005866330472423,2181.66,2.757814576299377
FRB20200525B,0,,0,False,646.0,0.4696801205096902,0.9771926910419875,1.3712220065283371,3508.58,2.956488877559018
FRB20200525B,1,,0,False,1071.0,0.43883840982973593,1.0196917126314298,1.559218453489837,2779.18,2.822656092843186
FRB20200525A,0,,0,False,1820.0,0.4219892248888583,1.0354274112853434,1.5316746311518525,1888.0,2.409912046718183
FRB20200530A,0,,0,False,1365.0,0.4167755959318268,1.0041177472525102,1.5492398551843154,2032.64,2.9275868548748583
FRB20200530B,0,,0,False,3717.0,0.4206103616143552,0.8108859164444668,1.3244366769389748,1476.62,2.0973895490630796
FRB20200530C,0,,0,False,2196.0,0.4052983612577987,0.9839993092419546,1.2730784377394064,2207.5,2.5427095126243806
FRB20200603B,0,,0,False,177.0,0.510371422650815,1.9933532665262255,2.4310464854107896,3701.0,3.1835523943438004
FRB20200603B,1,,0,False,1112.0,0.44367783126558447,1.2821458565449124,1.7211891210279346,2749.56,2.7229987729887175
FRB20200603B,2,,0,False,251.0,0.4933518796456147,1.8309489034531556,2.544920464503008,3722.32,3.141616705042233
FRB20200603A,0,,0,False,2023.0,0.42244127214300614,0.9458199865672141,1.5343732107541108,1619.86,2.120568331220797
FRB20200606B,0,,0,False,3795.0,0.4286714711573518,0.9871072401425096,1.2508285937154504,1319.54,2.1696884452986684
FRB20200606A,0,,0,False,2613.0,0.41379203591488606,0.9562061115614731,1.1936455167176097,1529.34,3.2019482386992486
FRB20200607E,0,,0,False,1583.0,0.4453176994990976,0.8237093294769758,1.127732165684102,2474.92,2.498469690570444
FRB20200607B,0,,0,False,3793.0,0.40294142978787695,0.7794328688423596,0.9790233788204669,2024.96,2.799549801098548
FRB20200608A,0,,0,False,3908.0,0.40013401488083183,0.6293350576847965,1.151378019878673,445.44,2.4961422930403376
FRB20200609D,0,,0,False,3255.0,0.42644155332871037,0.8064735574920613,1.10535138984939,1361.08,2.190253023978177
FRB20200609C,0,,0,False,891.0,0.4232513276296417,1.2163587769680593,1.9286780147689317,2579.64,3.0779787748666054
FRB20200609B,0,,0,False,637.0,0.46501740583710505,1.2882240903381081,2.2428585582116347,3187.14,3.3875917959287385
FRB20200609A,0,,0,False,932.0,0.5377681810839854,1.733570488994508,3.4246252253085228,2969.62,4.497294060210828
FRB20200610C,0,FRB20191106C,0,True,330.0,0.4591652791522067,1.0700994677783897,1.6035446314481363,3685.7,2.953500043200572
FRB20200610B,0,,0,False,3047.0,0.4346600461968537,0.7880916245941653,0.8787155721359197,1757.88,2.2845145085553757
FRB20200610A,0,,0,False,3694.0,0.3985210589453313,0.6047478986643213,0.7517115058727689,533.94,2.253719537567022
FRB20200612A,0,,0,False,607.0,0.484959396704171,1.0852888286637001,1.7993568871694365,2422.1,3.7374011913013163
FRB20200613C,0,FRB20190303A,0,True,1604.0,0.4435074414841276,0.6803196749037069,1.2609150699409388,2700.7,1.737988510530395
FRB20200613B,0,,0,False,1679.0,0.41001263868282295,1.1088332968621768,0.9491328642893908,2422.56,2.2270081732883003
FRB20200613A,0,FRB20180916B,0,True,2657.0,0.3957849204258961,0.7929745674013622,1.3649183040815929,2280.26,1.9986442022174251
FRB20200614A,0,FRB20180916B,0,True,1326.0,0.43131272882041205,1.1756282687762918,1.7773282921115494,3140.76,2.8727770815255553
FRB20200614A,1,FRB20180916B,0,True,2133.0,0.4151701985107288,0.9395753117045974,1.2138987861014798,2014.38,2.532062533214587
FRB20200615D,0,,0,False,2176.0,0.4176445851788502,0.8489509916316118,1.4170253507451682,2217.64,2.196018805902028
FRB20200615C,0,,0,False,1366.0,0.46770918241132364,1.2669031154505184,2.9248355806498942,1335.84,3.9716857075068943
FRB20200615C,1,,0,False,1513.0,0.4769282577462557,1.1563690522176038,2.747521339949756,1189.76,4.081431256090947
FRB20200615B,0,,0,False,3800.0,0.4157712279315911,0.7484116824324273,1.236930646541874,1117.26,1.8252388608548173
FRB20200615A,0,,0,False,553.0,0.46236203148892036,1.131975446315217,1.6446606044858594,3618.32,3.357370934373723
FRB20200616B,0,,0,False,2118.0,0.4518123964302405,1.0204192428242902,1.3045308537622948,1690.0,2.3028556234634
FRB20200617C,0,FRB20191106C,0,True,1984.0,0.4153192538668731,0.8313062543587861,0.8077246743354308,2872.28,2.4030250450277406
FRB20200617B,0,,0,False,3763.0,0.40461051265049686,0.6510292004505221,1.2277654156829547,784.66,2.9284072136125854
FRB20200617A,0,,0,False,2525.0,0.40504283681797415,0.9889945245980915,1.4369767517138916,1947.54,2.1940789028820893
FRB20200618A,0,,0,False,3242.0,0.43882419880237494,0.7727752145187669,1.0108543423752872,794.98,2.010511769639138
FRB20200619A,0,FRB20200619A,0,True,1576.0,0.4327397969661162,0.772192301753943,1.5954032712157071,2597.14,2.672154519547182
FRB20200620D,0,,0,False,3962.0,0.3905982092706745,0.5573357250225167,0.5863793227992785,384.22,2.113194593782311
FRB20200620C,0,,0,False,786.0,0.4614695270326182,1.090478933560751,1.7973009214873985,3191.28,3.664187139649181
FRB20200620A,0,,0,False,1733.0,0.45861519549145774,0.9474814733241066,1.4938201653589904,2011.04,2.0867591158979293
FRB20200621D,0,FRB20180910A,0,True,2762.0,0.4038420556282257,0.7957459086275542,1.3272440745428637,890.8,2.624047131153986
FRB20200621C,0,FRB20181119A,0,True,3312.0,0.4595485889343762,0.8721690558112482,0.7551003732768724,1238.4,2.240274796512968
FRB20200621B,0,,0,False,2636.0,0.40587781251034993,0.9567055273340213,1.1314465963755864,1919.58,2.3270132276807582
FRB20200621A,0,FRB20200619A,0,True,2439.0,0.39337106789356435,0.7948527339790059,1.3607450013594633,1831.04,2.597605470040208
FRB20200622A,0,FRB20190303A,0,True,914.0,0.5055117516221243,1.164570388268246,1.4284236275386337,3312.96,2.394154037667046
FRB20200623A,0,,0,False,2805.0,0.39643949406644385,0.8574919079046414,1.3129970950699381,1722.62,2.070436050728879
FRB20200624D,0,,0,False,2854.0,0.4210454086009466,0.8168736290206688,1.3639567702235018,1942.66,3.4273945495850158
FRB20200624C,0,,0,False,442.0,0.48042085824081726,1.2930009451300242,2.076372489275509,2346.58,2.853668733149868
FRB20200624B,0,,0,False,1227.0,0.43661164253206086,1.0231132670896208,1.2733526301940947,2624.94,3.6938672957739045
FRB20200624A,0,,0,False,2166.0,0.48056715596471344,1.1356842771175522,1.2757317707035725,2929.4,2.3760988796166815
FRB20200625A,0,,0,False,541.0,0.5257832679479615,1.5316044536980733,1.8008946159273465,3271.54,3.4194107228600887
FRB20200626B,0,,0,False,1156.0,0.45343855048014575,1.0550138362681225,1.5388678709749686,1828.12,2.5774979432650302
FRB20200626A,0,,0,False,1509.0,0.448803844430432,0.9953811078101358,1.7039643279883685,3020.52,2.1519562331470117
FRB20200627E,0,,0,False,1196.0,0.4608679785680386,1.1399339844755696,1.9771583461755806,2282.62,4.513204950467766
FRB20200627D,0,,0,False,1244.0,0.4609437669154667,0.837551327655351,1.2876606367079289,2623.42,2.718988173137727
FRB20200627C,0,,0,False,705.0,0.44600442711286536,1.124630290907645,1.7390224833114631,2658.48,2.531013556582204
FRB20200627B,0,,0,False,935.0,0.4121358617014254,1.1302950554065287,1.8727187457635768,2970.36,2.122387453925901
FRB20200627F,0,,0,False,1648.0,0.4564614190244585,0.8772069592454818,1.3433836437548639,3236.34,3.029505587390783
FRB20200628D,0,,0,False,875.0,0.4473440223314765,1.2270854952762764,1.4423034991295463,2369.18,2.705345254592562
FRB20200628C,0,,0,False,398.0,0.4702175588515874,1.2154217515343084,2.2511988076174156,2524.06,3.373147703667491
FRB20200628B,0,,0,False,2367.0,0.4392332288575934,0.7275682765711837,0.9652346499356843,1486.92,3.1390412603802695
FRB20200628A,0,FRB20190905A,0,True,3484.0,0.39531529370903,0.6450964300659623,0.7282664906298343,1204.34,2.1738421266504804
FRB20200629E,0,,0,False,4011.0,0.399521431415604,0.7226257520141082,0.8525143458658262,948.04,1.7015277792529369
FRB20200629D,0,,0,False,1544.0,0.44361337420450303,0.8970470793801297,1.2554665671091643,2513.6,2.293525336353009
FRB20200629C,0,FRB20190804E,0,True,3962.0,0.3828116417072583,0.5441952752740791,0.721901711935154,344.1,2.188994888951755
FRB20200629B,0,,0,False,3667.0,0.3962992730769688,0.7098018989238168,1.273189114054809,743.48,2.037859927491443
FRB20200629A,0,,0,False,76.0,0.5535300831100692,2.2120864758193877,3.4433722181637676,3616.98,3.679565628944586
FRB20200701H,0,,0,False,551.0,0.45434364294483137,0.9631347540897537,1.5155509570373398,2572.26,2.4503484968272313
FRB20200701G,0,,0,False,452.0,0.4408600016222436,1.0525236423082946,1.630643936894887,3742.38,2.705488533652403
FRB20200701F,0,,0,False,3370.0,0.41634686728206016,0.6714304823213599,0.8702136317569764,1256.06,2.247391184529019
FRB20200701E,0,,0,False,363.0,0.5354144135239645,1.5308291870162758,2.158927559153191,3738.3,2.6773536769038646
FRB20200701D,0,,0,False,2690.0,0.4005236616448247,0.9413199221848878,1.4529851909953333,1838.78,2.201613732381052
FRB20200701C,0,,0,False,1045.0,0.46582429172127127,1.2195867852630309,1.2735735900908705,2527.16,3.2582247433843996
FRB20200701A,0,FRB20200118D,0,True,3841.0,0.4298673024076479,0.7168975266323564,0.8507950822742104,405.16,2.041465615906938
FRB20200701A,1,FRB20200118D,0,True,3353.0,0.4081701187208868,0.9130646988565465,0.889819618230619,1345.58,2.5776424058002214
FRB20200701A,2,FRB20200118D,0,True,4000.0,0.37657987766340234,0.5931480681656546,0.875640253612143,556.36,2.1161651747605696
FRB20200702D,0,,0,False,613.0,0.4286279305541363,1.141629078465797,1.831545859542708,3344.6,2.6971192699998836
FRB20200702C,0,FRB20200223B,0,True,1561.0,0.46725983041849306,1.2237096088420818,1.7760501592454283,2726.32,2.1710066703533553
FRB20200702B,0,FRB20180916B,0,True,3107.0,0.39774757612313705,0.7313554428348439,0.9266602115673105,1196.7,2.008797709253246
FRB20200702A,0,,0,False,2250.0,0.39180666623492527,0.8309635884523552,1.2807125978188219,1705.6,2.577145832758637
FRB20200703A,0,,0,False,1045.0,0.4531537986313433,1.189114420717969,1.9221600888480952,2597.2,2.5355884759148193
FRB20200704A,0,,0,False,2698.0,0.4378746996491214,0.848749550501884,1.4835252417926106,1639.7,1.749657512326532
FRB20200705D,0,,0,False,4.0,0.5977191005223065,3.263513871486335,5.034525048578264,3853.74,4.861436937276571
FRB20200705C,0,,0,False,3088.0,0.42891387975750456,0.7853114053050675,0.786290374587096,1860.76,1.6841278760335268
FRB20200705A,0,,0,False,933.0,0.44832810953967406,1.0072849810630249,1.3329662474315271,2990.94,2.704401578497983
FRB20200706A,0,,0,False,1030.0,0.45526353038420303,1.3784540017731248,2.2359943502148587,3027.14,2.692979867770439
FRB20200706A,1,,0,False,1310.0,0.4280460752973164,1.1795636025932583,1.7606006140064234,2500.64,2.433840659483974
FRB20200706A,2,,0,False,954.0,0.4332158866191864,1.2195401803588297,2.0547091910930266,2593.02,2.933243809961367
FRB20200706A,3,,0,False,1701.0,0.45899953776051133,1.1277723817512388,1.8135656199717463,2464.44,2.144274294637112
FRB20200707A,0,FRB20200308B,0,True,769.0,0.4326009768538313,1.2014831994519182,1.9684216740063816,2330.06,3.455756880598862
FRB20200707A,1,FRB20200308B,0,True,698.0,0.41925806755298217,1.3407567305872923,2.0803489714265884,3144.34,2.8744745123151874
FRB20200708D,0,,0,False,747.0,0.4569534041338378,1.3779073124629382,1.9869005025670274,2678.64,2.390489610628653
FRB20200708C,0,,0,False,2718.0,0.4411627063197972,0.9901089062233377,1.3492664083677988,1515.08,2.7950356564979097
FRB20200708B,0,,0,False,2645.0,0.4040911608885725,0.8199013993163806,1.2286065686274115,1545.08,2.5621816041737873
FRB20200708A,0,,0,False,829.0,0.4510350132995966,1.41195181830489,1.984788025009426,2852.9,2.6627297354588824
FRB20200709C,0,FRB20190804E,0,True,2459.0,0.43510999931046646,0.7475140481449573,0.8520924133984553,2273.72,2.3967885926882078
FRB20200709B,0,,0,False,3739.0,0.4013506113607784,0.6722681461477797,0.4855460984523836,856.3,2.0709914252025565
FRB20200710C,0,,0,False,3574.0,0.4255860371472407,0.763244954391136,0.8056900299207166,1480.94,2.268756505851568
FRB20200710B,0,,0,False,1398.0,0.44153050778761826,1.1404652919578715,1.3219372336865807,2689.8,2.592843092132987
FRB20200710A,0,,0,False,2844.0,0.4031254593869496,0.8933777739218325,1.2988330526928262,2038.5,2.267574327398279
FRB20200710D,0,,0,False,1689.0,0.4912647844227425,1.136106349857023,1.5861945763372078,1918.52,3.4738113475036094
FRB20200711F,0,,0,False,1886.0,0.5142126977304404,1.2740382474325807,2.932765498691054,1648.3,4.015349977764758
FRB20200711E,0,,0,False,1690.0,0.4760385544705619,1.2208837687686465,1.8263933265618435,3254.04,2.429234859876165
FRB20200711D,0,,0,False,2037.0,0.42772809867219136,0.7732039006317504,1.4383988332708317,2209.16,2.2763871058365837
FRB20200711C,0,,0,False,1417.0,0.45008598213343604,0.937464321814484,1.4591314451221904,2862.54,2.2953271037912084
FRB20200711B,0,,0,False,2890.0,0.421122900483181,0.8218768376332045,1.0059635278949146,1979.58,2.0122171660576442
FRB20200711A,0,,0,False,2911.0,0.4384942671644553,0.7973697565658588,0.9518067308506925,906.52,2.2636548946171953
FRB20200712A,0,,0,False,946.0,0.4266774072812777,1.0359663510982746,1.5550796893166872,2112.0,2.692344909244956
FRB20200713B,0,,0,False,2383.0,0.41618512394263435,0.9070201155809648,1.5194639644716559,1505.76,2.601227251491195
FRB20200713C,0,,0,False,1572.0,0.41878979383490206,0.9726630004331362,1.852854989327515,1714.56,3.433089660890869
FRB20200713A,0,,0,False,2014.0,0.44962178445219264,0.8333044731045984,1.3922799959515675,2797.08,2.7321700630454324
FRB20200714C,0,,0,False,1660.0,0.4122833895093322,0.8314223182435597,1.6484467396669633,2026.82,2.381789261440883
FRB20200714B,0,,0,False,1724.0,0.45165233065901783,1.2563248518665444,1.6557236838251814,2816.22,1.9033378739268878
FRB20200714A,0,,0,False,1292.0,0.44250235626845086,1.2668296439313522,1.9851270303419735,2422.92,2.697294643054396
FRB20200715C,0,,0,False,940.0,0.42190056007295546,1.0630481424054086,1.7890467800227416,2889.78,2.5129429870835702
FRB20200715B,0,,0,False,3186.0,0.4045425531435065,0.6943371885669758,1.1100631890920454,1376.58,2.272331195909288
FRB20200715A,0,,0,False,292.0,0.5394991108904716,1.8172332905100288,3.613596799392696,3218.2,4.1872936583042115
FRB20200716A,0,,0,False,1241.0,0.46512628975289483,1.2853001729616753,1.654307716244724,2678.96,3.7715162318991373
FRB20200717D,0,FRB20180916B,0,True,1721.0,0.429435067929187,0.8451622078459466,1.1870081318829957,2638.92,3.268488817420821
FRB20200717C,0,FRB20180916B,0,True,3788.0,0.3929688822908246,0.6060303877513615,1.0077759249232356,911.52,2.2911666499464802
FRB20200717B,0,,0,False,2300.0,0.5054788162251027,1.2744129261660517,2.964975645936805,1124.62,4.63827871462672
FRB20200717A,0,,0,False,2998.0,0.37891765999496446,0.8222819521705876,0.8912728581550142,2153.08,1.8699504490845742
FRB20200717E,0,,0,False,1432.0,0.47286504186897377,1.0753098598807307,1.903908423226283,2226.28,2.73725340861376
FRB20200718D,0,,0,False,1271.0,0.46581905879361707,1.119361838280362,1.38437066866208,2787.56,2.2849654827376953
FRB20200718C,0,,0,False,652.0,0.48841764220037953,0.9746387602706207,1.4642263836995788,3363.78,2.75300399899213
FRB20200718B,0,,0,False,1436.0,0.4381075248938548,0.9747747635988293,1.1748792537595505,3198.92,3.509408577366914
FRB20200719B,0,,0,False,3633.0,0.41082078484206247,0.6040671421063714,1.0267312061167961,989.3,2.5848134301381287
FRB20200720B,0,,0,False,1637.0,0.4042155546313404,1.0311836463414847,1.8705546335743015,2450.36,2.5902301204624636
FRB20200720A,0,,0,False,2442.0,0.41663885633843073,0.8135632579348606,1.2958165214994632,2480.58,2.353267044662401
FRB20200721D,0,,0,False,885.0,0.404882019764847,1.0589464778113264,1.7885690738066395,2714.26,2.1546567327369646
FRB20200721C,0,,0,False,1836.0,0.4518544263105406,0.9554275619244921,1.4728965931119673,2065.92,2.6450882260677337
FRB20200721B,0,,0,False,1061.0,0.4828704229034995,1.0151592814954156,1.3927947624695323,1872.76,2.745168132452103
FRB20200721A,0,,0,False,419.0,0.4917939088066906,1.1630713071064933,1.9303136736011277,3494.34,3.627619313390186
FRB20200721E,0,,0,False,569.0,0.4609481850830435,1.1566783252799282,1.7973598968469993,3722.38,3.252651795082304
FRB20200722C,0,,0,False,3025.0,0.4152935300813761,0.8383834947794089,1.1020445127191567,1121.08,1.8085772876673618
FRB20200722B,0,,0,False,655.0,0.4620699233252939,1.1305359744920236,1.4946424629856316,3334.22,2.0942527017843386
FRB20200723B,0,,0,False,18.0,0.6243126019477446,3.45035815989266,5.8730987677797915,3728.64,7.131886045535907
FRB20200723A,0,,0,False,2421.0,0.4066446978097913,0.9075919431170758,1.19879552639826,2850.84,2.592466333917885
FRB20200724C,0,,0,False,3245.0,0.3974680262801739,0.7098676013020382,0.8488798940527577,1759.66,1.8246708693798237
FRB20200724B,0,,0,False,240.0,0.490438424810905,1.5533810272843467,2.5368829074318042,3552.94,3.606947182448689
FRB20200724A,0,FRB20190212A,0,True,413.0,0.46472643215186765,1.0490632152687676,1.8580635207829925,3840.32,3.1805677364371086
FRB20200725B,0,FRB20190212A,0,True,221.0,0.482897850084159,1.1616800732111288,1.8239600819114088,3841.54,3.5281244159557645
FRB20200725A,0,,0,False,2447.0,0.4177115134354788,0.9687424487440272,1.0818914437815677,1496.16,2.250768529105181
FRB20200726F,0,,0,False,359.0,0.48978566802689827,1.5531238269148684,2.29154233092516,3328.32,3.411606006881182
FRB20200726E,0,,0,False,2296.0,0.37854840290434416,0.9942824573436108,1.4312955709402018,2258.4,1.8825248599745905
FRB20200726D,0,FRB20190417A,0,True,2065.0,0.4729092433241664,1.0935326606250393,1.41250485733128,1860.36,2.3142588825164823
FRB20200726B,0,,0,False,2160.0,0.4382726200568958,0.9430590338213699,1.8109258833967403,1784.02,2.3133645052004654
FRB20200727A,0,,0,False,804.0,0.4798052810811176,1.1622586417354293,1.8130178047344452,3252.58,2.2585132127307133
FRB20200729B,0,,0,False,2840.0,0.4262593175308848,0.7675116831478723,1.3947763036019414,810.88,2.796171592951085
FRB20200729A,0,FRB20190907A,0,True,2610.0,0.4253839214608522,0.9409340582601369,1.476808801728402,1289.9,1.9898766815079136
FRB20200729A,1,FRB20190907A,0,True,2287.0,0.41065601021325915,0.9585452918271431,1.30389256181624,1643.74,2.112595061097779
FRB20200729A,2,FRB20190907A,0,True,1867.0,0.3932858946741625,1.028244336548451,1.3658624154426071,2964.18,2.1646826438868128
FRB20200801C,0,FRB20171019A,0,True,157.0,0.4759825352979931,1.5396627477152112,2.2749637480555487,3618.36,3.8989767217817617
FRB20200801B,0,,0,False,2293.0,0.4038516130301087,0.7928060944056242,1.3511952446468558,2235.96,2.059288943389962
FRB20200801A,0,FRB20180916B,0,True,2305.0,0.43584730201414007,0.7289095330028721,1.1923478454378686,2165.86,2.2506911668569205
FRB20200801D,0,,0,False,3317.0,0.41138595678116324,0.7458341683729168,0.8254476534805485,1213.34,2.532548552510956
FRB20200804A,0,,0,False,1395.0,0.43047399707965406,1.0933950656586022,1.5048641401600222,2911.5,2.704868517143424
FRB20200805A,0,,0,False,877.0,0.45021384526463043,1.1298628992645803,1.7276005299491863,3268.28,2.6948161022255595
FRB20200806B,0,,0,False,532.0,0.5120776872661612,1.4790428481110602,2.367900755178633,3035.52,1.9864030238431178
FRB20200806A,0,,0,False,171.0,0.5059794125491679,1.6668102077258133,2.7197420900935496,3648.5,3.9079280249249972
FRB20200806A,1,,0,False,567.0,0.4478113451597114,1.1787099445498652,1.8348999102334902,2590.98,3.0273256696277184
FRB20200807C,0,,0,False,3606.0,0.3950386517675462,0.7042771434404418,1.2632702042618504,1159.12,2.2285316518054343
FRB20200807B,0,,0,False,2861.0,0.41173021405678223,0.8358759228056274,1.5933317962316116,1335.64,2.2823730847758865
FRB20200807A,0,,0,False,194.0,0.4802235525229595,1.4615729887493973,2.7721552940590497,3208.16,3.5874576833439282
FRB20200808B,0,,0,False,3602.0,0.40463521947590925,0.6639059724530941,1.0026725950076283,505.54,2.3062974971106875
FRB20200808A,0,,0,False,3376.0,0.4151685623738771,0.7256237688688201,0.8462652395848564,1237.3,2.2280324334517077
FRB20200809G,0,FRB20190303A,0,True,2326.0,0.44781096613669324,0.9005549743884782,0.809724213042494,1689.04,2.4784063176761406
FRB20200809F,0,,0,False,865.0,0.4596278955287673,1.0821047227681795,1.5168169194797148,2873.46,2.681563800162445
FRB20200809E,0,FRB20200809E,0,True,184.0,0.5042467761417481,1.4759021983675689,2.031736084044864,3739.86,3.4369330423038593
FRB20200809D,0,,0,False,3071.0,0.4122643598918204,0.6401205943477073,0.9963587852465118,864.16,2.4270679375832778
FRB20200809C,0,,0,False,2142.0,0.43975127807669606,0.889050891026225,1.2251811078836035,1490.82,2.4954976404818567
FRB20200809B,0,,0,False,235.0,0.4817852031227517,1.40921821501843,2.6900195805158793,2096.24,3.9227546471079147
FRB20200809A,0,,0,False,2204.0,0.4359842759388665,0.7596836146816321,1.173726714295598,1632.86,2.5057203628129443
FRB20200810B,0,,0,False,2058.0,0.42147672011624976,1.0611241616580471,1.8233286767517243,1708.16,2.1624907898553083
FRB20200810A,0,,0,False,2740.0,0.44173514463500974,0.8043054200187404,1.163558757925155,1604.9,2.4558712100743767
FRB20200811A,0,,0,False,1926.0,0.4304289345537839,0.8499076109298256,1.3425090832108624,1879.12,2.174574039363447
FRB20200812B,0,,0,False,3866.0,0.39843239402867947,0.7970522040676092,0.9318205697247747,1726.48,2.9970836455995133
FRB20200812A,0,,0,False,677.0,0.4464635818057227,1.2009833201838256,1.6321116418917399,2282.38,3.006558773706422
FRB20200813D,0,,0,False,1412.0,0.44510928732602845,1.2171616904828357,1.8961874250929782,2596.9,3.2573282886528885
FRB20200813C,0,,0,False,1503.0,0.45062200609205594,0.8461471938044378,1.4686734216214408,2273.38,2.912222620483451
FRB20200813B,0,,0,False,2646.0,0.41513677429306156,0.7673164202689758,0.9912899383074415,1498.76,2.3818003965744605
FRB20200813A,0,,0,False,3716.0,0.3989744991622032,0.6625158573962968,0.7490208122845456,637.4,2.347016941333475
FRB20200814G,0,FRB20190609C,0,True,2163.0,0.4221718852163519,0.9072199227580209,1.4725955743445365,1722.9,2.4774519410674922
FRB20200814F,0,,0,False,3751.0,0.4034306311532731,0.6127405183026335,0.889982928341177,659.36,2.320870313927803
FRB20200814E,0,,0,False,2419.0,0.3934419694837489,0.7328333542483849,0.8390524701594948,812.4,2.209088007891861
FRB20200814D,0,,0,False,3207.0,0.4235725884026894,0.9059419808832008,1.3293807078020063,2658.62,3.153023653110412
FRB20200814C,0,,0,False,566.0,0.49624503789242014,1.2512236689615635,2.3870887507686938,3029.34,2.782423271524449
FRB20200814B,0,,0,False,1869.0,0.39942757668177215,0.948865639878638,1.484272925699773,2375.66,2.3078662428728944
FRB20200814A,0,,0,False,1211.0,0.43601468621361117,0.9577579977128149,1.5213319101734677,2366.56,2.243275054880613
FRB20200816B,0,,0,False,3002.0,0.42652192573077286,0.8122793221859318,0.9313496552292854,1613.66,2.541013561116361
FRB20200816A,0,,0,False,3547.0,0.38465348283042405,0.7151805451720934,1.113007417689815,1543.7,2.7847618141822146
FRB20200817A,0,,0,False,3221.0,0.4093188459491306,0.7477043700587271,1.1068273388042076,1427.0,2.6891222767098104
FRB20200819A,0,,0,False,2566.0,0.38181857307298095,0.8745329928046797,1.2249968587202311,2579.66,2.5285416109280554
FRB20200822A,0,,0,False,3282.0,0.414165541505137,0.789750298435853,1.374660362397813,1960.0,2.2347629230929074
FRB20200823B,0,,0,False,1344.0,0.46104500605730253,1.09566807524442,1.8286835630409872,1923.06,2.2550781188368174
FRB20200823A,0,,0,False,3094.0,0.39991881347013847,0.6599992191655863,1.069516074964501,1365.12,2.5220260928329945
FRB20200824D,0,,0,False,3751.0,0.4002025745890827,0.6945211458491768,0.9743641808643275,1071.48,1.9306180764365553
FRB20200824B,0,,0,False,1175.0,0.46386665075947586,1.1305877186331268,1.774968354012659,2748.88,2.13399620363508
FRB20200824A,0,,0,False,1775.0,0.42655274537003435,0.8643428195782116,1.4969428008392018,2415.0,2.2070913560722616
FRB20200825A,0,,0,False,3952.0,0.430112023055977,0.7427495838415671,0.5976418766757744,732.7,2.097957168251048
FRB20200826C,0,,0,False,3930.0,0.4291952707382988,0.7733316492808424,0.9229285174945333,1002.1,1.848787303087418
FRB20200826B,0,,0,False,3722.0,0.389087412061539,0.6051840756957124,0.5889332978084661,314.66,2.2168930222830436
FRB20200826A,0,,0,False,1633.0,0.4315078093689107,0.8425360621617791,1.3790242434956153,2573.48,2.5567108521472988
FRB20200828E,0,,0,False,4086.0,0.38166366825722514,0.5787788819139138,0.9867660187070585,346.9,2.0733427889937968
FRB20200828D,0,,0,False,805.0,0.4564655690154355,1.309515946691366,2.0324850188396186,3159.42,3.385062099745914
FRB20200828C,0,,0,False,1095.0,0.47855019985043384,1.2851056319345526,2.1336549547753787,2421.34,2.8468297749769893
FRB20200828B,0,,0,False,1991.0,0.4716443466351733,0.8418522611003889,1.0758820943539462,886.52,2.2651552413958287
FRB20200828A,0,,0,False,2361.0,0.41674497964099727,0.8317827609088944,1.5556483937872292,1194.72,2.633644096863882
FRB20200830B,0,,0,False,3170.0,0.39203587071234486,0.8824448602567794,1.5403398410458806,1669.38,2.664637459275754
FRB20200830A,0,,0,False,1359.0,0.4191476459574106,0.9490405653134605,1.4023693742384473,3261.22,2.6676275022634726
FRB20200831A,0,,0,False,1842.0,0.4406170271025024,1.12795757758374,1.0322635515075678,2468.48,2.897642065040224
FRB20200831A,1,,0,False,88.0,0.48019929681234574,1.7886124353619242,2.356517303922829,3656.8,3.0184682662246307
FRB20200901A,0,,0,False,378.0,0.4842566928814062,1.113468759281873,1.5748153846951674,3695.2,4.12039814788468
FRB20200902C,0,,0,False,507.0,0.46123301523141075,1.2783711194902185,1.8887336070385055,3076.0,2.46824616999618
FRB20200902B,0,,0,False,2860.0,0.42264790544779424,0.8272281180038835,1.1138012070680146,1446.56,1.9072829204283344
FRB20200902A,0,,0,False,3199.0,0.3975151009869585,0.8162566919313587,0.9776308162823916,1407.22,2.9958660094479597
FRB20200903D,0,,0,False,2096.0,0.42056692935715156,0.9710606351046215,1.0172863768791627,2471.68,2.768745629510859
FRB20200903C,0,,0,False,3882.0,0.3999208840188832,0.6493900824032508,0.8884328098436183,1181.8,2.2418062492897617
FRB20200903B,0,FRB20180916B,0,True,3505.0,0.40884661495755276,0.8205778288623774,1.0327016835939276,856.06,2.502380209441631
FRB20200903A,0,FRB20180814A,0,True,1837.0,0.4530056984862271,0.9538252566523848,1.4260820168185262,1791.92,2.2040628050953526
FRB20200904C,0,,0,False,1940.0,0.4082234987964086,0.9565033127951754,1.5855271686328867,1574.88,2.7566079537714616
FRB20200904B,0,FRB20180916B,0,True,3084.0,0.45608600222012874,1.1052849207455928,1.0308055526929718,2587.96,2.0978251345730405
FRB20200904A,0,,0,False,2193.0,0.41682466442020405,0.9272474299208293,1.3958045138015642,1498.24,2.789593082826465
FRB20200905A,0,,0,False,255.0,0.528893431258906,1.6012744038668916,2.1354875673476927,3086.06,2.6365812837096927
FRB20200905B,0,FRB20200905B,0,True,2704.0,0.4066792321677964,0.7484418997714612,0.8793441896864785,1259.96,2.7810694045168254
FRB20200905B,1,FRB20200905B,0,True,3098.0,0.39767137688322324,0.748916133447129,0.5991457996454047,1430.88,2.953130193998946
FRB20200905C,0,FRB20200905B,0,True,3671.0,0.4341342202226772,0.7789942486115043,0.2649226978332348,581.82,2.2744135325631887
FRB20200908B,0,,0,False,2986.0,0.41870792142343044,0.8308690684302833,1.1173690723882297,1954.24,1.8895101387052082
FRB20200908A,0,,0,False,2942.0,0.42268857167956303,0.7606168193993913,1.2200239792364713,1312.96,1.746571419339555
FRB20200909C,0,,0,False,4001.0,0.3869942715385421,0.642634793157957,0.991436519434062,413.74,1.9851848310934326
FRB20200909B,0,,0,False,982.0,0.49843242024813,1.4789492159692648,2.756817632882394,2861.7,3.922136175327628
FRB20200909A,0,FRB20190303A,0,True,2506.0,0.4312989929394055,0.6576821697092782,1.1791314817967973,2762.46,1.6411068572161025
FRB20200910B,0,,0,False,926.0,0.4585546195946122,1.029216161932258,1.81903004387457,1922.28,2.7750925162051967
FRB20200910A,0,,0,False,249.0,0.49082328042152673,1.1969955449924,1.9258894780711884,3543.16,2.826900153375438
FRB20200912A,0,,0,False,969.0,0.37966077351186334,1.1092769791425923,1.7204923623007362,2708.6,2.191957477138573
FRB20200913C,0,FRB20200913C,0,True,3736.0,0.40148631310807575,0.6008666080513205,0.7658131062971831,544.12,2.2892127182572937
FRB20200913B,0,,0,False,2538.0,0.40331599430539694,0.8239001149451767,1.2469305088550713,1834.16,2.4118958302901534
FRB20200913A,0,,0,False,1048.0,0.4501914218771729,1.1320941117651313,1.7050805830698115,2704.92,3.123415249827793
FRB20200914C,0,FRB20200913C,0,True,3939.0,0.40173285287907773,0.7039175599018683,0.9868884676522258,1146.26,2.4204160349419435
FRB20200914B,0,,0,False,996.0,0.48948366174746405,1.2541615056964468,1.877114285520274,3368.42,2.3575092580831214
FRB20200915C,0,,0,False,2646.0,0.3926049542184273,0.9157580225578477,1.1820872048460784,1395.38,1.9816429323946891
FRB20200915B,0,,0,False,174.0,0.5397591299061681,1.6458595647354586,2.50403186507008,3370.84,2.8451244206660986
FRB20200915D,0,,0,False,3171.0,0.43312089832596395,0.8115395168217242,1.1498678536728801,1607.88,1.8645631033420331
FRB20200916C,0,,0,False,2436.0,0.4115553865529347,0.7360645235796406,1.1767764007658008,1739.88,2.501345026270714
FRB20200916B,0,,0,False,1600.0,0.4340204288911064,1.0459374552851486,1.8427050130142764,2278.24,2.7463486299705937
FRB20200916A,0,,0,False,401.0,0.5196337304988763,1.1952457616031498,1.7993138151392325,2827.1,3.035786643184049
FRB20200917C,0,,0,False,1634.0,0.41448362445264963,0.8967337826688425,1.5416269265517175,2013.74,1.8366332121877118
FRB20200917A,0,,0,False,2599.0,0.38571892548485065,0.7722432860935555,1.170337966024284,1057.84,2.3424890088295918
FRB20200917B,0,,0,False,2009.0,0.4179229255417543,0.8676898255491198,0.8909214509337717,1399.04,2.0528059133567615
FRB20200918A,0,,0,False,3556.0,0.41293447353419127,0.7456523720847869,0.9805166689046275,1296.94,2.2056776074824715
FRB20200919C,0,,0,False,1571.0,0.4260377752941418,1.019280731617476,1.7094149439643078,1866.6,2.1775194400045685
FRB20200919B,0,FRB20180916B,0,True,2206.0,0.43438329427028427,0.759381721598269,1.1645494033084003,1947.0,2.1664637138518437
FRB20200919A,0,,0,False,3924.0,0.39317353672610567,0.5441411422532123,1.05089195029033,511.72,2.378200041066645
FRB20200920B,0,,0,False,3682.0,0.4125771401509116,0.7669264546517968,0.8681750765637326,1839.96,1.7982196687576977
FRB20200921C,0,,0,False,3581.0,0.3960795320496906,0.6069716975239704,0.9815123201418097,530.66,2.3591549112608146
FRB20200921B,0,,0,False,493.0,0.466955424019997,1.2378068209969277,1.800749726762481,2697.98,2.646537030299386
FRB20200921A,0,,0,False,874.0,0.46125191900330487,1.130952729994478,2.001817959601414,2529.56,3.2081037150791634
FRB20200922C,0,,0,False,2621.0,0.4325249291601411,0.8733425528391441,1.5036624985086164,2191.84,2.2284908179287073
FRB20200922B,0,,0,False,1598.0,0.41775599717819545,0.9981651412512862,1.2022983440845236,1559.38,3.198409329567231
FRB20200922A,0,,0,False,3758.0,0.4087991799209819,0.6688791056846247,1.3409694819969216,624.76,2.2325347044047503
FRB20200923C,0,,0,False,3690.0,0.3999725999912351,0.5989554256731673,0.6553548758379777,948.48,2.397565704777152
FRB20200923B,0,,0,False,2004.0,0.46999728820577485,1.0851311895350848,1.592673638175235,2070.22,1.7012452749297164
FRB20200924A,0,,0,False,460.0,0.4441308085197431,1.3342206703302968,1.7972885478837928,3135.18,2.5237799551254665
FRB20200925B,0,,0,False,3646.0,0.42118007481521735,0.755266296151373,1.029138140054858,1033.52,1.9717407596708358
FRB20200925A,0,,0,False,3720.0,0.40801543189558115,0.6611854673239149,0.811335741312248,974.76,2.2151999427917293
FRB20200926A,0,FRB20200926A,0,True,2045.0,0.4291311084711586,0.769457087717426,1.1626180226939018,2524.76,2.738740981340474
FRB20200926A,1,FRB20200926A,0,True,2180.0,0.4309122735470075,0.8268337136478406,0.9196761772409683,2223.44,2.842056748276691
FRB20200927D,0,,0,False,845.0,0.4524740080351924,1.324554146138467,1.4518961931120027,3106.48,3.7785287249133876
FRB20200927C,0,,0,False,2736.0,0.41656520539961583,0.8314009409281777,0.948580204314489,1800.58,1.9001366220609852
FRB20200927B,0,,0,False,3582.0,0.40887591964064957,0.6183725427768111,0.6266479369776072,389.62,2.7267585319965404
FRB20200927A,0,,0,False,2552.0,0.4271758567039926,0.754275804083242,1.3458338854720533,1587.4,2.420380315719461
FRB20200928B,0,,0,False,1456.0,0.4888316957287903,1.2508755586055034,1.5573641828330789,2818.42,2.2897167579847686
FRB20200928A,0,,0,False,105.0,0.4891861092625959,1.673747580092963,2.495987211603667,3447.46,3.035702716761931
FRB20200929B,0,,0,False,690.0,0.46166152621484974,1.0366146718116558,1.5149536959978376,3337.0,4.079434301521332
FRB20200929C,0,FRB20200929C,0,True,644.0,0.4516314466404791,1.1055498104607382,1.3244814130819915,3559.32,3.4987929124786827
FRB20200929C,1,FRB20200929C,0,True,1924.0,0.4122392873693443,0.8578094183580927,1.0730618555332636,2153.6,2.8412112866508803
FRB20200929C,2,FRB20200929C,0,True,1591.0,0.4118358596086292,0.9517583720369561,1.41659622610718,2216.38,2.5554148057895913
FRB20200929C,3,FRB20200929C,0,True,1758.0,0.4248634515042955,0.8337890429583743,1.0196343241738148,1660.64,3.0775964656053185
FRB20200929A,0,,0,False,3967.0,0.4022481484610162,0.57406640687616,0.570766550616671,155.86,1.7098563984779787
FRB20200929E,0,,0,False,914.0,0.4314799496978666,1.0279076095129276,1.4073601776908342,2679.18,1.9736688980740176
FRB20200930A,0,,0,False,1774.0,0.44726021462768156,0.9454854504726408,1.7090186798829645,1449.2,2.5657665977913937
FRB20201001B,0,,0,False,856.0,0.4347117774328732,0.9716568091095036,1.386050893930507,2683.02,2.8514056658020883
FRB20201001A,0,,0,False,2082.0,0.4585904702761709,0.7865795406448777,1.5469946692663015,1469.94,2.23684559080284
FRB20201002B,0,,0,False,2088.0,0.412083019080719,0.8897725340872995,1.487844672434221,2742.3,2.8708455918509923
FRB20201002A,0,,0,False,2485.0,0.40812866118976293,1.0068017142085457,1.4054870101961314,1418.28,2.1762945012073276
FRB20201003B,0,,0,False,2940.0,0.41672362892090703,1.0227996605770406,1.070586518041887,2102.74,2.79907804879429
FRB20201003A,0,,0,False,3388.0,0.3744408707296749,0.685945666882551,1.246869918613296,1448.18,2.0940823472366916
FRB20201004B,0,FRB20190226B,0,True,1291.0,0.4100466767373915,0.8611809252768039,1.1887305712827945,2501.2,3.393257341334902
FRB20201004A,0,,0,False,1437.0,0.43148483627895956,1.0743011192754905,1.5234247619141603,2859.86,2.05283368906029
FRB20201007A,0,,0,False,4072.0,0.38134299448288744,0.5924655837359895,0.8918333461522816,758.18,2.021295400340806
FRB20201008A,0,,0,False,1255.0,0.5623555234959231,1.527559252398159,4.080536313719579,2280.44,4.8094776569617075
FRB20201009A,0,,0,False,2543.0,0.41557382637251583,0.8930707513217779,1.5881422826176104,2167.32,2.4465257363004076
FRB20201010D,0,,0,False,2063.0,0.4385729821829856,0.8862173586406156,1.1907205128311458,2704.44,2.7851308004046036
FRB20201010C,0,,0,False,2043.0,0.43927625160838174,0.8801852693386227,1.03712597420686,1653.58,1.8000071030067029
FRB20201010B,0,,0,False,2005.0,0.5012957490056936,1.3644816345339925,3.227365789365102,1564.12,4.009853560627118
FRB20201010B,1,,0,False,682.0,0.5055520191764744,1.8017452613592326,3.3185559468645116,3067.28,4.413056107639772
FRB20201010A,0,,0,False,131.0,0.5287388224254652,1.8694947150421477,2.828997894054026,3711.16,3.8846178334357533
FRB20201011A,0,,0,False,601.0,0.4700208537227786,1.1321946050885385,1.6164483966038108,3395.0,3.2816370224794507
FRB20201014B,0,FRB20200202A,0,True,834.0,0.4814260102541187,1.413824500836704,2.901503788895012,2355.4,3.307260009779651
FRB20201014B,1,FRB20200202A,0,True,790.0,0.4887448293398609,1.3872765746631328,2.900665646611853,2242.58,3.294422541679606
FRB20201014B,2,FRB20200202A,0,True,248.0,0.5385733872333349,1.9289265612509332,3.3519854943022502,3327.12,3.717862742290659
FRB20201014B,3,FRB20200202A,0,True,536.0,0.49332063843950313,1.585821191298693,2.984960227997544,2779.68,3.4200924449317838
FRB20201014B,4,FRB20200202A,0,True,1111.0,0.4661380209369919,1.2944106034343454,2.7068490519863633,1793.5,3.132341104497409
FRB20201014B,5,FRB20200202A,0,True,1304.0,0.4561956400371968,1.2533164085574673,2.764569278115976,1776.98,3.2361084136086897
FRB20201014B,6,FRB20200202A,0,True,1301.0,0.45870517915080644,1.3014627724840575,2.3875620072665398,2313.88,3.3528203348350547
FRB20201014A,0,,0,False,2143.0,0.41403518432167535,0.9133646849151609,1.5867202762880017,2327.78,2.460233394894342
FRB20201015B,0,,0,False,193.0,0.6138745312611404,2.197366559368783,5.8057544241432755,3714.04,7.006767414020056
FRB20201015A,0,,0,False,158.0,0.5358610645594564,1.6732513370080813,2.6353035471643462,2976.96,3.3422780693629623
FRB20201015A,1,,0,False,3344.0,0.4486280626261677,0.866818809748849,0.9388085385302748,1259.82,2.1824798387849125
FRB20201016A,0,,0,False,1698.0,0.434039184333886,0.8718038775634882,1.3926654510814185,2988.28,3.304947835555103
FRB20201017G,0,,0,False,2821.0,0.4178279008037376,0.8392254529939007,1.3693148720603379,1492.62,1.9353101228817358
FRB20201017F,0,,0,False,3105.0,0.3994979118168265,0.7832345545132442,1.1280305461246354,1393.6,2.5561215440922105
FRB20201017E,0,,0,False,2203.0,0.4679827455512528,1.062990619036652,1.2131663550242409,2734.32,2.1267697557544007
FRB20201017D,0,,0,False,1314.0,0.4463615531541724,1.0492411535967288,1.392179102799632,2249.08,2.858096370636356
FRB20201017C,0,,0,False,1839.0,0.43256225889250643,1.0568660503223892,1.55963715297186,2119.08,2.2637171085354337
FRB20201017A,0,,0,False,3235.0,0.4459645172987925,0.8861745418339277,1.047023980275164,1363.84,2.05333574847467
FRB20201018D,0,,0,False,1048.0,0.42506858398863606,0.9990482564792137,1.6646864129467491,3140.7,2.844272270883468
FRB20201018C,0,FRB20200809E,0,True,1196.0,0.4472002578775289,1.061933516393306,1.3333836405977577,2348.94,2.4320240717417594
FRB20201018B,0,FRB20191113C,0,True,3380.0,0.4322564157949348,0.8689499327985469,1.2888815816987331,1455.96,2.222257574510315
FRB20201018A,0,,0,False,90.0,0.5195039228373846,1.9687196108634848,3.1409841708195265,3601.78,3.8614018559791496
FRB20201018A,1,,0,False,2075.0,0.4125997140020326,0.9802022759214072,1.4765620196028195,2361.6,2.3972368672522504
FRB20201109B,0,,0,False,3998.0,0.3879438324828715,0.7057220429602526,1.2456596684115777,1027.78,2.011402508195871
FRB20201109A,0,,0,False,3903.0,0.4116425128244997,0.6886013362054827,0.9136924440036978,845.78,1.8821812314632262
FRB20201110B,0,,0,False,2637.0,0.4095005855087374,0.9354501117604983,1.1549677845588613,2268.66,2.469411673213915
FRB20201110A,0,,0,False,1970.0,0.44439959778052257,0.7312650199429104,1.4206372595463623,1382.76,2.427563875481122
FRB20201111B,0,,0,False,3515.0,0.4052087247705785,0.7101085073482835,1.1938005188400929,1204.8,2.2082829580913685
FRB20201111A,0,FRB20181226F,0,True,1992.0,0.41699737198725106,0.9013121346734652,1.0385250860307513,2126.56,3.5719058295760813
FRB20201112B,0,,0,False,645.0,0.47873972670484305,1.279009809040724,1.7540130198356698,2911.46,2.9067777144560467
FRB20201112A,0,,0,False,2773.0,0.4019343998709609,0.7691304564948582,0.8791001384092462,1139.38,2.846712431276982
FRB20201113B,0,,0,False,3288.0,0.3884373369783861,0.7891321621319902,1.2075411377395113,902.44,2.7483595811100336
FRB20201113A,0,,0,False,659.0,0.45223529756546493,1.0748446136337755,2.0385149659506756,2984.44,3.5398269235286604
FRB20201114A,0,FRB20201114A,0,True,3183.0,0.4547712731122601,0.8274036605663895,0.5947792226300637,988.54,2.433610276324428
FRB20201114A,1,FRB20201114A,0,True,3646.0,0.43790905175070977,0.757780582726187,0.40271765594555176,670.28,2.3168609738224624
FRB20201114A,2,FRB20201114A,0,True,2833.0,0.44331904486328794,0.8168509565589865,0.7236450492719454,1396.04,2.926745144695437
FRB20201115B,0,,0,False,162.0,0.4549945358619208,1.612249324620524,2.1865023169313997,3661.2,2.8913594564441354
FRB20201115A,0,,0,False,907.0,0.46081316905181813,1.3555108717901896,1.5081602431787968,3420.0,2.4993100063403704
FRB20201116A,0,,0,False,2020.0,0.4370381637756691,0.9082002417517525,1.5318238960772874,2232.38,3.220182537022583
FRB20201117A,0,,0,False,2518.0,0.4486170323049271,0.8782761664945493,0.9597096239274261,1794.54,1.8469411740504504
FRB20201118B,0,,0,False,2848.0,0.41693600948702597,0.8285990480082239,0.9799428072871698,1375.72,3.038918465193557
FRB20201118C,0,,0,False,2017.0,0.44354546099888686,0.9590960947516027,1.7050230019511567,2091.64,2.2761213996101155
FRB20201118A,0,,0,False,787.0,0.4597690283442019,1.1602036639215474,2.028009659553821,3191.82,3.0053350781830592
FRB20201119A,0,,0,False,37.0,0.5820434852295876,2.337009980348918,3.0815811131734994,4059.36,3.7349397772052892
FRB20201120C,0,,0,False,111.0,0.5735508361293227,2.3076287985507227,3.7768312343214894,3576.08,5.015321328823784
FRB20201120B,0,,0,False,32.0,0.5977295654861009,2.2851655011549274,4.347309653284046,3412.92,4.8726027261491165
FRB20201120A,0,,0,False,1073.0,0.45076874622334406,1.2446471986046215,2.0176703480728277,2281.9,2.7799615928557175
FRB20201121A,0,,0,False,3400.0,0.4358133215346373,0.9488841719017603,0.596847709379509,1607.36,1.8356262773973637
FRB20201122A,0,,0,False,3587.0,0.39834239936019045,0.700960881027601,1.3246215444572533,932.32,2.011027943138541
FRB20201123D,0,FRB20180916B,0,True,2026.0,0.4088610400453217,0.8295647949611207,0.9119339031587175,1258.58,2.0079164098984497
FRB20201123D,1,FRB20180916B,0,True,2733.0,0.40477511279946654,0.8356714536136689,0.9440455283383619,1339.62,2.400713427061591
FRB20201123F,0,,0,False,106.0,0.5419857957948342,1.8925198906041802,2.6781467082581916,3932.82,3.5109574979344784
FRB20201123C,0,,0,False,2203.0,0.42801194338745646,0.910024792858416,1.301754150321613,1512.9,2.5069361221218065
FRB20201123B,0,,0,False,594.0,0.4713754309917719,1.1258087883296604,2.061735509816297,2919.96,3.0942553295705637
FRB20201123E,0,,0,False,473.0,0.4373130695165231,1.0949141374393463,1.7477928033869397,2551.72,2.655129974997811
FRB20201124A,0,FRB20201124A,0,True,1139.0,0.43182036577579896,0.8895678231758817,1.4201529685361987,2449.82,3.113818817837774
FRB20201124B,0,FRB20201124A,0,True,2323.0,0.4090564211652659,0.9105007832800576,0.8409445282310054,1945.62,2.6278116341246327
FRB20201124B,1,FRB20201124A,0,True,3247.0,0.45042873224975183,0.9918066515530363,1.2019219339072433,1588.28,2.7545043091189245
FRB20201124E,0,FRB20190907A,0,True,2729.0,0.45825656367519874,0.9470989393484623,0.8065848171681025,1910.8,2.5084022746498853
FRB20201124E,1,FRB20190907A,0,True,2223.0,0.40582681320089736,0.8197333571887839,1.229705698004132,2313.82,2.8048709089969144
FRB20201124E,2,FRB20190907A,0,True,1934.0,0.40108254609134103,0.8064404340327027,1.2613855794533972,3001.88,2.303222334299806
FRB20201124D,0,,0,False,1817.0,0.5167503756341568,1.4723788090121055,2.922598465937675,1970.4,3.8204861300057864
FRB20201125A,0,,0,False,3636.0,0.4028433376800388,0.7661334455915589,0.7192442114635408,1379.72,1.8915477723669039
FRB20201126C,0,,0,False,36.0,0.6029903461399878,3.648224537580532,6.591753175362878,3901.34,7.2169123159772175
FRB20201126B,0,,0,False,3745.0,0.4187221600370644,0.7806911836000241,0.8721285869357733,1504.04,2.28826605303041
FRB20201126A,0,,0,False,3274.0,0.3831017775659058,0.7584001440942334,1.2679889301647977,849.28,2.015882945535147
FRB20201127C,0,,0,False,763.0,0.4782517224753715,0.9456672707545868,1.353365214191123,1835.2,3.2276275858491728
FRB20201127B,0,,0,False,588.0,0.48238799279201416,1.2623886015393513,2.167562349878199,2965.92,3.05890708599251
FRB20201127A,0,,0,False,1888.0,0.4152096931372202,1.0541507555254968,1.3291933274984662,2862.58,3.1190947425045827
FRB20201128E,0,,0,False,1681.0,0.4354160212554049,1.1232084260140227,1.784186906301352,1641.52,2.880014128046513
FRB20201128D,0,,0,False,476.0,0.5601854221291637,1.6687920954645847,3.7002802568536963,3349.02,4.272375629170143
FRB20201128C,0,,0,False,2666.0,0.39267598395296205,0.9101091187893212,1.196107141873944,1690.54,2.466996358981915
FRB20201128B,0,,0,False,2063.0,0.4576516676886805,1.0570587141249939,1.7955204470228985,1604.74,3.41870048766192
FRB20201128A,0,,0,False,947.0,0.47921890359935004,1.1703666978407203,1.289826071675753,2506.62,2.827951696740642
FRB20201129A,0,FRB20200120E,0,True,141.0,0.5153315354096192,1.6359066803711713,2.3648686130162564,3122.02,2.719146831621551
FRB20201129B,0,,0,False,1896.0,0.3947447283509734,0.9725590857485852,1.5648956563939298,2372.84,2.3021688743081525
FRB20201130B,0,,0,False,4108.0,0.3809768886956352,0.5731810662890696,0.514833866491099,379.22,1.814673961927063
FRB20201130A,0,FRB20201130A,0,True,2904.0,0.42637669766652686,0.9836253729232004,0.48960634541533177,1990.76,2.2396683124699646
FRB20201201A,0,FRB20191106C,0,True,327.0,0.4641678042369693,1.0939712327271285,1.4755999828379212,3785.54,3.043032956495113
FRB20201201B,0,FRB20190804E,0,True,3815.0,0.3899650792058018,0.5599405968133472,1.0808627949715015,455.42,2.0667168330390395
FRB20201202C,0,,0,False,1003.0,0.507390024586292,1.131833602531404,1.465366381185618,2822.24,2.8891429895238145
FRB20201202D,0,,0,False,211.0,0.5064363527245824,1.4521792007401686,2.341751892570293,3313.1,3.021338617713184
FRB20201202B,0,,0,False,641.0,0.49138340932609403,1.3797679465891437,1.938369806820853,3360.38,2.813586526362376
FRB20201202A,0,,0,False,2857.0,0.41369401108212306,0.9707210356682925,0.9933578165968904,1954.92,3.2592063789481376
FRB20201203C,0,FRB20200929C,0,True,4048.0,0.3954303666488344,0.5903903785983938,1.1491296256363968,622.04,2.0893849332374264
FRB20201203B,0,,0,False,1180.0,0.45121270912921835,1.120118788810939,1.0923977527535098,2069.02,2.9829018297851286
FRB20201203A,0,,0,False,842.0,0.45926187174661504,0.9125242722247944,1.4797300627661494,3272.46,3.4757786979665326
FRB20201204C,0,,0,False,3417.0,0.41129776427573134,0.6787867034709858,1.0754528033710917,1043.92,2.028242913598295
FRB20201204B,0,,0,False,631.0,0.45419497675660914,1.4019607464737027,2.2569129227814253,3009.1,3.0835556579259435
FRB20201204D,0,FRB20181119A,0,True,3495.0,0.41429428657151635,0.8559690366999696,1.3926940883049084,1025.64,2.4144915262105315
FRB20201204A,0,,0,False,740.0,0.4849194658671215,1.2297021907985095,1.6495147986345524,2453.74,2.9171880005815263
FRB20201205B,0,,0,False,3658.0,0.41093663832748095,0.7359480542127856,0.9515761659688069,1649.48,2.2612592229394703
FRB20201205A,0,,0,False,684.0,0.48365056176005566,1.2281327368082153,1.5883259826615077,2464.98,3.138574406886643
FRB20201205C,0,,0,False,371.0,0.4800747299371857,1.0545329359067606,2.0340078496981318,3402.5,3.0682887540087402
FRB20201205D,0,,0,False,3756.0,0.3965130888629406,0.6666751228724876,0.7598779164480169,384.14,2.179849862787237
FRB20201206E,0,,0,False,2382.0,0.43894334995749057,0.962206372601503,1.423394260817798,2378.84,3.0561625588252066
FRB20201206B,0,,0,False,1522.0,0.4324686200321309,1.0507129999941067,1.745764104850685,3417.18,3.0283854061570428
FRB20201206C,0,,0,False,3230.0,0.4110597564653723,0.6820564488149538,0.6778727282358505,1397.82,2.1984678718771997
FRB20201206C,1,,0,False,3461.0,0.4028450037448254,0.6762570877752346,0.8614403698715588,1044.64,2.0461413781625346
FRB20201206D,0,,0,False,3328.0,0.4410932413612679,0.9586633200308136,1.405876670073788,2075.86,2.504503938755632
FRB20201207E,0,,0,False,3031.0,0.3988022634132378,0.7189098696978715,1.1467836442695998,2188.2,2.294647854478414
FRB20201207D,0,,0,False,3632.0,0.40353532305355566,0.7000510775417311,1.180544977171885,811.46,2.4860724667117498
FRB20201207B,0,,0,False,3394.0,0.41833849647648635,0.7935203519551467,0.8879683290260855,1657.3,2.5643403478459614
FRB20201207F,0,,0,False,1392.0,0.4667887991638428,0.9443192591407626,1.7788097153818143,2827.42,2.0711052018710125
FRB20201207A,0,,0,False,3284.0,0.4168724773396467,0.70275234973067,1.0011417110512226,2986.98,3.0296583627739775
FRB20201208A,0,,0,False,1570.0,0.426067817759191,1.0231734155088008,1.5424137969899137,1701.96,2.9635994914461024
FRB20201209A,0,,0,False,118.0,0.5328413677437067,1.7864024326212822,3.4782651046367867,2868.7,3.924862797347669
FRB20201210D,0,,0,False,3476.0,0.41325271232548955,0.7427974932620993,1.4266234741535975,1965.62,2.5154384606171485
FRB20201210C,0,,0,False,1127.0,0.4641491838063279,1.3504169911943784,2.1949549812703113,2545.96,2.8277506616402257
FRB20201210A,0,FRB20201124A,0,True,1303.0,0.4697143255112742,1.257583754481981,2.6863574124404113,2346.2,2.6531580063745657
FRB20201210A,1,FRB20201124A,0,True,1098.0,0.4555900929257367,1.264220359621514,2.411514936215948,2274.0,3.0692973618228585
FRB20201210B,0,FRB20200926A,0,True,2342.0,0.4129285122756767,0.7221672889192275,1.2497697200094788,2075.1,3.06676791875616
FRB20201212E,0,,0,False,81.0,0.5623539700100667,1.8047593400044253,3.5753611732462294,2760.58,4.234098030474839
FRB20201212D,0,,0,False,2749.0,0.41293510454351984,0.710752701397905,0.9423556437995946,1592.38,2.2663426536783944
FRB20201212C,0,,0,False,3362.0,0.41394952514692107,0.785874858880708,1.2190542359098233,1778.84,1.918116055987027
FRB20201212B,0,,0,False,3405.0,0.41053070431848443,0.8160165457154381,1.4528481425436293,1441.48,1.8881403236573326
FRB20201212F,0,FRB20190303A,0,True,1875.0,0.4301098349059475,1.0123415899184864,1.0593857215388,2319.92,2.6957493054989556
FRB20201212A,0,,0,False,3742.0,0.3937050122292582,0.6473916467028544,0.9305816363775866,875.88,2.138483834361108
FRB20201213A,0,,0,False,1274.0,0.4346762165495194,1.1450590290843086,1.690479065770905,2049.52,2.517131025631624
FRB20201214B,0,,0,False,3124.0,0.40624303113764143,0.7889651972303826,0.8920918361464046,1471.52,1.8325277230957142
FRB20201214A,0,,0,False,1931.0,0.4379834136107609,1.0374552552483751,1.736831301726009,2210.28,2.757447526664455
FRB20201215D,0,,0,False,504.0,0.4473713053948185,1.310819801563303,2.1997037130457437,3400.0,3.5229600944232153
FRB20201215B,0,,0,False,2877.0,0.3872924921195237,0.7771512131137097,1.1439665486739112,1579.88,2.310241481853433
FRB20201215A,0,,0,False,145.0,0.5077473243905909,1.769510335406754,2.3502333080235815,3497.44,3.5558017161923026
FRB20201215E,0,,0,False,550.0,0.45631523131412155,1.0704672674843576,1.6817487329178562,2786.66,3.7551036240083886
FRB20201216E,0,,0,False,735.0,0.4479136221657643,0.9538812108087702,1.5397630076135504,2398.98,2.926266842157856
FRB20201216D,0,,0,False,3344.0,0.3840588854647937,0.7237970693468159,0.7818974124938995,905.46,2.2116632566890675
FRB20201216C,0,FRB20190417A,0,True,2041.0,0.4848037637419663,0.8751114291690121,1.535613084615682,763.56,2.157861060166037
FRB20201217A,0,,0,False,1951.0,0.42381905466721426,1.036555095050036,1.145161404650036,1705.1,2.379295963626561
FRB20201217B,0,,0,False,219.0,0.4386303543435649,1.441086941625552,2.0876290536931585,3345.74,2.7114796729248796
FRB20201218B,0,,0,False,1255.0,0.4503131865856286,1.260587591766723,1.8553022563996768,2674.34,2.4734082977224703
FRB20201218D,0,,0,False,196.0,0.5076400568770085,1.5134876254409853,2.8050766544735404,3613.42,3.878010438927225
FRB20201218C,0,,0,False,2418.0,0.3940851781996773,0.7909400586375354,1.267585952404066,2225.76,2.8227486239829602
FRB20201218A,0,,0,False,2551.0,0.39359439282762754,0.8649581174378094,1.467444506123646,2212.38,2.127143821309791
FRB20201219B,0,,0,False,3184.0,0.46735051275426537,0.8869718937975446,0.8652206509009159,1224.04,1.7051861776038322
FRB20201220C,0,,0,False,2545.0,0.4412336826129285,0.8984108119174188,1.143047988707432,1845.38,2.7871019898456852
FRB20201220B,0,,0,False,2262.0,0.40839906778432805,0.7964255787025126,1.3575126281504912,2063.48,2.4118403391018157
FRB20201220A,0,,0,False,727.0,0.42473019571186316,0.9245404111113096,1.682479619103926,3447.58,2.513340086050399
FRB20201221B,0,FRB20201221B,0,True,3766.0,0.3894426663960194,0.5878938760952976,0.8509630157881917,1297.04,2.025138484342593
FRB20201221A,0,,0,False,257.0,0.5022962720688263,1.4898329549983924,2.6276127870135637,3436.74,3.0919188878435464
FRB20201222A,0,,0,False,3907.0,0.398567854882481,0.6027722820937651,0.7923095982007644,945.56,1.9744294258406299
FRB20201223C,0,,0,False,2086.0,0.43706977730061436,1.1260588322773384,1.6674667997809813,2694.08,2.1553082178408176
FRB20201223B,0,,0,False,2804.0,0.38994779733333584,0.9047218215508532,0.9588181666320276,1839.2,2.2874462187128364
FRB20201223A,0,FRB20200926A,0,True,1679.0,0.44219944718186543,0.8864559192329373,1.5167151236730299,2961.38,2.5428219734572166
FRB20201224B,0,,0,False,2484.0,0.40339523726487647,0.8760808680036121,1.4830572726749984,1538.04,2.311419724058837
FRB20201224B,1,,0,False,2534.0,0.4135566248435119,0.9002131704182057,1.4305213316252965,2017.52,3.0604685338405466
FRB20201224A,0,FRB20181201D,0,True,1474.0,0.43858589090181355,0.9955559256675235,1.5631711033287101,1883.3,2.7955969044143303
FRB20201225E,0,,0,False,3173.0,0.4375701177565251,0.7469005628699105,1.1957947925432044,1028.66,2.0708846879127476
FRB20201225G,0,,0,False,1164.0,0.4507927332252136,1.1249191726292014,1.6201009749423294,2699.14,2.099774351420701
FRB20201225C,0,,0,False,487.0,0.4757547275553713,1.4269653005397243,2.3563297755452535,3034.14,2.6976953658413483
FRB20201225F,0,,0,False,2524.0,0.39647167798823996,0.9026944050974176,1.2154917013949473,1568.36,1.9651163178667301
FRB20201225B,0,FRB20190804E,0,True,3535.0,0.39426401751809076,0.7508670614433013,0.8904871624650238,1396.64,1.9776180679044777
FRB20201225B,1,FRB20190804E,0,True,1385.0,0.43336833355174836,0.8800193945558619,1.2955185763808943,2753.56,3.6195454146785395
FRB20201225A,0,,0,False,95.0,0.5376951219304775,2.2114597576424737,3.0460039074491476,3843.9,3.5409099571124316
FRB20201226C,0,,0,False,921.0,0.4846862343375554,1.340338265329632,2.018397343700163,3169.42,2.6999812160272767
FRB20201226B,0,,0,False,1840.0,0.44033935749854036,0.8592544459866046,1.2669269739316464,3085.08,3.56620318865666
FRB20201226A,0,,0,False,3885.0,0.40250505318301316,0.7000317249280716,1.1984191618956328,1094.18,2.9833915298036566
FRB20201227A,0,FRB20171019A,0,True,41.0,0.548056812297002,2.2894895286541668,3.093931791187064,3975.76,4.366876236468083
FRB20201228E,0,,0,False,2613.0,0.40866335390967107,0.7721542707142423,0.9593925294746097,1021.4,2.3215911085591885
FRB20201228D,0,,0,False,626.0,0.4205666322254947,1.228563363358558,1.8035174683091544,2558.4,2.565594668953732
FRB20201228C,0,,0,False,1331.0,0.46701361580007417,1.1249297429402119,1.7040469910285865,2439.7,2.2823537270936884
FRB20201228A,0,FRB20190804E,0,True,3157.0,0.4108020400324417,0.8337792469280867,1.087465661560993,1325.02,2.718644333900356
FRB20201228A,1,FRB20190804E,0,True,3264.0,0.3911130800192297,0.7914976363354695,1.1744588616294083,1207.58,2.805287920763038
FRB20201228A,2,FRB20190804E,0,True,2397.0,0.3957876240665583,0.8741933390054818,1.1791448063310144,1751.32,2.3957562653680786
FRB20201229C,0,FRB20200929C,0,True,3419.0,0.4385363518638513,0.8092735360009563,0.7488624237299163,1201.1,2.8040303925228023
FRB20201229C,1,FRB20200929C,0,True,3122.0,0.3865885293227314,0.7648990983651852,1.0353786320924987,833.86,2.538441039293915
FRB20201229D,0,,0,False,2455.0,0.4258533740739112,0.8748055772256302,1.1269131191332997,3135.26,3.1678419344677065
FRB20201229A,0,,0,False,30.0,0.5756034302260716,1.9866908357311945,3.475465846765048,2908.8,4.436871438283121
FRB20201230E,0,,0,False,3214.0,0.46642741131579885,1.0229860608660806,1.0017465770100487,1998.8,2.038628758448624
FRB20201230D,0,,0,False,3057.0,0.44283713569411015,0.8736057226564897,1.1472820222175362,1947.08,1.9813928860224517
FRB20201230C,0,,0,False,3896.0,0.4016306897271555,0.6844615179704577,1.2098657404646127,981.26,2.48553274716906
FRB20201230B,0,,0,False,1311.0,0.47532629759188605,1.2674179974873012,2.4909355246052782,1722.26,2.9346783426809195
FRB20201230A,0,,0,False,853.0,0.43576085899068595,0.9774192713534197,1.931722128728442,2242.94,2.312199249797439
FRB20210101E,0,,0,False,2643.0,0.38918314519062325,0.8312470620955953,1.6535208001138422,1212.4,1.8142353137013736
FRB20210101E,1,,0,False,385.0,0.43112957635886623,1.4563633401904776,2.1523068374202365,3497.62,2.3986392318179606
FRB20210101D,0,,0,False,2883.0,0.40662649319326644,0.9071014968601802,1.1874861064594653,1572.3,2.3229627469232685
FRB20210103C,0,,0,False,2314.0,0.4268919469042581,0.9046742320820675,1.2134697777215513,1497.9,2.842719421023509
FRB20210103A,0,,0,False,3110.0,0.4025013674250712,0.8841153874644732,1.1254000865623477,1565.62,1.890912987159985
FRB20210104F,0,,0,False,3134.0,0.4450113448855,0.8841922787031787,1.2094098516288447,2088.2,1.712592272679842
FRB20210104E,0,,0,False,3663.0,0.3972076977760219,0.7198952672739425,0.9815824554599593,640.42,1.8724586256695626
FRB20210104D,0,,0,False,2451.0,0.44034449691174765,0.7709692415824174,1.4287654951979036,2088.24,2.232627140105911
FRB20210104C,0,,0,False,3471.0,0.4083990103479987,0.6506935493906616,1.061394557209055,1286.26,2.352394855719879
FRB20210105G,0,FRB20201130A,0,True,2147.0,0.4058117991554646,0.9531704162157301,1.4424498663812533,2406.62,2.267129727410084
FRB20210105F,0,,0,False,296.0,0.5168651190811051,1.7915474612573852,2.291329675913613,3332.76,3.0494213825757384
FRB20210105F,1,,0,False,1012.0,0.46444390825272125,1.4204111787637335,1.9613471920226577,2644.94,2.726175124439556
FRB20210105E,0,,0,False,2686.0,0.4320674062724364,0.979476782789499,1.224228609716115,2403.94,1.7744165673429833
FRB20210105C,0,,0,False,1628.0,0.43073948240336096,0.905981334254483,1.2673043157787436,1352.86,2.480326041474104
FRB20210105B,0,,0,False,1408.0,0.39732997009752086,0.9042405912569323,1.56912083076971,2877.8,2.7312956272321185
FRB20210105A,0,,0,False,651.0,0.5163436508371501,1.2877395564188965,2.1656586261359836,2849.7,2.1726422288662595
FRB20210106C,0,,0,False,2908.0,0.40078371209414326,0.8949962091896098,1.3920559046031837,1325.64,2.39672695030675
FRB20210106B,0,,0,False,763.0,0.4659450818346284,1.278137939522479,1.5010076269614707,3040.48,3.1388048240730044
FRB20210106A,0,,0,False,1952.0,0.42061051331351024,1.0145047149203463,1.5224611593813664,1930.66,2.0798384902529303
FRB20210107A,0,,0,False,2548.0,0.4071205333071687,0.7312999306482648,0.9605110484248232,904.08,2.6150802764821948
FRB20210108A,0,,0,False,717.0,0.4664626253930332,1.3834319514580424,2.2013553851304493,3006.56,3.2765550310256075
FRB20210109B,0,,0,False,3194.0,0.40463197655384364,0.8081040644800446,1.3118703200884065,1492.78,2.1812526746588863
FRB20210109B,1,,0,False,3250.0,0.39372268424445234,0.8272583462160998,1.2270229341026164,1627.8,2.141989276052192
FRB20210109A,0,,0,False,1901.0,0.42596222539629225,0.9056161329338298,1.5401750124383287,2424.0,2.184929772224043
FRB20210110C,0,,0,False,4022.0,0.399924800979663,0.6077459993859339,0.759990173334116,470.82,1.6297398312257139
FRB20210110B,0,,0,False,2968.0,0.40728132167368697,0.6774152637175141,0.9730438391801759,525.88,2.6337830291722075
FRB20210110A,0,,0,False,2587.0,0.4074981915427096,0.9036891146753145,1.2792099375992174,2280.1,2.006939400968287
FRB20210111F,0,,0,False,2575.0,0.3885578345475218,0.8830475156863615,1.4834625250452012,1198.58,2.3220184298606354
FRB20210111E,0,FRB20180916B,0,True,3180.0,0.382510980729391,0.6981665616143624,1.1877533514268575,1449.04,2.128480531608761
FRB20210111D,0,,0,False,985.0,0.4335911184183708,1.2511022215459566,1.911911532258249,2677.2,2.895805142840385
FRB20210111C,0,,0,False,638.0,0.48054242687821425,1.0883850341776573,1.538406332657648,2204.44,3.131207416068445
FRB20210112B,0,,0,False,610.0,0.4545037288754478,1.1243413108294849,1.7848119333028876,3234.52,2.664838933174551
FRB20210112A,0,,0,False,2941.0,0.4014983362266819,0.8094923689970258,1.1765051840507266,1561.04,2.264522735473311
FRB20210113D,0,FRB20190609C,0,True,3902.0,0.396729487009325,0.560175002685894,0.7916609399463054,494.4,2.2427836676573047
FRB20210113C,0,,0,False,668.0,0.49002107921770044,1.3973576609970428,2.323166954257978,2692.66,2.533667391423614
FRB20210113C,1,,0,False,101.0,0.5010872619519787,2.042094120491794,3.4180864918659037,3885.76,4.603833105360693
FRB20210113B,0,,0,False,1877.0,0.4068446875863334,1.006836284690342,1.7860743913648698,2170.3,2.5466392506027837
FRB20210113B,1,,0,False,3596.0,0.39469681845762106,0.7283385551897913,0.8665134562097848,632.88,2.1269180882759917
FRB20210113E,0,,0,False,911.0,0.45679232350901783,1.2555581918254908,1.7895589113951758,2568.78,3.928018764388122
FRB20210113A,0,,0,False,1884.0,0.4334841027291945,0.9594818397418153,1.6379124995355934,2196.12,2.72646547064296
FRB20210114C,0,,0,False,505.0,0.48045854389901343,1.3399280054790565,2.2109293060063395,3142.13,2.918268095253032
FRB20210114D,0,,0,False,3744.0,0.3966437478326173,0.668945567956701,1.0315471997825756,513.04,2.4333401249298627
FRB20210114B,0,FRB20201130A,0,True,2020.0,0.39965441571293453,0.9407640773713025,1.006375932967048,2516.68,2.1719534735354564
FRB20210115C,0,FRB20200223B,0,True,2376.0,0.4639920911195974,0.9109910933812271,0.9696846506725075,1644.42,2.4831040308131667
FRB20210115D,0,,0,False,400.0,0.5334448095315629,1.5307666369476112,2.2801654534866813,3674.78,2.817667803851311
FRB20210115B,0,,0,False,3555.0,0.4038534481418413,0.668476696422464,0.8329587735291386,711.94,2.2262963636442628
FRB20210115A,0,,0,False,367.0,0.5140953649215828,1.6189782798640373,2.6266467904953528,3481.16,3.5048623175196605
FRB20210116B,0,,0,False,321.0,0.47799312227131086,1.2483087823756915,1.9139259289401411,3743.84,3.140486066306855
FRB20210116A,0,,0,False,1734.0,0.45563198589585324,0.7085307645542753,1.4934347877597443,2851.44,1.948652255030009
FRB20210117F,0,FRB20200223B,0,True,1956.0,0.4369017526022185,0.9224056127476263,0.8605955310425667,1975.66,2.7151687505541213
FRB20210117D,0,,0,False,2494.0,0.39920072143476376,0.8414304883770646,1.1363706483749865,2263.82,2.6381347323834223
FRB20210117D,1,,0,False,2402.0,0.40972946395918647,0.8186927879171652,1.187752174157809,2239.88,2.421595538693518
FRB20210117B,0,,0,False,3379.0,0.3945406111921386,0.7774932939410208,0.8749707885516601,1915.82,2.838810110104372
FRB20210118B,0,FRB20201130A,0,True,1879.0,0.41337533024716,1.015029016395168,1.0182591015508058,2882.6,2.4819264876736784
FRB20210118A,0,,0,False,2570.0,0.4043441941067108,0.8626005636351829,1.1664493539112968,1400.9,2.452921335325389
FRB20210119B,0,,0,False,2554.0,0.4200963284006849,0.7259859919488629,1.5464453560147904,1859.68,2.707485132563203
FRB20210119B,1,,0,False,206.0,0.5501235901741687,1.7521816433241342,2.0491558032921784,3841.66,3.4978932505450677
FRB20210119B,2,,0,False,366.0,0.4385419641576378,1.2763770377026238,2.1760519270150946,3248.6,3.200895735178685
FRB20210119B,3,,0,False,352.0,0.43614248178544834,1.1384024486282724,1.9502972327455816,3292.0,3.631980282128117
FRB20210119A,0,,0,False,776.0,0.4293785114513012,0.9834239574427336,1.6804160069587788,3067.76,3.1237120296870238
FRB20210120A,0,,0,False,3587.0,0.4128107495056598,0.7450874373789996,1.1959400384154701,1385.2,2.114444810362901
FRB20210121A,0,,0,False,1059.0,0.47798524731968606,1.2145640978986247,2.0594698432601666,2597.66,4.666397577553063
FRB20210122B,0,,0,False,2082.0,0.4297433738961259,0.8160580450450949,1.1055097092145598,1516.24,2.54448068666822
FRB20210123D,0,,0,False,3243.0,0.39918551672463615,0.7087920812754612,0.4900703922887005,826.76,2.204528119615332
FRB20210123E,0,,0,False,91.0,0.4898314471764269,1.81381597163431,2.5520056561689017,3822.18,3.614846903797543
FRB20210123C,0,,0,False,872.0,0.45834170619995646,1.1663709668377185,1.5415185901538773,2721.98,3.0210207210832527
FRB20210123B,0,,0,False,614.0,0.47327006802539073,1.2813199848731198,1.868042308814882,2641.04,3.1664605627990663
FRB20210123A,0,,0,False,429.0,0.44610266252261743,1.249642458526504,1.803770357425183,3211.04,2.8457601084325126
FRB20210124D,0,,0,False,1871.0,0.4538760024592235,1.0964054975706106,1.659029096397035,2425.8,3.0032522886577
FRB20210124B,0,,0,False,240.0,0.5265379878516586,1.7606748790797202,2.1873045065363272,3407.94,3.515026868460776
FRB20210124C,0,,0,False,900.0,0.48892072265206965,1.1094970653387466,2.12346764416842,2333.82,2.813734593364978
FRB20210125E,0,,0,False,1562.0,0.42544808949359286,1.0998823957209118,1.7830381322107263,2043.18,2.67512018846346
FRB20210125D,0,,0,False,2626.0,0.38364017314245347,0.8078961488414697,0.9326607779390105,2065.16,2.1697980275108804
FRB20210125C,0,,0,False,3225.0,0.3828413232015778,0.7813409092011129,1.235119024579278,1758.18,2.1138237736452936
FRB20210125B,0,,0,False,1204.0,0.4743673715038777,1.2310979027092337,1.3961104868849934,2037.78,3.446296891875053
FRB20210125A,0,FRB20210125A,0,True,4035.0,0.37528679468382486,0.5586945066688682,0.9065742515602,956.68,1.826968011441839
FRB20210126B,0,,0,False,244.0,0.5257024448256319,1.487849105331975,2.336998010153854,3713.64,3.861128951715774
FRB20210126A,0,,0,False,3460.0,0.40672811343470766,0.7443180224068169,0.9871115707426901,1074.1,2.2260058808850816
FRB20210126A,1,,0,False,1066.0,0.3999675540687539,1.16466928774725,1.846557128375994,2324.94,2.4870626868754417
FRB20210127E,0,FRB20180916B,0,True,3268.0,0.4089658126870366,0.8753092608775355,1.1299083582343792,1088.72,2.0255567061936204
FRB20210127D,0,,0,False,2120.0,0.42002662393452744,0.8942501794633209,1.121820138829907,2185.82,2.996848266618408
FRB20210127D,1,,0,False,3398.0,0.4097408625669196,0.6500147366692317,0.7980657398634216,666.1,2.8415065414373037
FRB20210127C,0,,0,False,1033.0,0.44383233754530327,0.9998936685387809,1.312135317607061,2043.66,2.9109896725860653
FRB20210127B,0,,0,False,3502.0,0.4012637388481496,0.6813873668413243,0.9913987091192905,959.34,2.3259586136811476
FRB20210128B,0,FRB20200809E,0,True,959.0,0.4782608144002131,0.9784683781804724,1.2837573110313776,2078.3,2.608159981703561
FRB20210128A,0,,0,False,4028.0,0.39563357202983274,0.56519803795163,1.0513705663510613,225.0,2.1086736075041297
FRB20210129E,0,FRB20180916B,0,True,2414.0,0.41673420994930616,0.8552455679308292,1.0554051344294002,1281.12,2.6944068079601307
FRB20210129D,0,,0,False,4010.0,0.3934949383310776,0.6539917516994687,0.5087614678792078,800.62,2.116507528406927
FRB20210129C,0,FRB20180916B,0,True,3189.0,0.45140595732258876,0.9209413881244772,1.1020398984565019,903.82,2.3549083779439606
FRB20210129B,0,,0,False,630.0,0.47965637793264,1.3082440413007985,1.8308335630597656,3407.14,2.8460008832216714
FRB20210129A,0,,0,False,374.0,0.4687632381638478,1.4574068718609818,2.3137598863105038,3479.9,3.7530178509888765
FRB20210130I,0,FRB20180916B,0,True,3652.0,0.3871254840734099,0.6601668041467483,0.8678829216763799,900.38,2.4356672657633083
FRB20210130H,0,FRB20180916B,0,True,1895.0,0.4446436901350543,0.9241028123838284,1.444009320394413,2334.52,2.999774528598246
FRB20210130H,1,FRB20180916B,0,True,2641.0,0.40443727107255034,0.7336342206851448,0.8383556344248918,1348.52,2.5039097434436393
FRB20210130G,0,,0,False,3699.0,0.40586005086286536,0.8008172385016307,0.9879640112959085,1753.44,1.8978986212927111
FRB20210130F,0,,0,False,657.0,0.46999454448051053,1.3377097775699847,1.837394717074427,2809.68,2.4084136154482474
FRB20210130E,0,FRB20200619A,0,True,3945.0,0.39998193167815654,0.558450661826895,1.0699620634621758,567.92,2.2996060216213468
FRB20210130D,0,,0,False,557.0,0.44121425708559914,1.1389019191831282,1.7661652471533809,3157.04,2.5477516371131945
FRB20210130C,0,,0,False,1132.0,0.4371134749950888,1.2723978436709802,2.0341279173637195,2611.12,2.4716109600483627
FRB20210130C,1,,0,False,2471.0,0.41701000400761407,1.0162422025937201,1.186184365822524,2861.68,2.260832111362201
FRB20210130B,0,,0,False,3042.0,0.3935252312994205,0.7260816860543714,1.2748569934587686,2053.68,1.9427351150179684
FRB20210130B,1,,0,False,1717.0,0.41735240849340743,0.8347840033797242,1.4405916777244703,2675.34,2.4242905602318015
FRB20210130A,0,,0,False,2423.0,0.42331901046547943,0.8487727487427333,1.1418903959095819,1336.12,2.50079223245701
FRB20210131A,0,FRB20180916B,0,True,3919.0,0.3895362133662721,0.6180068683283914,0.7745571564340347,577.26,1.7816183148754783
FRB20210131B,0,,0,False,3523.0,0.40695380082417537,0.6355918221250378,0.9912596688782325,810.96,2.6067069333250408
FRB20210201A,0,,0,False,3193.0,0.42412546660354894,0.9863786538902286,1.3590952398475067,1828.96,1.8419518797366965
FRB20210202C,0,,0,False,3078.0,0.38799587580828665,0.8430351839526005,0.9706984758466527,1420.88,2.0401472492843937
FRB20210202B,0,,0,False,3863.0,0.40918369641762853,0.7385351245205687,1.0580119119580076,952.92,2.2184513444689817
FRB20210202A,0,,0,False,1692.0,0.49644236242621576,1.495341361922796,2.956897822914652,1981.58,4.3136330673213035
FRB20210203E,0,,0,False,590.0,0.5012620158030984,1.4009153301953263,1.658322660463915,3367.42,2.841484614150758
FRB20210203C,0,FRB20190303A,0,True,167.0,0.5570239732089041,1.58850667996341,2.044140093549625,3801.0,2.7917815232129026
FRB20210203D,0,,0,False,3669.0,0.40199114373287614,0.7579767891189959,1.1501204578575426,1160.22,2.1781151864720645
FRB20210203B,0,FRB20190208A,0,True,3914.0,0.43022661000842266,0.6873144648894106,0.7881721139810234,160.6,1.5542256537447177
FRB20210203A,0,,0,False,3831.0,0.40028949847844525,0.6508774064126654,1.2669305706885161,795.74,1.967096581875363
FRB20210204B,0,,0,False,3934.0,0.41608537018380726,0.8091016035408194,0.8301346349427898,522.56,1.673371405709317
FRB20210204D,0,,0,False,2871.0,0.4067345267040935,0.7073426459315868,1.0503743240392034,1280.12,2.565534992239504
FRB20210204A,0,,0,False,2974.0,0.4207812380173992,0.7228829446958811,0.9828226097513831,1477.68,2.4910270691242
FRB20210205C,0,,0,False,3171.0,0.41793543543795586,0.6436104292152285,1.1341554809116676,663.32,2.8117162369786826
FRB20210205B,0,,0,False,3932.0,0.3882756343689844,0.6253168886503666,0.5592275269328658,467.58,1.8985345891032275
FRB20210205A,0,,0,False,2124.0,0.4309725409490624,0.92586756608023,1.0619957635522914,1296.86,2.338657078314553
FRB20210206B,0,,0,False,1776.0,0.3942537248068773,0.9939154766428523,1.4480544982767023,2694.1,2.0406681481916085
FRB20210206A,0,,0,False,1284.0,0.4628544401148887,1.4779083547224305,1.8087312088922147,2817.1,3.2316529310816158
FRB20210206A,1,,0,False,41.0,0.5414740160532935,2.391946611386785,2.9863506739991363,3259.06,4.624323497480242
FRB20210206A,2,,0,False,1015.0,0.4452862088577146,1.3183942948394969,1.9081818237230175,2365.94,4.379290085730037
FRB20210206A,3,,0,False,762.0,0.4536896710301147,1.3907134035456596,1.842741575560593,2486.74,3.9391567605801203
FRB20210207G,0,,0,False,2314.0,0.3884464252288694,0.9509728573790351,1.5377137662629792,2208.88,1.8574641544122428
FRB20210207F,0,,0,False,1808.0,0.42812895013140523,0.8126102684715402,1.3791600552180288,2104.34,2.6307881460568665
FRB20210207E,0,,0,False,2561.0,0.45702307957848876,0.9013354195140113,1.5944836952782548,1488.06,2.4935464193160963
FRB20210207D,0,,0,False,2463.0,0.4335500723124272,0.7082498452374643,1.3116477980127428,1846.18,2.5556755061636296
FRB20210207C,0,,0,False,646.0,0.4571289144073888,1.5960441921696764,2.5939794439353223,3322.86,3.213961955549584
FRB20210207B,0,,0,False,3866.0,0.39876488719701164,0.6159913071387518,1.233726278779236,473.2,2.6560986893770586
FRB20210207A,0,FRB20190303A,0,True,295.0,0.5419479419379062,1.4764991023454273,1.7702162021187773,3873.0,2.639682998901131
FRB20210208B,0,FRB20200809E,0,True,1539.0,0.48883654474163607,1.121395466324896,1.861552730656698,1766.94,2.4140455389982973
FRB20210208B,1,FRB20200809E,0,True,674.0,0.483587423060655,1.300484193826837,2.025566420135908,3025.34,3.24521111873368
FRB20210208B,2,FRB20200809E,0,True,1105.0,0.4453395090756565,1.0692991238067295,1.3868811133346268,2273.18,2.3920276262491496
FRB20210208D,0,,0,False,2757.0,0.41619661138292185,0.8666156817402817,1.17435569651275,2111.28,3.0113998032074982
FRB20210208C,0,,0,False,317.0,0.453494813337073,1.2035408248104122,2.01815326634737,2487.38,2.81162252228644
FRB20210208A,0,,0,False,2421.0,0.43805385528818375,0.7903097925822038,1.184470321235419,2362.84,2.841147988346572
FRB20210209D,0,,0,False,3066.0,0.38197749101648526,0.7188943298425019,0.9436537015947689,1817.92,1.822703946322885
FRB20210209C,0,FRB20210209C,0,True,2852.0,0.39475258259140866,0.7317231731425837,1.4592944526431757,1061.5,2.6961108337861788
FRB20210209C,1,FRB20210209C,0,True,3273.0,0.3897892139556907,0.6674953459235108,1.3945899242510154,1044.38,2.5832578645382807
FRB20210209C,2,FRB20210209C,0,True,3472.0,0.3854368970519761,0.7587350383512661,1.0334500660663877,1310.2,2.335606702823386
FRB20210209B,0,FRB20190303A,0,True,2742.0,0.43828904351792075,0.9181398302263881,0.9133774124142174,1110.76,2.2324463227167524
FRB20210210A,0,,0,False,3479.0,0.4067475691409726,0.6521799793112516,1.2439621098082725,1435.7,2.2250707884250893
FRB20210211E,0,,0,False,1016.0,0.4543651190234794,0.9019069896684743,1.1699075606460334,2058.88,2.4942352690422878
FRB20210211D,0,,0,False,302.0,0.48531100661262044,1.5149782660477151,2.5179614216214286,3103.86,3.065166524460275
FRB20210211C,0,,0,False,432.0,0.4528062150197665,1.1683683915900391,2.0085615086689335,2087.76,3.1317692388004037
FRB20210211B,0,,0,False,2320.0,0.4798180854333382,0.9339983155542964,1.3984991632310912,1297.06,2.7339607023310952
FRB20210211A,0,FRB20190417A,0,True,425.0,0.5129618938975672,1.4182340646157612,2.1657507346410583,2902.18,3.401502375120689
FRB20210211A,1,FRB20190417A,0,True,420.0,0.5167231756542948,1.383481849792022,2.0148343396730954,2814.2,3.2077600367281356
FRB20210212E,0,,0,False,1459.0,0.41140347868835814,1.0566275910655922,1.9155143360133449,2295.68,2.9255579996690773
FRB20210212D,0,,0,False,2711.0,0.40023824638594047,0.7974798083491721,1.4763600839028104,1131.34,2.3453153407619896
FRB20210212F,0,,0,False,2857.0,0.4218035076271119,0.7087798235004918,1.237982404300064,1980.28,2.409737918273845
FRB20210212C,0,FRB20191106C,0,True,1423.0,0.42265161701939996,0.8277657083912111,1.0856470038917876,3059.9,2.3951710369811545
FRB20210212B,0,,0,False,1128.0,0.46442064065331956,1.0818629934571276,1.2421633104731238,2263.98,2.459608750729755
FRB20210212A,0,,0,False,227.0,0.4922297252152511,1.4612277019435707,2.3114052212565186,3114.9,2.844978628410863
FRB20210213G,0,,0,False,201.0,0.4940184606300027,1.3075360294975753,2.641635990723779,3098.56,3.0842340944118463
FRB20210213E,0,,0,False,3618.0,0.4034541306056349,0.7823742367920966,1.0953194336881902,1772.86,2.125912273208411
FRB20210213D,0,,0,False,346.0,0.4745778561928708,1.5776787984668974,2.1274433740600855,3230.72,3.6041520274027237
FRB20210213C,0,,0,False,2919.0,0.4035706905623167,0.7254893182119745,0.9530214361903481,1326.72,2.0607877322602715
FRB20210213B,0,,0,False,3960.0,0.4017497482340324,0.7303180718970517,1.2021906499680473,1562.94,2.694183756983307
FRB20210213F,0,FRB20190417A,0,True,318.0,0.46953821210817215,1.2477122246582697,1.974579696811894,2920.72,3.1809061067309674
FRB20210213H,0,,0,False,3926.0,0.4058259765076086,0.7500653051189613,1.0764335159347533,892.02,2.189881341838223
FRB20210214D,0,FRB20180916B,0,True,2803.0,0.43769519109138305,0.984902697523616,1.1991520420148047,1847.9,2.591998102594047
FRB20210214C,0,,0,False,470.0,0.5153530327063875,1.2628072676373026,1.8871999428069501,3352.12,3.4325111483939152
FRB20210214F,0,,0,False,1454.0,0.4616183558966485,1.060194977046473,1.6761544820878427,2496.52,2.2976653393311666
FRB20210214B,0,,0,False,648.0,0.4716317667971716,1.1105469720413457,1.6529686867709539,2693.0,3.3079214662025462
FRB20210214E,0,,0,False,468.0,0.48257233983381825,1.256036930668118,1.9001415216987902,3652.96,2.6502634369536806
FRB20210215B,0,,0,False,1376.0,0.5020941414814041,1.2488423840031588,1.6784156627053035,3168.32,2.220199895041897
FRB20210215A,0,,0,False,40.0,0.5487068859937214,2.0290909018432925,3.8905539479708477,3448.86,3.922185034770502
FRB20210216F,0,,0,False,845.0,0.45819354929699685,1.21312813497392,1.3182955603139628,2870.7,2.4663007291840096
FRB20210216E,0,,0,False,3901.0,0.4008683795694872,0.6563266976986423,1.1682358414110205,797.12,2.112967570925584
FRB20210216D,0,,0,False,1616.0,0.5050160026365399,1.1618550752591925,2.467567825548906,1522.46,4.539492350523437
FRB20210216G,0,,0,False,1216.0,0.4851478195867241,0.9933543165249604,1.8303570111512064,1939.54,2.5867100059210175
FRB20210216C,0,,0,False,4003.0,0.40387427819272903,0.6108674425637799,1.034113720290386,929.14,2.0901803061990676
FRB20210216B,0,FRB20190212A,0,True,3172.0,0.40724879333553116,0.7790418780586459,0.5991101841937234,1975.1,2.2799103595185333
FRB20210216A,0,,0,False,2196.0,0.41684194378956735,0.9210278969044122,1.3238145614450472,2487.54,2.5339204065305028
FRB20210217C,0,,0,False,325.0,0.46655362162782327,1.2765932017499488,2.309386960868533,2927.24,3.6037952308281174
FRB20210217B,0,,0,False,3558.0,0.4207260185714443,0.6569878762924828,0.8438083403409242,952.64,1.9261229317591455
FRB20210217A,0,,0,False,3099.0,0.396604212777276,0.6791594501904382,0.8198544404265192,1080.16,2.3179085912245303
FRB20210218C,0,,0,False,3492.0,0.397102563375009,0.7922398023308194,1.0806123510754797,1438.92,2.420701588849397
FRB20210218B,0,,0,False,3111.0,0.4313702146586526,0.776427408578225,1.272746174258572,1089.74,1.8439879484460446
FRB20210218G,0,,0,False,1674.0,0.46524760386575803,1.0184163902663315,1.6759654546282559,2025.16,2.534280740536249
FRB20210218F,0,,0,False,279.0,0.48162582268772297,1.1411725233165648,1.9822542337444558,3898.06,3.4267342028592713
FRB20210218A,0,,0,False,451.0,0.43061368547197204,1.2457947322606444,2.0807716035137385,3404.48,2.714114778866417
FRB20210219B,0,,0,False,612.0,0.4198178929289692,1.1023449433470127,1.9221095144040639,2304.72,2.724771312025016
FRB20210219A,0,,0,False,3474.0,0.4150224926534473,0.7659932498139852,0.9566549154082314,1744.2,2.2920997354782306
FRB20210219C,0,FRB20210219C,0,True,3039.0,0.3870197968645201,0.7189424991299431,1.455306625601886,749.3,2.4286322694256266
FRB20210220E,0,FRB20201130A,0,True,160.0,0.4890664157823153,1.5055322655813446,2.379890826645778,3598.94,3.7062954562537884
FRB20210220A,0,FRB20201124A,0,True,1720.0,0.4389478986349199,0.9549326417952658,1.2306231915012464,1908.42,2.5713286841390506
FRB20210220D,0,,0,False,1757.0,0.420601956315864,0.9192382905717842,1.3590102314185228,2530.06,2.34294252235062
FRB20210220C,0,,0,False,1150.0,0.4709990224386081,1.1052125497442253,1.7847856296114564,2895.42,2.1656283352703656
FRB20210220B,0,,0,False,706.0,0.48386947217487275,0.970866179273904,1.5758576003370077,3324.4,2.8448784920099466
FRB20210220B,1,,0,False,520.0,0.48380026862892156,1.0330746504496235,1.6581026135697607,3471.64,2.733829261773243
FRB20210220B,2,,0,False,885.0,0.485169957985462,0.983359067256143,1.586508001949123,3584.44,3.6065774107798894
FRB20210221C,0,,0,False,2267.0,0.4003847573726527,0.8474497387400637,1.4813283442668725,1460.18,2.6304311348224916
FRB20210221B,0,,0,False,2135.0,0.42491124690190923,0.8845670317686471,1.1482339566909145,2543.1,2.6541521279070697
FRB20210221A,0,,0,False,1732.0,0.4195605611558823,1.1288212142360394,1.5622549045041532,2004.86,3.2539294522464535
FRB20210222B,0,,0,False,1521.0,0.42994791449114256,1.1232384837362015,1.5437359790195266,2259.48,2.749954909158902
FRB20210222B,1,,0,False,70.0,0.5472758108798346,2.1542682735725944,2.735667153397385,4042.26,4.359003211579199
FRB20210222B,2,,0,False,1134.0,0.4358228979442233,1.0878445273197035,1.4843350195399974,1955.3,2.8502198675509565
FRB20210222C,0,,0,False,7.0,0.5690829039659039,2.541110731891206,4.5277395417273905,3865.54,5.060026474022917
FRB20210222A,0,,0,False,3847.0,0.39962412145126724,0.624649340542186,0.8285266415147622,377.52,2.0298807933057033
FRB20210223C,0,FRB20190417A,0,True,1161.0,0.49390742599699605,1.0892394725288939,1.8058194115568815,2281.38,2.840882475027061
FRB20210223A,0,,0,False,2103.0,0.43339461553845987,0.9671444600860177,1.408508736676577,2025.96,1.9281961813318482
FRB20210224B,0,,0,False,127.0,0.507785182223063,1.835874274690664,2.608340681531297,3732.9,3.558019295564401
FRB20210224C,0,,0,False,423.0,0.4606838965643107,1.2190720530269477,2.2221301984829047,2357.9,2.8267755242820245
FRB20210224A,0,FRB20201221B,0,True,3605.0,0.4061624416498241,0.6283947797936237,1.2581213944616312,787.38,2.0077768987698956
FRB20210224A,1,FRB20201221B,0,True,333.0,0.46895162046427297,1.1544249704178107,1.7714803484938928,2863.96,3.451573009141015
FRB20210224A,2,FRB20201221B,0,True,2298.0,0.4336576869975058,0.7359524256045312,1.5516701817740988,2155.24,3.143286578719815
FRB20210225B,0,,0,False,606.0,0.4608157733122251,1.2756507247670517,1.6794446200961535,3433.96,2.6141363123791916
FRB20210225A,0,,0,False,1431.0,0.4889397624031796,1.292066272564078,2.7116446705362662,2237.98,3.6371663672660146
FRB20210226C,0,FRB20201221B,0,True,2628.0,0.41938777008637534,0.7032047296536654,1.5091815283074967,1504.68,2.540500375737213
FRB20210226B,0,FRB20190303A,0,True,3796.0,0.41249601451155915,0.45376435095294865,0.6647175147947006,683.32,1.8953422274633573
FRB20210226A,0,,0,False,724.0,0.5515777033685307,1.571581203538622,3.1046651705873205,2861.38,5.064206567810657
FRB20210227B,0,,0,False,3495.0,0.41658641638851096,0.6700910769540547,1.3880801329264387,1578.2,2.414585309407312
FRB20210227A,0,,0,False,2589.0,0.4465477083518421,0.7056945998756914,1.365415815671812,1057.42,1.8430396628599595
FRB20210228A,0,,0,False,1906.0,0.40347192510248847,0.9005069780835926,0.638818091523492,1641.44,2.570378767898562
FRB20210301A,0,FRB20201124A,0,True,949.0,0.4662288207524955,1.1237094379361339,1.308397668335995,2736.72,3.5686120059794666
FRB20210301D,0,,0,False,3746.0,0.4396947953414194,0.7080775589745496,0.6905264608373716,345.2,1.928065952025193
FRB20210301C,0,,0,False,1294.0,0.4195789669921357,0.8926212824085871,1.4655049942918907,2416.06,2.3128071212294468
FRB20210301C,1,,0,False,1493.0,0.4209295323527672,0.8507103534503244,1.391368521456648,2121.48,2.2100414091013802
FRB20210301B,0,FRB20180916B,0,True,1036.0,0.439693896471663,1.0715326515751582,1.664844182087541,2265.68,2.8948890302031667
FRB20210302J,0,,0,False,2134.0,0.41136020575993315,0.8271798223859289,0.528610485408058,1219.38,2.4435863162444296
FRB20210302F,0,,0,False,1527.0,0.5256147135004717,1.540984643822848,3.5228967678655674,2228.06,5.512000038377653
FRB20210302E,0,FRB20201221B,0,True,14.0,0.5475469990659407,2.047111154029292,2.9789176089295837,3881.46,5.2870871820729315
FRB20210302E,1,FRB20201221B,0,True,3277.0,0.39738657226834945,0.7518682138385964,1.1872914545299502,1425.76,2.160292022956054
FRB20210302E,2,FRB20201221B,0,True,26.0,0.5268214970661261,1.810526252584807,2.5641243227253243,3921.74,4.233930013857903
FRB20210302D,0,,0,False,3093.0,0.410191789313029,0.7778771980268236,1.0573718864279003,1762.62,2.4162667286049704
FRB20210302C,0,FRB20190303A,0,True,1240.0,0.44342427136418056,0.9681458914872134,1.3936403681883234,2698.02,2.119113462707468
FRB20210302B,0,,0,False,2604.0,0.39721715485947373,0.8302655684840223,1.2765734796156,1484.84,2.7455125688195112
FRB20210302H,0,,0,False,2396.0,0.42533463336563015,0.807903381780893,1.101293104700724,2581.32,2.730757560432265
FRB20210302A,0,FRB20180916B,0,True,2124.0,0.40555505123530144,0.8081286175768355,1.3461137376302326,1376.42,1.9213826801412828
FRB20210302G,0,FRB20180916B,0,True,3144.0,0.40053296985083153,0.6899996908594184,1.1608540095002533,1864.32,2.552172829862247
FRB20210303I,0,,0,False,3548.0,0.40516919860334605,0.70147694206923,0.7566940533861664,1175.68,1.9189320365117462
FRB20210303H,0,,0,False,2665.0,0.40118487474080133,1.0002748538810988,0.7966615132441401,2050.68,2.2444537347074824
FRB20210303G,0,,0,False,908.0,0.4698708713386768,1.1870348499743248,1.5656213729327861,3445.02,2.4836215719684662
FRB20210303K,0,,0,False,3669.0,0.3872344458736878,0.6449878436541885,0.8251615034601549,1387.1,2.546706794899093
FRB20210303J,0,,0,False,2151.0,0.43185901010938427,0.9141945029880544,1.2406710686218463,2526.06,2.1026609088990322
FRB20210303F,0,FRB20201221B,0,True,1429.0,0.42932353210176843,0.8193971567348918,1.4172535315247856,1993.14,2.8011514942759934
FRB20210303E,0,,0,False,1136.0,0.4265539230073632,0.912152248510188,1.5057918516356483,2998.7,2.3481899481372777
FRB20210303D,0,,0,False,2602.0,0.3966903513687564,0.8278003418317719,1.5731665503244063,1456.98,2.219530444434986
FRB20210303C,0,,0,False,2097.0,0.38928758031158683,0.9055714040854774,1.6128706012995682,1446.0,2.2590845729951123
FRB20210303B,0,FRB20180916B,0,True,4036.0,0.3966541626734184,0.5574341773308571,0.5952206828299882,425.48,1.961941780544948
FRB20210304F,0,,0,False,3641.0,0.380335300823733,0.7335537215340848,1.0101898779425433,827.9,2.4898460430867715
FRB20210304E,0,,0,False,1491.0,0.4439418672831423,1.0703035566152137,1.2203428461694033,2135.04,2.915513974669299
FRB20210304D,0,,0,False,1725.0,0.4196480470458679,1.211725174829597,0.8705286720874452,2232.8,3.2337245613772647
FRB20210304D,1,,0,False,456.0,0.43013161156666785,1.3456995690409372,2.0089551641334302,3317.64,3.0886708859845893
FRB20210304H,0,,0,False,623.0,0.42290861329656904,0.989681791446271,1.5048150691010518,3393.02,2.101185504515309
FRB20210304C,0,,0,False,3636.0,0.4187151298742297,0.7300793577234673,1.0113461788012112,768.94,1.672406784662747
FRB20210304G,0,,0,False,2469.0,0.4372598575352849,0.7796887297726854,1.447660806962967,1449.72,2.8656506657591474
FRB20210304B,0,FRB20190417A,0,True,904.0,0.43994652280278435,1.1179348106078313,1.654780111103051,2139.04,3.109545067033648
FRB20210304A,0,FRB20180916B,0,True,4075.0,0.3870833216212136,0.6254074540465876,1.0360484295404275,478.52,1.7784358821574064
FRB20210305D,0,,0,False,1337.0,0.4412154024284587,0.9736823741007914,1.5593080620688824,2108.86,2.2284381915054516
FRB20210305C,0,,0,False,174.0,0.5426601465438015,1.6004525822786715,2.5347393754878986,3875.32,3.9783373197205543
FRB20210305A,0,FRB20210305A,0,True,2628.0,0.42137866530629925,0.7789941343204336,1.0083478406616047,2179.32,3.1783475920969484
FRB20210306A,0,,0,False,3697.0,0.3940300888364567,0.7251064691700589,1.029446065387745,1213.36,2.312234993208507
FRB20210307C,0,,0,False,2971.0,0.43581349953194165,0.8265158948149528,1.383529148245919,1904.12,2.176886989422862
FRB20210307A,0,,0,False,112.0,0.5037493684706124,1.913265646873509,2.6275215473180036,3780.62,2.9686907522728774
FRB20210307D,0,,0,False,1600.0,0.4188508212639456,0.7864553112239563,1.093477479649716,1805.9,2.518779284706512
FRB20210308A,0,,0,False,3436.0,0.409460876705536,0.7800091743327368,1.1208005411353934,1458.56,2.1383976679852905
FRB20210308C,0,FRB20190417A,0,True,2181.0,0.47613892902333926,0.9061315495504582,1.3767805866372231,824.64,2.1660666371102253
FRB20210308B,0,,0,False,1196.0,0.4765525725346774,0.8592329635249886,1.3393789265245921,2397.6,2.7920868179153695
FRB20210309E,0,,0,False,263.0,0.4786355313744232,1.6481987509369946,2.5044779271946975,2989.4,3.6002092038970925
FRB20210309D,0,,0,False,513.0,0.5350158456876122,1.5824691128839652,3.337678839941921,2804.76,3.8673668429383787
FRB20210309C,0,,0,False,1645.0,0.4267687217961045,0.9190360822616762,1.4058646209121963,2999.24,3.3874892514813606
FRB20210309F,0,,0,False,3985.0,0.39995912216207197,0.5861593579434283,0.7266793019625376,832.42,2.1917829169741925
FRB20210309B,0,,0,False,1942.0,0.3908512044401534,0.8944694501944837,1.6017376201156923,1613.32,2.180890176492823
FRB20210309A,0,,0,False,3744.0,0.40477252612937176,0.7099860509273294,0.941640494111704,711.78,2.771936713303627
FRB20210310B,0,,0,False,3132.0,0.40223441454762554,0.7600990026572545,1.0166781689313,1779.16,2.171002732112475
FRB20210311C,0,,0,False,239.0,0.4733801911723045,1.5242383185706012,2.9058448310577356,3090.46,3.1991667311287206
FRB20210311B,0,,0,False,1999.0,0.44006296173582093,1.0130823278669503,1.3736106780374033,1938.3,2.768840570737972
FRB20210311E,0,,0,False,3851.0,0.384786804698349,0.6794168183968529,0.8246004949964765,1483.1,2.6914503864587833
FRB20210311A,0,,0,False,2289.0,0.42906058954980714,0.7913246172130141,1.2472255355943402,1183.04,2.1277036871590904
FRB20210312C,0,,0,False,2318.0,0.3984994519999953,0.910944118771293,1.5278319951280392,2478.04,2.0673570613262795
FRB20210312B,0,,0,False,325.0,0.49326565654168825,1.430938040503767,2.1741391658237896,3159.38,3.0879544811358057
FRB20210312A,0,,0,False,2935.0,0.4136107342940688,0.8175118029038456,1.0051133348503962,1795.62,1.9944991842923059
FRB20210313D,0,,0,False,443.0,0.4623756122045077,1.3936985234707966,2.2249349238689264,3401.28,3.1360296551030853
FRB20210313E,0,FRB20201221B,0,True,1745.0,0.4342035432755217,0.8333935721995791,1.35299233112968,2159.88,2.6306880760297036
FRB20210313C,0,,0,False,3864.0,0.4034777311316822,0.6893205168973033,0.9652788517379064,1220.7,2.223987560721936
FRB20210313B,0,FRB20200929C,0,True,2717.0,0.3963485518734218,0.7012182861251646,1.2634420549019387,1408.48,2.92028879497746
FRB20210313A,0,,0,False,3913.0,0.3904355999038563,0.7470665023016785,0.9571621754444042,1342.62,2.879973036025072
FRB20210314D,0,,0,False,3506.0,0.39979409810831257,0.7858982662352261,1.0209634007744526,1488.04,2.7443348181211076
FRB20210314C,0,,0,False,2590.0,0.3879798724426056,0.9179838413520978,1.494508709230333,1742.18,2.622721355863689
FRB20210314F,0,,0,False,2353.0,0.46464785316266094,0.8711629860959575,0.9621152566467921,1187.92,2.4542401078459815
FRB20210314B,0,,0,False,2605.0,0.38249701635720285,0.9370319477026637,1.3279258902082423,2886.86,2.2500635205309885
FRB20210314E,0,,0,False,640.0,0.41621339458744055,1.0463543131220132,1.8236381094573901,2642.3,2.838270099523468
FRB20210314A,0,FRB20200929C,0,True,4074.0,0.3893440864514842,0.57199248419544,1.035745446948505,487.44,2.204161920620405
FRB20210315B,0,,0,False,4015.0,0.4038712234941881,0.6834650149874275,1.1572840970060687,592.1,1.9743396545111207
FRB20210315A,0,,0,False,748.0,0.4232045475774499,1.223951608494442,1.6176636771541109,3141.5,3.136309296495469
FRB20210316C,0,FRB20191106C,0,True,331.0,0.46769241281820684,1.013373444453049,1.3505639716288005,3379.4,3.0429123082552447
FRB20210316B,0,,0,False,2956.0,0.39611960038474364,0.8652812559483077,1.1873511870666413,1620.02,2.448137396656883
FRB20210316A,0,,0,False,3390.0,0.4328448434669741,0.8178371449851112,0.9579826109366911,1581.18,2.124597648162844
FRB20210321A,0,FRB20201124A,0,True,3119.0,0.3994766240693491,0.6640776767627246,1.0346372468762122,753.56,2.5037119481439736
FRB20210321C,0,,0,False,2023.0,0.4654357805082924,0.9818028909086862,1.5791604755479995,2214.2,2.0967638299774993
FRB20210321B,0,FRB20210209C,0,True,2313.0,0.421420520319077,1.0249301443962913,1.854577471831118,2108.84,2.694993676673651
FRB20210322A,0,FRB20201124A,0,True,2621.0,0.4683931483804637,1.0063472085113214,1.1734703191429336,2241.36,2.727286361091592
FRB20210322D,0,,0,False,670.0,0.4589476810098275,0.9432112437796846,1.5002028415918165,3209.8,3.2318751510532735
FRB20210322C,0,,0,False,1798.0,0.4287811893687712,0.8158996281404811,1.0904181300701778,2453.74,2.4578297534904054
FRB20210322F,0,FRB20190110C,0,True,1823.0,0.4585336754315751,0.8722233183588168,0.9664551426058646,2249.5,2.3586795657756348
FRB20210322E,0,,0,False,2614.0,0.3944618038809737,0.7826966201789467,1.0244045519361864,2078.64,2.378364899942551
FRB20210323E,0,FRB20201130A,0,True,2636.0,0.4074294525822798,0.7359647053733851,0.9533726973973535,3068.52,3.5129945031402148
FRB20210323A,0,FRB20201124A,0,True,3059.0,0.4521530034452216,0.8630980098911916,1.4437442335518207,1027.62,2.325370653486459
FRB20210323C,0,FRB20210323C,0,True,2864.0,0.40392211450036986,0.6890297397676532,1.0574987534040419,2171.32,2.718799105532641
FRB20210323B,0,,0,False,3951.0,0.41486857157324447,0.6925288911468287,1.1375304834631048,832.7,2.23357660883042
FRB20210323D,0,,0,False,2544.0,0.4313949503344631,0.8097596389333572,1.2805448973788085,1593.8,1.9858983947581819
FRB20210324A,0,,0,False,1074.0,0.4917585435801357,1.0582569677701081,1.8970002509347867,2488.1,2.713316750313339
FRB20210325B,0,,0,False,1096.0,0.422538139082497,1.1458538075990496,2.0081980785503273,2440.58,2.790523772996847
FRB20210326A,0,FRB20201124A,0,True,820.0,0.4025930483105552,1.1337350989288792,1.721858838607386,2696.68,2.6497602331355936
FRB20210326D,0,,0,False,3177.0,0.40064691752694875,0.8015504815854305,0.8892192485537658,1516.96,2.9104121393590963
FRB20210326C,0,,0,False,111.0,0.497446273399007,2.0271347959909596,3.190473546432324,3785.2,3.3489983411748034
FRB20210326B,0,FRB20200929C,0,True,3583.0,0.389291429941103,0.6392966645753942,1.2699335764714448,1078.28,2.3969112612360637
FRB20210326E,0,,0,False,3837.0,0.39877029769876043,0.6508401861071765,0.9231551940222367,409.66,2.285488493310796
FRB20210327F,0,FRB20201130A,0,True,1541.0,0.40659021951144064,1.0099031285792126,1.4727603508345357,2760.02,2.6854727663260824
FRB20210327A,0,FRB20201124A,0,True,2950.0,0.45374658480701746,0.8739069395291515,1.4402608836319517,1104.52,2.3916765497253643
FRB20210327C,0,FRB20201124A,0,True,2311.0,0.4695090934708006,0.9490141029197712,1.472278134182998,1712.46,2.803865016779536
FRB20210327E,0,,0,False,4062.0,0.42037959621417886,0.7421050665160618,0.9246003984057708,841.12,1.9859450450407103
FRB20210327D,0,,0,False,2071.0,0.40172846767546566,0.9113891626845243,1.3938394548700561,1394.4,1.9415779929672718
FRB20210331A,0,FRB20201124A,0,True,1947.0,0.471309109136013,0.9912487374921344,1.5077400785689177,2037.82,2.895280085967635
FRB20210331B,0,FRB20201124A,0,True,1845.0,0.47490177072383727,1.0844999234022314,1.765281155725557,1851.16,2.393502947644997
FRB20210331B,1,FRB20201124A,0,True,1704.0,0.442891018127297,0.9331499900930181,1.2565043254978026,1816.6,2.607186944822618
FRB20210331C,0,FRB20201124A,0,True,2756.0,0.4030281602449901,0.7108203876854179,0.9638814663414105,1401.96,2.9159368043164666
FRB20210331D,0,FRB20201124A,0,True,2340.0,0.42212438313024386,0.8488947819582222,0.7954436125042125,1212.82,2.3604068826528506
FRB20210331F,0,FRB20210323C,0,True,3143.0,0.3991326430693988,0.7457430030183756,1.0580424748349166,1184.02,2.548486878543991
FRB20210331F,1,FRB20210323C,0,True,3371.0,0.3995761405225089,0.7568156449619153,1.0950820139445905,1461.92,2.8218015755625703
FRB20210331H,0,,0,False,1693.0,0.45890823248591633,1.0018666606322353,1.3746834371036964,1915.78,2.80346334268575
FRB20210331G,0,,0,False,1925.0,0.4068335944105561,0.8355976375368966,1.2401016030934933,2484.9,2.2566169109257506
FRB20210331E,0,,0,False,1094.0,0.4321229939111714,1.0754970539786466,1.483247011669696,3111.26,2.9402945651269117
FRB20210402G,0,,0,False,788.0,0.4678919289519406,1.1883513050538455,1.4499358522744608,2386.04,2.4881383064542626
FRB20210402F,0,,0,False,129.0,0.5353063126022746,1.920627834837564,2.449141909458895,3915.0,3.509093412668595
FRB20210402E,0,,0,False,1230.0,0.45537424408354005,1.064894607852471,1.3022647877391578,2503.48,1.9552257951046375
FRB20210402D,0,,0,False,2108.0,0.4276039100450523,0.9868213949008222,1.6261435418425871,2336.52,2.156396854436629
FRB20210402C,0,,0,False,3270.0,0.41843307653417555,0.7102684837345647,0.7666797577020942,1172.4,2.0049312380428956
FRB20210402B,0,FRB20180916B,0,True,3188.0,0.4502798811032701,0.8993723974545572,0.8660125445961454,1487.7,2.2862660262861625
FRB20210403E,0,,0,False,3644.0,0.41886158241056254,0.784197862186634,1.2305201046263443,1381.18,1.98488821928981
FRB20210403D,0,,0,False,2340.0,0.4443756265960677,0.8838536642265883,1.267598344883156,1573.44,1.870876848328635
FRB20210403C,0,,0,False,2824.0,0.4041917477748475,0.9032162886917774,1.665570097845917,1514.42,2.78780368110217
FRB20210404A,0,FRB20201124A,0,True,2916.0,0.41746211619417245,0.7533317088860827,1.0577891074059314,1577.22,2.5244596517786713
FRB20210404E,0,FRB20190417A,0,True,2214.0,0.4770588554468064,0.9435161960928207,1.3184990853377707,966.66,2.4676949939601927
FRB20210404D,0,,0,False,2147.0,0.40192264105167486,0.9501163349715582,0.7987259007630427,2331.22,2.4180060360551625
FRB20210405A,0,FRB20201124A,0,True,1318.0,0.42718820995147083,0.9284106018274283,1.3202050223754267,1810.18,3.130512865221296
FRB20210405B,0,FRB20201124A,0,True,1328.0,0.45060457969471235,1.0825939723337368,1.5155622418369965,2085.02,2.781333348245945
FRB20210406E,0,,0,False,562.0,0.5775113486070046,1.598971444310267,4.8365103426081175,2698.38,6.901762306461498
FRB20210406F,0,,0,False,3477.0,0.41492923072336113,0.6783179963925401,1.107207978077454,872.62,2.5053642717359996
FRB20210406D,0,,0,False,3491.0,0.3880252151391194,0.7915709293968283,1.2223558157591423,1369.42,2.54558355682839
FRB20210406C,0,,0,False,3548.0,0.4128417133799805,0.7393930443675634,1.3490735883155909,1308.56,2.319417786427052
FRB20210406B,0,,0,False,2881.0,0.4299518811039121,0.792763958399303,1.356415595893665,1901.24,2.76368916032323
FRB20210406A,0,FRB20201130A,0,True,2982.0,0.39815477663416443,0.673206842869399,1.0999897891212187,1878.0,2.5653557518946184
FRB20210408E,0,,0,False,3973.0,0.4030477589867998,0.6846056666130464,1.119580762533199,531.44,1.7782342061621856
FRB20210408G,0,,0,False,3630.0,0.39764438753163656,0.62857281702533,1.0233503282286882,989.36,2.1346567454836403
FRB20210408D,0,,0,False,1749.0,0.433675805827198,1.054689275383172,1.508097866821396,1970.92,2.468937297322195
FRB20210408C,0,,0,False,3988.0,0.4111002449027463,0.6935364961212939,1.043072012969309,497.26,2.247305224730251
FRB20210408B,0,,0,False,1393.0,0.4263826289748125,1.111485338348122,1.804150217800206,2420.9,2.0754734281750062
FRB20210408A,0,,0,False,2875.0,0.41816283435816315,0.8827090008006794,1.0167726249204967,996.9,2.0414754958489683
FRB20210409D,0,,0,False,4024.0,0.38609010483970085,0.711850662998876,0.6759303426180274,1287.48,2.2341802062004503
FRB20210409C,0,,0,False,1041.0,0.4480703724800632,1.1138136073732712,1.2510883347934487,2332.76,3.010593113130324
FRB20210409B,0,FRB20210409B,0,True,3267.0,0.4576928213617257,0.9239247412378712,1.207800079941435,1574.46,1.971717661572714
FRB20210410C,0,FRB20190212A,0,True,2881.0,0.4005768383878068,0.7831315156725446,1.5209319203152147,1715.46,2.517299275024144
FRB20210410B,0,,0,False,3485.0,0.4170459401746169,0.6434951603165198,0.6415526785808808,552.22,3.1058903846432053
FRB20210410A,0,,0,False,1525.0,0.42047795185732617,0.988994732307652,1.8379137936000405,2777.24,2.510997516700685
FRB20210411E,0,,0,False,287.0,0.5222364756007929,1.3831135484256778,2.0004895625598293,3488.26,3.259281515010062
FRB20210411D,0,,0,False,538.0,0.45216083608752927,1.3122381143201207,2.134709914133305,3359.94,2.6135166978787714
FRB20210411C,0,,0,False,3560.0,0.39905417908381446,0.6918103934050479,0.7378332838793502,1090.22,2.794590089856938
FRB20210411B,0,FRB20201124A,0,True,3120.0,0.39466225075605205,0.6335511768805999,0.9846384122150791,711.18,2.3287936399134983
FRB20210412E,0,,0,False,1277.0,0.4581320979669372,0.9186592041520812,1.1028496392594809,1647.66,2.3953329280171456
FRB20210412D,0,,0,False,1726.0,0.44429437946718314,0.9094653054472921,1.2245231351093337,1795.76,2.0974992256937184
FRB20210412C,0,,0,False,1538.0,0.42758591040254235,0.9852112542775091,1.6011110343094839,1748.56,2.581375905558915
FRB20210412A,0,FRB20201124A,0,True,2700.0,0.4186041243812213,0.7302010088861527,1.1573031399665774,2107.66,2.5725167578929216
FRB20210412B,0,,0,False,1187.0,0.44107141319532756,1.1059314001393008,1.631953828699561,2366.74,2.780977552709513
FRB20210413E,0,,0,False,1701.0,0.52681656852565,1.3609769327364238,3.5961682117938425,1486.74,5.492022892508257
FRB20210413D,0,,0,False,258.0,0.5114138420477836,1.567734855323414,2.2683844991756836,3536.64,3.5625138791770414
FRB20210413C,0,,0,False,320.0,0.4605340753469503,1.2648367060251728,2.360942264302405,2174.52,3.3960664716828632
FRB20210413C,1,,0,False,2111.0,0.416388419569126,0.9297904066920959,1.4481347058962595,1473.9,2.4080936258285774
FRB20210413F,0,,0,False,2021.0,0.3876412713892441,0.900227360443677,1.5047536771650405,2236.88,2.5488058652299412
FRB20210414D,0,,0,False,4064.0,0.39300375203303595,0.5673531392772989,0.7086974758034243,229.96,1.6367317472527143
FRB20210414C,0,,0,False,1596.0,0.4611767737667159,1.0617260173210714,1.6327044211144353,2312.3,2.5476119850545413
FRB20210414B,0,,0,False,3770.0,0.397609312738415,0.6048298384594959,0.9116228564781412,532.52,2.346314404524368
FRB20210414A,0,,0,False,3195.0,0.4166880238492212,0.7211708290231302,0.9373251623600385,1547.0,2.2814143612578506
FRB20210415F,0,,0,False,2842.0,0.4289600608712802,0.7969812243188312,1.6214013786212558,1583.22,2.2821591819989844
FRB20210415E,0,,0,False,2132.0,0.42373354114700695,0.8220819883440529,1.3562602359899065,1449.06,2.2170560846547778
FRB20210415C,0,FRB20210219C,0,True,260.0,0.586663747551038,2.407663509362083,5.3217797377685665,3557.06,7.259702386189558
FRB20210415B,0,,0,False,527.0,0.44889500306468405,1.3920155354487125,2.180204986135034,3286.88,3.2343060095471143
FRB20210415A,0,,0,False,361.0,0.475545889840676,1.300596636344991,1.753367273009868,3210.72,3.326002943088722
FRB20210416E,0,,0,False,3798.0,0.4152610056082076,0.6833877567424145,0.7755032373455343,848.48,2.5384290798724236
FRB20210416C,0,,0,False,3351.0,0.38013647989648003,0.8073180613693189,1.1064984384468355,948.32,2.437750230983477
FRB20210416D,0,,0,False,1378.0,0.42917703458614787,0.8699256724580244,1.372962728116502,1684.24,3.4284265996794936
FRB20210416B,0,,0,False,1441.0,0.4267318795565701,0.8519745942509898,1.6502338816586632,2308.06,2.6018478244234307
FRB20210416A,0,,0,False,4017.0,0.40304291411945103,0.6226302557802658,0.7562939151966995,511.94,2.440775316343465
FRB20210417A,0,,0,False,349.0,0.48533123911770426,1.571397420695863,2.883175992098283,3201.42,2.866938782057226
FRB20210418D,0,,0,False,1477.0,0.4567908940476481,0.9677490708728127,1.337600694540563,2552.32,2.4895394966716764
FRB20210418C,0,,0,False,2152.0,0.4461192128062681,0.8704904056109397,1.5168562948822066,1240.78,2.403647395147757
FRB20210418B,0,,0,False,553.0,0.48014424288427654,1.5435809134288683,2.4115094577431444,3014.86,3.6819297851464
FRB20210418A,0,,0,False,2487.0,0.3970795456065966,0.8721335297474001,1.1928189431298244,1640.66,2.6189071339002696
FRB20210419B,0,,0,False,2348.0,0.439055253034468,0.9902463710123344,1.2270909695704109,2166.62,1.854526661553691
FRB20210419A,0,,0,False,3704.0,0.40532106817202623,0.6794052845740904,1.056177802819456,488.62,2.592276741661968
FRB20210421C,0,,0,False,1631.0,0.45184369653906,0.8893749859708707,1.6347642161385296,2614.96,2.4127046822311793
FRB20210421E,0,FRB20200120E,0,True,123.0,0.4926469795013341,1.6823921516559026,2.6718948996936334,3219.46,2.76486473047901
FRB20210421F,0,,0,False,1203.0,0.42744855878189897,0.9927025546797849,0.9875512873501097,2617.42,2.2029355100623937
FRB20210421D,0,,0,False,1552.0,0.4499686779134102,0.8554528415417593,1.1944755685775879,3099.54,2.996854870745245
FRB20210421B,0,,0,False,3792.0,0.392991671557774,0.7935089830115479,1.225777826115452,1960.3,3.177247297010789
FRB20210422A,0,,0,False,2114.0,0.41561921619490194,0.829133595781862,1.3002728335127793,1472.64,2.2986192645112604
FRB20210423H,0,,0,False,3924.0,0.3790016848418015,0.581294659588141,0.8830157561305635,486.92,1.7308609692037102
FRB20210423G,0,FRB20200120E,0,True,83.0,0.5457556246910201,2.0634686091042975,2.7790029545510553,3911.24,3.163476695536378
FRB20210423F,0,,0,False,1381.0,0.47366237304562364,1.2557193651790914,1.9458030174858931,2708.12,2.449285636565075
FRB20210423E,0,,0,False,387.0,0.48380104942332763,1.4457007568338036,1.8497962241269348,3519.76,3.5470479088431004
FRB20210423D,0,,0,False,3889.0,0.38443360811482835,0.619740056644453,0.757175629192713,668.88,2.381467647341317
FRB20210423C,0,,0,False,3068.0,0.3970452693826988,0.8520446555607816,1.376960197915725,1512.46,1.98574697466307
FRB20210423B,0,,0,False,29.0,0.5676857305263068,2.4765580173883412,4.700295409349061,3307.16,5.2164749769260235
FRB20210423A,0,,0,False,2450.0,0.39071591631376645,0.9534605548878943,1.671633335755129,2271.52,1.8396719070561687
FRB20210424C,0,FRB20190417A,0,True,759.0,0.4576875037220766,1.140940962665518,1.6442675009045937,2728.02,3.1022249110610374
FRB20210424A,0,,0,False,1291.0,0.4254111281591946,1.012964293592665,1.215708754869625,1911.06,2.393832313247383
FRB20210424B,0,,0,False,2762.0,0.4018243072262357,0.9186449479794044,1.2051920632458955,2433.22,2.095626539399785
FRB20210425A,0,,0,False,3850.0,0.4066856314616305,0.5919108852782698,0.7300866644286643,356.94,1.6676936860319467
FRB20210426B,0,FRB20210323C,0,True,1683.0,0.43993636569411876,0.9754596557621543,1.43798258180462,2966.3,2.8018254564809775
FRB20210426B,1,FRB20210323C,0,True,282.0,0.4707536099323342,1.4400819900253221,1.9403507622580518,3352.9,3.178609888143758
FRB20210426A,0,,0,False,2565.0,0.42932807069715956,0.9358606880786168,1.1247388641988731,1729.82,2.7462107071514468
FRB20210427B,0,,0,False,1329.0,0.4243027226002912,1.0928699298803248,1.9290392665106915,2202.52,2.537870438093444
FRB20210427A,0,,0,False,215.0,0.6085200820784694,1.9620711021808508,5.676934940746578,3236.92,6.859701745336065
FRB20210427C,0,,0,False,466.0,0.4702737497825009,1.2246354342597727,1.7270620153530511,2859.24,3.850382808887174
FRB20210428C,0,,0,False,3456.0,0.4241103204293259,0.6722844450113337,0.7066291418482425,2811.8,2.9517475057994305
FRB20210428A,0,,0,False,4065.0,0.3914247014448779,0.6811472564230552,1.088518076710423,856.78,1.9782809315537049
FRB20210428B,0,,0,False,2874.0,0.4016635754821118,0.7961486966284613,0.798742286375005,2561.22,2.290504415751947
FRB20210429C,0,,0,False,1848.0,0.40800035049899175,1.0234520601921602,0.9897991726671544,2168.18,2.5440771391780443
FRB20210429B,0,,0,False,533.0,0.5043699397222121,1.6346631248093968,2.9765867938122614,3105.0,3.5637961178492237
FRB20210429A,0,,0,False,3136.0,0.41320364678785687,0.6644180836203315,0.9140284406214157,866.16,2.4971271645691386
FRB20210430I,0,,0,False,3368.0,0.41095640621610385,0.6180459422715582,0.7898175132329525,928.04,2.245422550970561
FRB20210430J,0,,0,False,3211.0,0.45250102179924945,0.8809834419336902,0.9628546583114549,1143.0,2.073632343783297
FRB20210430G,0,FRB20200120E,0,True,94.0,0.511017647247319,1.551648026787249,2.424777366923192,3866.62,2.8065395257153254
FRB20210430F,0,,0,False,1435.0,0.4006813191129282,1.001611363505626,1.6398803695025745,3030.34,2.7648077595313003
FRB20210430E,0,,0,False,474.0,0.49649669942240354,1.3308598866362413,2.171351381986744,2999.68,1.7343719836987648
FRB20210430D,0,,0,False,2655.0,0.3862807153950593,0.8209967065041865,1.0565733657568839,2234.76,2.067099016860338
FRB20210430C,0,,0,False,3282.0,0.4305731386553999,0.7880298558005733,1.3118597854959941,1052.52,2.1495553666545137
FRB20210430B,0,,0,False,299.0,0.47862333444656374,1.1833826627492945,1.8259972148861008,3857.94,3.5161688253025405
FRB20210430A,0,,0,False,3604.0,0.41088293561791545,0.7473781054720579,1.4031863804998495,982.5,2.9091930889738444
FRB20210501C,0,,0,False,735.0,0.4486835175366766,1.0748534404131125,1.4191829182586884,2685.62,2.5739421367431747
FRB20210501D,0,,0,False,3981.0,0.3804997855082008,0.5647465199862004,0.7061391380129727,1183.68,1.8737730548969767
FRB20210501B,0,,0,False,149.0,0.48990558075054796,1.557786410928216,2.7891745985749585,2791.34,3.886072972806592
FRB20210501A,0,,0,False,438.0,0.5019257831233684,1.496220411229309,2.086389386133333,3418.84,4.086586388533708
FRB20210501A,1,,0,False,1201.0,0.48385120193227793,1.3263205938543903,2.516743841602386,2251.32,3.2995772761807753
FRB20210502B,0,,0,False,2213.0,0.4102615975919036,0.8431592677825053,0.8920276271229978,2548.14,2.814217525965154
FRB20210502A,0,,0,False,3647.0,0.4203236845218883,0.6824622942786257,0.7137706660149276,750.52,1.7867225102404887
FRB20210503A,0,,0,False,3376.0,0.39509804689748096,0.6548405330164205,1.330409392213838,1263.72,2.2110715082738595
FRB20210504F,0,,0,False,2690.0,0.4278696689899361,0.8587502322097208,1.1965305944598426,1430.24,1.7297111256516131
FRB20210504E,0,,0,False,1963.0,0.4270622111973768,1.0758370641934574,1.6050806062220158,2394.08,2.0340922354994415
FRB20210504E,1,,0,False,1094.0,0.44653063720871955,1.285035017298911,1.188681532064686,2399.9,2.821736298783401
FRB20210504D,0,FRB20210504D,0,True,1957.0,0.4368823378437038,1.0390842348677065,1.1212002780502452,1658.86,2.8389347401005263
FRB20210504C,0,,0,False,3281.0,0.408598044969173,0.6484040487897917,0.7259324813742186,975.16,2.7135107148160555
FRB20210504B,0,,0,False,2386.0,0.3765148524774438,0.850749043083383,1.679588321695121,1268.78,2.098661404332042
FRB20210504A,0,FRB20201124A,0,True,1391.0,0.41818149553516065,1.014827775520017,1.8808410918773508,2286.28,2.9794510510452947
FRB20210505F,0,,0,False,3520.0,0.42848684965516115,0.6892294301512749,1.325482164474262,434.42,2.2421867182970088
FRB20210505E,0,,0,False,2271.0,0.44666775202237685,0.8241464722348384,1.5055073005913098,1442.56,2.7989741806072477
FRB20210505D,0,,0,False,992.0,0.4307499290894754,1.0619858465949166,1.9256084213826445,2132.8,2.765637795210499
FRB20210505C,0,,0,False,3445.0,0.43259699941179125,0.7585218240749554,0.9601304693691287,492.2,1.800506386394548
FRB20210505B,0,,0,False,475.0,0.5227945339174214,1.6398030851117233,2.244463177763431,3460.84,4.168177447542842
FRB20210505A,0,,0,False,1341.0,0.41776761531160317,0.9316424672035255,1.7726793551287812,2337.98,2.1001442241093424
FRB20210506D,0,,0,False,3852.0,0.3938643035321072,0.6826857587462329,1.0608314970263633,767.18,2.351845055771917
FRB20210506E,0,,0,False,4099.0,0.3870941811634004,0.5868584249776426,0.9113417700890543,263.3,2.3204020463441393
FRB20210506B,0,,0,False,2384.0,0.44387183733671337,0.7360158917329561,1.1062471678063583,2582.92,2.8866731879805485
FRB20210506A,0,,0,False,2814.0,0.44629051063235947,0.8475662782496132,1.2963646040393269,1096.52,2.4550846908830564
FRB20210507C,0,,0,False,1528.0,0.4378114245365455,0.9344544625539534,1.530144214528658,2454.16,2.1210813831999977
FRB20210507A,0,,0,False,3781.0,0.39563836024804455,0.5799187918835502,1.1182757438960385,404.7,2.062649481134287
FRB20210508B,0,,0,False,3009.0,0.40057920378773243,0.8966080929253615,1.1867862854836606,1497.52,2.29399936073765
FRB20210508A,0,,0,False,988.0,0.4259044768079379,1.1921638452081285,1.9034034064280618,2717.34,2.6696186975813947
FRB20210509A,0,,0,False,3923.0,0.38515545052224304,0.7723684839511055,1.1440922341383015,1727.32,2.7520296135909526
FRB20210511A,0,FRB20190208C,0,True,1160.0,0.5643175800812934,1.6558116793814288,4.015021306554246,2607.7,5.598190299033649
FRB20210512B,0,,0,False,3895.0,0.3929134690200554,0.7167122752682087,1.2705726618676976,790.34,1.8944021095775607
FRB20210512C,0,,0,False,6.0,0.5741150544060136,2.677350416314056,4.703035645698011,3932.16,5.362565933136191
FRB20210512A,0,,0,False,3922.0,0.39735257550433023,0.7032167442676241,1.2916366174751452,1348.0,2.2426486806808366
FRB20210513B,0,,0,False,2161.0,0.39561346219815985,1.020195452273977,1.5190258412753102,1679.52,2.696991480227847
FRB20210513B,1,,0,False,2198.0,0.4010685714101223,0.9706704362656025,1.1731910690270824,1668.64,2.3067743843907134
FRB20210513C,0,,0,False,21.0,0.5748502797728638,2.5570496459919765,4.517452720744274,3755.9,5.097197443299783
FRB20210513A,0,,0,False,3090.0,0.3963567532964641,0.7057945654656722,0.6099089475118459,1301.72,2.550642989209971
FRB20210514C,0,FRB20190303A,0,True,20.0,0.5797132639814649,2.0223014641617576,3.0390293453267234,4012.5,3.760154084978436
FRB20210514B,0,,0,False,3264.0,0.42595968504742215,0.6729697389484768,0.9977490331212289,1649.62,2.608282048683933
FRB20210514A,0,,0,False,286.0,0.45808023023091954,1.5046899770263928,2.326087390271313,2941.58,3.9030315704775846
FRB20210518D,0,,0,False,3119.0,0.417904919788097,0.7480631566232978,0.9616040751754349,1667.4,2.3095489532854963
FRB20210518B,0,FRB20210209C,0,True,207.0,0.5622640441938571,1.72582815752721,2.0841629821118,4014.46,4.35914126189665
FRB20210518B,1,FRB20210209C,0,True,3982.0,0.4134373960011378,0.7854655967927814,0.9322960518171169,564.96,2.0109830422781236
FRB20210518A,0,FRB20201124A,0,True,597.0,0.42945426315419316,1.1637182291274144,2.0085018051636725,2491.22,2.8758253479780422
FRB20210520A,0,FRB20190905A,0,True,433.0,0.4660025346225393,1.4027444327790086,2.079509793152133,3112.2,3.4983280705422417
FRB20210521F,0,,0,False,2485.0,0.4372555667458089,0.8553628926543274,1.1743784795251748,1701.26,2.843968668587909
FRB20210521E,0,,0,False,3107.0,0.42248395076775525,0.6634285937970283,0.9118603188008815,2093.16,2.5721202138478163
FRB20210521C,0,FRB20180916B,0,True,2750.0,0.3927638841523311,0.7228399102958252,1.3311908674527309,1710.42,2.13200804050585
FRB20210521B,0,,0,False,2093.0,0.4500825518959025,1.0285204760888624,1.496354902215968,2240.68,1.8687926015570462
FRB20210521G,0,,0,False,2034.0,0.4039203386210698,0.893256533648937,1.7046376139719417,1963.38,2.3802713643960813
FRB20210521A,0,FRB20201124A,0,True,1086.0,0.44730934880549045,0.9969257038494742,2.0455117569898706,2325.58,3.2176919412182885
FRB20210521D,0,,0,False,1519.0,0.40819524389045153,0.9143721282730024,0.9972638384874347,2195.2,2.8770650990444238
FRB20210522C,0,,0,False,1765.0,0.45854449533128916,0.9837135970526925,1.5155664666932467,2636.86,2.3720828009576347
FRB20210522B,0,FRB20201124A,0,True,315.0,0.4547383195280966,1.2790033814308672,2.0202851489406206,3263.6,3.338909248602006
FRB20210522A,0,,0,False,3464.0,0.38958526988816256,0.6810269005147241,0.9345491506748248,836.92,2.3729829227314703
FRB20210523G,0,,0,False,1231.0,0.4469399179431387,0.8800072479172988,1.1853595946857733,2499.28,2.6267078526338357
FRB20210523F,0,,0,False,1046.0,0.4429212093167482,1.0029293513802988,1.5442484503198124,3027.54,3.0880885851921147
FRB20210523D,0,,0,False,652.0,0.470142551013781,1.2706100279825268,1.927203630413994,3154.44,3.2837284849476105
FRB20210523E,0,FRB20190303A,0,True,3607.0,0.4121329995713642,0.4904604084910359,0.6918106653663377,1065.7,2.073749175521604
FRB20210523B,0,,0,False,2893.0,0.3868449858978975,0.9853834906542115,1.4149782743129722,2190.9,1.9497635388408674
FRB20210523A,0,FRB20180916B,0,True,3320.0,0.4104519296824762,0.6860734037596214,1.2265570124255585,1148.82,1.9602150203751914
FRB20210524B,0,,0,False,1677.0,0.4421928523820254,0.9723686044190949,1.3445456070038635,1852.68,2.546111152538741
FRB20210524A,0,,0,False,2849.0,0.42288589024238116,0.8826227184592634,1.0922978483636636,2116.76,1.9290273815488974
FRB20210524D,0,,0,False,3082.0,0.4220532397654411,0.7913400460498526,1.5063115845628376,2340.82,2.5372017173635832
FRB20210525B,0,,0,False,2521.0,0.41321542632588776,0.8816148907776012,1.2221765744815234,1469.74,2.7382400185173417
FRB20210525A,0,FRB20201124A,0,True,2090.0,0.4180749477723028,0.742733497755328,1.018933133286516,1272.46,2.8425244561660628
FRB20210526B,0,FRB20210209C,0,True,3739.0,0.44828827133209154,0.8800183291831427,1.1314721777299677,971.42,2.0524612551658468
FRB20210526D,0,FRB20201124A,0,True,290.0,0.5359413784553425,2.0588368768327685,3.9796284469173484,3207.78,5.2964743786768835
FRB20210526C,0,,0,False,1990.0,0.4192262528376116,0.9572448674023576,1.6923539377609689,2566.22,2.61681547620065
FRB20210527E,0,,0,False,4085.0,0.38306907679175856,0.517055086407733,0.6512609756294464,289.16,2.18751254455067
FRB20210527B,0,,0,False,2702.0,0.4029896239543393,0.9306218237010896,1.4130016298356602,1906.88,3.710142772649239
FRB20210527A,0,,0,False,3092.0,0.41014518192621396,0.8542363694806303,1.2989015795186762,1376.68,2.327918013477843
FRB20210527D,0,FRB20201124A,0,True,2566.0,0.46812606553811964,0.9276261543899837,1.4677592044451104,1589.16,2.3148311194535265
FRB20210528B,0,,0,False,4011.0,0.3934651820576874,0.6444502278391907,1.1586430952685807,854.74,2.279886932674232
FRB20210528A,0,,0,False,3375.0,0.39408597692620273,0.7440644111192037,1.1724761121941119,1682.56,2.681616392021254
FRB20210529B,0,,0,False,1153.0,0.4644340781809612,1.0957643132025594,1.9426171623632302,2527.24,3.131931717077505
FRB20210530D,0,,0,False,979.0,0.48542345236713114,1.2878069741207483,1.3255408715743708,2322.74,3.990080526385841
FRB20210530E,0,,0,False,2426.0,0.43570440455543097,0.6965751450632103,1.1114039879820674,1445.72,2.535317979008651
FRB20210530C,0,,0,False,3553.0,0.39394746524287666,0.7309248151608713,1.2396382626014202,1567.3,2.323856334386506
FRB20210530B,0,,0,False,2388.0,0.4267390624155334,1.0133089179199393,1.3895282295286568,2079.24,2.455625886686459
FRB20210531B,0,,0,False,1972.0,0.41949747423892353,0.9012897127587216,1.273504919012864,2295.16,2.9679608192360876
FRB20210531C,0,,0,False,3527.0,0.4010335701677247,0.7153918631631865,1.0530670976340568,1173.4,2.3385866123214916
FRB20210531A,0,,0,False,451.0,0.46535460814200047,1.3516014649904626,2.1437598840677503,3370.48,3.4703245576310793
FRB20210531E,0,,0,False,2243.0,0.418067031357447,0.8840150127232628,1.7358249477679104,2195.42,2.4483034157183594
FRB20210601C,0,FRB20210601A,0,True,2589.0,0.4247163014636087,0.9549144941901773,1.2832790725699272,1786.3,2.6477736463621597
FRB20210601D,0,FRB20210601A,0,True,4045.0,0.3805872474321676,0.5940257207375742,0.9842973499290968,729.28,1.9185828512842014
FRB20210601E,0,FRB20210601A,0,True,3576.0,0.3969999789522136,0.6231510852271234,0.9625091073891308,1195.9,2.6643001138973177
FRB20210601F,0,FRB20210601A,0,True,3700.0,0.4227602117961622,0.8071917934765148,1.2207894865592908,622.2,1.9679052526530076
FRB20210601F,1,FRB20210601A,0,True,2284.0,0.4566057907910715,1.1597647972255916,1.4431093101572903,2294.14,2.237327559738721
FRB20210601F,2,FRB20210601A,0,True,3466.0,0.41935328486193263,0.891915020068408,1.32134719051953,910.34,2.062109968386642
FRB20210601G,0,FRB20210601A,0,True,3891.0,0.41250969896765755,0.7705585826966843,0.9950460555039184,461.82,2.1533766191494745
FRB20210601H,0,FRB20210601A,0,True,1369.0,0.45152692432885994,1.054900870144096,1.608241934737316,2017.7,2.5208047831426796
FRB20210601H,1,FRB20210601A,0,True,2105.0,0.4423057371114219,0.9960201341923828,1.674438087223862,1861.58,2.474724577888815
FRB20210601I,0,FRB20210601A,0,True,2180.0,0.4526938862036203,0.9700514599498282,1.3647174871595453,1560.86,2.3681415011615967
FRB20210601J,0,FRB20210601A,0,True,2175.0,0.4020098003395285,0.7989138015823615,1.307227887582954,1608.38,2.802257821212101
FRB20210604B,0,,0,False,3306.0,0.40335877790119046,0.9047272609331406,0.9430014758576425,2648.06,2.3016965847143154
FRB20210604A,0,,0,False,571.0,0.4305536564066953,1.2856735253071374,1.4309339464023756,3041.34,2.9531859739251782
FRB20210605B,0,,0,False,3074.0,0.4058503154526105,0.6712651740517658,0.8136435492267383,704.6,2.3070437024447887
FRB20210605C,0,,0,False,3908.0,0.40097816473894166,0.6617815333739179,0.34079860519303523,347.16,2.818109348260469
FRB20210606E,0,,0,False,407.0,0.4523447950903481,1.4151171266671079,2.218334123797753,2359.0,3.0425691311582543
FRB20210606D,0,FRB20190303A,0,True,1474.0,0.44764065974249084,0.782437442890252,1.0098190645006684,2629.48,1.921059973458022
FRB20210606D,1,FRB20190303A,0,True,3028.0,0.4101071615502519,0.7644954508927947,0.6957688564334298,1674.14,2.138642440470656
FRB20210606D,2,FRB20190303A,0,True,60.0,0.5226873693541748,1.4871417384891503,2.14535698826909,3992.4,2.773877538506623
FRB20210606D,3,FRB20190303A,0,True,42.0,0.5288304847979682,1.5862218067259808,2.257570810142259,3907.06,3.3245192878958494
FRB20210606C,0,,0,False,3695.0,0.4122395804624424,0.7132198449854672,1.0251891141181224,1126.94,1.8583309673978508
FRB20210606B,0,,0,False,3274.0,0.4063288862724749,0.6750390898931633,1.2029025513131142,1753.86,2.3565334192405185
FRB20210606A,0,,0,False,2768.0,0.4072795376297924,0.6834656031007534,0.883473923841401,1611.22,2.165374713288003
FRB20210607D,0,,0,False,53.0,0.54800291424342,1.8261087193148438,3.1187187414237094,3853.08,3.541358304065401
FRB20210607B,0,,0,False,1787.0,0.431092403232883,1.0971703087684168,1.5164188964729888,2641.88,2.826290291876544
FRB20210607C,0,,0,False,2087.0,0.4685849890110378,0.8497112978611572,1.0753621992031912,1417.99,2.7297382052899457
FRB20210607A,0,,0,False,3595.0,0.393381213220628,0.6917951336452246,1.100175339930114,983.72,1.8590391379158526
FRB20210608B,0,FRB20181119A,0,True,3452.0,0.4280307420893078,0.8969735094091277,0.8651068955663294,960.4,2.208858981644993
FRB20210608A,0,,0,False,198.0,0.5420330464892661,1.5354363257347703,2.2775685376441834,3841.78,2.819428984743753
FRB20210609D,0,,0,False,2683.0,0.42737440886843625,0.8352887984256508,1.094412362175983,1137.48,2.008194830272411
FRB20210609E,0,,0,False,3764.0,0.4059536311034487,0.6729694128123607,1.0735700328123134,991.64,2.3093009833667897
FRB20210609C,0,,0,False,611.0,0.5047409990183339,0.9948646738367299,1.50338019926607,2256.56,3.2362472286727306
FRB20210609B,0,,0,False,2690.0,0.4073169677881778,0.9570424710909323,1.1947476203018441,2028.74,1.9406429298022931
FRB20210609A,0,,0,False,1918.0,0.4506182103721469,0.979205941683721,1.2023604067257638,1920.42,1.9234294021775633
FRB20210610D,0,,0,False,2583.0,0.41664196439340534,0.8319189189828557,1.3286325172395188,1608.1,2.73532337422773
FRB20210610C,0,,0,False,1531.0,0.4189798965364568,1.2360588506159078,1.3973692893172123,2992.68,2.842809440593245
FRB20210610B,0,,0,False,3448.0,0.39328180500729737,0.8539087513977343,1.3427462433838344,1496.32,2.204942253573673
FRB20210610A,0,FRB20190212A,0,True,3208.0,0.39083905469749486,0.7318785772371348,1.118331795720321,1253.98,2.390574007640561
FRB20210612B,0,FRB20190208A,0,True,2469.0,0.38976201486721856,0.802593284117143,1.3684173633158554,1589.4,2.447102227931842
FRB20210612B,1,FRB20190208A,0,True,2921.0,0.4199083461314929,0.6614390904415082,1.1697034640938773,1438.2,2.544305618453571
FRB20210612A,0,,0,False,3588.0,0.43279217798124525,0.803741888452425,0.9837569827932606,1350.1,1.7177396230190427
FRB20210612C,0,,0,False,560.0,0.4471385395485312,1.0853902726360332,1.595409580874451,2830.64,3.6547715712519397
FRB20210613A,0,,0,False,465.0,0.4809469846448277,1.5919323959660294,2.189598541984227,2745.56,2.96826297245698
FRB20210614D,0,FRB20181119A,0,True,3131.0,0.3933202346724021,0.6938058989185985,0.8233075170182019,920.06,2.4058604050376458
FRB20210614C,0,,0,False,2141.0,0.40222729333926943,1.0287211508703036,1.5321239589119335,2102.1,2.9361437942354525
FRB20210614C,1,,0,False,289.0,0.4498840626790487,1.3347443429660235,1.9712658547391368,2981.72,3.252658674613155
FRB20210614B,0,,0,False,3332.0,0.40539162725059824,0.8730834805176517,1.3856096088847514,1458.3,1.9292408440674604
FRB20210614A,0,,0,False,1375.0,0.4453512880106858,1.0211610769846529,1.7440547982779406,1969.88,2.45020882944649
FRB20210615A,0,,0,False,3363.0,0.41019989517285577,0.7212698174364726,0.6907274912276455,903.62,2.8513689931002797
FRB20210616C,0,,0,False,1460.0,0.4411420909593694,1.0166451977492386,1.1582143338576993,3056.82,3.284012618213378
FRB20210616D,0,,0,False,2237.0,0.4218702113240723,0.733167658516088,1.2690705150431805,1386.9,2.012062355653497
FRB20210616B,0,,0,False,3772.0,0.4045292877995503,0.6591872942580291,0.965740061526905,1004.6,2.0208242172786464
FRB20210616A,0,,0,False,1320.0,0.4502640384527837,0.9981416424794876,1.4198150897486943,2090.84,2.9085461887813193
FRB20210619D,0,,0,False,3246.0,0.4071762306125508,0.7631573307294934,0.9603084090439007,1928.82,3.076048895230068
FRB20210619C,0,,0,False,276.0,0.5223686691642827,1.9960549417742002,3.3500053633267517,2985.16,4.454533291830819
FRB20210619B,0,,0,False,3592.0,0.4086031059117922,0.6838108273357949,0.930640796141025,1684.02,2.5872217004310145
FRB20210619A,0,,0,False,624.0,0.4495834087191465,1.195520932214442,1.5534001460305675,3161.08,2.7578248325382986
FRB20210620C,0,,0,False,2156.0,0.4600138125613561,1.0053518769868668,0.6918185919506356,2092.76,2.320704031777489
FRB20210620B,0,,0,False,2805.0,0.3879533624655546,0.8751891927769291,1.3176448183634288,1853.0,2.412750918111731
FRB20210620A,0,,0,False,3848.0,0.3928364422662936,0.7017904251479508,0.77812645999622,1251.3,2.9960274172216814
FRB20210621B,0,,0,False,641.0,0.49176803676175657,1.475773380918415,2.3673713580666496,2988.3,2.5338880784166866
FRB20210621A,0,,0,False,1078.0,0.42867689689370775,1.199304819574379,1.7200582289661566,2574.24,2.63576223581706
FRB20210622B,0,,0,False,2354.0,0.4293877375447753,0.7634376516649312,1.0591134722699476,2107.7,2.451101331360289
FRB20210622A,0,,0,False,3623.0,0.3918583717201159,0.6784359942936116,1.1003988779296194,605.84,2.6009156382155636
FRB20210623A,0,,0,False,2315.0,0.4685648302884849,0.915558118511127,1.6165051673597108,1790.14,2.5217610132748955
FRB20210624B,0,FRB20181119A,0,True,2078.0,0.4541781580339798,1.0784531277086065,1.3594156376339153,2074.74,2.4856951663146427
FRB20210624B,1,FRB20181119A,0,True,3133.0,0.4162917641916751,0.8637091270685412,0.9331836430241361,945.22,2.466643686940236
FRB20210624A,0,FRB20200929C,0,True,3189.0,0.39576225913032664,0.6957853503320135,1.164890761627166,1326.14,2.822720056442299
FRB20210624A,1,FRB20200929C,0,True,3800.0,0.3880051797918996,0.6296264241342724,1.0255801126774655,1009.96,2.2109004044051757
FRB20210625A,0,FRB20180916B,0,True,2247.0,0.4306160441849085,0.7152297732318255,1.4171318727135687,2212.76,2.7250456348790375
FRB20210706C,0,,0,False,2792.0,0.42219363543575117,0.7467353786807983,1.1214885732246485,1496.2,2.4464076526724865
FRB20210706B,0,,0,False,994.0,0.468723429209576,1.1287906579353113,1.5043701135787166,3118.06,1.9330877913877524
FRB20210706A,0,,0,False,3859.0,0.39699364865008346,0.689634562390083,1.196336829299914,968.64,2.4175260577898112
FRB20210706D,0,,0,False,1970.0,0.41866393839275595,0.9643967513285,1.6559852227120484,1573.1,2.1651955678867343
FRB20210708C,0,,0,False,2141.0,0.4037305006749025,0.8006207749751619,1.35955619776654,1902.84,2.1181857818918437
FRB20210708B,0,,0,False,1360.0,0.4714190056008617,1.2781684843809433,1.999309501370541,2591.92,3.0973753548092624
FRB20210708A,0,,0,False,2553.0,0.4468534131035014,0.8158078638707391,1.3435496917437726,1349.48,1.7948915771767893
FRB20210709D,0,,0,False,3174.0,0.3748240592181079,0.7975324601612365,1.222346717225441,844.98,2.1438035302284404
FRB20210709C,0,,0,False,2660.0,0.46283955104135616,0.9247497307113897,1.4572655341526375,1455.02,2.265309777427509
FRB20210709B,0,,0,False,3151.0,0.39220139836119416,0.7207061826699422,0.6282454987179115,822.1,2.344100913773459
FRB20210709A,0,,0,False,1155.0,0.4336357682485224,0.9101784375804198,1.4881490665184534,2917.18,2.9480348747231266
FRB20210710A,0,,0,False,151.0,0.520303771298502,1.6011519571228292,2.3556265228893825,3150.2,3.80684890731823
FRB20210711A,0,FRB20180916B,0,True,3876.0,0.3887960899633884,0.5893814398717943,0.7795525300787304,670.72,2.198287884308227
FRB20210711B,0,FRB20180916B,0,True,2460.0,0.45300650919140023,0.9096501577328195,1.0948571935437028,1550.16,2.436532630147692
FRB20210712D,0,,0,False,2852.0,0.41177572460792905,0.6935364360284758,1.2689935444014093,1442.8,2.7698743880114978
FRB20210712C,0,,0,False,1664.0,0.46816375042043457,1.3274641627885582,2.535965160916733,1909.78,3.3185308266635083
FRB20210712A,0,FRB20180916B,0,True,952.0,0.4513010363154898,1.260257884437968,1.9152322752163964,1810.96,3.286441186409611
FRB20210712A,1,FRB20180916B,0,True,531.0,0.4764224523177093,1.499268626891343,1.8894929604775952,3080.84,3.705477625884183
FRB20210713B,0,,0,False,3249.0,0.391853349163668,0.7589112183862686,1.165199528806442,1922.68,2.5486406026493893
FRB20210713C,0,FRB20180916B,0,True,3672.0,0.39693734245410195,0.59036253922238,1.0382112385054485,548.68,2.1159278306416134
FRB20210713A,0,,0,False,913.0,0.43236578908503503,1.1616662983343313,1.807313670229245,2950.4,3.2381796209717857
FRB20210714A,0,,0,False,1738.0,0.42194114629549334,0.9658919833464612,1.6500782707209196,2754.48,2.7992784280109064
FRB20210717B,0,,0,False,1442.0,0.4687339597522146,0.8963605502318783,1.1758671999143073,2565.18,2.7376859042980555
FRB20210717A,0,,0,False,205.0,0.502000126703511,1.2648026370223504,1.8149402680372266,3843.04,2.905219307255007
FRB20210719A,0,,0,False,2176.0,0.42607802190801275,0.9931540255216911,0.9694769717087097,1255.2,2.288894868008869
FRB20210719B,0,,0,False,1799.0,0.41668651066674517,0.9431366082871065,1.6508058543552768,1454.9,2.5760495892501583
FRB20210720B,0,,0,False,1919.0,0.44713780966207933,0.9826827556655502,1.3244351972922381,1838.46,2.565939896713411
FRB20210720A,0,,0,False,3224.0,0.3834864711553944,0.7408736608318647,1.302141766752235,714.82,2.3666901375798073
FRB20210720H,0,,0,False,3592.0,0.40485531924941837,0.5587490267121711,0.8703834370110637,1514.24,1.948330293009283
FRB20210720E,0,,0,False,124.0,0.5228850337202224,1.6293388316656827,2.7521578826975492,2370.48,4.937403720851495
FRB20210720D,0,,0,False,1210.0,0.4225047633152742,0.9356189689057459,1.8691775339876713,1940.0,2.3432146095406954
FRB20210720C,0,,0,False,3871.0,0.4001946028689095,0.6940947445734893,1.2054525938243714,867.08,3.200205828782466
FRB20210721B,0,,0,False,2030.0,0.4344343377633346,1.0559321120815288,0.8689922968323546,1418.9,3.528877881968567
FRB20210721A,0,,0,False,3819.0,0.38321982627747797,0.6351395506882971,1.0698220508869254,702.64,1.9190084664681433
FRB20210722D,0,,0,False,1022.0,0.44886240267090205,1.0400199299877109,1.8379195528201275,2725.3,2.6412997294844063
FRB20210722B,0,,0,False,3708.0,0.4058777798473449,0.7248588117483069,0.959646484993667,987.74,2.125618599925994
FRB20210722A,0,FRB20200118D,0,True,747.0,0.47339021384026175,0.9306618569183567,1.7216113838347114,3452.66,3.133039933656852
FRB20210724A,0,,0,False,1290.0,0.5095799961805478,1.4816579430156196,2.5731731210105457,2372.22,4.233168513408063
FRB20210725A,0,,0,False,1718.0,0.4646882412110716,0.9022236874091947,1.4938615024881436,2021.02,1.9210923887758995
FRB20210726A,0,,0,False,2158.0,0.41699622606986136,0.9246020745662383,1.1696539007799696,2817.74,2.643808583356881
FRB20210729C,0,FRB20181201D,0,True,3042.0,0.41515421756126314,0.7109981874031456,1.0772350659641634,1944.62,2.2138763973043787
FRB20210729A,0,,0,False,2834.0,0.4142455040794978,0.9216063939591462,1.6248030434220702,1044.92,1.9482806573910632
FRB20210803A,0,,0,False,2584.0,0.41485056326336234,1.0089956713146715,1.2509443664393998,1861.4,3.112101395183656
FRB20210805B,0,,0,False,63.0,0.5050127948443153,1.8945917534220844,2.6232234817240876,3165.12,3.1232985747929995
FRB20210805A,0,FRB20190212A,0,True,2102.0,0.4341709965158951,0.8205929450617633,1.0609877654566817,2303.32,2.824738669940306
FRB20210807B,0,,0,False,2288.0,0.4264382853535761,1.0699524734124737,1.7097915572762017,2419.7,2.046564703392818
FRB20210807A,0,,0,False,1427.0,0.4206721498683732,0.8341171803899023,1.723738350724372,1775.6,2.40244582277394
FRB20210807C,0,,0,False,2339.0,0.42213364369238604,0.8976171334867651,1.2482341056115325,2093.62,2.7476548186159904
FRB20210808B,0,,0,False,3675.0,0.39128520723883436,0.7718059929419392,1.288819254753011,1290.58,2.8691534357706785
FRB20210808E,0,,0,False,671.0,0.5152365377469539,1.6474289346426474,3.1959096790903385,2517.5,4.437772059790049
FRB20210808A,0,,0,False,3838.0,0.4017290548160712,0.6822645112928344,1.2163180888688132,929.58,2.870563886978039
FRB20210809A,0,,0,False,838.0,0.4899410813521803,1.520925629131331,2.4227028934499826,3166.02,3.2588642832576227
FRB20210810D,0,FRB20210409B,0,True,3091.0,0.3918458883652194,0.7356153935704046,0.8149055943712539,1412.94,2.8490196471149245
FRB20210810C,0,,0,False,1945.0,0.39964436160478173,0.9461253161370461,1.4046861560645667,1783.5,2.6052245153217193
FRB20210810B,0,,0,False,3407.0,0.45880628257408523,0.8974317069263279,1.1907889770242082,1688.68,1.9177541600552692
FRB20210810A,0,,0,False,2625.0,0.4271953361389962,0.9000442546245374,1.043124702678958,2423.32,1.9238058120787676
FRB20210811B,0,,0,False,3797.0,0.40064066363510586,0.6407506779262927,0.530644258457762,1521.18,2.0638491574472466
FRB20210811A,0,,0,False,1348.0,0.40083115271513636,1.1862540348330115,1.575729336342777,2683.32,2.735997859046708
FRB20210811A,1,,0,False,2088.0,0.40025703723932476,1.0809392270987943,1.4693324756129658,2222.62,3.1242327716140306
FRB20210811C,0,,0,False,1819.0,0.4425228412301196,0.8689759449598569,1.1462762149496317,2421.82,2.5715155832135825
FRB20210813B,0,,0,False,2069.0,0.4336264011461915,0.8655282931269748,1.7109140143027404,1461.02,2.1938761414143197
FRB20210813A,0,,0,False,1854.0,0.41382889591029587,0.9432453567909779,0.8775563054637283,2348.96,2.570039538828264
FRB20210814C,0,FRB20180916B,0,True,2763.0,0.4026782844930724,0.7126546091008921,1.4095795107184548,1483.14,2.5320933401281973
FRB20210814A,0,,0,False,2926.0,0.4183105333898961,0.8608545634354711,1.1886247310785156,2350.18,2.529064048096537
FRB20210815B,0,,0,False,880.0,0.4952838089023631,1.1507834484934711,1.4580651327324567,2803.1,2.7372543978367863
FRB20210815A,0,,0,False,3783.0,0.4023967123620936,0.6690433600561975,0.8999754516226316,1236.58,2.4965007662318115
FRB20210816D,0,,0,False,1765.0,0.3971577623448826,1.0523778003940623,1.350269852018619,2497.44,2.4615724621395216
FRB20210816A,0,,0,False,3464.0,0.42514160879010177,0.804330772234694,0.8032583443121697,1282.84,2.1509995574182645
FRB20210817B,0,,0,False,3717.0,0.39501926053835995,0.7098326986443944,1.040103031795826,843.34,2.1394182558386463
FRB20210817A,0,,0,False,942.0,0.4869181749089178,1.290932795774837,2.0662030214121607,2413.62,4.359179475047198
FRB20210819A,0,,0,False,1292.0,0.550598780984916,1.3716783093705334,3.8625205479709845,1500.62,6.0380835266693005
FRB20210820A,0,,0,False,1885.0,0.42598704975472435,0.8663456079796241,1.5735910287916461,2399.92,2.550784134124726
FRB20210821A,0,,0,False,2559.0,0.4049760844136149,0.9203645897236228,1.3823379636938682,2433.44,2.863814203386572
FRB20210822E,0,FRB20210822E,0,True,3441.0,0.4183624716458946,0.7122926146186084,1.0665416739436007,1464.88,2.257705005010709
FRB20210822C,0,,0,False,1741.0,0.5060361404605856,1.2278871198509846,2.2761940639230525,1853.12,4.444650313613513
FRB20210822B,0,,0,False,1444.0,0.44909631051473586,1.105903074787443,1.6371998552745017,1937.88,2.4217196303411774
FRB20210822D,0,,0,False,1209.0,0.4734087809675028,1.1294949985814025,1.8369858145134939,2633.66,2.0621621215347674
FRB20210822A,0,FRB20191106C,0,True,2288.0,0.40850375687063634,0.7431351914263875,1.232545664429671,2632.12,2.193291011937021
FRB20210823D,0,,0,False,3664.0,0.3932243617383342,0.8179690774791085,0.7313067850568368,912.02,2.0801203144463183
FRB20210823B,0,,0,False,436.0,0.4842579336613946,1.5234057416161295,2.236459693895389,3530.42,2.3989083038132204
FRB20210823A,0,,0,False,73.0,0.5361200274268868,2.2168814616643426,3.371173313997831,2670.26,4.535103068352657
FRB20210823A,1,,0,False,2139.0,0.4015611880221421,1.017695761025609,1.543007809986319,1646.54,2.6325060610776787
FRB20210823A,2,,0,False,2088.0,0.40376269210520754,0.9482507516099508,1.3368464723747295,1381.56,2.774094071083137
FRB20210824A,0,,0,False,3272.0,0.4167713113591448,0.7478315931528268,0.9804136160966759,316.52,1.8751865871410427
FRB20210825B,0,,0,False,1038.0,0.4497772619891579,1.2356223003794442,1.56977382762072,2626.72,2.7984638320475015
FRB20210826B,0,,0,False,2957.0,0.4546030711536683,0.9245701929628378,1.056054471096703,764.02,1.6588578206884206
FRB20210826A,0,,0,False,843.0,0.4429509848830541,1.101834015058079,1.978783496718989,2794.54,2.755477355690496
FRB20210827E,0,,0,False,3225.0,0.41045758016850065,0.7324290676193027,1.0084787313073853,1876.04,2.5575644718277575
FRB20210827D,0,,0,False,3166.0,0.43339386967959026,0.772490012873851,1.2549904528742983,1858.24,2.7897345897393
FRB20210827C,0,,0,False,79.0,0.5376416295528097,1.889519224534856,3.2190297213740133,2918.82,3.6767107624127338
FRB20210827A,0,,0,False,462.0,0.4899931050940843,1.5445325657098024,1.8394876583452562,3175.74,3.072762025325196
FRB20210828B,0,,0,False,1275.0,0.469936596306619,1.0867155344873414,1.5130895237198867,2445.4,3.3445439693655086
FRB20210828A,0,,0,False,1489.0,0.4706257108456973,1.5875924754147746,2.4949528735536863,2744.96,3.972613061512936
FRB20210829B,0,,0,False,22.0,0.5641577755525031,1.8659434469564418,2.879374923338948,3982.24,3.8876758880942153
FRB20210829E,0,FRB20180916B,0,True,3248.0,0.3935612773814825,0.7003217379896838,1.0251508438154278,1635.92,2.5003173605150404
FRB20210829A,0,,0,False,2863.0,0.426069219355158,0.735911370716291,1.2459141649293155,1782.02,2.532230103167011
FRB20210829C,0,,0,False,2125.0,0.4313046278168628,0.8026741183472021,1.3401637531896657,2813.3,2.3715933547651886
FRB20210830G,0,,0,False,1710.0,0.40850909191828233,0.9450715261047179,0.6703513655072991,1795.94,2.388192106556176
FRB20210830H,0,FRB20190905A,0,True,857.0,0.4649094900452616,1.3683067207989732,1.8169950064640517,2571.42,3.434249679657131
FRB20210830F,0,,0,False,1381.0,0.4267002219546537,1.0279947786082317,1.723177387212378,2700.94,3.112960762565921
FRB20210830D,0,,0,False,3453.0,0.3916979490462432,0.7010273689797953,1.0406293937852942,1732.04,2.1408965049898128
FRB20210830C,0,,0,False,2858.0,0.4118260447793996,0.7512187452239922,1.297505845684665,1951.22,2.627569926145522
FRB20210830B,0,,0,False,2032.0,0.4129676100608689,0.7949435160129714,0.7566539510441191,1334.74,2.8462987517396634
FRB20210830B,1,,0,False,989.0,0.45084893929162373,0.9111046366484817,1.227978336049321,1679.02,3.168506730362492
FRB20210830A,0,FRB20210504D,0,True,1930.0,0.4380413255133122,1.1401383267655287,1.2860199354042472,2708.56,1.9255504800137455
FRB20210831A,0,,0,False,3393.0,0.44559379957999823,0.8934898655874461,0.7574348449503211,1810.74,1.8425671860595216
FRB20210901D,0,,0,False,2663.0,0.39885922558667136,0.7628885456513392,1.1240761845337957,2447.0,2.6599177821252096
FRB20210901C,0,,0,False,3262.0,0.41816294887059297,0.6845400777030034,1.0514692518098094,849.12,2.469073674989755
FRB20210901B,0,,0,False,136.0,0.5405772385312382,1.7779816731340912,2.5645907088963487,3789.52,3.1358066263827533
FRB20210901A,0,,0,False,2765.0,0.3904351189830456,0.9552296118003017,1.2329900646716407,1866.2,2.807932450698041
FRB20210901A,1,,0,False,2186.0,0.419154737638272,0.9464356766083352,1.3230902745390039,1050.74,2.232417921712155
FRB20210902A,0,,0,False,788.0,0.4451193150511856,1.033690781341421,1.5840480311710925,3210.34,3.405992706024952
FRB20210903B,0,,0,False,1332.0,0.4391081567463948,1.057287580114437,1.5432409471463358,2659.2,2.080711126875428
FRB20210903A,0,,0,False,2955.0,0.41318873495615716,0.8050128155435619,1.330515329555224,1424.82,2.151081368047139
FRB20210905A,0,,0,False,2309.0,0.40407040700002694,0.9282217042865858,1.4786193569687542,2718.16,2.0614448317496032
FRB20210906B,0,,0,False,3024.0,0.4165304577917799,0.9390433025346822,0.964483998811406,1300.08,2.10706786174774
FRB20210906A,0,,0,False,2508.0,0.42254168337782294,0.937660212541803,1.1714269352326805,1894.02,1.8755443142010344
FRB20210907A,0,,0,False,1517.0,0.4016911887768234,1.1004470427159219,1.4156165259152746,2720.26,3.2129218698530435
FRB20210908C,0,,0,False,2959.0,0.4233144998705768,0.9478808459128267,1.2593066316500587,1421.58,1.9762803132655358
FRB20210908B,0,,0,False,2029.0,0.481179310236248,1.2758217968935355,2.5516580120634735,1566.78,3.703278073700094
FRB20210908A,0,,0,False,3490.0,0.39867814433523807,0.6504161082256922,1.1734093619959627,887.26,2.03031849321951
FRB20210909B,0,,0,False,50.0,0.6354098990358522,2.8952802142233605,6.710857318546909,3669.02,8.246063716142151
FRB20210909A,0,,0,False,529.0,0.4896008973534535,1.2842311578602408,2.2996260989933544,2251.68,3.088091611279186
FRB20210910C,0,,0,False,3218.0,0.39401805038719845,0.7711578298782589,1.1600672649312886,841.6,2.3364204758759763
FRB20210910B,0,,0,False,3200.0,0.41525611978718907,0.8435647223478544,1.4090472949799149,1810.56,2.3376677811919073
FRB20210910A,0,,0,False,1936.0,0.4319678331511529,0.9685869570890692,1.0549922641564211,1860.18,1.932723183559378
FRB20210911C,0,,0,False,3523.0,0.40998575173624546,0.8082371965916779,1.2760491814009425,1695.22,2.4054441567380227
FRB20210911B,0,,0,False,3894.0,0.382327923854572,0.60460460774687,0.773493670464423,444.78,1.6846961744038071
FRB20210911A,0,,0,False,3314.0,0.3995120767595354,0.6336147994832251,1.1123465922695392,1024.48,2.3872833661379262
FRB20210912B,0,,0,False,1586.0,0.48091664408321727,1.3208585140695484,2.3143592340011656,2122.14,4.1147028685487035
FRB20210913B,0,,0,False,3193.0,0.41567913500244147,0.8779326598301488,1.1390708968592695,1057.52,2.1268681392356528
FRB20210913A,0,,0,False,3163.0,0.43892053669354714,1.030745312267994,0.9754426935929751,1835.82,1.5668314694696144
FRB20210914C,0,,0,False,2838.0,0.41218398939350015,0.8287474405145169,1.375572468468876,2542.6,2.3256604615605894
FRB20210914B,0,,0,False,4083.0,0.4025032941512181,0.6192263047426725,0.8211338712703374,411.06,2.042996564607218
FRB20210914A,0,,0,False,3915.0,0.4135016127461731,0.7227767482951835,1.1891663989052064,754.46,1.815705584506366
FRB20210915A,0,,0,False,1308.0,0.47277623040454864,1.0573512895777166,1.5015706087925937,2271.75,1.8958798219422937
FRB20210916B,0,,0,False,3831.0,0.39800832449519935,0.5789091101930077,0.7513567871010366,638.98,2.428533425816421
FRB20210916A,0,,0,False,3113.0,0.4191746134499239,0.9333357026497942,0.9347988943740821,1199.28,1.8533901354738518
FRB20210917B,0,,0,False,1310.0,0.44616478786605945,0.9130615025315121,1.267694202143071,2864.64,2.385978521551749
FRB20210917A,0,,0,False,3271.0,0.40898100227650364,0.8098649341200392,0.810214323897155,1977.98,1.9302124062245125
FRB20210919A,0,,0,False,1563.0,0.4216785719096376,0.838133429508878,1.3575226330414398,2240.28,2.715712052565022
FRB20210919B,0,FRB20201124A,0,True,1008.0,0.38437464738512095,1.0988011092984489,1.6485387579939899,3202.78,2.366547019972598
FRB20210920C,0,FRB20190117A,0,True,3293.0,0.40827748734297553,0.8502495268102848,0.7235222130860708,849.74,2.1471002145135305
FRB20210920D,0,,0,False,3187.0,0.4371219824468182,0.8532694017480488,1.3226447124152683,1245.46,1.5304446199583672
FRB20210920B,0,,0,False,2437.0,0.4058416829597501,0.8900946322138452,1.3152984561594114,1682.78,2.329768148140395
FRB20210920A,0,,0,False,242.0,0.47933286024980604,1.2857589444618294,1.839569925363047,3746.8,3.061213674673682
FRB20210921A,0,FRB20201124A,0,True,2618.0,0.43836314494342965,0.9167105836870268,1.1087952633201665,1246.96,2.6902272454201666
FRB20210921B,0,,0,False,3064.0,0.40436409116260225,0.7222073637120826,0.873754867128437,1460.14,2.5386220745409918
FRB20210922D,0,,0,False,492.0,0.4562323905913876,1.4653658294209069,2.3050007952614586,2928.82,3.6213035765651496
FRB20210922C,0,,0,False,484.0,0.5753402139741858,2.1873305401837944,5.007128228237739,3302.36,6.0096152907579015
FRB20210922E,0,,0,False,753.0,0.5315158018481967,1.637819821241057,2.58027785942506,3048.18,4.343400464385859
FRB20210922B,0,,0,False,254.0,0.473001463955984,1.5193214204443186,2.176367290807455,3629.56,3.8692574734562353
FRB20210922A,0,,0,False,1194.0,0.43133970609095157,0.8487909976287675,1.1864613939752247,1949.18,2.336573587175212
FRB20210923C,0,,0,False,2183.0,0.44712006088197465,1.0123650167716989,1.6109925344693474,1659.16,2.2091495158178547
FRB20210923B,0,,0,False,3023.0,0.4047254185218667,0.7387972142740297,1.1702237383604566,1421.86,2.2142172584009425
FRB20210923A,0,,0,False,1018.0,0.5039290246870464,1.6032711952295944,2.798842856319534,2709.44,3.8979008560117347
FRB20210924C,0,FRB20210924C,0,True,2291.0,0.4102211679959499,0.8386153413294734,1.2511011594982782,2824.38,2.958440737557986
FRB20210924A,0,,0,False,951.0,0.4520662393868113,1.3218390267803917,2.305052546560291,2544.1,2.694363897032474
FRB20210925F,0,,0,False,3407.0,0.41760722593443933,0.7068106267480014,1.2085359241682427,1718.96,3.0679302605447534
FRB20210925F,1,,0,False,4002.0,0.4002424106157076,0.6231083006469683,1.2509145612602226,1116.58,2.0552495395032495
FRB20210925C,0,FRB20190929E,0,True,1880.0,0.43061311553849263,0.8536548044442842,1.3712306463807997,1891.62,2.9113048639295385
FRB20210925B,0,,0,False,2516.0,0.4274194367403443,0.8033657761980628,1.0391391661284894,1950.64,2.5451594938407776
FRB20210925A,0,,0,False,119.0,0.5917347789420844,2.4214572905762233,4.147098159313419,3774.78,4.2755136150734305
FRB20210925E,0,,0,False,3549.0,0.41551771225932516,0.6299795308239633,0.9569033140642408,1608.44,2.28815087900671
FRB20210926A,0,,0,False,1523.0,0.4145164284811212,0.9227188567419875,1.47114776031429,2100.3,2.3190141964008397
FRB20210927A,0,,0,False,1280.0,0.4406819254011407,0.8865275457276844,1.1759887927405672,2942.1,3.289967394255801
FRB20210927C,0,,0,False,2625.0,0.43019757433889333,0.8783464252068779,1.443698351632319,1632.44,2.5287397664854625
FRB20210927B,0,,0,False,1822.0,0.4074484490629112,0.8812706714543408,1.4062597116392517,2111.48,2.0583462153645247
FRB20210928B,0,,0,False,2980.0,0.3906220615807254,0.7348891086098712,1.052326003527831,2020.0,2.3338101031563205
FRB20210928A,0,,0,False,4056.0,0.3836995940128004,0.5749295594578268,0.6660361193362323,427.8,1.7152918692658548
FRB20210929C,0,FRB20180916B,0,True,3518.0,0.4224579523214861,0.8637318149739379,1.134355618453003,888.46,2.2985570684654024
FRB20210929C,1,FRB20180916B,0,True,3073.0,0.381738155260257,0.7580604281380042,1.1700575494041903,1489.28,2.5452821677150514
FRB20210929B,0,,0,False,954.0,0.4583952304612318,1.3709336642135135,1.9763288032485007,2644.9,3.362850009646439
FRB20210929D,0,,0,False,3570.0,0.4032442355047815,0.6439191354563671,0.8657443483067718,1764.16,2.4100549871333516
FRB20210929A,0,,0,False,3839.0,0.39233938171129495,0.6394252033836054,0.5964111015963223,1036.34,2.6213456745063985
FRB20210930C,0,,0,False,3915.0,0.40585124519321886,0.6507736642985715,1.1126262603344137,584.96,2.1053770380371084
FRB20210930B,0,,0,False,2970.0,0.41567459872676055,0.9150528843793776,1.1435246071723215,2068.92,2.9486266218465293
FRB20210930A,0,FRB20200929C,0,True,3558.0,0.37917569393078554,0.6493672542950042,1.0389102822307077,1225.86,2.1333005945351284
FRB20210930E,0,FRB20180916B,0,True,1195.0,0.4392513931893316,0.9035677766310478,1.4551627174265571,3018.88,3.287238889606012
FRB20210930F,0,,0,False,633.0,0.5637997479840131,1.8685102002769458,4.3777472080313125,3262.04,4.9260190672752096
FRB20210930D,0,FRB20180916B,0,True,3977.0,0.4026907481590744,0.5801259137505664,0.7842398892703841,418.2,1.8647869310083496
FRB20211001E,0,,0,False,589.0,0.5194809908092836,1.1601297036104037,1.8497406000377474,3097.2,4.0108684262321495
FRB20211001B,0,,0,False,855.0,0.5431453185249753,1.8435673816752955,3.7409960612605317,3252.78,4.738492759621007
FRB20211001D,0,,0,False,2148.0,0.3790751284544362,0.9149547025723154,1.6904014411434582,2585.1,1.9291177795022305
FRB20211001F,0,,0,False,77.0,0.5211018614975226,1.7602616426117916,3.363454151874827,3611.52,3.904541048670456
FRB20211001C,0,,0,False,3891.0,0.3967032623787881,0.5345017517839714,0.7292491911749387,264.56,2.1711781751034143
FRB20211002B,0,,0,False,359.0,0.5091510044153318,1.486102942484457,1.7542383606678047,3710.62,3.128300142335816
FRB20211002A,0,,0,False,3506.0,0.40485927622010554,0.7419870618394127,1.1836437607962846,987.56,2.8932707434942295
FRB20211003G,0,,0,False,516.0,0.455717303497918,1.2008156665837832,1.9959214382220698,2870.14,3.297913740794749
FRB20211003D,0,,0,False,3483.0,0.4115382396571448,0.7713442551115417,1.2898299855590314,1435.12,2.196033561865055
FRB20211003D,1,,0,False,3620.0,0.40338783868969913,0.7170946905791126,1.245521716504548,954.86,1.7388410673809855
FRB20211003C,0,,0,False,218.0,0.5087485927985903,1.2159229002790144,2.0358717070029146,3911.32,3.7902904478635673
FRB20211003B,0,,0,False,1425.0,0.3960850926810965,0.9764558121418692,1.3771641781324426,2741.02,2.416159672933052
FRB20211003A,0,,0,False,553.0,0.4420116317562276,1.2892987402379352,1.8855546751391261,3570.26,3.6842579111178693
FRB20211004E,0,,0,False,573.0,0.4813581209375674,1.5763757623158174,2.49922247493362,3307.6,3.254482709038474
FRB20211004D,0,FRB20190929E,0,True,2120.0,0.40678535149072137,0.8263072089396724,1.3642395741780047,1699.38,2.2197911900540155
FRB20211004C,0,,0,False,1630.0,0.4550290727788402,1.001540722521061,1.245184843257047,1856.68,1.925842272549329
FRB20211004B,0,,0,False,1426.0,0.48355058037018595,1.0213730701180448,1.5162843476835812,3055.54,2.7690904213762493
FRB20211004A,0,,0,False,3442.0,0.4050405063925717,0.674184114394912,1.163677066096753,1835.78,2.1812792456700634
FRB20211005B,0,,0,False,1399.0,0.4499106240444884,1.106294337864573,1.105140962346118,2409.7,2.3352373256316317
FRB20211005B,1,,0,False,1377.0,0.4277270898789867,1.1751689693661977,1.5924995577799719,2448.32,2.091620686962476
FRB20211005B,2,,0,False,2586.0,0.3975762692548829,0.8169229552815572,1.126036480416099,1725.84,2.4456599799515684
FRB20211005B,3,,0,False,1753.0,0.41654272295970896,0.9828892450674573,1.8022353608249448,2059.48,2.5108742330071605
FRB20211005A,0,,0,False,397.0,0.5811254297940143,1.7335006468570378,5.1649023158281215,3067.62,7.462632668420606
FRB20211006F,0,,0,False,156.0,0.5151480316957534,1.5116576495995098,3.3287901357538923,2157.18,4.1617976222527195
FRB20211006C,0,,0,False,198.0,0.463686929131198,1.376039751614703,2.404130805573694,2098.96,3.181108334619777
FRB20211006B,0,,0,False,1912.0,0.42851591973888126,0.9307772165689304,1.6099113273842014,1997.94,2.9245054580325798
FRB20211006A,0,,0,False,1386.0,0.5197430052005277,1.6862483558128525,3.539881905884701,2081.52,4.603684371466941
FRB20211006G,0,,0,False,2821.0,0.43082505836058854,0.7075048711275713,0.916530966276498,3008.94,3.287189406716968
FRB20211007A,0,,0,False,112.0,0.5032255904216774,1.8107923010406526,2.873625867847097,3602.8,3.03764281393641
FRB20211008E,0,,0,False,693.0,0.456306766068425,1.1977385236509699,1.7665390681069173,2717.12,3.330958096015461
FRB20211008D,0,,0,False,3702.0,0.38851891605967015,0.7014846127212991,0.8106280190946064,1445.98,2.300541606963152
FRB20211008C,0,,0,False,2142.0,0.43384231930627637,1.0116943688215143,1.3019332837629705,2160.6,2.348361471511926
FRB20211008F,0,,0,False,357.0,0.46703189618668084,1.1716575790415953,1.9586056297003114,2257.04,3.177254160582861
FRB20211008B,0,,0,False,164.0,0.5258294156650328,1.6055008974371279,3.2273045639214115,2751.94,3.9794578936978997
FRB20211008A,0,,0,False,1697.0,0.45152221680820925,0.8071066007587788,1.3624011295976557,3243.54,2.513092940737111
FRB20211009B,0,FRB20190208A,0,True,3881.0,0.3879944840208545,0.6588390121018632,1.0620783033703127,554.76,2.147829571754224
FRB20211009B,1,FRB20190208A,0,True,3740.0,0.3882938105355784,0.6414101972802964,0.9825233023973261,954.04,2.2737710509776674
FRB20211009A,0,,0,False,4020.0,0.39898639310716644,0.6178490045628794,1.168415151932346,266.34,2.16734323395196
FRB20211010C,0,FRB20190929E,0,True,3224.0,0.4023461339637541,0.6386408043283281,1.0853408618428924,573.42,2.2782632838410457
FRB20211010A,0,,0,False,3335.0,0.4025514736689582,0.7244459838942439,1.0484970302546324,970.08,2.3447139590791948
FRB20211011B,0,,0,False,415.0,0.458492435205016,1.3919417142334491,2.3132032187793055,3221.94,3.4440548357248137
FRB20211011C,0,,0,False,3584.0,0.43026590189807273,0.703668914743082,1.0373663646392106,948.14,2.2410770141197722
FRB20211011D,0,,0,False,184.0,0.5058605714949223,1.3059067671519504,2.556458301261124,3446.9,3.3668704927471524
FRB20211011A,0,,0,False,2986.0,0.45021757019154085,1.0383168144762849,1.5215555476653218,1824.46,2.47472582996273
FRB20211012D,0,,0,False,1809.0,0.40721208960711336,0.9336548718176474,1.4109957904448887,1414.32,2.7718395819645263
FRB20211012C,0,,0,False,1245.0,0.4066261420853125,0.9530620969497503,1.3868055956806047,2265.56,2.4506693061554365
FRB20211012B,0,,0,False,506.0,0.48789235475933473,1.3897054847300434,2.2111049500682105,2750.98,2.6669340232251404
FRB20211012A,0,,0,False,1244.0,0.4476850490610397,1.0507038153467523,1.2586950993874226,2263.14,3.138106461140583
FRB20211013C,0,,0,False,572.0,0.45687358152248764,1.1409117505463156,1.8204039339851923,2964.76,2.1353858160698156
FRB20211013B,0,,0,False,1535.0,0.43078343178626494,1.032097461234231,1.5728405606732518,1476.74,2.3362983646628637
FRB20211013D,0,,0,False,3386.0,0.44624039132715493,0.8551125674866797,0.7947693576548147,704.28,1.8681396796660605
FRB20211013A,0,,0,False,1502.0,0.43379283057818985,0.9038359922435018,0.8331462388225371,1187.7,3.0491300193766158
FRB20211014C,0,,0,False,2145.0,0.4316932942989773,0.8662349515152264,1.2735048950884107,2495.18,2.5582475009190957
FRB20211014B,0,FRB20190303A,0,True,2708.0,0.4068614828078881,0.7702789296073871,1.0687146583180807,1508.26,1.9012856684535877
FRB20211014A,0,,0,False,3718.0,0.39247077398455943,0.682825536056152,1.0283850869057165,979.78,2.011634177684397
FRB20211015D,0,FRB20210924C,0,True,2900.0,0.39616927771322386,0.7692685544187439,1.445757581191779,1039.38,2.533627925180198
FRB20211015C,0,,0,False,851.0,0.4353242783362219,1.024134306624387,1.7287152000461463,2431.58,2.7903395349635103
FRB20211015B,0,,0,False,837.0,0.43850538260459854,1.3340899995008,1.6726419953703917,2781.62,3.764725984986006
FRB20211015A,0,,0,False,2372.0,0.3872945878331494,0.8825715693232461,1.1530448344747681,2236.12,1.9787013516019245
FRB20211025A,0,,0,False,791.0,0.43668290953507594,0.9811543559423447,1.7366057221822846,3050.16,2.6518314989784257
FRB20211026A,0,,0,False,987.0,0.46366764084312423,1.11668069071249,1.561022928012628,2697.72,1.8706799899041657
FRB20211027A,0,,0,False,1793.0,0.4754013957023863,1.0132011291512577,1.0179496606699474,1714.24,2.727787752152283
FRB20211028A,0,,0,False,3629.0,0.4083553920660981,0.6692740470287649,1.0401265709906236,927.1,2.0982145327387403
FRB20211029A,0,FRB20190320E,0,True,2556.0,0.40249787666181064,0.9933687417179854,1.4735054672957983,1804.4,2.8300131906320134
FRB20211030B,0,,0,False,3394.0,0.47222267939033213,0.8209635862932672,0.9323666062257975,1257.0,1.7564567479477113
FRB20211030A,0,FRB20211030A,0,True,419.0,0.45670469340466374,1.5316973694045022,1.9424176644195585,2695.9,3.670911971146394
FRB20211031B,0,,0,False,852.0,0.4608647813816655,0.8862029487708722,1.1627755911114974,1192.94,2.513419218005893
FRB20211101D,0,FRB20180916B,0,True,1788.0,0.44512502890552663,0.7478189302841035,1.2909964550007615,2443.04,3.1193609949042163
FRB20211101C,0,FRB20180916B,0,True,2081.0,0.4901269410793222,1.2625917737855388,2.4760237520307475,1147.14,4.098787209402031
FRB20211101B,0,FRB20180916B,0,True,2745.0,0.40873499671893754,0.8332148808948799,1.284139581288109,1729.76,2.233334847477316
FRB20211101A,0,,0,False,656.0,0.4668371146578808,1.037130602829262,1.3658403615482757,2800.02,3.783753410861787
FRB20211102D,0,,0,False,645.0,0.5300573839422437,1.4399098701112965,2.4678156757257055,3067.34,3.9812063195718124
FRB20211102C,0,,0,False,841.0,0.5362171864097864,1.6894320909272327,3.3972882089154703,3226.18,4.47568550521591
FRB20211102B,0,,0,False,3315.0,0.39938058660034165,0.6973262237829073,1.171200664104061,1306.4,1.9544021445224025
FRB20211102E,0,,0,False,3504.0,0.39713339034081246,0.6896559651804909,0.9904931281525714,2320.82,2.116002055167123
FRB20211102E,1,,0,False,3047.0,0.40889986880645113,0.7147265921473995,1.2102279410419146,1907.78,2.2074864780210364
FRB20211102A,0,,0,False,4059.0,0.3976549506205769,0.6140988651887833,1.1804300522370514,351.12,1.750129596681744
FRB20211103E,0,,0,False,3799.0,0.38777575940868086,0.7142279886747904,1.2325584550180229,755.1,2.6375676196437183
FRB20211103C,0,,0,False,3723.0,0.3805968400400913,0.597406445702805,0.629542378725991,947.9,1.9411520284449646
FRB20211103D,0,,0,False,3954.0,0.4050377109665532,0.7488337972933871,1.018733160296985,1490.86,2.117232816755747
FRB20211103B,0,FRB20180916B,0,True,676.0,0.4508780028275601,1.071012165718606,1.4195249860190255,3495.52,3.468164099574633
FRB20211103A,0,,0,False,2677.0,0.3979821328137672,0.9782160691218769,1.052550734645561,1755.64,2.572281559055203
FRB20211104E,0,,0,False,126.0,0.5156271375227267,1.4910126501121472,2.4845748097543865,3241.1,3.642716577678341
FRB20211104D,0,,0,False,1343.0,0.5514320601587496,1.6120266711953053,4.074944489788503,1617.26,5.266260494513682
FRB20211104C,0,,0,False,68.0,0.5389558976617651,1.965788571466323,2.894931143988674,3667.56,3.0645161993572634
FRB20211104B,0,FRB20191106C,0,True,879.0,0.43585460580246194,1.0264829122009371,1.9266831854845765,2824.9,3.3883754536561397
FRB20211104A,0,,0,False,3236.0,0.41662051108525705,0.6141689879860291,1.037128621842112,673.34,2.2268715700413906
FRB20211105F,0,FRB20190929E,0,True,625.0,0.458806133759049,1.1553895814185442,1.4166562592749414,2496.95,3.258959827293018
FRB20211105E,0,,0,False,3359.0,0.436909276208681,0.912653011387077,1.285583591068095,1800.74,2.1169822800896227
FRB20211105D,0,,0,False,33.0,0.586210227872023,2.379252481138953,4.036068252614351,3244.26,4.8555956203694395
FRB20211105C,0,,0,False,2375.0,0.4224837373859164,0.8764007539778694,1.2619040564828645,1178.7,3.0914979836554606
FRB20211105B,0,,0,False,3781.0,0.4064507910875936,0.7749276513960198,1.3776860501962596,1356.98,3.462540510629676
FRB20211105A,0,,0,False,443.0,0.5699445996982692,2.1129022203026104,4.446025245506762,3648.12,5.093315781656164
FRB20211106B,0,,0,False,2841.0,0.4267427572779355,0.7589124651443643,0.9089449789943571,2141.74,2.723636081693243
FRB20211106A,0,,0,False,2608.0,0.3839506269164767,0.9584947326542945,1.1824450681577146,1689.04,2.4312814210809868
FRB20211107C,0,,0,False,1946.0,0.49283942187255164,1.1572587593295014,2.020177305537425,1821.98,4.287824463289585
FRB20211107D,0,FRB20190303A,0,True,2988.0,0.4100814603680526,0.7725175756922561,0.836727086708303,1709.24,2.0667249675222625
FRB20211107D,1,FRB20190303A,0,True,2159.0,0.4262005500563841,0.5966532622184855,0.8425434250728211,1692.3,1.6041111299009732
FRB20211107B,0,,0,False,3854.0,0.39963772050047763,0.7164401865307645,1.1744970321431938,967.94,1.9696852620080252
FRB20211107A,0,,0,False,960.0,0.43690748878995744,1.1237175031596471,1.695827054466052,2524.36,2.687146356678627
FRB20211108B,0,,0,False,3822.0,0.40449143213999206,0.6299918039707295,0.5855959394795498,443.48,1.7443136932969
FRB20211108A,0,,0,False,98.0,0.49295857696015877,1.6919903189580736,2.6183061905434557,3506.22,3.006119934470692
FRB20211108A,1,,0,False,7.0,0.630242956070402,3.40400236434004,6.074085574985499,3651.0,6.390228793234019
FRB20211109A,0,,0,False,1902.0,0.4307962574058758,0.7900316630902816,1.2724004999437688,1604.72,2.911746340691532
FRB20211110A,0,,0,False,1447.0,0.4368869744354804,0.9378955344632347,1.5174512818085264,2315.28,2.399802892160781
FRB20211111C,0,,0,False,1070.0,0.4418867913631717,1.1731105049534316,1.4544235619851333,2845.08,3.0168747704403716
FRB20211111B,0,,0,False,451.0,0.4652286564856252,1.4586545103214945,2.3371916652657925,3218.24,2.7743142504527576
FRB20211111A,0,FRB20181119A,0,True,3946.0,0.4080864591282665,0.7963980073760312,0.9962875908192228,563.64,2.249211143779221
FRB20211112D,0,,0,False,2928.0,0.39447129690350535,0.8981642036731745,1.2780965367738029,1647.1,2.8812434033645853
FRB20211112C,0,,0,False,3383.0,0.39216955471596876,0.6589488086892403,1.1046125101791595,725.76,2.2663666233520066
FRB20211112E,0,,0,False,964.0,0.5094527749972974,1.120243021587777,1.3892836334945708,2930.32,2.8776081547472505
FRB20211112B,0,,0,False,2051.0,0.4087430772897065,0.7973204496962601,1.3194290300880698,1236.66,2.2844965110331508
FRB20211112B,1,,0,False,375.0,0.45650600021456994,1.197546072915253,1.8354611399672334,2622.26,2.6457497817260434
FRB20211112A,0,,0,False,3440.0,0.4200673033297001,0.7774068002800688,1.1792418672289442,884.5,2.4483775048534597
FRB20211113B,0,,0,False,2037.0,0.5004652980351839,1.1487246297423266,2.367797348755705,1193.2,5.181282508882408
FRB20211113A,0,,0,False,1283.0,0.4440132876576409,1.0571434026113473,1.3729039498239919,2551.12,1.9303928103456434
FRB20211114A,0,FRB20190117A,0,True,1062.0,0.4937107586938914,1.476716353303654,3.0895251480242245,2087.82,4.419936743492311
FRB20211114A,1,FRB20190117A,0,True,115.0,0.5753776376089537,2.3815727780150047,4.006987246916496,3765.4,5.384873887704887
FRB20211114A,2,FRB20190117A,0,True,1893.0,0.4789743973097859,1.2614062874849166,2.6000539121553956,988.74,4.158036839865453
FRB20211114A,3,FRB20190117A,0,True,1085.0,0.4844924576854491,1.3059413236447965,3.024971856985595,1683.46,4.344521441108721
FRB20211115A,0,,0,False,1819.0,0.4139274999118097,0.8146710169211602,1.423234497220076,1775.44,2.1258228335899023
FRB20211115A,1,,0,False,1334.0,0.41320777165561734,0.9199881110302688,1.3994017896961086,2389.38,2.3206456308674404
FRB20211115C,0,,0,False,388.0,0.49617122196677116,1.3896517825303203,2.2081529513662144,2961.06,2.4985079606756133
FRB20211115B,0,FRB20191106C,0,True,77.0,0.5093349177384033,1.598612543265706,2.387540389947201,3797.14,3.8033543647998824
FRB20211116C,0,,0,False,2268.0,0.4070804620585235,0.9045501738508719,0.9559649679576215,2347.0,2.6812715647081466
FRB20211116C,1,,0,False,1400.0,0.435885539502843,0.9676659989002993,1.0055561049567043,3053.8,3.233983403521243
FRB20211116C,2,,0,False,750.0,0.4770756076434391,1.1007170766445515,1.3148471021938417,3315.14,3.313453459357539
FRB20211116B,0,,0,False,1439.0,0.4238459422727148,1.0007304522091613,1.4722140824632104,2217.84,2.8795904315297913
FRB20211116A,0,,0,False,3951.0,0.39389348108572125,0.5777027680277765,0.7122549952298455,279.94,2.189921509153919
FRB20211117F,0,,0,False,2592.0,0.4369727025205768,0.8869902628652608,1.5194513053140537,1202.52,1.9362975256535546
FRB20211117E,0,FRB20200929C,0,True,3581.0,0.40609422981526766,0.6046732046706005,0.9642129257714279,541.18,2.3427618180773964
FRB20211117C,0,,0,False,1445.0,0.399885902166078,1.1345019136350745,1.4589209556346217,2762.98,2.4423570959783794
FRB20211117B,0,,0,False,4027.0,0.3966034979615473,0.6045364347825303,0.9148399239434636,350.68,2.0678705448497174
FRB20211117D,0,,0,False,1687.0,0.4291806849858795,0.9444538671578269,1.5422643832828014,3044.5,2.400130670490741
FRB20211117A,0,,0,False,1225.0,0.429828884510519,1.1090890736160843,1.6617253138377608,2269.84,2.638796951591327
FRB20211118B,0,FRB20180916B,0,True,3607.0,0.4119537057651335,0.7173108840127878,0.7782691223726708,1480.22,2.6676474190311246
FRB20211118A,0,,0,False,2990.0,0.425878749014688,0.8354583524454741,0.7179026068153176,993.58,2.5003499501662367
FRB20211119D,0,FRB20190117A,0,True,89.0,0.48405628607070544,1.36506974972149,1.8209014135501265,2913.96,3.502770634672678
FRB20211119D,1,FRB20190117A,0,True,3357.0,0.4110289076523324,0.6662681054845273,0.9918396889037143,1057.28,2.3057703264424316
FRB20211119D,2,FRB20190117A,0,True,1029.0,0.4334699154156404,0.8841604696097962,1.5323563196219487,2581.86,2.8357703119592377
FRB20211119B,0,,0,False,319.0,0.45515914890096776,1.4299586742865986,1.7741610383609978,3573.32,3.8670325760509763
FRB20211119B,1,,0,False,418.0,0.4552794579979331,1.2410497977996078,2.0478346269259022,3302.56,3.7289016745509413
FRB20211119B,2,,0,False,514.0,0.4468000558180452,1.2027189574025061,1.9976565836985714,3251.74,3.6490184992538666
FRB20211119C,0,,0,False,636.0,0.48495294553692075,1.187090013940048,1.6269990838672999,2811.88,2.835463353190327
FRB20211119A,0,,0,False,866.0,0.47751385062970647,1.4751857460152655,2.717642683906291,2368.5,4.181419082045531
FRB20211119E,0,,0,False,692.0,0.4752519201480192,0.9606427868946567,1.4712132357680239,3637.44,2.463402383801754
FRB20211119E,1,,0,False,965.0,0.4719715353246076,0.8898107044662883,1.2936428132578053,3211.5,2.2966965306960048
FRB20211119E,2,,0,False,546.0,0.4902728781748355,1.085160660824253,1.4705902567374634,3436.02,2.5844946560235247
FRB20211120D,0,,0,False,955.0,0.4987361553441247,1.1989314893074114,1.4366430289555459,3219.72,2.5775065137961843
FRB20211120D,1,,0,False,3145.0,0.38599297257410925,0.7294849645527428,1.426196820671906,731.08,2.0397263962200354
FRB20211120C,0,FRB20211120C,0,True,3056.0,0.42517879321185914,0.8043395139277931,1.3790865186467887,1656.72,2.22855170873798
FRB20211120B,0,,0,False,3678.0,0.38818322397661076,0.7151198364494007,1.0582184896932947,809.94,2.210230899123927
FRB20211120A,0,,0,False,1052.0,0.463526065009346,1.0626537627684756,1.6031803736230672,2471.06,2.7134185966649613
FRB20211121C,0,,0,False,169.0,0.4995646514772583,1.5891695886651593,3.0682015969060004,2860.06,4.431250092981438
FRB20211121B,0,,0,False,918.0,0.44243199372325065,1.327330931858217,2.1424012301262505,2936.52,2.6708287475338586
FRB20211121A,0,,0,False,2405.0,0.4225986797197652,0.8883806278482791,1.6177365131980574,2273.68,2.802027247104702
FRB20211122A,0,,0,False,1089.0,0.5209574277828398,1.7751169696698046,3.2559958045440074,2979.04,4.027773407573342
FRB20211122E,0,,0,False,920.0,0.4353595864558489,1.0202397169556978,1.6711553691843821,3154.2,3.0660759381184453
FRB20211122B,0,,0,False,882.0,0.5477008362736248,1.5027936668364927,2.683969516847687,2958.52,4.17967868134254
FRB20211122D,0,,0,False,3551.0,0.4152671225186341,0.7988436562980731,1.0325375780341455,2048.48,2.441798743925413
FRB20211122C,0,,0,False,312.0,0.4675983544060298,1.1925355105149165,2.2154674395478797,1802.7,3.068661369873534
FRB20211123A,0,,0,False,1344.0,0.41511072665363596,0.9513976445322883,1.619818856821344,2007.58,2.7495860978785305
FRB20211123B,0,,0,False,946.0,0.47962691861297707,1.5197251140107941,2.4584243295564705,2999.74,2.844675652074506
FRB20211124A,0,,0,False,1997.0,0.4304815515908176,0.7774972609330455,1.4699053139190623,2369.16,2.4782708764387955
FRB20211124B,0,,0,False,3750.0,0.41047875789551913,0.713744829439631,0.9644884304419347,1230.12,2.3096297967857424
FRB20211125C,0,,0,False,3498.0,0.4165970771984954,0.6524125174615257,1.1598538909337424,632.4,1.9390891648923179
FRB20211125A,0,FRB20190303A,0,True,2457.0,0.4489293367528267,0.6282581566178717,0.8901574751948516,2877.5,1.8695063300790293
FRB20211125B,0,FRB20210822E,0,True,2604.0,0.43523111243757245,0.7408409391577188,1.17844870481726,2320.02,2.5505549161599474
FRB20211125D,0,,0,False,4071.0,0.39364768636214986,0.5898498903784338,0.7495167016633603,240.72,2.552998163905462
FRB20211126C,0,,0,False,3430.0,0.4025239542785307,0.7700274845860694,1.302898355125151,1229.72,2.2462492338662603
FRB20211126B,0,,0,False,3022.0,0.37233659984034245,0.8268587753857097,1.4692147059224674,989.14,2.1891507589029655
FRB20211127C,0,,0,False,2913.0,0.405117540309996,0.883355642429209,1.4028421340417747,1551.62,2.1590413883660786
FRB20211127H,0,,0,False,3594.0,0.40174381331038167,0.6517710549091353,0.7672214227893067,685.58,2.5322418369645066
FRB20211127G,0,,0,False,2632.0,0.41833983015967113,0.7548411321290714,1.2063524409205302,1648.1,3.1068625989319028
FRB20211127F,0,,0,False,226.0,0.45910904050106005,1.2717376849766528,1.9080828449321947,3669.98,3.2698765269783276
FRB20211127B,0,,0,False,3056.0,0.43234525458755746,0.835804697105804,1.0428151762823372,1839.7,2.8010994488472347
FRB20211127A,0,,0,False,2961.0,0.41304401274455776,0.7348979581187511,1.2133558555068575,2313.34,2.299698587113205
FRB20211127E,0,,0,False,595.0,0.50178919028574,1.4116735855568678,2.212831617421546,3622.54,3.7984459836772397
FRB20211127D,0,,0,False,2358.0,0.4287757900179623,0.9433328383002013,1.3937864053739228,2028.44,2.0354665063961632
FRB20211128E,0,,0,False,1143.0,0.5008626034848578,1.0172416659902568,1.9124268957147281,1597.16,1.9567981398022893
FRB20211128G,0,,0,False,1933.0,0.45498699891596633,1.0046659372957247,1.344147775102296,2259.36,1.8121043140346134
FRB20211128D,0,,0,False,3343.0,0.39459675515108256,0.7581724708363107,1.320572301991957,743.36,2.0898884390281953
FRB20211128C,0,,0,False,3097.0,0.423464003902833,0.8223029814331261,1.1030715330265881,1538.2,2.063427387356735
FRB20211128A,0,,0,False,1339.0,0.43646635769614117,0.9441376236734144,1.5729457141405871,2726.8,2.383360182072293
FRB20211128F,0,,0,False,3571.0,0.45986988742769175,0.7845494777354547,1.0683138537012655,632.9,1.8769613181442273
FRB20211129A,0,,0,False,1092.0,0.4438167848230209,0.8726749727344169,0.9713213079163354,1594.1,3.081766343984128
FRB20211202C,0,,0,False,2642.0,0.42686964124547294,0.9059298160954249,1.3326944079440088,2992.04,2.1455063395159826
FRB20211202B,0,,0,False,3680.0,0.4014520273280852,0.7204608838472264,1.3044223653740534,967.72,3.260454620891871
FRB20211203B,0,,0,False,271.0,0.5163549765733662,1.7370593897138353,2.8148696777909072,3578.66,4.671790378697971
FRB20211203A,0,,0,False,1999.0,0.4824311332727885,0.9654359548164313,1.450308000193834,916.9,1.7839527669343018
FRB20211204D,0,FRB20180916B,0,True,2692.0,0.38185775808753836,0.6952625313787612,1.3502213932922398,1854.84,2.0627475205328527
FRB20211204C,0,,0,False,2891.0,0.3928812884585606,0.7009024172875858,0.9369034544857497,702.0,2.1402194725826944
FRB20211204B,0,,0,False,2381.0,0.41502836617793204,0.8798415808081967,1.3382132437479901,2642.86,2.5816350958170617
FRB20211204A,0,,0,False,3182.0,0.41776970461249485,0.8406552270444392,0.9959733682458811,1729.42,2.164985414284428
FRB20211205C,0,,0,False,584.0,0.4683846622072779,1.0598671984280394,1.649965053287997,3500.16,3.496358489759357
FRB20211205F,0,FRB20180916B,0,True,3164.0,0.4092841779041625,0.6680316420771787,1.2154273140686078,1352.48,2.319910020986649
FRB20211205E,0,,0,False,3054.0,0.4208672753414371,0.9469362654438893,1.5698146512771676,1779.56,2.298236870770111
FRB20211205B,0,,0,False,3501.0,0.3988143612889251,0.6085749775956621,1.0136910300930952,369.24,1.874162291015687
FRB20211205A,0,FRB20190208A,0,True,1679.0,0.43107238153074046,0.9599882369143691,1.570882644879975,2692.34,3.155330103804228
FRB20211206C,0,,0,False,3535.0,0.40817258607000295,0.802321784461466,1.1465408131563792,1465.34,2.1830524937622706
FRB20211206A,0,FRB20200926A,0,True,1868.0,0.4253349704711319,0.7408782771208795,1.0500707868631707,2580.86,3.110917896522551
FRB20211206A,1,FRB20200926A,0,True,1689.0,0.4341352991647918,0.7611447312141973,1.1463561525640715,2717.04,2.887754827981941
FRB20211207A,0,,0,False,1180.0,0.45206637852989545,1.223426299227379,1.8300196792087888,2535.14,2.222004894585319
FRB20211208A,0,,0,False,449.0,0.4363039363473237,1.170871582647559,2.1679178687974394,2184.14,3.140174099411092
FRB20211209B,0,,0,False,3431.0,0.4263037958241219,0.752732511949848,0.7816731421172497,1338.02,1.7803648021534608
FRB20211209A,0,,0,False,3898.0,0.40756930144428183,0.7390331167941736,1.2175139531306767,1028.52,2.103193363351589
FRB20211210B,0,,0,False,810.0,0.4448138262182547,1.1161848242754153,1.5704973890442946,2767.7,3.326482323989735
FRB20211210D,0,,0,False,1342.0,0.42750117290878586,0.9318902642551586,1.4415418505586315,2408.06,1.9981702202609304
FRB20211210C,0,,0,False,1783.0,0.46454133521494717,0.9220182343245502,1.5330332359265253,1806.8,2.5874260004441836
FRB20211210A,0,,0,False,3162.0,0.40407606571950827,0.7404033696924405,1.1086555614693945,1216.3,2.367838027249769
FRB20211211E,0,,0,False,2549.0,0.39077497819139256,0.8166823204482059,1.4764904463628257,1748.9,2.1428849357327655
FRB20211211D,0,,0,False,1650.0,0.43072374441514416,1.1670701171617028,1.2499667114079789,2221.5,2.409373830526799
FRB20211211C,0,,0,False,900.0,0.4725559792852801,1.217540093141142,1.856647575559301,2695.06,2.6643908133725693
FRB20211211B,0,,0,False,1772.0,0.4000840018382576,0.9849627519614945,1.3066114953086885,1880.34,2.7874619333623496
FRB20211211A,0,,0,False,2726.0,0.4228750957252105,0.772322296033118,0.9188243023489419,2240.04,2.2837342406706225
FRB20211212B,0,,0,False,1250.0,0.4745146575664468,1.0631999057528563,1.565766500048603,1837.98,2.4501436268765886
FRB20211213C,0,FRB20190905A,0,True,1826.0,0.4206931957436993,0.9782880093285934,1.7691100092370764,1380.66,3.3786823806071653
FRB20211213B,0,,0,False,1719.0,0.4082038046073502,0.8625983348217703,1.3789156923389367,2927.82,2.6620096056065408
FRB20211213A,0,,0,False,725.0,0.44570209011956535,1.197400233767137,1.6242596489379506,3106.54,3.504131392732231
FRB20211214C,0,,0,False,895.0,0.49757701050330616,1.0914887234726969,1.7757896404263365,2482.62,2.408144868307842
FRB20211214B,0,,0,False,1715.0,0.4480106367805068,1.0748558608897198,1.713618417695499,2252.14,2.4806307201252187
FRB20211215C,0,,0,False,1745.0,0.47939178955448236,1.0168968856958833,1.3782071648339416,2654.32,2.0667036566328214
FRB20211215B,0,,0,False,3236.0,0.38556164618824307,0.8292847443881088,1.1115981425690031,1413.76,2.3974982115045043
FRB20211215A,0,,0,False,811.0,0.49940497350568774,1.1755771834547946,1.752406831723341,2475.98,2.1988497728483525
FRB20211216B,0,,0,False,3848.0,0.39328889800522077,0.6091532065374075,0.8811956973971001,884.72,2.0404734781812413
FRB20211216A,0,,0,False,2847.0,0.39264365733403817,0.8853102150494111,1.4363419220882379,1898.86,3.1133887955907342
FRB20211217D,0,,0,False,2682.0,0.39863003423893334,0.7997118099674584,1.3101089320244685,1361.42,2.869913311447487
FRB20211217A,0,,0,False,1976.0,0.4541827385673726,1.1836923743987315,1.7126799567314215,1676.94,4.232214961817147
FRB20211218C,0,,0,False,2261.0,0.40332711404641974,0.8894970732866708,1.2586099109826923,1231.18,1.9974719919629624
FRB20211218B,0,,0,False,1365.0,0.45080024615358083,1.1763465196303053,1.172879213929282,2137.0,2.4975082187231052
FRB20211218A,0,,0,False,1317.0,0.45389571648489035,1.222705847685444,1.4908345367997573,2768.54,2.552523395872988
FRB20211218D,0,,0,False,3106.0,0.40178756291098167,0.7341185700392655,0.9837929654156822,1883.08,2.227748580647536
FRB20211219D,0,,0,False,1308.0,0.489800545980152,1.366972253346771,2.0198630314079034,2918.94,3.118460077468706
FRB20211219C,0,,0,False,4050.0,0.400630787348235,0.6525441522331439,1.2416206534950291,410.04,1.7941478340667893
FRB20211219E,0,FRB20191106C,0,True,2315.0,0.4270045558146004,0.7745644820423154,1.3258009038397998,2728.58,2.453086380292266
FRB20211219B,0,,0,False,3823.0,0.40312053848201224,0.6623115374973568,1.0107435203422275,635.94,2.6353109536409587
FRB20211219A,0,,0,False,1176.0,0.43813408022902867,1.06802058307471,1.6918170368901133,2150.2,2.211554331762197
FRB20211220B,0,,0,False,1748.0,0.3995939132797465,1.0231982582834163,1.715296789683136,2434.74,3.2233768267898713
FRB20211220A,0,,0,False,3284.0,0.38383537728934525,0.7621652996737818,1.2123645790822604,1165.2,2.1723786632239763
FRB20211221A,0,FRB20180916B,0,True,1595.0,0.4406735510206514,0.832039223854012,1.5093557069312906,2738.08,3.5407567017585477
FRB20211222E,0,,0,False,1583.0,0.4611219977164647,1.0177629132297952,1.2419197253076328,2885.72,2.0449039504221274
FRB20211222C,0,,0,False,3828.0,0.3956119452087789,0.6197800502596695,0.8545786438515894,513.58,2.69436991067169
FRB20211222B,0,FRB20180916B,0,True,2976.0,0.3955435106615409,0.7776339272263195,1.311161228617774,1039.74,1.96457941420973
FRB20211222A,0,,0,False,2496.0,0.4332330346237014,0.8122924955262594,1.2816934129227042,2163.3,3.125462586701011
FRB20211222D,0,,0,False,1931.0,0.44032114988834004,0.7957942199490919,1.1900540819948122,2557.72,2.937997140381614
FRB20211223A,0,,0,False,1484.0,0.47785834782758196,1.201175054979712,2.012437924269526,2203.0,3.540508245581642
FRB20211223B,0,FRB20190208A,0,True,2531.0,0.4104307742356146,0.7035820989542367,1.005246194105954,2483.78,2.4035702321400247
FRB20211225B,0,,0,False,2410.0,0.4375835097362421,0.7079062991477529,1.3564911834245235,1730.8,2.597056163592078
FRB20211225A,0,,0,False,1092.0,0.4131275352030729,1.0158511695419405,1.5905673352226768,2509.86,2.3048107259605923
FRB20211225A,1,,0,False,3614.0,0.39408499216472315,0.7571576725360217,1.0105335511730735,1618.04,2.057262169341769
FRB20211226A,0,,0,False,3916.0,0.418829889976593,0.7001294207775546,0.9570937344881764,376.52,1.8564359216534192
FRB20211227A,0,FRB20211227A,0,True,1531.0,0.41387461330166586,1.2097998706030633,1.6930645290096564,2630.3,2.4347563255761306
FRB20211228B,0,,0,False,95.0,0.4980220272496994,1.8100900316497177,2.799758410746924,3106.76,3.9063201472976603
FRB20211228A,0,FRB20190208A,0,True,2191.0,0.3981952471068285,0.8791992715284647,1.4793618835199822,2160.98,2.6295690264780376
FRB20211228A,1,FRB20190208A,0,True,2967.0,0.37929275118903377,0.7533728840043151,1.1585987238429662,1315.32,2.228924293788035
FRB20211228A,2,FRB20190208A,0,True,3503.0,0.3826918113548981,0.7104187777573544,0.9009842080688044,1003.38,2.211726562396413
FRB20211229C,0,,0,False,1299.0,0.42370136599637953,1.126585868646579,1.4737793456764132,2221.94,2.440582761908083
FRB20211229B,0,,0,False,3931.0,0.3952312856647782,0.6634622482229962,0.5936534612694958,802.68,2.799649546881943
FRB20211230B,0,,0,False,2670.0,0.49262020837271975,0.9877530204336782,1.4360406117886493,2648.38,2.0995727524137835
FRB20211231B,0,,0,False,199.0,0.48910712847614074,1.5575269969072973,2.524859556298133,2992.8,3.1767986909062875
FRB20220101A,0,FRB20220101A,0,True,3964.0,0.38479028889959294,0.5580049401008891,1.1190096343562341,552.94,2.3548713281980214
FRB20220103C,0,FRB20190303A,0,True,643.0,0.43637163301571846,1.0027995251303978,1.760947700378001,3525.72,2.5939914945940297
FRB20220104B,0,,0,False,308.0,0.4976734492704942,1.4782187516650036,1.9482359795181998,3390.32,3.5822322309657824
FRB20220104D,0,,0,False,2787.0,0.453923740344284,0.9984311516194133,1.3077343515101474,1572.7,1.9063443141945646
FRB20220104C,0,,0,False,658.0,0.47735583035397255,1.3542853798455068,1.7189115509835935,2888.06,2.41352059673417
FRB20220104E,0,,0,False,774.0,0.46333454759491977,1.2579325132506034,1.8625527627963507,2323.72,3.152794109255927
FRB20220104A,0,,0,False,1929.0,0.426225847535418,0.9238641151843178,1.140448657090193,1708.58,2.4530151552522756
FRB20220105D,0,,0,False,549.0,0.41767782926042957,1.2452946879726872,1.963688639358209,3108.16,2.679209729492894
FRB20220105C,0,,0,False,904.0,0.4367849745376358,0.9847831533220119,1.5234813723920493,3321.3,3.1572722112812066
FRB20220105E,0,,0,False,3313.0,0.37760600647020187,0.6703281359901545,1.365759398566446,1068.12,2.174515315811029
FRB20220105B,0,,0,False,1268.0,0.4497972910339359,1.2144484379780744,1.4653745347130358,2495.7,3.876153406416866
FRB20220106B,0,,0,False,1314.0,0.43946176494676753,1.2150709669838653,1.9933056189831249,2422.64,2.552311661822508
FRB20220106A,0,,0,False,3969.0,0.397387282104985,0.534505814766607,0.5458257370359717,535.18,2.078902339921765
FRB20220107B,0,FRB20190716C,0,True,2709.0,0.4357378749000035,0.9828916782494922,1.6156506136986437,1459.16,2.1458050528733716
FRB20220107C,0,,0,False,441.0,0.41929527567614316,1.2013634184370148,1.78808713375225,3264.8,2.4946952468595978
FRB20220108C,0,,0,False,4057.0,0.40002880250539524,0.5674025899264394,0.5370447291513477,402.68,2.033862368630976
FRB20220108A,0,,0,False,1922.0,0.43383905665900063,1.0263952369573972,1.2252606120055987,1969.9,2.7574850621061664
FRB20220108B,0,,0,False,408.0,0.4515424062883969,1.3602112330043006,1.6136051165437635,3120.64,2.4031283459004054
FRB20220109C,0,,0,False,3816.0,0.3839035592796346,0.6246980565598181,1.1715924871270809,655.82,1.9535000393426853
FRB20220109B,0,,0,False,2735.0,0.39879156856802606,0.7725486145577612,1.1098096169228953,962.54,2.7328693041422736
FRB20220119A,0,,0,False,2225.0,0.43935685900054994,1.0184881288189795,1.0147580501190927,1889.72,2.3947971390894005
FRB20220119A,1,,0,False,1067.0,0.44794827632067025,1.1879076202711794,1.6352808697928765,2412.26,2.6895045158814153
FRB20220121A,0,,0,False,1769.0,0.4174410696393234,0.8424497823906452,1.3704937364531207,1254.98,2.699685329525536
FRB20220122C,0,,0,False,3709.0,0.39981742048731567,0.7829447695514312,1.225381934957183,1623.7,2.5292001755939033
FRB20220122B,0,,0,False,1906.0,0.4211377043212349,0.9798690761712108,2.0036220362979087,1651.32,3.7171052671312133
FRB20220122A,0,,0,False,2774.0,0.4018382129700245,0.9572587772491016,1.4282855554424656,1304.2,2.190303291287438
FRB20220123A,0,FRB20220123A,0,True,173.0,0.4458100223350186,1.196575162740849,1.7114204027472146,3361.84,3.005905341858132
FRB20220124C,0,,0,False,1592.0,0.435073781640973,0.8524159368321834,1.155569627471793,2296.46,3.8734828007355486
FRB20220124A,0,,0,False,20.0,0.5802278107122067,2.4476381178029345,4.106115498549175,3562.0,5.1424841005936885
FRB20220124A,1,,0,False,3181.0,0.3969958385562688,0.7510214850582091,1.1422449410108553,2372.12,2.446276730658258
FRB20220126C,0,,0,False,1758.0,0.4174114842153469,0.904590017374232,1.3523896015858956,2972.9,2.629587801107963
FRB20220126B,0,,0,False,2346.0,0.41250885667870807,0.9347149164845663,1.19873145903495,1670.14,2.111063308828438
FRB20220127A,0,,0,False,679.0,0.49977619827200265,1.0996162972087504,1.488306153081857,2105.2,2.972582691553979
FRB20220128D,0,,0,False,2647.0,0.43038223694285505,0.929004582733443,0.9208557944198575,1060.22,3.296241582193657
FRB20220128C,0,,0,False,1083.0,0.4442265682344198,1.1507724366463619,1.5263257100558754,2863.02,3.2353963341133043
FRB20220128B,0,,0,False,1466.0,0.4644987411182539,1.4535294657683564,2.5436693189461232,2249.06,4.0464331600130885
FRB20220128A,0,,0,False,803.0,0.4404155905203752,1.1464972572112555,1.6865558496229192,2684.74,2.901984595825722
FRB20220129A,0,,0,False,1737.0,0.42266339331535985,0.9310492400153121,1.3600924096582467,2301.72,2.2260194855922517
FRB20220130C,0,,0,False,3683.0,0.3941241992001421,0.7288649857516625,1.0841803108979764,1086.54,1.80495640817468
FRB20220130B,0,,0,False,336.0,0.5522310600744199,2.093402759587396,3.8450969348512967,3602.38,5.049733324308487
FRB20220130A,0,,0,False,2135.0,0.4273672371008488,0.9028521250631073,1.2491903095942474,2107.26,1.9858022238176969
FRB20220131A,0,,0,False,2410.0,0.4692510711847825,1.0305912090085783,1.3930686524166427,2647.72,2.0741791796191382
FRB20220131B,0,,0,False,3117.0,0.39404587494929505,0.8577809314931827,1.1881053355210194,2205.34,2.1456673686361625
FRB20220201C,0,,0,False,1448.0,0.4277771371731656,0.9260327162069919,1.2335230742831642,2791.0,2.6535632759345753
FRB20220201B,0,,0,False,2505.0,0.39275189227231583,0.8080395291992326,1.3469474670237864,1320.84,2.2040659086080256
FRB20220202B,0,,0,False,3124.0,0.400563967282001,0.9055169431137038,1.1975778912538788,2003.62,2.2016532261023483
FRB20220202A,0,FRB20210822E,0,True,1277.0,0.479801122648204,1.1938436869648874,2.803306430789411,1383.18,4.141884653150733
FRB20220202A,1,FRB20210822E,0,True,1081.0,0.48492265127756035,1.4409433675714411,2.6345026300443295,1801.38,4.155983166504643
FRB20220202A,2,FRB20210822E,0,True,187.0,0.5395376598927509,2.191089780953594,3.2656778334143906,3229.64,4.505204207424946
FRB20220203C,0,,0,False,376.0,0.5077172366758977,1.513874660874372,2.1825867674220576,2950.24,3.397324625098859
FRB20220203B,0,,0,False,2752.0,0.41477135149600053,0.8755909458733642,1.3722173790905385,2319.5,1.8079898958515574
FRB20220203A,0,FRB20190804E,0,True,2076.0,0.4346585446975707,0.8385153479754228,1.145493164739757,2367.4,2.609531582734082
FRB20220203A,1,FRB20190804E,0,True,1118.0,0.42637465199935576,0.9755757703798832,1.2955170546559671,2523.88,2.205772982121403
FRB20220203A,2,FRB20190804E,0,True,2039.0,0.4343016571151444,0.7581084385109889,1.1888488034795415,2287.0,2.519156209176991
FRB20220203A,3,FRB20190804E,0,True,2046.0,0.4360117899808526,0.7959980524152348,1.398706072913421,2565.14,2.437248659394098
FRB20220205B,0,,0,False,412.0,0.4742756344662492,1.4121536789069755,2.9764293310552947,1883.5,3.4793642371124673
FRB20220205A,0,,0,False,3748.0,0.40464890268421194,0.7831121366535496,0.9819768154488889,1119.56,1.772823880973884
FRB20220206B,0,,0,False,1510.0,0.41250117566173455,0.8416622251191598,1.0177903219372821,2858.04,2.4982084888728764
FRB20220206A,0,,0,False,3187.0,0.389643292192351,0.7787985162144014,1.1480438619118538,1263.56,2.518851899646441
FRB20220206A,1,,0,False,721.0,0.4172955658265587,1.170919938163406,1.6881161478932734,3184.16,2.790551580688552
FRB20220207B,0,FRB20190417A,0,True,237.0,0.5145149885605201,1.7774167827065803,2.61622313686151,3626.4,3.8257934613225517
FRB20220207A,0,FRB20220207A,0,True,1868.0,0.5258373194919035,1.4143922730955194,3.6017724424040045,1391.9,4.578199486804075
FRB20220209C,0,,0,False,1804.0,0.4467673037487501,0.9912850326570257,1.5042976805338766,2392.66,2.129980918260976
FRB20220209B,0,,0,False,2185.0,0.3934836643991156,0.9612587625290399,0.8158876073512474,2341.72,2.295617137117716
FRB20220209A,0,FRB20200929C,0,True,2792.0,0.3963945736329804,0.7945458507016022,1.4234800666394845,1447.76,2.0579753205806353
FRB20220210A,0,,0,False,322.0,0.4577533888244941,1.3062471526708304,1.913666821343184,3719.88,2.8421090402556426
FRB20220211D,0,,0,False,526.0,0.508875570206474,1.4197972509525194,1.5783608501958928,2996.08,2.7701237518916857
FRB20220211B,0,,0,False,2963.0,0.37688215217706367,0.884117986745822,1.5151856265912405,1563.7,2.2416163825710775
FRB20220211A,0,,0,False,2380.0,0.4054789541260895,0.8959899905208559,1.4158834812976686,1777.38,2.971933197485017
FRB20220211C,0,,0,False,1808.0,0.4069464107938154,1.0852012480084308,1.5950507310785433,2622.3,2.010056888283292
FRB20220212B,0,,0,False,2447.0,0.40191589378249926,0.7521306542713683,1.0492599840829266,1144.14,1.8316286260726398
FRB20220212A,0,,0,False,2837.0,0.396509444845534,0.7713823875988213,1.5719070462065527,915.88,2.136442878267694
FRB20220213B,0,,0,False,3969.0,0.39324232740079745,0.676408085768202,0.6324515544484626,1278.5,2.3639766244266776
FRB20220213A,0,FRB20181119A,0,True,3485.0,0.4280625183601209,0.8315652361070887,0.5875571410188685,825.42,2.495740833343082
FRB20220214E,0,,0,False,1122.0,0.422637657586951,1.1081169143658154,1.7139990612401705,2363.0,2.5937167876500564
FRB20220214D,0,FRB20190303A,0,True,3986.0,0.40868257841053407,0.4664830064267093,0.5906792001777399,327.16,1.2717967938123573
FRB20220214C,0,,0,False,3123.0,0.4008818717918725,0.890481724551879,1.3906481262262849,1595.72,2.5145889117040414
FRB20220214B,0,,0,False,3353.0,0.4026786408210389,0.8378102975884296,1.1350310100256165,1604.02,1.875442366067479
FRB20220214A,0,,0,False,3299.0,0.39281269033068184,0.8672430553746919,1.1372784841852412,2459.04,1.9151960251205864
FRB20220215A,0,,0,False,2731.0,0.40636030537826184,0.7677016189611585,1.2912908212063616,2078.74,2.3171917308146917
FRB20220218B,0,,0,False,1165.0,0.42631744921159936,1.1093664510544121,1.513637101269395,2241.0,3.2777002566247897
FRB20220218A,0,,0,False,804.0,0.47719498058369286,1.308905515499419,2.2091863580852307,2405.28,3.9728304275672053
FRB20220219A,0,,0,False,26.0,0.5509886559699183,2.5987158910282844,3.5989134806273584,3577.7,4.443504278334154
FRB20220220C,0,,0,False,645.0,0.4630086257074252,1.4904952465762706,1.8407840022552404,2834.66,3.041729652445386
FRB20220220B,0,,0,False,1052.0,0.47768809796320405,1.587090736662918,2.7537041825622075,2921.54,3.0203531088962308
FRB20220220A,0,,0,False,2091.0,0.4048765403597445,0.9760864339620154,1.3146554949496585,2210.4,2.367638805670997
FRB20220221B,0,,0,False,3622.0,0.38660848747552023,0.6391219616059677,0.9686328566026243,818.58,2.194912551858404
FRB20220221A,0,,0,False,831.0,0.46302316264421706,1.1792170980818477,1.466387104994532,2540.48,3.0179780093191333
FRB20220222A,0,,0,False,1123.0,0.4868135658397597,1.6363232771142684,3.0050348570760868,2925.72,3.920206901299478
FRB20220222B,0,,0,False,186.0,0.5961364030267353,2.62940804832055,5.607850537658771,3596.4,6.911488271190621
FRB20220224A,0,,0,False,2585.0,0.3916157645753465,0.7274850479938083,1.0001309621176577,1018.3,1.8434933603978845
FRB20220225D,0,,0,False,1987.0,0.4227228152735336,0.8584189937072892,1.0542263365743325,3002.38,1.8746458238582404
FRB20220225H,0,,0,False,1754.0,0.42566468768147053,0.9947677157603956,1.4531529123169857,2522.66,2.7196481223497466
FRB20220225C,0,,0,False,2880.0,0.3954472259475892,0.719670424693728,0.8264823589177148,826.84,1.942978561291145
FRB20220225C,1,,0,False,3380.0,0.38645086546488816,0.6647659041457993,0.70592187885726,525.04,2.0379204465316203
FRB20220225B,0,,0,False,4041.0,0.38975585033732923,0.6777306813576619,1.0897839412860504,1213.8,3.044157663234509
FRB20220225G,0,,0,False,2164.0,0.38801918621530346,0.8447253954343887,1.5187807935361142,1581.14,2.328000998286863
FRB20220225F,0,,0,False,4050.0,0.39355659789443836,0.5936196935691921,1.0260782179550956,408.86,1.9986164122225296
FRB20220225E,0,FRB20200929C,0,True,1998.0,0.42970969418238036,0.8155752968497103,1.3500980253022403,2276.32,2.409176418807382
FRB20220225A,0,FRB20180916B,0,True,3844.0,0.3924759316543442,0.5872102016957006,0.6436189459635817,457.44,2.0539195637379426
FRB20220225A,1,FRB20180916B,0,True,3977.0,0.3832132021651977,0.6088713008604719,0.9581045131160896,393.22,1.7322797951667652
FRB20220226B,0,,0,False,2083.0,0.4339555995420761,0.8117081363491767,1.2691850926865018,901.62,2.183925825665477
FRB20220226A,0,,0,False,1349.0,0.4524782065041085,1.0526183401660483,1.7976695781650471,1947.7,2.2033926603605236
FRB20220227B,0,,0,False,2603.0,0.40599661596664527,0.890023713299148,1.409457052030574,1602.54,2.352290104035492
FRB20220227A,0,,0,False,1250.0,0.4133501942978233,0.9858681316047992,1.8892772860447404,2538.08,2.552911171132261
FRB20220228E,0,,0,False,2669.0,0.40880311802292923,0.7755190589255055,1.1869250358569117,2014.14,2.2329246276198873
FRB20220228F,0,,0,False,2019.0,0.4017164570304345,0.811470087977462,1.2914713549947667,2261.68,2.391898842736142
FRB20220228C,0,,0,False,193.0,0.4739347798034247,1.223627513625769,2.557045891104894,1745.74,3.37884023945154
FRB20220228B,0,FRB20220123A,0,True,421.0,0.4684724876673887,1.0789007137065632,1.7281390715568947,2829.3,2.601229349107292
FRB20220228A,0,,0,False,1091.0,0.4718685278641749,1.0834341398403562,1.4610841081352377,2655.7,1.6829280699438136
FRB20220301F,0,,0,False,1852.0,0.4468688563807149,0.7536737889401542,1.2574905813573765,2884.98,2.607097424049127
FRB20220301E,0,,0,False,336.0,0.548135325548207,1.890704749566585,3.3561406516676677,3620.38,4.049105224256206
FRB20220301D,0,,0,False,880.0,0.4478601958837309,1.1071943591409197,1.8322810308005497,3083.7,3.261695526901393
FRB20220301C,0,,0,False,3045.0,0.4137960307988999,0.685585003321642,1.3375996618578558,1389.68,2.2238750391564035
FRB20220301B,0,,0,False,746.0,0.4591530636970674,1.293068609171234,1.4119156974694353,3116.84,2.9705913440853813
FRB20220302C,0,,0,False,1626.0,0.40927513313374975,0.8576327117948264,1.5949911292655565,2362.2,2.4417936198761665
FRB20220302A,0,FRB20210125A,0,True,2738.0,0.4008704923606936,0.7006421826203459,1.1364970955170215,1204.6,2.8681522552579306
FRB20220303C,0,,0,False,3416.0,0.40854872616486093,0.6467218186345709,0.6750511248835585,1052.02,2.26091626218551
FRB20220303B,0,,0,False,2153.0,0.4045664064684034,0.9653438927977824,1.5471005890987253,2082.18,2.4202414750681887
FRB20220303A,0,,0,False,1821.0,0.4274790149786791,0.9930608378950435,1.5601738341252998,1979.64,2.828331496736735
FRB20220304A,0,,0,False,3381.0,0.40826740200364026,0.7691681966156559,0.6622762760787114,1085.56,2.7682156216710534
FRB20220305A,0,,0,False,374.0,0.4979359936791106,1.4303622847526023,1.8516384560001933,3404.96,2.44972464172086
FRB20220305B,0,FRB20200929C,0,True,1935.0,0.4365377149612465,0.7740198376604281,1.4452764143660326,2581.04,3.5661261576067913
FRB20220306B,0,,0,False,2888.0,0.39573684066053827,0.8549086698909305,0.8448390298170674,1880.14,2.1914595104341563
FRB20220306B,1,,0,False,2994.0,0.3908907792967557,0.8354309042111501,0.8838269460114763,1611.28,2.06515806643405
FRB20220306A,0,,0,False,1332.0,0.4420713319971973,1.0597258502919378,1.6082634440532102,3182.82,2.9835670161404964
FRB20220307A,0,,0,False,2945.0,0.41117409978388375,0.784258023902584,1.0885256655904372,1987.44,2.2321876160755867
FRB20220308E,0,,0,False,2300.0,0.4023261715740947,0.7970199220470802,1.493891084090138,1633.86,2.5614218038628787
FRB20220308B,0,,0,False,2554.0,0.4294201304270303,0.7712775542813907,1.1519390380758614,2152.38,2.2185328274055918
FRB20220308A,0,,0,False,2331.0,0.4186903875087559,0.7917087583384821,1.4181326502237952,2277.6,3.347277967435579
FRB20220308D,0,,0,False,2319.0,0.40722392454698125,0.8691381221917108,0.7289017395635188,1922.02,2.4369942033750847
FRB20220308D,1,,0,False,2083.0,0.4255072577637033,0.8626209586886502,0.9272810511805285,2035.6,2.1737762908782314
FRB20220309A,0,,0,False,1021.0,0.4483944987067948,1.3519935267015428,2.0147171047546086,2921.12,2.433980664315832
FRB20220309B,0,,0,False,2024.0,0.46878594187754125,0.9717831762012269,1.5680735307444849,1699.98,2.3124839437416926
FRB20220309C,0,,0,False,190.0,0.5016263028569461,1.3272069555993382,2.0436774427128017,3540.8,2.92990838453696
FRB20220310D,0,,0,False,1592.0,0.48057703558330267,0.949826267388123,1.9744082416218445,1635.36,2.7265199499137283
FRB20220310C,0,,0,False,634.0,0.5046362724959478,1.379910502050855,1.809073715923403,3226.56,2.5535779353853316
FRB20220310A,0,,0,False,2402.0,0.41836328860829036,0.9282456826168982,1.6466256525423948,1964.5,2.485658605292625
FRB20220310B,0,,0,False,3276.0,0.4284979345941109,0.8584777399811193,1.16462930992844,904.18,2.042934340897415
FRB20220310E,0,,0,False,3249.0,0.4038649036812217,0.8133113584122078,1.3001225268249028,1925.4,3.0830332080647933
FRB20220311D,0,,0,False,2152.0,0.44671226291158556,0.9269771424689776,0.8838028634350642,1137.34,3.0488628518746244
FRB20220311C,0,FRB20181119A,0,True,1229.0,0.4310885382432644,0.9169290572355273,1.5113495521173632,2482.88,2.8954638333626543
FRB20220311A,0,,0,False,2606.0,0.40975463583226335,0.8896576557593162,1.1454142829120098,2395.26,2.598643648970926
FRB20220312C,0,,0,False,2959.0,0.39363275913651163,0.7846382498202606,0.712592295787877,1547.96,2.345098728677648
FRB20220312B,0,,0,False,72.0,0.5422470242558836,1.6977628217764476,3.1005789104397437,3029.84,4.331507823590547
FRB20220312A,0,FRB20180916B,0,True,2902.0,0.4488149393590064,0.9124899720062046,1.2152706442345789,1255.52,2.4340187740797368
FRB20220313E,0,,0,False,4005.0,0.4240033155700988,0.7266921129187113,0.7206721410314687,236.44,1.7300936958117688
FRB20220313D,0,,0,False,1393.0,0.43655170378043456,1.10915309541246,0.9634778115591364,2692.22,3.005066839075657
FRB20220313C,0,,0,False,446.0,0.4257024203387916,1.1350921086801542,1.9584654919939748,3513.68,3.01929915154453
FRB20220313B,0,FRB20190907A,0,True,2174.0,0.44724266229117643,0.9082663220592526,1.0109658997245519,1740.26,2.797242403251985
FRB20220313A,0,,0,False,46.0,0.5473799879182173,2.432866532524298,3.723869530872554,3505.86,4.014758608982889
FRB20220314A,0,,0,False,2774.0,0.42320077081239643,0.7120151767536698,0.9551597355779371,1106.28,2.7690939126157006
FRB20220315E,0,,0,False,604.0,0.48483397612537626,1.1638124271823993,1.6834071535752315,3226.54,2.885504224708206
FRB20220315D,0,,0,False,617.0,0.5235140446256143,1.5654859251798157,2.6231641592187906,3234.32,4.803268843185483
FRB20220315C,0,,0,False,2958.0,0.4204256271362137,0.6690672935295678,1.0839870620261156,796.14,2.8142206658735067
FRB20220315B,0,,0,False,2597.0,0.4006399633427474,0.7998212168853022,1.2088167073567682,1833.6,2.5843083366458366
FRB20220315A,0,,0,False,3154.0,0.42625236314857706,0.911943598503516,1.291876320054005,1256.8,2.0128136887434436
FRB20220316F,0,,0,False,3066.0,0.40910132022595114,0.7163436345988301,0.940336330471848,1135.42,3.3667073580429587
FRB20220316E,0,,0,False,600.0,0.5262819650888072,1.293281091435522,2.285678236506921,2969.7,2.590223259891731
FRB20220316D,0,,0,False,1418.0,0.4595431432022538,1.1474755518690993,2.1419672296208145,2023.76,2.6981504653478385
FRB20220316C,0,,0,False,730.0,0.449468214947821,1.1402711607780296,1.862217237513599,3154.26,2.5710012549803407
FRB20220316B,0,,0,False,986.0,0.501311708646999,1.4020825824403167,2.7378481142490187,2169.12,4.049709369761097
FRB20220316B,1,,0,False,1639.0,0.481330141432096,1.3302261442313745,2.3080435788882006,1746.06,3.8375801234765374
FRB20220316B,2,,0,False,191.0,0.5533419807044913,1.8820969710252935,2.722572212608329,3520.84,4.674828732908065
FRB20220316A,0,FRB20220316A,0,True,1610.0,0.4366782221277281,0.8534289971801459,1.2243999970046535,2312.34,2.4012421485264475
FRB20220317E,0,,0,False,3762.0,0.4080228021759725,0.6638743612281675,1.0266866341139915,987.7,2.624619736367484
FRB20220317D,0,,0,False,3807.0,0.3938119859129457,0.6453430582354234,1.0432797744307982,572.7,2.638803625261916
FRB20220317C,0,,0,False,525.0,0.47919016121295527,1.4979430793958473,2.1500963238240596,3306.34,3.2259365393221655
FRB20220317B,0,,0,False,1607.0,0.5005832899245398,1.0621794730664447,1.653504351440303,1986.34,2.4459745706160434
FRB20220317B,1,,0,False,1559.0,0.4815149501804659,1.020012264842336,1.6943853826604929,1717.38,2.6878208061893916
FRB20220317A,0,FRB20200929C,0,True,1249.0,0.4007983635529743,0.9154019270418405,1.5850829985140593,2853.76,2.8140958046766618
FRB20220318C,0,,0,False,2937.0,0.42122429282682655,0.8243872204036619,1.3534298826418976,1041.92,2.077547028823878
FRB20220318B,0,,0,False,2343.0,0.4208162861039002,0.7419237861824041,1.1173005344410618,2422.1,2.4917203033539597
FRB20220318A,0,,0,False,905.0,0.4583118904306003,1.4330246527547899,2.1001304421567637,3451.5,2.732418791454175
FRB20220319C,0,FRB20220319C,0,True,3008.0,0.4208175202937854,0.7480914416450452,1.12249863407424,2660.76,2.7977234183297996
FRB20220319A,0,,0,False,590.0,0.4351475996299821,1.1799157577098771,1.9563621194009597,3108.68,2.3974458106848635
FRB20220320B,0,,0,False,755.0,0.4337443799149915,1.187719885617216,1.757036473128323,2358.28,2.989093302505055
FRB20220320A,0,,0,False,3582.0,0.40216608097497303,0.7674720054926523,1.0413916457914527,529.24,2.147558188268597
FRB20220321F,0,,0,False,3077.0,0.4167886032730826,0.7375298234275669,0.793289391717538,1569.84,2.333707529832761
FRB20220321E,0,,0,False,4045.0,0.38972662378454304,0.6588128026697271,1.0554667405456832,715.12,2.473788665235838
FRB20220321D,0,,0,False,1406.0,0.40875793745938255,0.9654920149142041,1.2503554130085595,2579.46,2.5595229165445987
FRB20220321C,0,FRB20181119A,0,True,2045.0,0.41434176693198527,1.040881711978956,1.576471663464417,1715.08,2.356987863989377
FRB20220321B,0,,0,False,1559.0,0.4251603144598784,1.0637112389490788,1.8143695302514593,2675.7,2.2320514940869534
FRB20220321A,0,,0,False,1511.0,0.46518076344313747,1.0528111175388368,1.1889406084742846,1835.36,3.1785782575311354
FRB20220322C,0,FRB20181017A,0,True,168.0,0.5116986969314549,1.8849698324494462,2.706815559096525,3568.38,3.2895913706286586
FRB20220322B,0,,0,False,245.0,0.4835330320348948,1.3516260712055368,2.4242826237497983,2585.34,3.548564029021826
FRB20220322A,0,,0,False,2704.0,0.4419980476237409,0.7541463734603312,1.3399001897414191,1305.3,1.7759631201855097
FRB20220323B,0,,0,False,658.0,0.4730707786463782,1.2132246059197842,2.166482425199127,2886.84,2.8964855117326227
FRB20220323A,0,,0,False,2514.0,0.4342840054294049,0.8423294263280978,0.8120730554660128,1259.4,1.6660402038609226
FRB20220324C,0,,0,False,3406.0,0.4182333235536581,0.7597687120513369,0.7130076044113937,1953.64,2.111240544500243
FRB20220324B,0,,0,False,4098.0,0.3991684549376297,0.6352745017540881,0.9734929509546159,347.6,2.4005986559092443
FRB20220324A,0,,0,False,2769.0,0.38466123859603657,0.820413693830097,1.3145722483386808,2254.24,2.1209195839424875
FRB20220325D,0,,0,False,2624.0,0.3977499539192479,0.711389376876335,1.078962721773451,1276.88,2.4308698970696963
FRB20220325C,0,,0,False,3528.0,0.4034152023568894,0.6140950074099135,1.082193445045215,993.34,2.2186574949415414
FRB20220325B,0,,0,False,1116.0,0.4333387442067052,1.0908354071863562,1.7279864549429387,2764.18,2.529434114754972
FRB20220326A,0,,0,False,1404.0,0.46200838440791453,0.8630068907441801,1.0425076628863825,1422.04,2.396888649007506
FRB20220328C,0,,0,False,1183.0,0.45628679968033986,1.098533678406846,1.3794310677869606,2418.34,2.823471352344715
FRB20220328B,0,,0,False,1004.0,0.43079170468106776,0.9591257484501728,1.6629440012924936,2465.58,2.290639804401484
FRB20220328A,0,FRB20180916B,0,True,3903.0,0.42096290734653036,0.762948924296061,0.5936709244678089,361.06,2.1655179983875943
FRB20220329C,0,,0,False,3847.0,0.4104998621064834,0.6215994086791712,0.9049921424547849,466.44,2.000337033701713
FRB20220329B,0,FRB20200619A,0,True,1827.0,0.4075190246185169,0.9191144782514741,1.661892862408772,2514.5,2.656556706465181
FRB20220329B,1,FRB20200619A,0,True,1899.0,0.4065054515917997,0.8367660871874065,1.3113942130535283,2368.48,2.9170674802856764
FRB20220329B,2,FRB20200619A,0,True,3886.0,0.39289054665717926,0.6967716839050235,1.1812821618440459,1570.92,2.3232000690092423
FRB20220329A,0,,0,False,2880.0,0.400796921624902,0.87578677615387,1.4316780091502388,2616.2,2.5376333554810184
FRB20220330C,0,,0,False,3079.0,0.39715857354408024,0.6876932137404788,0.8844537538016999,754.72,2.1048082035423006
FRB20220330B,0,,0,False,3500.0,0.4019248106362323,0.7819328013523635,1.1762251872072522,1500.72,2.309888635382124
FRB20220330A,0,,0,False,2157.0,0.4093177022409343,0.9694965954567438,1.260575998210448,2093.34,2.575374898777143
FRB20220331B,0,,0,False,2209.0,0.4333245683567562,0.8305520998692183,1.254675990129985,2007.76,2.56355396536172
FRB20220331A,0,,0,False,2006.0,0.40870621246310246,0.7828166585158671,1.2157162373816177,2237.4,2.2851284952898014
FRB20220407B,0,,0,False,236.0,0.46439963391557804,1.3182331844166444,1.9890235077766278,3754.5,3.495897316529512
FRB20220407A,0,,0,False,1.0,0.670612910731462,4.536947682196079,7.703180945595581,3248.44,8.209041964592824
FRB20220408C,0,,0,False,1698.0,0.4126661412218034,0.8977877897494201,1.2010642363439483,1787.12,3.0525795443734647
FRB20220408B,0,,0,False,4102.0,0.3860837249377882,0.6265631813061131,0.8463789748590348,696.78,2.0559784672430106
FRB20220408A,0,FRB20181128A,0,True,1202.0,0.4133203784678587,0.9806504424830189,1.9802275240217886,1925.46,2.361931036913887
FRB20220409B,0,,0,False,1394.0,0.42544435089734417,1.2475626851561434,0.9510256834913849,2530.9,2.9473285330336925
FRB20220409A,0,,0,False,1950.0,0.43996182330552086,0.9655350280420519,1.445908714979057,1878.2,2.083982237039939
FRB20220410A,0,,0,False,303.0,0.5136566500734802,1.4888805492928936,2.795197103042776,3003.06,3.7619433027475595
FRB20220411C,0,FRB20191106C,0,True,499.0,0.46372412198324586,0.9908412849944235,1.328569534325488,3640.84,3.463929461819621
FRB20220411B,0,,0,False,3610.0,0.40712394602704916,0.6713745385538976,1.044479067262013,1028.76,1.9581914971267524
FRB20220411A,0,,0,False,2048.0,0.42570500568321257,1.0630485608704263,1.3974905303783725,2527.54,2.234426931621456
FRB20220412B,0,,0,False,2773.0,0.42354077543069624,0.7507520446015794,0.9936248287625377,2059.3,2.6911431238517713
FRB20220413B,0,,0,False,316.0,0.5525483219876266,2.0472936468439267,4.010572580529366,3811.4,4.116827386552737
FRB20220413A,0,,0,False,2355.0,0.4059585398401055,0.858645737375672,1.2810484340788264,1840.56,2.3262015391090145
FRB20220414C,0,,0,False,593.0,0.45092978528098737,1.1114217835300264,1.717292290250317,3173.76,3.3827761099972844
FRB20220414B,0,FRB20190929E,0,True,2456.0,0.4109626170739131,0.7695281467230198,1.4226079802786749,1791.44,2.8235853294107978
FRB20220415D,0,,0,False,1667.0,0.4388038311526747,0.8098167440971615,1.5234710976701795,2257.22,2.858110601842392
FRB20220415C,0,,0,False,359.0,0.46312074004157605,1.2995644849174592,1.9857619492445373,2938.02,2.6511864129235265
FRB20220415B,0,,0,False,2749.0,0.4100803516482519,0.8853824783995924,0.9258550251211761,1971.02,2.7534337831794096
FRB20220415A,0,,0,False,575.0,0.5076455624633187,1.5161241560119896,2.7383322089350175,3178.96,3.403509596987573
FRB20220416B,0,FRB20190804E,0,True,1095.0,0.44172052525590744,0.8476621378273446,1.2316950571598957,2509.84,2.733975009295807
FRB20220416A,0,,0,False,1396.0,0.47343489789431714,1.035509997095072,1.3749313827451544,1856.98,2.7321099156534374
FRB20220417A,0,,0,False,2759.0,0.4199775773111768,0.821130728396542,1.3683337651479068,1809.8,2.7723824588812698
FRB20220419A,0,,0,False,3692.0,0.4390454194792504,0.8395199874855426,1.1249015595902718,962.58,2.204704212104156
FRB20220420E,0,,0,False,328.0,0.4522785648030309,1.4250077671351271,2.321792258411621,3316.34,2.999108615349103
FRB20220420E,1,,0,False,905.0,0.4640058546398868,1.205589099015373,1.4034019350296887,2812.24,2.5794792191510925
FRB20220420D,0,,0,False,2462.0,0.42147281643078294,0.7875435289428306,1.5007422504784702,2566.1,2.486918364479928
FRB20220420C,0,,0,False,3792.0,0.3878614185477129,0.6433014051166548,0.8568072077930847,509.82,2.328711452416942
FRB20220420B,0,,0,False,3632.0,0.3946459159127703,0.7669040238487074,1.275997510346309,1121.48,2.434550917656519
FRB20220421E,0,,0,False,4090.0,0.3834970027362579,0.5331219067084069,0.48131034391045907,360.46,1.8334929019809518
FRB20220421D,0,,0,False,3174.0,0.39404120125824066,0.7184200419366377,1.2279434965676617,1779.84,1.8347136020752004
FRB20220421C,0,,0,False,1977.0,0.46136387454151706,1.0858667698051399,0.8889958598699984,2147.3,2.38720623736267
FRB20220421B,0,FRB20190212A,0,True,2930.0,0.4093352481409427,0.8348600378734081,1.0086394082970334,1545.18,2.0749620684589427
FRB20220421A,0,,0,False,2089.0,0.4121697501647583,0.9737476056289591,1.7374612502714808,1441.56,2.834055088683005
FRB20220423C,0,,0,False,2713.0,0.41331977109451,0.9259871918091507,1.5466112022507552,2083.24,2.625897846249302
FRB20220423B,0,FRB20191106C,0,True,1930.0,0.40810644382719363,0.8637434518798814,1.3543832244321314,2922.54,2.5133342961756004
FRB20220423A,0,,0,False,2302.0,0.4095557807606008,0.8587396822109696,1.5680631148164383,1577.62,2.764944068186282
FRB20220424D,0,,0,False,183.0,0.5375649805421121,1.602793911454825,2.61884383987342,3237.44,2.432634891917623
FRB20220424C,0,,0,False,3447.0,0.40139521786229604,0.7496020844340224,0.9278193801690116,1178.92,1.6479544340970904
FRB20220424C,1,,0,False,3240.0,0.4028800725824862,0.773189378667645,0.9079267567335425,1263.58,1.7278570203911383
FRB20220424B,0,,0,False,1029.0,0.4324520997065636,0.9365285388980353,1.5189112802301152,3034.12,2.9167527140007445
FRB20220424A,0,,0,False,839.0,0.4263604064763716,1.076243029523782,1.5462458923028184,2585.62,2.277780428461293
FRB20220425A,0,,0,False,4038.0,0.37771193312983364,0.5859967107045811,0.8407969691495139,586.04,2.0962509472055135
FRB20220426D,0,,0,False,328.0,0.4655508210606406,1.3241964690706103,2.296588475235754,3327.62,3.183362042451662
FRB20220426C,0,,0,False,3115.0,0.41061187022417955,0.6728661788812168,1.089589902038254,1022.46,2.5078392333168775
FRB20220426B,0,,0,False,259.0,0.4988382117042004,1.4610481587283286,2.383132377770909,3322.96,3.230599088228307
FRB20220426A,0,,0,False,2435.0,0.41739874258023557,0.8337927035326003,1.1069614393814489,1919.68,2.8724248611124725
FRB20220426A,1,,0,False,1167.0,0.4320094414862423,1.279806138702753,1.6767845389649165,2941.22,2.8960937959102004
FRB20220428C,0,FRB20220428C,0,True,541.0,0.5343172716500995,1.6231836702495002,3.4114680237733124,3022.04,3.9241030842204445
FRB20220428B,0,FRB20220428C,0,True,377.0,0.5298401805769182,1.9242964479209732,3.3051452062741067,3425.44,4.417247433151298
FRB20220430B,0,,0,False,2817.0,0.4131042252627454,0.7980830446996134,0.7687648768905174,2063.42,3.099716725597416
FRB20220501B,0,,0,False,366.0,0.4863370366611992,1.564504887333062,2.3710853255058253,3030.32,3.4816431403523107
FRB20220501A,0,,0,False,2130.0,0.39437622730245986,0.8933000165975129,1.6382571277553681,2000.86,2.352245550108555
FRB20220502C,0,,0,False,2758.0,0.41632499652959587,0.77359351376923,1.3378979700884563,1323.1,3.5184004815491075
FRB20220502B,0,,0,False,1996.0,0.41968723070607367,1.0136714921625853,1.5133302060470935,2090.84,2.7622639030543685
FRB20220502A,0,,0,False,3559.0,0.40421546405010816,0.7288293477535637,1.0284869338519382,1674.8,2.3594989286129002
FRB20220503E,0,,0,False,822.0,0.47886147739028817,1.124576786236164,1.633210432777304,3122.7,2.1625544297644113
FRB20220503D,0,,0,False,764.0,0.4680601262687826,0.9603403247122639,1.4825910039720132,2744.14,2.6807933910953636
FRB20220503C,0,,0,False,3786.0,0.3975647472605839,0.63337591006936,1.0042073731267234,1479.64,1.9789861894706946
FRB20220503B,0,,0,False,2499.0,0.3997737997023998,0.7179692813704476,0.808377121502035,1754.2,2.158835141634563
FRB20220503A,0,,0,False,3649.0,0.4065657225055413,0.6299308983764046,0.6333372575397576,792.16,2.527334651242543
FRB20220505C,0,,0,False,1954.0,0.42153753253414555,0.8811449470529059,1.373158891832479,2006.48,2.5324542829353827
FRB20220505B,0,,0,False,2766.0,0.44379634471160767,0.8750069385571964,1.1448961617757738,1752.96,1.6993161256289198
FRB20220505A,0,FRB20220505A,0,True,1003.0,0.5045916232509149,1.176042358983366,2.0959256194666414,2772.5,2.742372168603657
FRB20220506C,0,,0,False,1812.0,0.40992125270707286,1.1204677603743647,1.7902629972413104,2589.98,2.2224852546797966
FRB20220506B,0,,0,False,1496.0,0.4884475346729481,1.0834397285525637,1.8375906547559149,1858.66,2.3036702455871803
FRB20220506A,0,,0,False,1737.0,0.43443876541293336,1.0612036084726932,1.1753687275996552,1706.4,2.487720367822006
FRB20220507A,0,FRB20211227A,0,True,1154.0,0.5051893364266904,1.1951129219220311,2.0182736347977515,2892.36,2.8001962941683622
FRB20220508A,0,,0,False,564.0,0.48429339003436805,1.3924913751018049,1.9912577066742323,3026.56,2.8487276360181197
FRB20220509F,0,,0,False,1757.0,0.4091299607722418,1.1245003575719261,1.5190434882824275,2242.82,2.8618386714564026
FRB20220509F,1,,0,False,2185.0,0.43576615040373806,0.9192961737170664,1.2895493295991112,1040.04,3.014088862974516
FRB20220509E,0,,0,False,3301.0,0.41200832784627534,0.7573901379083937,1.255805276267243,2304.82,2.7860254187018567
FRB20220509D,0,,0,False,1515.0,0.42851534589691664,0.9253032451076655,1.5240431867852038,2650.48,2.7335170944590743
FRB20220509B,0,,0,False,474.0,0.44596968200713477,1.3011730194180666,1.5655423922549112,3490.96,2.6962049190779256
FRB20220509A,0,,0,False,1259.0,0.44099696042260134,1.099412747410872,1.5886853045441145,2826.04,3.3670465007603503
FRB20220510A,0,,0,False,3843.0,0.39652873277672335,0.6270332912757646,0.6852768847130757,276.4,2.1191457838317764
FRB20220511B,0,,0,False,1497.0,0.42671453184250885,0.945469932393293,1.6149461300344836,2050.36,2.0948544513588474
FRB20220511A,0,,0,False,552.0,0.43934169689404473,1.392458218070669,2.1955612626468706,3130.72,3.0208713510107854
FRB20220513A,0,,0,False,1170.0,0.46758066573203977,0.8646187677459597,1.6029994678899748,3274.44,3.797504222917557
FRB20220514C,0,FRB20191106C,0,True,984.0,0.4256732542078838,1.0583387640538588,1.815386432564488,3151.92,3.314689030063846
FRB20220514B,0,,0,False,1421.0,0.41920697542873053,0.9301873966121557,1.3755583520211143,1992.62,2.465410988419391
FRB20220514A,0,,0,False,293.0,0.4840824205451613,1.4724674476483246,2.167676840538874,3498.88,2.6021698796129304
FRB20220516A,0,,0,False,1605.0,0.42107337592755667,0.842904423860835,1.376620364768792,2485.58,2.827627043141145
FRB20220517B,0,,0,False,3059.0,0.42169262700887744,1.0244515718526768,1.3061571585864926,1453.4,2.147465597599202
FRB20220517C,0,,0,False,2811.0,0.4115584474552767,0.9162264503924933,1.6342521026890466,2006.22,2.64526471157975
FRB20220517E,0,,0,False,3429.0,0.39334464945106284,0.6389802692430286,1.1992350589898795,913.0,2.151756321860922
FRB20220517F,0,FRB20180916B,0,True,2286.0,0.4163578069445752,0.8940843282785824,1.1663332590815454,2051.68,2.959534534620157
FRB20220518B,0,FRB20211227A,0,True,1116.0,0.43207272074233194,0.8676232130788346,1.0262194216689775,1207.94,3.280216416177345
FRB20220518C,0,,0,False,1088.0,0.42310542965916453,0.9810771466668383,1.4880139180689622,2412.16,2.8296173280835824
FRB20220518D,0,,0,False,2905.0,0.41387611262281176,0.8104400746925272,0.9008537536334764,813.32,1.919445703333321
FRB20220518E,0,,0,False,2308.0,0.42113594261299375,0.9452208559452814,0.9557241369425504,1350.92,2.514887689782972
FRB20220520A,0,,0,False,2173.0,0.41978637774049915,1.0012145348460364,1.4462048192175203,1956.04,2.3332233602835855
FRB20220521A,0,,0,False,1836.0,0.414282451511728,0.8933762722941619,1.3626923095539756,1768.36,3.459922233302653
FRB20220521B,0,,0,False,1121.0,0.47075551976118996,1.2080238200541307,1.6058344628674657,2682.34,2.5147903744832805
FRB20220521C,0,FRB20210924C,0,True,3628.0,0.37880743081049556,0.6657583213604298,1.2300050401434657,859.58,2.2350098683211
FRB20220525B,0,FRB20211120C,0,True,2036.0,0.42362968346618984,0.9366155031170248,1.274840756506417,1621.9,2.1167163513350413
FRB20220526A,0,,0,False,2493.0,0.4089777478149999,0.9259622813344995,1.4718709801722831,1730.02,2.5896627999954474
FRB20220527A,0,,0,False,3126.0,0.4462823181393149,0.9013721624229554,0.9429093495183932,876.22,1.612234868806317
FRB20220527B,0,,0,False,2529.0,0.3954093100970168,0.7700611120925304,1.329179652386389,2351.36,2.443313172090547
FRB20220527C,0,,0,False,3846.0,0.3942448278640413,0.6547795609744058,1.288640348211899,645.66,2.5643198237780584
FRB20220527D,0,,0,False,2770.0,0.45848051680224167,1.0655802846665838,1.090353671630537,2492.32,2.499471920369544
FRB20220528A,0,,0,False,2204.0,0.4223200754093093,0.7801396011269943,1.1009559902847268,2460.86,2.6568382551893084
FRB20220528B,0,,0,False,1623.0,0.4474658199034993,0.9795544398791481,1.5995515277414025,2805.16,2.120941021069903
FRB20220528C,0,FRB20210125A,0,True,3315.0,0.40187948101146526,0.8476840730697599,1.3269665884935062,1504.1,2.566947525752608
FRB20220528D,0,,0,False,2336.0,0.4233801349661024,0.8065337486064712,0.96046995628307,1017.44,2.620146893147262
FRB20220529C,0,,0,False,2844.0,0.37963358626717564,0.9022011894651474,1.2094899119644207,1574.86,2.252741687174702
FRB20220529A,0,FRB20220529A,0,True,3623.0,0.39342713875126895,0.6266002516355791,0.9240503153472088,1574.42,2.0582836196271415
FRB20220530A,0,,0,False,1541.0,0.44698209410418877,1.0421188837143331,1.1825919528270137,2275.86,2.4052629785603967
FRB20220530B,0,FRB20190417A,0,True,1298.0,0.4437010183277623,1.1347950572447794,1.5925194271998853,1736.7,2.737011274935995
FRB20220601A,0,,0,False,3970.0,0.39790262600221016,0.6414423496748625,0.8721814472816736,944.38,2.7306168564703794
FRB20220602A,0,,0,False,1614.0,0.5068782925548818,1.37991256135181,2.8835483028838875,2114.66,4.165369135414161
FRB20220602B,0,,0,False,2500.0,0.4173439193090728,0.7378845740054198,0.991534169566677,1626.08,2.165471772739895
FRB20220602C,0,,0,False,1524.0,0.4868185389223861,1.4387212208929099,2.7797768115060344,2427.5,3.9078363599781705
FRB20220602D,0,FRB20180916B,0,True,669.0,0.46113981836134155,0.9172855258322438,1.4517307729296047,3237.46,2.90671684791956
FRB20220607A,0,,0,False,3806.0,0.3941135996321505,0.5584719877304885,0.6820001189713757,486.32,2.3493252359489833
FRB20220607B,0,,0,False,1357.0,0.41156725862383947,0.8539097498997181,1.216569072632891,1909.6,1.9932121157476905
FRB20220607C,0,,0,False,2049.0,0.43095868538050985,1.0250818363261567,1.3255986894221883,1492.64,2.3900440322852172
FRB20220608A,0,FRB20220319C,0,True,2997.0,0.39895353524991456,0.7315034834926145,1.0134023309755937,2029.66,2.6022611392732826
FRB20220608B,0,,0,False,3596.0,0.3860991124426565,0.641546327968599,1.126768812456966,1429.02,1.9927435971241534
FRB20220611A,0,,0,False,2711.0,0.40781096833794733,0.9101779097858378,1.2486454414973462,2425.88,2.1611545716724136
FRB20220612A,0,,0,False,3019.0,0.3830064042480405,0.8476962290116262,1.2801353923102863,1480.52,2.2079699222997804
FRB20220612A,1,,0,False,3342.0,0.4120571332274609,0.8071815646889599,0.9870494241181742,806.3,1.699278243778012
FRB20220612B,0,,0,False,4044.0,0.38944642228974696,0.6258413797572419,1.0057747228476959,802.92,2.2406125065234392
FRB20220612C,0,,0,False,2576.0,0.39223409504553153,0.903817691165966,1.331189101208432,1442.76,2.316243185641932
FRB20220613B,0,FRB20220319C,0,True,352.0,0.4677205864678893,1.228791722376833,1.6103932065772188,3376.62,3.7781587011326483
FRB20220614A,0,,0,False,3674.0,0.39284090334389327,0.686691871533286,0.3336947163570891,1730.22,2.198795777598869
FRB20220614A,1,,0,False,3882.0,0.38922610481722053,0.6212664854319099,0.45871236727848547,1589.52,2.6675180957955704
FRB20220614A,2,,0,False,3997.0,0.3913354414197037,0.6587487730787446,0.517631409968694,1452.12,2.4903628170836414
FRB20220614B,0,,0,False,2321.0,0.4164965111649943,0.8035173280320389,1.0122808261746552,1813.22,2.427720979314916
FRB20220615B,0,FRB20220529A,0,True,103.0,0.55181412744726,2.2702340057262553,3.525926670638133,3340.06,3.9415834351546897
FRB20220615B,1,FRB20220529A,0,True,510.0,0.4920053384115322,1.4780779297906208,2.232929411705609,3204.2,2.90780265060283
FRB20220615B,2,FRB20220529A,0,True,1399.0,0.4044064197596162,1.1088290274800632,1.2881820699493214,2922.82,2.640533660485904
FRB20220615D,0,,0,False,3868.0,0.39580422056239295,0.6078594513582154,0.9201089204973653,1124.3,2.06370178832429
FRB20220615E,0,,0,False,3919.0,0.38690624393695094,0.5954674785950208,0.886131721816568,309.82,1.9666042649670645
FRB20220615F,0,,0,False,360.0,0.4820255700716206,1.43872212810845,2.3123537495110678,3311.42,2.4884112059632857
FRB20220618A,0,,0,False,888.0,0.5423146696461638,1.9226308655630302,3.7042172855629736,3065.0,5.36341705635365
FRB20220618C,0,FRB20220618C,0,True,803.0,0.46763827660012913,1.659604712534875,2.8021188589616415,3321.86,3.5265891935174327
FRB20220618C,1,FRB20220618C,0,True,1704.0,0.45967703796645465,1.3863526952914482,2.2680010000976467,2370.0,3.376560844539304
FRB20220619A,0,FRB20190417A,0,True,1329.0,0.42351302693259124,0.9073071186950881,0.9871672262233091,1405.34,2.526763135455583
FRB20220619B,0,FRB20180916B,0,True,351.0,0.46972030209123566,1.3967631864338625,1.545832845394368,3649.76,3.0104355880114038
FRB20220619C,0,,0,False,3890.0,0.38639842729065316,0.8027010950666508,0.9252970342548199,1656.46,2.128806314219752
FRB20220621A,0,,0,False,3569.0,0.39645490167236,0.7655030988499691,1.296798870512747,777.04,2.5447202239870035
FRB20220621B,0,,0,False,3552.0,0.38973147696301386,0.6819742925057979,1.0626276951040792,1852.96,1.8797630157875047
FRB20220621C,0,,0,False,1021.0,0.5431915540180409,1.85403361044804,3.7049872906481265,3008.92,6.096115595201861
FRB20220621D,0,,0,False,1411.0,0.42753824280272656,0.9741510850708103,1.2669148919875914,1763.66,3.421665103283135
FRB20220621D,1,,0,False,1270.0,0.44044912419641896,0.9103685705216705,1.2593597973463981,1509.18,3.267872572281489
FRB20220622A,0,,0,False,3420.0,0.413983829453053,0.7365215619271421,0.7018677133418296,1460.28,1.880200289693083
FRB20220622B,0,,0,False,587.0,0.4683595688363491,1.3656742459693598,2.0028146304829075,3323.36,3.215591538318059
FRB20220623D,0,,0,False,1267.0,0.42305187970974717,0.9801460133524863,1.0958858402999858,1829.5,3.141691929164237
FRB20220623B,0,,0,False,1158.0,0.44044757137143287,1.0681171735009318,1.6544584014216375,2284.06,2.2289998289853945
FRB20220623C,0,,0,False,1609.0,0.4540719452900834,1.0770520002227908,1.7859544760686765,2714.4,1.875981521666378
FRB20220624A,0,,0,False,2100.0,0.42263792992670607,0.9570047500192397,1.3129197981496055,2331.98,2.15720057400689
FRB20220625B,0,,0,False,3166.0,0.42369798872261205,0.8388383956424148,1.4140006853469427,1464.52,2.0262686340122693
FRB20220626A,0,,0,False,798.0,0.4315059311190761,1.0542311705849472,2.0177986944047106,2521.94,2.96443969654091
FRB20220626A,1,,0,False,844.0,0.42443722750307566,1.0262761289281812,1.9208779031942886,2379.52,2.7359558484693416
FRB20220627D,0,,0,False,2118.0,0.41022060937323124,0.8572876559125426,1.369223829569454,2061.2,2.6991860770409057
FRB20220627D,1,,0,False,825.0,0.44265414977826417,1.025809542930424,1.7320812413455922,3249.88,3.360589515435105
FRB20220627E,0,,0,False,2068.0,0.3951802295500004,0.8880102823749796,1.4303961428706335,2667.96,2.1833156805555727
FRB20220627F,0,,0,False,1937.0,0.4556219041682739,1.0915901477107046,1.40959390670417,2390.3,2.0432572596705523
FRB20220627H,0,,0,False,299.0,0.5222804096049152,1.8949240432068746,3.1826871539571657,3700.8,3.5656526224581295
FRB20220627J,0,,0,False,1442.0,0.3911563290543717,0.8894975703290383,1.5037886585477034,2268.86,2.3701393865343228
FRB20220628A,0,,0,False,4030.0,0.3831827732873863,0.5409851251304799,0.6792335543822421,854.82,1.9564478977938458
FRB20220628B,0,,0,False,3165.0,0.42798560036495387,0.7450520411591224,1.4174113073632078,991.6,2.203154254288455
FRB20220629A,0,,0,False,2640.0,0.4091194549548336,0.8413605842791784,1.450181750349226,1706.0,2.591365742137927
FRB20220630A,0,,0,False,3116.0,0.3820617199597092,0.7120996380430308,1.4252779000383367,1143.26,2.3713722526745906
FRB20220703A,0,,0,False,736.0,0.44669632409892485,1.2135520208030361,1.8892927093768588,2477.7,3.0820591029909417
FRB20220703B,0,,0,False,761.0,0.4348932570750881,1.0178959436773358,1.7432489510036824,2612.02,3.5979236455556496
FRB20220703C,0,,0,False,1404.0,0.46653965380989265,0.8880563794300155,1.3892643841698091,1675.06,3.429712750300876
FRB20220703D,0,,0,False,3947.0,0.44000572461262255,0.7786960011213744,1.0146597239579267,554.1,1.7348960775890458
FRB20220704A,0,,0,False,3065.0,0.39547448054253254,0.9344718353444172,1.3733376131806823,1440.42,2.173425607864086
FRB20220704B,0,,0,False,1857.0,0.42964747905299794,1.000476047417513,0.7656900697136576,1953.5,2.5597080514677777
FRB20220706C,0,,0,False,1630.0,0.4157996279652623,1.0143315448162822,1.4658360678195481,3032.3,2.6894182239718885
FRB20220706D,0,,0,False,1675.0,0.46038255661796074,1.000955616327784,1.3870313457503323,2818.22,2.1377832486243644
FRB20220707B,0,,0,False,3971.0,0.396724120176404,0.7072230637728841,1.2614892631339305,1078.0,2.5475956276739815
FRB20220707C,0,,0,False,2960.0,0.39685645134486475,0.772524990305737,1.1700260551515962,2422.96,2.2008019582758678
FRB20220707D,0,,0,False,1723.0,0.43308706494469734,1.000067542864819,1.4950067868634977,1896.72,2.6663544212183696
FRB20220708A,0,FRB20220101A,0,True,3754.0,0.4180042679801564,0.8727584686667509,1.0299024693234322,810.22,2.421243140736627
FRB20220708B,0,,0,False,2859.0,0.37274281094226835,0.8048275892904991,1.3982632820300045,1589.02,1.9632291191715014
FRB20220709A,0,,0,False,972.0,0.46231739244294034,1.1566689684651517,2.0061183442566053,2557.12,2.86939490789285
FRB20220710A,0,,0,False,2820.0,0.3914318959451056,0.8142037392901,1.314909251537662,1537.48,2.1257365862112185
FRB20220710B,0,,0,False,872.0,0.4418567042285557,1.1635741368863173,1.5740750194632755,2983.94,2.8288345135319797
FRB20220711A,0,,0,False,681.0,0.45776692923439455,1.1854275517154762,1.6971363068744973,3580.7,3.1951177468635263
FRB20220711B,0,FRB20220529A,0,True,1810.0,0.4468958448705316,0.9969288990687547,1.0632413668398681,2439.36,2.9299075308595586
FRB20220711B,1,FRB20220529A,0,True,4051.0,0.395659985587554,0.5633532890882721,0.5696159923889808,1815.02,2.0679582721260186
FRB20220711B,2,FRB20220529A,0,True,2856.0,0.41235480741743363,0.74297952989574,1.0443113722112607,2402.84,2.4358372195362934
FRB20220712A,0,,0,False,3326.0,0.3942542309360214,0.6283536135081562,0.8453180857671997,1439.92,2.6182802044468105
FRB20220712B,0,,0,False,3897.0,0.3926225020445164,0.5735434125866152,0.7566871309658016,865.22,2.232855699159467
FRB20220714A,0,,0,False,3310.0,0.4095780139950657,0.7091887606915418,0.8775921542172916,1382.24,2.107615335072073
FRB20220714B,0,,0,False,3473.0,0.3988563692721666,0.6758702152228672,0.9941521675182797,1590.0,2.43420681897187
FRB20220714C,0,FRB20220529A,0,True,1692.0,0.4620624912487937,1.0122489828596644,1.325662248912185,2565.08,2.2320550507791364
FRB20220714C,1,FRB20220529A,0,True,152.0,0.5588689373588023,1.706740886350141,2.354062509535619,3882.16,3.6493419334112276
FRB20220714C,2,FRB20220529A,0,True,161.0,0.5224419611391938,1.772434586246245,2.704364741563257,3558.8,3.353317659371244
FRB20220714C,3,FRB20220529A,0,True,2374.0,0.45714743306282063,0.9460470993258191,1.2743250439089067,1516.9,2.50325256438878
FRB20220714D,0,,0,False,1311.0,0.4451552836452497,0.9522115140874272,1.5826278461912293,2779.98,2.645447695199284
FRB20220715B,0,,0,False,873.0,0.4292104134051388,1.1974656189068806,1.6316821954537424,3331.0,2.9730349877247577
FRB20220715C,0,,0,False,2003.0,0.46307509337873626,0.8522792153495169,1.2566992616992207,1227.18,1.729889213117388
FRB20220716A,0,FRB20190417A,0,True,847.0,0.4953023615577925,1.2934148437550843,1.9552730126901368,2544.62,2.619835836392182
FRB20220716B,0,,0,False,2810.0,0.41099163453744797,0.706989856140406,1.1329356887974416,713.42,2.3846415311512814
FRB20220716C,0,,0,False,2550.0,0.40436857503599827,0.747498547145162,0.9511513857282357,2167.86,2.155620242482597
FRB20220716D,0,,0,False,3778.0,0.39342799381510973,0.6820593699831664,0.687556672120937,1166.86,2.091800622571568
FRB20220716E,0,,0,False,3017.0,0.40082215086998624,0.7751870517045298,1.0793144075565153,1313.64,2.5627434761495356
FRB20220717B,0,,0,False,157.0,0.4667965297868121,1.593100681481303,2.2224284055038606,3663.86,3.7303695134800936
FRB20220717C,0,,0,False,1742.0,0.4451070526647391,0.8545814965743258,1.28329879409545,2211.16,2.7950845698557534
FRB20220717F,0,,0,False,2399.0,0.3804126088376301,0.9593433472074068,1.3825032143625302,2013.96,2.025926247438152
FRB20220717D,0,,0,False,1916.0,0.5244298456685942,1.4362864404490474,3.2416057933260447,1974.92,4.366421374325578
FRB20220717E,0,,0,False,2417.0,0.3768897969516506,0.968967107129477,1.5258267839833666,1397.48,2.1707944163911987
FRB20220718A,0,FRB20220529A,0,True,3141.0,0.4230650299718149,0.7604419266546418,1.071254826453097,1297.78,2.4620119362448256
FRB20220718B,0,,0,False,243.0,0.5317436060274238,1.9341538521251516,3.2485512788045527,3704.12,4.16713219469358
FRB20220719A,0,,0,False,479.0,0.46926718048873306,1.2989268129187432,2.1261451918629413,3286.04,2.5979808042272623
FRB20220719B,0,FRB20220101A,0,True,4071.0,0.39010207457335583,0.6335319571162646,0.7317337658131285,638.38,2.1469624095261826
FRB20220719C,0,,0,False,3972.0,0.39509591443805997,0.6758079424551542,1.0269502473466137,566.52,2.6502400456354995
FRB20220719D,0,,0,False,1770.0,0.4298502144871265,1.0724994217814197,1.0368683370053102,1861.14,2.496096270535111
FRB20220719E,0,,0,False,423.0,0.4928418834633456,1.4940728698999535,2.5596227559386,3130.04,3.6306972907618995
FRB20220719F,0,,0,False,2030.0,0.3971932136506484,0.7958488730051438,1.2834001204256422,2410.66,2.3410151198171794
FRB20220720B,0,,0,False,1127.0,0.43474423290929276,0.9077306314098719,1.4760183090954406,2137.12,3.1488541370538656
FRB20220722A,0,FRB20180916B,0,True,2079.0,0.4321030215323416,0.7395528924513505,1.3686727214569407,1793.46,2.2793824001495824
FRB20220722B,0,,0,False,2222.0,0.41490888588987,0.8930626418315543,1.4968694191215075,1642.72,2.133988574985048
FRB20220722C,0,,0,False,974.0,0.4155662454905081,1.1011815629453432,1.4004389173109184,3039.84,2.740698718396988
FRB20220723A,0,,0,False,710.0,0.5341664983978264,1.6502238023397733,3.355935927729651,2383.7,4.601144443466293
FRB20220723B,0,,0,False,2648.0,0.42901716905542475,0.7286909428263431,0.7928353177132359,857.5,2.5434394162659344
FRB20220724A,0,,0,False,645.0,0.5004032938095359,1.3245429219575517,2.2545995693080796,3183.8,1.8559369087676307
FRB20220724B,0,,0,False,3297.0,0.3934205498753897,0.7461030046482724,1.0457233364588492,715.98,2.0914267284071384
FRB20220724C,0,,0,False,1992.0,0.4824547319895773,0.9357283609863274,1.287975644757326,896.58,1.7354570134052603
FRB20220724D,0,,0,False,2513.0,0.4253481746484153,0.8212277696177075,1.2836894894070168,2641.28,2.303667196937642
FRB20220725B,0,FRB20220505A,0,True,1857.0,0.4506513550682647,1.2447909114393636,1.4404081896383851,2999.74,2.450366849859536
FRB20220725B,1,FRB20220505A,0,True,3203.0,0.41461050354376777,0.9277177202233465,1.2019695084634379,1997.94,2.606490479809444
FRB20220726B,0,,0,False,3003.0,0.42889948536705663,0.9798136106998999,1.3484306144444576,1791.0,2.1283373713493776
FRB20220726C,0,,0,False,1711.0,0.40944730699105947,1.0755433245180617,1.5251234514475256,2206.96,3.201296309423883
FRB20220803A,0,,0,False,188.0,0.49407235246159686,1.3011643812700586,2.784937594436881,2612.86,3.2500568329303956
FRB20220803B,0,,0,False,3878.0,0.3993442073662783,0.6041704586214244,0.8767434964928544,541.2,2.2464611952962295
FRB20220805A,0,,0,False,2473.0,0.43594341747288656,0.8444712898298732,1.0812796066235253,2305.28,1.9364211594600986
FRB20220806A,0,,0,False,1692.0,0.4411750199890095,1.1471753787029102,1.5939523785429506,2561.44,2.3147130073988
FRB20220806A,1,,0,False,2574.0,0.42993325921304076,0.969516595496302,1.330227448529185,1407.54,2.2015982464715855
FRB20220807A,0,,0,False,552.0,0.4907678144746171,1.2117658498644672,1.9730823061224163,3054.76,1.969835616715937
FRB20220807B,0,FRB20220618C,0,True,381.0,0.45232541794084535,1.4429865639235953,2.2510573805559835,3392.7,3.364616231702293
FRB20220807C,0,,0,False,694.0,0.4457736175705148,1.2145214027044038,1.8065610275255377,3170.92,3.096830421719623
FRB20220808A,0,FRB20180916B,0,True,3936.0,0.38496242444076845,0.5815106879247792,0.8348345547233168,563.2,2.1195136753959796
FRB20220809A,0,,0,False,3575.0,0.4009979179048579,0.6104727728195222,0.6811505046264444,656.54,2.4057191976470382
FRB20220809B,0,,0,False,317.0,0.5202768714587572,1.47304385311558,1.928550101505759,3115.86,2.6643684199899496
FRB20220809C,0,,0,False,3810.0,0.4054274697053149,0.6742922825243951,0.8432248122494498,770.68,2.334581639406185
FRB20220809D,0,FRB20180916B,0,True,2695.0,0.3863763335721366,0.7825741553036709,1.0902370208145131,1893.92,2.65208544985706
FRB20220811A,0,,0,False,2550.0,0.41125612132190725,0.9085063419368143,1.126536370749378,2267.44,2.12261720045781
FRB20220811A,1,,0,False,509.0,0.44388305829202573,1.0884992782180298,1.9219775103676804,2429.12,2.7447777482534184
FRB20220815A,0,,0,False,2720.0,0.4291526276301537,0.8505020212224487,0.9197271598971279,846.2,1.7358961973126548
FRB20220816A,0,,0,False,240.0,0.46953836973988444,1.4619754378279664,2.0523378856929195,3336.78,2.3850984149467664
FRB20220818A,0,FRB20220529A,0,True,2773.0,0.4162138465947891,0.7546627196393945,0.9567143687361199,1326.3,2.325840016975599
FRB20220819A,0,,0,False,1445.0,0.4584173336055568,1.0153265424206412,1.4436989729787724,2714.64,2.1326161080159522
FRB20220820A,0,,0,False,2886.0,0.4166103126678641,0.7439323148103674,0.9127469683574745,758.18,2.595647531651593
FRB20220831B,0,,0,False,3701.0,0.41143136989440054,0.7698434714568436,0.5610299757504943,938.48,2.2084524266508008
FRB20220901A,0,FRB20210409B,0,True,3437.0,0.4225534517867736,0.8588797886770203,1.0310803322220037,997.14,1.9876523276187137
FRB20220901B,0,,0,False,775.0,0.4838804419130329,1.2883803709418775,1.9033250207218009,2649.86,3.6544154185444944
FRB20220901C,0,,0,False,2512.0,0.4214737865948386,0.842972481728235,1.3249022311081553,2718.34,2.746629978678027
FRB20220902A,0,,0,False,1115.0,0.40708774557466487,0.9179865639700726,1.377196544239497,2672.74,2.802861693277104
FRB20220902B,0,,0,False,1752.0,0.447159601491295,0.9976436584625166,1.973505409356084,1941.42,2.6323889315535625
FRB20220902C,0,,0,False,3945.0,0.3783923112847994,0.6318075246787411,1.2309572083193208,688.0,1.8114036063655794
FRB20220903A,0,,0,False,3052.0,0.3878984961986295,0.8792126493524013,1.0501547996542295,1341.34,2.6270632835346426
FRB20220904A,0,FRB20190117A,0,True,3655.0,0.399365003181801,0.5956807473247971,0.6715050194086247,387.64,2.360728805054163
FRB20220904F,0,FRB20220618C,0,True,823.0,0.5123357150119706,1.526584010155069,3.546312719827967,2356.94,4.391383569205116
FRB20220904F,1,FRB20220618C,0,True,445.0,0.5343007204475085,1.714048494479513,3.658081177457333,2982.96,4.475797174315814
FRB20220904F,2,FRB20220618C,0,True,369.0,0.5246605819804327,1.8406483107507987,3.7825252842468338,3374.3,5.037681853641665
FRB20220904C,0,FRB20220618C,0,True,1620.0,0.485060681726828,1.6572187626129584,3.3527688864062593,2513.36,4.1425576937264745
FRB20220906A,0,,0,False,3246.0,0.40411462715750607,0.7879526112302375,1.151574683483727,1388.68,2.721174926103073
FRB20220906B,0,,0,False,3180.0,0.40350243990142826,0.778787043619594,1.1773950887286093,897.26,2.4553288308916486
FRB20220906E,0,,0,False,1246.0,0.42382027126269095,0.9501438956823609,2.0305752227210916,2291.44,2.995955832143616
FRB20220906C,0,,0,False,55.0,0.5777877745615465,2.2956802827595206,2.9808445499461915,3991.2,3.9225387618590952
FRB20220906D,0,,0,False,3824.0,0.41217718748224375,0.6865604831868533,1.2840511247951745,737.06,1.816751035644522
FRB20220907A,0,,0,False,910.0,0.4588219032542376,0.9602770900232522,1.2350500322371478,1492.1,3.1964061453476402
FRB20220907A,1,,0,False,970.0,0.4662981294657102,0.9276575643499683,1.1825092473596348,1125.0,2.9345772041378275
FRB20220907A,2,,0,False,971.0,0.46450482854003605,0.9425333702070733,1.059583349268221,1320.26,2.690075627182521
FRB20220907C,0,,0,False,3301.0,0.4280102727883902,0.8622892846718928,1.117425180049956,1270.12,2.282717444781552
FRB20220907B,0,,0,False,1368.0,0.4486330198215861,1.0433290328081233,1.8401973627171675,2533.98,2.8307903050615617
FRB20220907D,0,,0,False,2106.0,0.40966165061967397,0.8055105482862952,1.1390124330250098,1385.3,2.804038750948493
FRB20220908C,0,,0,False,1253.0,0.4218147953999799,0.9053579104633874,1.1530741056427196,2420.84,2.61592175492048
FRB20220908G,0,FRB20180916B,0,True,3447.0,0.38289440637669814,0.6781409811576465,0.9854422208221073,1020.34,2.181190963316678
FRB20220908D,0,,0,False,1264.0,0.4422719347284875,1.1121743775478439,1.8349766053174024,2989.34,2.1001840717319165
FRB20220910A,0,,0,False,2372.0,0.4083487388183177,1.0522481338857366,1.5418562539569522,2264.72,2.8844852608646265
FRB20220910A,1,,0,False,2800.0,0.4164477107100463,1.0112179576899494,1.137693966440567,1881.8,2.830397913663538
FRB20220910A,2,,0,False,2351.0,0.386749157894361,1.0310520939549115,1.3105011836827996,2202.76,2.377168042685153
FRB20220910B,0,,0,False,3411.0,0.42787696023566846,0.696287779594692,1.1133434064424952,444.12,2.14650664503747
FRB20220911A,0,,0,False,2784.0,0.39495671416969413,0.7482132966336977,1.421370701012158,2201.42,2.4892649860954923
FRB20220911B,0,FRB20220912A,0,True,3048.0,0.42547925108159934,0.5584838522630782,1.2496999684325205,892.46,1.6312982126952595
FRB20220912A,0,FRB20220912A,0,True,2915.0,0.4093610676405698,0.782005232921235,0.7285707401110387,1276.62,2.281404585696649
FRB20220912C,0,,0,False,1881.0,0.41507851078442765,0.9087018409164219,1.314936484158817,2840.08,2.6374605034987293
FRB20220913A,0,,0,False,2278.0,0.4536940450519058,0.996338791197692,1.1105902973697743,1325.76,2.518555810261361
FRB20220913B,0,,0,False,3705.0,0.3926671134782793,0.7491445833933648,0.9278228278553653,798.68,2.4853530165902744
FRB20220913C,0,,0,False,1002.0,0.5419709807618405,1.5108693789117955,2.778093626307531,2895.88,3.7831915071828606
FRB20220914B,0,,0,False,3977.0,0.39218508943556357,0.6579989230753558,0.7006489915624156,961.44,1.7423623585027253
FRB20220915A,0,FRB20220912A,0,True,1479.0,0.47505744879325357,1.0549899694642988,1.3815896161495895,2691.06,2.2095188245764117
FRB20220915B,0,FRB20220912A,0,True,2292.0,0.4748504579978871,0.9511994590702892,1.0738642902082238,2100.58,2.2875431583538073
FRB20220915C,0,,0,False,2930.0,0.39062965404753897,0.7805438075279035,1.445844532597229,1310.92,2.1471336719227208
FRB20220915D,0,,0,False,629.0,0.46255431899319166,1.53424517067103,2.186646393752736,3400.24,3.493832530965163
FRB20220916A,0,,0,False,2804.0,0.42445869499640876,0.8231917811181526,1.346973725980048,2422.38,2.5751470255491626
FRB20221012B,0,FRB20220912A,0,True,495.0,0.5007559614033056,1.165051402237097,1.69959494030246,2746.46,3.3597813741279343
FRB20221012C,0,FRB20220912A,0,True,511.0,0.4704430605682621,1.503562793576056,1.770700420813623,3604.82,2.642584210483561
FRB20221012C,1,FRB20220912A,0,True,1261.0,0.41532376418357303,0.9759498985998857,1.4365651098444265,2332.74,2.3642103198171527
FRB20221012C,2,FRB20220912A,0,True,1077.0,0.41471669990039833,0.9964649928444433,1.488804238041623,2813.56,2.6159441308278724
FRB20221012C,3,FRB20220912A,0,True,63.0,0.5126135070016169,2.2517278702372994,3.3456095202352287,3843.08,4.006208541925583
FRB20221012D,0,FRB20220912A,0,True,2912.0,0.41643156903090583,0.5464660359303248,1.2097095508324955,851.16,1.665455602227878
FRB20221012E,0,,0,False,3426.0,0.42614463535652897,0.7698593666613117,0.8423715981909613,882.26,1.7025110705566007
FRB20221013A,0,FRB20220912A,0,True,3547.0,0.3977941023166079,0.5834445673440978,0.8969984579560565,1579.62,1.4323282720505028
FRB20221013B,0,FRB20220912A,0,True,2253.0,0.4803340843448957,0.9264139248731811,0.9598112329767029,1840.66,1.8471569354899213
FRB20221013C,0,FRB20220912A,0,True,2936.0,0.42475247346330836,0.5344804399001968,0.8538388289536143,680.74,1.4620521703113452
FRB20221013D,0,,0,False,3154.0,0.40578847039305854,0.7925276885104435,1.0486338331520477,1570.74,2.9740597689183947
FRB20221013E,0,,0,False,1778.0,0.4143184668373556,1.0250212019403657,1.287219653498539,1854.64,3.3200687177204067
FRB20221013F,0,,0,False,3385.0,0.39197323688003366,0.7189235430978107,1.1687994919389297,1179.2,2.226931393787285
FRB20221013G,0,,0,False,3495.0,0.42156270541586316,0.745115356144127,0.9098590325859133,1440.56,1.9822247499060859
FRB20221013H,0,FRB20210822E,0,True,1433.0,0.4475532529609956,0.8959373204146077,1.4066628792294589,3174.94,3.533488975452877
FRB20221013I,0,,0,False,3260.0,0.4176559112014909,0.7495172220057486,1.1798261781725328,947.56,2.73824481871668
FRB20221014B,0,,0,False,1279.0,0.5375591160387698,1.393820983788421,3.9853333755486684,1582.48,5.9205204963241185
FRB20221014C,0,FRB20220912A,0,True,971.0,0.405889462925841,0.9291378085844479,1.4917379823034724,2718.4,2.1608029404286144
FRB20221014D,0,FRB20220912A,0,True,2272.0,0.40134763488704467,0.7766362785514711,1.2443491677532335,1942.88,1.8925631419368627
FRB20221014D,1,FRB20220912A,0,True,2001.0,0.40316398098176204,0.7733413057348535,1.3102007206254591,2035.12,1.9223218234932176
FRB20221014E,0,,0,False,2692.0,0.4113412670646575,0.7857099067764204,1.1847046022411847,1060.84,2.30776591661824
FRB20221014F,0,,0,False,3585.0,0.40664885301894077,0.7874842701634701,0.6705852712213426,868.76,2.6389180349963084
FRB20221015A,0,,0,False,2712.0,0.3867512902157132,0.7680648422805895,1.4085479706635147,1893.04,2.3007451678931177
FRB20221015B,0,FRB20220912A,0,True,1429.0,0.41017575898676933,0.861794121236463,1.591039902100425,2467.86,2.134374061043658
FRB20221015C,0,,0,False,2940.0,0.4073925521447605,0.8463169212544889,1.0626709473941574,1783.66,1.8639449768298388
FRB20221015D,0,,0,False,1763.0,0.4479638696915641,1.1512060845150842,1.5897040894479526,2029.3,3.7475160775521976
FRB20221017A,0,,0,False,2873.0,0.4190004605946635,0.9833280089650959,1.3681775127779163,1419.4,1.882891528726241
FRB20221018B,0,FRB20190208A,0,True,2622.0,0.4832255373990512,1.1185893457985598,1.5481828612135993,3007.08,2.7177478245215116
FRB20221018C,0,FRB20220912A,0,True,3497.0,0.39790940087202714,0.6312324284082345,0.7400409223439344,1702.36,1.4726054013073293
FRB20221018D,0,,0,False,2408.0,0.4056453971344427,0.9719025266524254,0.7935516157698069,1823.16,2.4001221805874553
FRB20221019A,0,,0,False,1322.0,0.44486118366910055,1.0582946116785514,1.5746622465205933,2624.94,2.1165029222546106
FRB20221020A,0,FRB20220912A,0,True,1386.0,0.46509137164882547,0.8094303021585224,1.5555920719121363,3433.08,2.182572597748135
FRB20221020B,0,,0,False,4014.0,0.3945917697460246,0.6180687675963682,0.7852865850605998,904.38,2.0901726906928833
FRB20221020C,0,,0,False,3339.0,0.38114509681414743,0.7603195802432927,1.1684072940581425,2012.04,1.8532385865529812
FRB20221021A,0,FRB20220912A,0,True,2164.0,0.44673300335015914,0.6506204199782131,1.1312797342088456,2914.7,2.178246850284055
FRB20221021A,1,FRB20220912A,0,True,571.0,0.43022558406910616,0.9837286630122227,1.660351454396065,3278.1,2.315240728575679
FRB20221021B,0,FRB20220912A,0,True,1560.0,0.4026167677746869,0.8330110954566237,1.2870672579223381,2581.96,2.076481311209821
FRB20221021C,0,,0,False,2270.0,0.40940839960390946,0.7921367658864471,1.458369654062452,2150.72,2.4315761067480404
FRB20221021D,0,,0,False,1265.0,0.45484760114447653,0.9724345920676631,1.8342587854530936,2630.14,2.675281483239863
FRB20221021E,0,,0,False,1175.0,0.48918839841619427,1.0732961014060276,1.8724383830470475,2589.68,2.3720402636080653
FRB20221021F,0,,0,False,1953.0,0.4373490865770171,0.9697528627961709,1.613680062373593,2824.28,2.244654650609044
FRB20221022B,0,,0,False,3008.0,0.38579051460121283,0.9256101331212306,1.1694829085358922,1750.94,2.6941793898553708
FRB20221022C,0,FRB20220912A,0,True,2169.0,0.43622203134852994,0.8329105090584926,1.0891103190287867,1608.68,2.3849020659971956
FRB20221022C,1,FRB20220912A,0,True,2200.0,0.4180828195282619,0.7140440713499713,1.438172800182215,1645.24,1.6939554948065694
FRB20221022D,0,FRB20220912A,0,True,2356.0,0.42468528699650626,0.5926920372791895,1.2714179660249854,1011.02,1.8134067608802165
FRB20221022E,0,,0,False,1852.0,0.43940773214876877,0.8457276825269459,1.3263737088877974,2633.86,2.8298816922291685
FRB20221022F,0,,0,False,380.0,0.5000586923614369,1.6431924250700483,2.265216978838723,3599.7,3.5966115421997102
FRB20221022A,0,,0,False,945.0,0.5422503339406254,1.806567810278755,3.912261546247429,2843.66,4.401359626312609
FRB20221022G,0,,0,False,1181.0,0.4292358609183435,0.9628565208392587,1.6307060418652382,3110.8,2.6939430600953402
FRB20221022H,0,,0,False,1962.0,0.4082557077163006,0.8625243207483789,1.3601321614334465,2882.12,2.53637275953925
FRB20221022I,0,,0,False,228.0,0.4380958767525744,1.4361476577267365,1.7110072715593196,3003.46,3.372315059891495
FRB20221023A,0,,0,False,1775.0,0.3862271518382259,1.0273480303072071,1.2956150818105754,2722.54,2.1610971470535385
FRB20221023G,0,FRB20220912A,0,True,1173.0,0.4127011213514595,0.817523316988933,1.0716663042690284,2879.64,1.8575316789617022
FRB20221023B,0,FRB20220912A,0,True,3215.0,0.4050766722091238,0.8174364643012362,0.8357343618031423,2065.24,2.15330935992782
FRB20221023C,0,FRB20220912A,0,True,3816.0,0.41254151031760994,0.5008051195425404,0.8685974643451407,897.34,1.8085246296398723
FRB20221023D,0,FRB20220912A,0,True,3111.0,0.4188063354042232,0.6120779615154243,1.034213504263485,1648.0,1.589314212760484
FRB20221024C,0,,0,False,1136.0,0.45229462735564496,1.1038102832948609,1.8578791880596848,2401.84,2.4819542602267357
FRB20221024A,0,,0,False,3466.0,0.41808894847143463,0.6814977668856401,1.0781836022011628,1150.08,1.849046472422845
FRB20221025B,0,FRB20220912A,0,True,2251.0,0.4016984897120956,0.7502881639720675,1.3706608184249816,1321.6,1.8267301058627863
FRB20221025C,0,FRB20220912A,0,True,3999.0,0.40913979668093003,0.4561746687170792,0.616100653840867,203.5,1.2920450623577246
FRB20221025K,0,FRB20220912A,0,True,3030.0,0.41035985106946604,0.6742791675313599,0.8715146287919747,1146.08,1.8666413027282238
FRB20221025D,0,FRB20220912A,0,True,2693.0,0.42165699600042034,0.6890016987090891,0.8780158308729058,1714.52,2.368196381574717
FRB20221025E,0,FRB20220912A,0,True,3799.0,0.4213121910582482,0.4435557868976253,0.7518186775237405,445.98,1.451208304848138
FRB20221025F,0,FRB20220912A,0,True,1004.0,0.42785151714418007,0.9819335432441066,1.413819382401465,3026.58,2.623134854230326
FRB20221025G,0,,0,False,1313.0,0.4372298781646462,0.9949654314296497,1.46452603071262,2322.34,2.8160624138795805
FRB20221025I,0,,0,False,1981.0,0.43571678431585303,1.1713172543115404,1.524354597304742,1892.92,3.6833831111526383
FRB20221027B,0,,0,False,2885.0,0.40151095392156394,0.7359947714520813,1.1504506254896958,1584.4,2.0129907605967343
FRB20221027C,0,,0,False,406.0,0.4823240007844951,1.4631988139891674,1.6384466904437565,3483.62,3.0909895816785706
FRB20221029B,0,,0,False,1432.0,0.4313507386462661,1.0113720707789773,1.4560361493902059,2076.46,2.151524183023935
FRB20221029C,0,,0,False,2987.0,0.408232329398641,0.8068785602598583,1.1630004979127484,1910.04,2.0015907070858416
FRB20221030A,0,FRB20220912A,0,True,1731.0,0.43361857643094676,0.7290032569465191,1.06319435713011,3059.84,1.8966308391155655
FRB20221030B,0,FRB20220912A,0,True,3959.0,0.4029215363936349,0.41914529466210054,0.5715590648578187,394.72,1.9753178669933136
FRB20221030C,0,FRB20220912A,0,True,35.0,0.5202506273476781,1.6236290211762394,2.131689551248401,4075.06,2.8109574321508175
FRB20221030C,1,FRB20220912A,0,True,1554.0,0.4212129827171343,0.9605962012549065,1.4771882042703561,2890.36,2.0237636099590346
FRB20221030C,2,FRB20220912A,0,True,1140.0,0.43152679905791047,0.885768624107306,1.0867437078708193,3101.56,2.029444827883099
FRB20221031B,0,FRB20220912A,0,True,2299.0,0.3995819321269208,0.742258417796051,0.9056835961624247,2655.58,1.702954272016521
FRB20221031A,0,,0,False,1005.0,0.43540741484186773,1.1242765165353812,1.452436564746799,2520.16,2.6545901287671128
FRB20221101C,0,FRB20220912A,0,True,3612.0,0.3987940599422326,0.5738151578890347,1.1105358637890514,793.28,1.549860317109388
FRB20221101D,0,FRB20220912A,0,True,236.0,0.4800285004252357,1.5687646703896934,1.9643423382176972,3612.26,3.1192056436730313
FRB20221101E,0,FRB20181128A,0,True,2403.0,0.4092349010802211,0.8159363342311021,1.3547650148459873,1815.54,3.1555693213072913
FRB20221101F,0,,0,False,2981.0,0.40317894770420887,0.7474988597416781,0.9945118107761245,1839.88,2.3878572094985624
FRB20221102A,0,FRB20220912A,0,True,3944.0,0.40934904437568354,0.4891512659890472,0.8103865160437321,495.46,1.4568014858419602
FRB20221102B,0,FRB20220912A,0,True,962.0,0.4536016797718771,0.9100525826464783,1.41033448374779,2876.12,2.3626278372522744
FRB20221102B,1,FRB20220912A,0,True,1795.0,0.4361573387764402,0.6925073083485986,1.0576840914154364,2111.46,1.9033842232766613
FRB20221102B,2,FRB20220912A,0,True,3231.0,0.4269514114912252,0.559288997397052,0.816743667552788,756.66,2.254010394833564
FRB20221102B,3,FRB20220912A,0,True,238.0,0.4320270286402254,1.325492596708275,1.985127003006433,3687.66,2.983593511643215
FRB20221102B,4,FRB20220912A,0,True,2093.0,0.4168612210577146,0.8684468463415949,1.0146802819941154,2316.44,1.5733300384821838
FRB20221102C,0,FRB20220912A,0,True,1909.0,0.4259494521494126,0.8769778711307596,1.5079964693495271,2995.36,2.273252004763662
FRB20221102C,1,FRB20220912A,0,True,4089.0,0.3988099008302451,0.4741471849268647,0.654396881744118,399.2,1.3019968087661757
FRB20221102D,0,FRB20220912A,0,True,3330.0,0.41472609110083264,0.5762850570366175,1.1775382192150674,1227.72,1.8569988905021686
FRB20221102E,0,,0,False,2217.0,0.40464380501914526,0.7595202419663981,1.0898449475570267,2170.74,2.343352387391003
FRB20221103A,0,,0,False,1779.0,0.46544012688376635,1.0020457170324752,1.4987318797895965,1793.98,2.4352684837384904
FRB20221103B,0,FRB20220912A,0,True,3687.0,0.410468836583807,0.5388878485488713,0.9143176021228829,680.76,1.5247628777374604
FRB20221103C,0,FRB20220912A,0,True,815.0,0.4526979708196093,0.8600910685854274,1.5783924898554589,3515.26,1.8094917225759537
FRB20221103C,1,FRB20220912A,0,True,4052.0,0.4184720005597094,0.5435474481573945,0.7958609308296359,1169.16,1.3314065549882164
FRB20221103D,0,FRB20220912A,0,True,3425.0,0.4137284265753739,0.49244124105548376,0.8738106099494247,789.36,1.4794582374489658
FRB20221103E,0,,0,False,3933.0,0.3895969573527356,0.5859198126344143,0.4014207982164093,572.04,2.2596772018376736
FRB20221104A,0,FRB20220912A,0,True,2606.0,0.4048302917881435,0.6700867182682384,1.3411123029335044,1457.92,1.8208273838646571
FRB20221104B,0,FRB20220912A,0,True,137.0,0.4973071547478148,1.675695288580971,2.0943273834859153,3450.26,3.4025397946694658
FRB20221104C,0,FRB20220912A,0,True,2809.0,0.41062748293202506,0.6603612206941178,1.224822357665222,2034.56,1.563930001125552
FRB20221104D,0,FRB20220912A,0,True,3483.0,0.4060073830595411,0.5316546439924588,0.8651623531063115,853.28,1.546352799732648
FRB20221104E,0,,0,False,661.0,0.5081538471801716,1.33538789576466,2.102190791867841,2875.62,2.342495050265978
FRB20221104F,0,,0,False,347.0,0.479585782407925,1.4244154077744782,2.326746324959,3236.0,2.811487459130668
FRB20221105A,0,,0,False,1774.0,0.42737681322394455,1.241097391660119,2.2077395073769237,2146.2,2.803936566978958
FRB20221106B,0,FRB20220912A,0,True,3701.0,0.41126184116539466,0.5886785684961493,0.9730805138619119,1655.5,1.2977676193103918
FRB20221106C,0,FRB20220912A,0,True,1881.0,0.399041947149859,0.7858476211728547,1.3187324981512225,2160.22,1.978633508816257
FRB20221106D,0,FRB20220912A,0,True,2016.0,0.4624785138447811,0.9822753176077977,1.6370443459531094,1777.8,1.9504200487176926
FRB20221106E,0,FRB20220912A,0,True,3802.0,0.4213001678855979,0.46470269308036133,0.8317873035953722,699.2,1.7515844504274576
FRB20221106F,0,FRB20220912A,0,True,1702.0,0.4433613799860806,1.0067633544635053,1.3135050043725747,2070.64,2.317857520511287
FRB20221106G,0,FRB20220912A,0,True,1145.0,0.45742391381037373,0.8626315888315725,1.25713816386796,3003.24,2.5458331419536524
FRB20221106H,0,FRB20220912A,0,True,2795.0,0.42379101712663597,0.6636388067978238,1.0946138327783719,2307.16,1.6542242467724169
FRB20221106I,0,,0,False,3839.0,0.3991763707418564,0.7563274445663091,1.3679197215158019,1236.3,2.0209604103756673
FRB20221106J,0,,0,False,1416.0,0.48012893654904215,1.4822673106666837,2.5706135873822666,2554.52,3.19355612058063
FRB20221107A,0,,0,False,1019.0,0.46439031430214317,1.0491256597871736,1.513090071397033,2547.0,1.8238700743505478
FRB20221107B,0,,0,False,3625.0,0.4191348258126612,0.7280500465503226,1.414357379406406,462.1,2.266856495167351
FRB20221107C,0,,0,False,2553.0,0.40247294158506164,0.8038013860783144,0.8692617843747731,1422.22,2.0183749972451643
FRB20221107D,0,,0,False,2142.0,0.41318489200070085,1.037461510163768,1.3037926183791522,1849.54,2.076538163356854
FRB20221107F,0,FRB20220912A,0,True,399.0,0.45353275187180403,0.9871668366218396,1.3649208484758422,3092.56,2.5051774760934795
FRB20221107G,0,FRB20220912A,0,True,4097.0,0.4026642460006552,0.44451964217461615,0.47136224935885335,339.5,1.301754457735431
FRB20221107H,0,FRB20220912A,0,True,1540.0,0.4128871214839415,0.7327402246453348,1.475412112009918,2093.28,1.8988028832909436
FRB20221107J,0,,0,False,630.0,0.4370170678349816,1.1199379834991705,1.6738608795517202,2731.48,3.0261305473510216
FRB20221107K,0,,0,False,3098.0,0.4209496134907448,0.8287497873845442,1.4452598910650976,1854.72,2.4699167973800193
FRB20221114A,0,FRB20220912A,0,True,4092.0,0.4057159634324547,0.40229898306978545,0.6519539758069762,150.54,1.386920150053198
FRB20221114B,0,FRB20220912A,0,True,1945.0,0.4247492746171197,0.8680539251740538,1.086567597897039,2504.18,2.0800441058270467
FRB20221114B,1,FRB20220912A,0,True,1536.0,0.4272359995577989,0.7146771997727055,0.8217706767475301,2673.02,1.9468293862598969
FRB20221114B,2,FRB20220912A,0,True,1995.0,0.4231827526133327,0.7707555610193736,0.7439287824017127,2008.92,1.926596952825658
FRB20221114C,0,FRB20220912A,0,True,2891.0,0.46288473799889324,0.8547627881605415,0.8220270733086076,1261.74,1.7426382367464177
FRB20221114D,0,,0,False,269.0,0.440343531468736,1.2474788120680322,1.6644872613907935,3550.6,3.5664239064553147
FRB20221114E,0,,0,False,4084.0,0.3892580779819236,0.5815343374551076,1.0626152854215167,342.9,2.153614437060932
FRB20221115F,0,FRB20220912A,0,True,2418.0,0.4228155880000677,0.7945725942941021,0.790461993461095,1607.98,2.300911986297636
FRB20221115B,0,FRB20220912A,0,True,3684.0,0.38847747883080125,0.6771547216520015,0.9937327108433928,1614.68,1.685579694579363
FRB20221115B,1,FRB20220912A,0,True,3219.0,0.41043955438730667,0.6754119376567027,1.0591831322994123,1614.72,1.4564239804665968
FRB20221115C,0,FRB20180916B,0,True,3719.0,0.3865514118490611,0.5755994568184376,1.0045583907023572,555.22,2.157664267512981
FRB20221115D,0,FRB20180916B,0,True,3253.0,0.4023401782283001,0.7346733399247335,1.3730372316604784,1505.98,2.151296890916675
FRB20221116B,0,,0,False,3508.0,0.4211058956015191,0.8600482330396565,0.662462475923438,1511.44,2.8855410200095877
FRB20221116J,0,FRB20220912A,0,True,1325.0,0.4535819924038807,0.8568548508944017,1.2971715177571446,2566.34,2.2039907572461903
FRB20221116J,1,FRB20220912A,0,True,2311.0,0.4367531321357156,0.6402618763837231,1.1672735870250899,1552.98,2.0606215069962808
FRB20221116J,2,FRB20220912A,0,True,1251.0,0.4774591811438536,0.822873002840379,1.0088682759140535,3087.18,1.8191280206742213
FRB20221116C,0,FRB20220912A,0,True,1304.0,0.4619082538662457,1.182623558530032,1.5314857380713693,2478.32,2.330849424946423
FRB20221116D,0,FRB20220912A,0,True,1433.0,0.4425195410365904,1.058135336281685,1.3815601568458529,1977.46,2.5174304576540005
FRB20221116F,0,FRB20220912A,0,True,294.0,0.5540518759397856,1.7006150477493613,4.604817999617134,2890.1,5.054589173824461
FRB20221116F,1,FRB20220912A,0,True,455.0,0.5461374459025834,1.6035587425739943,4.482915278087933,2764.52,4.828326759898749
FRB20221116F,2,FRB20220912A,0,True,309.0,0.5463820209585023,1.6507006381842249,4.367474021768364,2711.92,4.487289235228591
FRB20221116F,3,FRB20220912A,0,True,663.0,0.5481837864679405,1.428888587610024,4.169002740012821,2088.14,4.353709323316686
FRB20221116F,4,FRB20220912A,0,True,559.0,0.5458191002137844,1.386447739046439,4.336672157059906,2091.8,4.3450768409108855
FRB20221116F,5,FRB20220912A,0,True,506.0,0.5386422074112364,1.4005565907756998,4.23151255272077,2296.36,4.434687406968678
FRB20221116F,6,FRB20220912A,0,True,598.0,0.5423296659605649,1.4766035376882845,4.127862542805019,2551.72,5.008769998252179
FRB20221116G,0,,0,False,3828.0,0.3970557273327652,0.6423930912299942,1.037941440710413,624.06,2.282029929154019
FRB20221116H,0,,0,False,3101.0,0.39134931859987987,0.9263157066539147,1.2956823397326218,1747.24,2.493270653734246
FRB20221117A,0,,0,False,1266.0,0.4446642184003024,1.137089968651098,1.3527916801571551,2400.56,2.4761868264594695
FRB20221117C,0,,0,False,1305.0,0.4478556380621422,1.1934771494791505,1.5662617662876053,2459.26,2.8386596063301006
FRB20221117J,0,FRB20220912A,0,True,2210.0,0.4158380835344964,0.9068612041126223,1.2225818748257762,2322.96,2.1143056973102223
FRB20221117E,0,FRB20220912A,0,True,2091.0,0.463268486319348,0.9550084838463426,1.3827859243529883,1538.52,2.3806635887218066
FRB20221117F,0,FRB20220912A,0,True,4057.0,0.4031296320987376,0.44880519374215433,0.7427930232082054,438.26,1.3933486251601033
FRB20221117G,0,FRB20220912A,0,True,1142.0,0.5027994506517728,1.084529962485108,1.394577040780811,3148.3,2.2253201434793777
FRB20221117H,0,FRB20220912A,0,True,1358.0,0.41217081490528884,0.8978442670116553,1.654778315238418,2794.52,2.102503552209232
FRB20221117I,0,FRB20220912A,0,True,2546.0,0.3973546678725255,0.7523616866150797,1.2939253132717596,1694.08,1.9092251224766528
FRB20221117I,1,FRB20220912A,0,True,1959.0,0.41008264602384237,0.8089475960448744,1.1582726872403644,2380.38,1.7681497498698897
FRB20221118A,0,FRB20220912A,0,True,1242.0,0.4751688230207235,1.1712294231096894,1.9272489123679648,2626.08,2.5136055362263776
FRB20221118B,0,FRB20220912A,0,True,3505.0,0.3982043550217912,0.6021377694841152,1.1253159807165942,1397.04,1.6625897945534598
FRB20221129A,0,FRB20220912A,0,True,3059.0,0.41346080123592654,0.6268867267483457,0.6040097136805016,1249.68,1.9710549596842082
FRB20221129A,1,FRB20220912A,0,True,359.0,0.5007901868156976,1.2136051329565438,1.6977365857638207,3794.3,2.5823300418233823
FRB20221129A,2,FRB20220912A,0,True,2177.0,0.41721604468236156,0.7123193436884377,1.4187666723561965,1807.26,1.8830084282346053
FRB20221129B,0,FRB20220912A,0,True,1099.0,0.43324737100479854,0.9049586630457112,1.3490847524405003,2617.78,2.264630107784695
FRB20221129B,1,FRB20220912A,0,True,2649.0,0.46955456686653385,0.8890951154550601,1.1241674001373194,1377.58,1.7462576242564558
FRB20221129B,2,FRB20220912A,0,True,552.0,0.45466734071786574,1.2914327682642779,2.3231828615519756,3167.78,3.1049314340396177
FRB20221129C,0,FRB20220912A,0,True,3641.0,0.4206282004155565,0.5463874102442521,1.0636039969582127,1792.48,1.5182992496210637
FRB20221129E,0,,0,False,711.0,0.47859614131936323,1.2327658579107805,1.9006346541892096,3331.52,2.090916132652516
FRB20221130A,0,FRB20220912A,0,True,1640.0,0.4226761593384906,0.7160788804238979,1.421704320859194,1865.36,1.9874814516599477
FRB20221130B,0,FRB20220912A,0,True,2112.0,0.43951126267579155,0.7226892038638043,1.194102147725811,2807.98,2.407819899619648
FRB20221130C,0,,0,False,2598.0,0.4031883246709277,0.7231781126509914,1.2198655275470967,1557.26,2.491791731484441
FRB20221130D,0,FRB20190208A,0,True,2189.0,0.41322792945611003,0.8007743217146819,1.5307717661649363,1439.66,2.8530379353980937
FRB20221130D,1,FRB20190208A,0,True,808.0,0.434185675277691,0.9706539221804495,1.9223868546172136,3239.26,3.6553550300124744
FRB20221130D,2,FRB20190208A,0,True,4029.0,0.3812528360991743,0.5969088191069358,0.9641937865528499,398.2,1.8665957025315418
FRB20221201B,0,FRB20220912A,0,True,2770.0,0.4240650745668454,0.5715171174771323,1.3025969070521515,1567.68,1.9666438683817271
FRB20221201C,0,FRB20220912A,0,True,2355.0,0.4002777025619609,0.7004784062052289,0.9721854419227174,2092.82,1.853020515761431
FRB20221201D,0,FRB20220912A,0,True,4018.0,0.40034143228925967,0.5125412808290702,0.6522305277256666,779.6,1.438193275070555
FRB20221201E,0,,0,False,2734.0,0.4289301188267256,0.878385557064598,1.096314096544099,1137.38,2.2994611707701553
FRB20221201A,0,,0,False,1090.0,0.5131660649255384,1.616133652807815,3.0622298123240332,2518.72,4.497443940650737
FRB20221202A,0,FRB20220912A,0,True,208.0,0.5428921188678814,1.604665985653618,2.0485914055623757,3801.42,3.302353668149459
FRB20221202A,1,FRB20220912A,0,True,242.0,0.5352356885034389,1.5226344375796859,1.8527188319299832,3884.58,3.268847982629101
FRB20221202B,0,FRB20220912A,0,True,2403.0,0.4018289501113192,0.7230872838895046,0.8912376744767775,2093.72,1.569490432431587
FRB20221202C,0,FRB20220912A,0,True,1769.0,0.4409353783530027,0.7279935474712597,1.0714104595106144,2459.46,1.9949309125477361
FRB20221202D,0,,0,False,71.0,0.5550179496394749,1.8699635781566388,3.96634012359667,2566.7,4.6545685248043736
FRB20221202E,0,,0,False,2310.0,0.4343089393696198,0.9604683155831799,1.3912524305759808,2289.02,2.383697242904469
FRB20221202F,0,,0,False,2673.0,0.38717809761697647,0.8778643142934441,1.4737522963390224,1131.9,2.349646531982619
FRB20221203C,0,FRB20220912A,0,True,2342.0,0.459452192422504,0.9456577603337062,1.2861453896520234,1639.18,2.505523008984454
FRB20221203D,0,FRB20220912A,0,True,3719.0,0.41168932823775467,0.4705676389139922,0.7315116030093906,950.02,1.8225406986774135
FRB20221203D,1,FRB20220912A,0,True,3585.0,0.40813792357916795,0.4773605103997542,0.7402250154598987,1263.96,1.774219170909921
FRB20221203E,0,FRB20220912A,0,True,4027.0,0.39893456975792707,0.5041300997033177,0.8158157090209298,855.38,1.7230556406101143
FRB20221203F,0,FRB20220912A,0,True,4034.0,0.4038610123698898,0.44827926209574676,0.5707351717588386,160.0,1.4685440540276213
FRB20221203G,0,FRB20220912A,0,True,3871.0,0.40023946206536015,0.5063068700984598,0.6260842201787846,859.58,1.6820097963930831
FRB20221203H,0,FRB20220912A,0,True,4090.0,0.40985750441939084,0.42276220199389697,0.624839502728941,298.92,1.343804798245658
FRB20221203I,0,FRB20220912A,0,True,3965.0,0.4002561913209202,0.4413844629286722,0.6119324005751332,339.46,1.8157429726319338
FRB20221203J,0,FRB20220912A,0,True,3894.0,0.3996021614378254,0.4692491934650178,0.6321693035925657,680.68,1.73723017943463
FRB20221203J,1,FRB20220912A,0,True,4014.0,0.41439068645949556,0.5172218137484161,0.642108255304612,1433.98,1.4665231329511508
FRB20221203J,2,FRB20220912A,0,True,3931.0,0.40981120814357974,0.5074308534960364,0.7603948457966729,643.84,1.3175971306639682
FRB20221203K,0,FRB20220912A,0,True,3007.0,0.42727731847470585,0.569307677515803,0.976160182785091,643.78,1.6725170366613897
FRB20221203K,1,FRB20220912A,0,True,2911.0,0.43391108143406565,0.5529110876792807,0.7793673339755531,630.9,1.7863493117251052
FRB20221203K,2,FRB20220912A,0,True,1875.0,0.4221074116508634,0.8007246091272575,1.3858594638029784,2002.16,1.8700558712392847
FRB20221203L,0,FRB20220912A,0,True,1923.0,0.41694385862533295,0.6987821814033774,1.4576866065069518,1799.48,2.248216550258596
FRB20221203M,0,FRB20220912A,0,True,1026.0,0.4682297231526082,0.6942968399978765,1.233458991671239,2249.0,1.784735583587456
FRB20221203N,0,,0,False,2094.0,0.41116336273815657,1.0067096650696068,1.0078928651794186,2045.56,2.1905311374249727
FRB20221203O,0,,0,False,3458.0,0.4019910891614875,0.6375016415239918,0.7925711205446825,972.72,2.4310160276907773
FRB20221204A,0,FRB20220912A,0,True,1699.0,0.4159026175637923,0.7295468328668291,1.376806405516774,1882.96,2.058101815883915
FRB20221204B,0,FRB20220912A,0,True,4070.0,0.3967757526873069,0.5189097488931561,0.6793321076515174,452.66,1.2496719760678976
FRB20221204D,0,FRB20220912A,0,True,246.0,0.4959446244088701,1.6042193655402315,2.4706847099198432,3608.36,3.5521644654139934
FRB20221204F,0,FRB20190303A,0,True,2317.0,0.4219483702212885,0.856820570820339,1.3255540574357347,1988.08,2.008695734707645
FRB20221204G,0,,0,False,2474.0,0.39613042301944273,0.8052078859060252,1.7387562016035507,1245.76,2.0921634456492053
FRB20221205K,0,FRB20220912A,0,True,2828.0,0.4250963824639874,0.5323726623815607,0.9650093599715862,911.94,1.7504582784315463
FRB20221205B,0,FRB20220912A,0,True,1699.0,0.4530020427759015,1.0361720153583112,1.6223273877720399,2604.92,2.5255583491521456
FRB20221205B,1,FRB20220912A,0,True,530.0,0.4378577484926261,1.268554168854302,1.4512911809821385,3296.44,2.6214080888110316
FRB20221205C,0,FRB20220912A,0,True,1289.0,0.49134200368221276,1.0669817189470405,1.4389363823576198,2597.28,2.081383535646032
FRB20221205D,0,FRB20220912A,0,True,3585.0,0.42133127232191664,0.5054212453098732,0.9836486477004646,1068.3,1.487212715711566
FRB20221205E,0,FRB20220912A,0,True,527.0,0.4536690941068981,0.9602635212155868,1.2423872989653362,3345.04,2.0325193661157765
FRB20221205F,0,FRB20220912A,0,True,429.0,0.48668152735739983,1.358359704885119,1.7142974884695668,3108.72,2.865884978802786
FRB20221205F,1,FRB20220912A,0,True,431.0,0.47078177371289764,1.4168818067317221,2.0865454037343265,2954.24,3.4712127721390313
FRB20221205G,0,FRB20220912A,0,True,1144.0,0.462884673581955,1.2734227120218,1.2281413405224901,2863.54,2.392233105604814
FRB20221205G,1,FRB20220912A,0,True,497.0,0.5116131321137783,1.3618146931694233,2.328348472572349,3229.94,2.763642273194677
FRB20221205H,0,FRB20220912A,0,True,3076.0,0.43085874107633226,0.5905473845491331,1.027515313477953,2422.32,1.6112736106075978
FRB20221205I,0,FRB20220912A,0,True,3201.0,0.4079606465593584,0.5410243695433841,0.9629810804791485,586.08,1.8416721098711424
FRB20221206A,0,FRB20220912A,0,True,2903.0,0.4138990593570462,0.6414743045312952,1.095612004066768,1558.48,1.7370775256156974
FRB20221206A,1,FRB20220912A,0,True,135.0,0.46474271810020257,1.357012411650207,1.9697775269019966,3740.68,3.47943073134739
FRB20221206B,0,FRB20220912A,0,True,3002.0,0.41503227106390156,0.5503692158933021,1.107781876745215,1296.96,1.720787872415959
FRB20221206C,0,FRB20220912A,0,True,3300.0,0.4412343976840632,0.8659784013575813,0.7813001679761784,817.64,1.8696961397568532
FRB20221206D,0,FRB20220912A,0,True,2458.0,0.424534047597492,0.6365127009547038,1.3232560651587981,1726.02,1.7922703098514996
FRB20221206E,0,FRB20220912A,0,True,1518.0,0.4812770146713741,0.9906810037605804,1.3932777541404557,2137.58,2.312852628665056
FRB20221206E,1,FRB20220912A,0,True,2581.0,0.4258368993835393,0.8137626647673439,1.1218499479082915,1717.92,2.2072916369215942
FRB20221206E,2,FRB20220912A,0,True,1364.0,0.4097834038601255,0.8339100646524612,1.4603195217804645,2772.38,1.891857269795081
FRB20221206F,0,FRB20220912A,0,True,3653.0,0.4085191249745343,0.5459814738081477,1.007066535606484,822.4,1.533856033732571
FRB20221206G,0,,0,False,1257.0,0.40399650989000296,0.9040974056267681,1.5002907822481635,2605.94,2.4152472329443473
FRB20221206H,0,,0,False,1414.0,0.42161708579337964,0.8349277702525247,0.8255189714346641,1849.58,2.4855657789720245
FRB20221206I,0,,0,False,1611.0,0.48195728232318247,1.2185357165812118,1.6216898910365314,2330.44,3.4671879838189295
FRB20221206I,1,,0,False,1530.0,0.457347060942582,1.2342012519072783,2.089370013591972,1757.12,4.191123283370923
FRB20221207A,0,,0,False,3024.0,0.4196817660119217,0.6683715644068731,1.5129814004529227,1621.78,2.3268709151784974
FRB20221207B,0,FRB20220912A,0,True,901.0,0.47001831381323705,1.2180865220380286,1.5055383887965879,2530.1,2.330835356084419
FRB20221207C,0,FRB20220912A,0,True,2366.0,0.4610423198921198,0.9127770020388664,1.3797433458203856,1376.54,1.836834797760843
FRB20221207D,0,FRB20220529A,0,True,2381.0,0.4129397300574849,0.771817271852418,1.3696980747029295,2862.54,2.2298711619291525
FRB20221207E,0,FRB20190907A,0,True,3661.0,0.38575371310622936,0.692183346668614,0.9923972616924972,1106.7,2.3189936387430343
FRB20221207E,1,FRB20190907A,0,True,3806.0,0.39767879147259116,0.6866194336480603,1.172026562000092,1140.96,2.2773522138502367
FRB20221207E,2,FRB20190907A,0,True,649.0,0.4556479297441283,1.1184622279278673,1.4673508017682473,2686.48,2.8660999370365072
FRB20221208D,0,,0,False,1216.0,0.4130340854121636,1.0178556681572357,1.858022989702515,2782.62,2.5848912953899297
FRB20221208E,0,,0,False,1754.0,0.4252411662870158,0.9104518836296247,1.1969299084673437,1306.18,2.2725560742722086
FRB20221209B,0,,0,False,3735.0,0.40002518242205326,0.7010501495150867,0.9319831326184707,1025.34,2.1064151810689444
FRB20221209C,0,,0,False,754.0,0.46377429651968144,1.2631852274802908,1.4019553555602569,2939.38,2.8989989017738655
FRB20221209D,0,,0,False,821.0,0.47556615433183064,1.4078942411202229,1.7425570481065975,2683.52,3.5002427137452377
FRB20221209A,0,,0,False,498.0,0.4768848651962952,1.435562285166572,2.258899106558206,2821.96,3.8540223191865772
FRB20221210A,0,,0,False,339.0,0.4702788451248251,1.3436233560726842,2.1644091229016884,3308.62,2.904826837196129
FRB20221210B,0,FRB20220912A,0,True,2555.0,0.4318929534302139,0.643324156643545,1.0447757183727546,2204.76,2.1455684826818366
FRB20221210D,0,,0,False,2323.0,0.41395543944658086,0.9826585509392206,1.3862127404093652,1774.12,3.089038946415469
FRB20221210E,0,FRB20220912A,0,True,735.0,0.4736224641498886,1.0265781096480964,1.4164347952877878,3171.42,2.4518077893065136
FRB20221210E,1,FRB20220912A,0,True,973.0,0.4603320233121346,0.9296125594264154,1.1675081136948329,3178.24,2.303907690145722
FRB20221210E,2,FRB20220912A,0,True,733.0,0.465617310558895,0.946316354837515,1.355407205825479,3028.3,2.3734915618961883
FRB20221210F,0,,0,False,348.0,0.5162146832465375,1.380532870124974,1.8264375149203114,3509.06,3.3161033269247104
FRB20221210G,0,FRB20220529A,0,True,3539.0,0.38817575112289565,0.6608223114597414,0.9285235173809016,1693.6,2.6593602583810223
FRB20221210H,0,,0,False,589.0,0.4993739591314684,1.2913598860597717,1.8169525284931538,2391.86,2.593435716298558
FRB20221210I,0,,0,False,1566.0,0.43088494773245706,0.9811618141557119,1.3039165444071714,2077.3,3.244806096108373
FRB20221210I,1,,0,False,1945.0,0.3949503295065693,1.0067911662539484,1.339304464173695,2255.14,2.3142620291944453
FRB20221210J,0,,0,False,3230.0,0.3885791510205316,0.65310044559343,0.7813894686222098,1436.94,2.0979930084089453
FRB20221211A,0,FRB20220912A,0,True,2849.0,0.41936483935991586,0.5768002562740874,1.004433605359181,1125.48,1.871700358010445
FRB20221211B,0,FRB20220912A,0,True,3660.0,0.42327332835953496,0.4725311561723817,0.7605664537629039,879.06,1.526404153452735
FRB20221211C,0,FRB20220912A,0,True,3016.0,0.42685559358014147,0.6167881309351712,1.2059508750708872,1784.54,1.724253613291567
FRB20221211D,0,,0,False,2892.0,0.39106869876930067,0.75297367571328,1.332594207649007,1534.58,2.407585284589301
FRB20221211E,0,,0,False,910.0,0.48438544621143154,1.2554906983671574,1.8485717605291674,2563.14,4.174852532417209
FRB20221213A,0,,0,False,2209.0,0.4100846226878067,0.8226645786907225,0.5758513370438579,1613.24,2.203071503612564
FRB20221213B,0,FRB20220912A,0,True,1627.0,0.4500441550647757,0.7345569396877257,1.4748750426628425,3133.3,2.0743173043703154
FRB20221213C,0,FRB20220912A,0,True,3904.0,0.40371891762101414,0.47633749446367607,0.7082148485505744,373.24,1.4453718734667536
FRB20221213D,0,FRB20220912A,0,True,2501.0,0.4076511366183027,0.7037353292216604,1.0821014934238273,1800.74,1.6544812316619857
FRB20221213E,0,FRB20220912A,0,True,2751.0,0.42346723921073687,0.5222138923283087,0.7488375585600591,621.4,1.8192545535053757
FRB20221213G,0,,0,False,3451.0,0.3969151286208228,0.5981093610237372,1.0242730342907362,402.92,1.8642012261979153
FRB20221213H,0,FRB20190224D,0,True,2727.0,0.39120875091725577,0.998102527021213,1.5558537050199854,1903.66,2.541348197607169
FRB20221213I,0,,0,False,3771.0,0.3973484177244789,0.771037926600082,1.078297278264757,895.0,2.6510951936206255
FRB20221214A,0,FRB20220912A,0,True,3714.0,0.42496825329981175,0.4500452183437691,0.8414985890273791,485.52,1.3726650961503535
FRB20221215A,0,FRB20220912A,0,True,1602.0,0.45209887582200653,0.7965270689510655,1.4317851880287389,3163.66,1.5904954891852074
FRB20221215A,1,FRB20220912A,0,True,2269.0,0.43075314414616606,0.7111651267593809,1.3153258189206192,2451.28,1.6125450075599002
FRB20221215B,0,FRB20220912A,0,True,389.0,0.47727988274541683,0.9980148233021989,1.5235407565841985,3872.92,3.7605139865988293
FRB20221215C,0,FRB20220912A,0,True,3277.0,0.42514813386236017,0.5843682014932077,0.7738738370690446,1324.92,1.5864903762896205
FRB20221215D,0,FRB20220912A,0,True,3821.0,0.41012355803290135,0.44764091817596574,0.6677593641660857,579.9,1.7538115358635866
FRB20221215E,0,FRB20220912A,0,True,3398.0,0.4157086708780224,0.5198668445717538,1.1280081242825497,981.7,2.0419102143328183
FRB20221215F,0,,0,False,1858.0,0.4127580698820329,0.9406580271906133,1.148498174091764,1697.28,2.9912383763549992
FRB20221215G,0,FRB20180916B,0,True,2428.0,0.41158954194323805,0.8647565953712177,1.1877572104336727,1967.2,1.9231969199064813
FRB20221215H,0,,0,False,432.0,0.5701068462600571,2.116047039507641,4.642109182581384,3464.5,5.0094911615583575
FRB20221215H,1,,0,False,1416.0,0.5429522473665709,1.5595903536758968,4.0695085102093635,1999.28,5.085689828005573
FRB20221215J,0,,0,False,1272.0,0.42572520201462505,1.1465614395887733,1.73447331897784,2249.72,2.8981115422326305
FRB20221216A,0,FRB20220912A,0,True,2861.0,0.42123511488766746,0.6652741520573524,0.8791399589649808,1228.08,1.7147177295229028
FRB20221216A,1,FRB20220912A,0,True,2848.0,0.41697182397003646,0.5929914827147372,1.1265352153810624,1621.64,1.9503888161225411
FRB20221216B,0,FRB20220912A,0,True,338.0,0.4733687020381714,1.045885245543932,1.5956147935873584,3327.98,2.899196965188957
FRB20221216B,1,FRB20220912A,0,True,330.0,0.48665555615195066,1.0430417699896974,1.6338766535258327,3206.26,2.9855935937937357
FRB20221216C,0,,0,False,3617.0,0.4101757919404038,0.6837062319845415,1.1963168395235007,1105.12,2.569202449848115
FRB20221216D,0,FRB20220529A,0,True,1082.0,0.4340529517864877,1.1783421607416023,1.727775347343955,2573.38,2.5772815142338805
FRB20221216E,0,,0,False,3872.0,0.39116142974834933,0.6513160873299737,0.831243903917565,922.26,2.288563585557522
FRB20221216F,0,,0,False,1312.0,0.4594011894875517,1.138631227330047,1.385382878478959,2218.9,2.2944726288572004
FRB20221217B,0,FRB20220912A,0,True,941.0,0.44155691453619306,1.09091043459664,1.470796148480403,3329.18,2.228220390978143
FRB20221217C,0,FRB20220912A,0,True,2955.0,0.42081342462633514,0.5218953283967498,0.8124850981159903,508.58,1.4657224446886514
FRB20221217C,1,FRB20220912A,0,True,2455.0,0.4394470232152275,0.6468307979819655,0.9464375683085947,2002.08,1.7710901601706848
FRB20221217D,0,,0,False,2234.0,0.44110454997837045,0.8564277208816037,1.3449393506824325,1032.86,2.3358181920682246
FRB20221218A,0,FRB20220912A,0,True,2996.0,0.4095157782875683,0.6366805730940335,1.1820066846116009,2063.34,1.7227666566454765
FRB20221218B,0,FRB20220912A,0,True,1824.0,0.44439197646985706,0.9007729907224821,1.06134516297093,2245.7,2.680984754779628
FRB20221218C,0,,0,False,3757.0,0.4001561039411025,0.6213977785756313,0.8186490066951423,1178.42,2.0252497391817252
FRB20221219B,0,FRB20220912A,0,True,3726.0,0.4184681486396313,0.48823819404513874,0.7889190630140281,1209.6,1.5304052159756714
FRB20221219C,0,FRB20220912A,0,True,517.0,0.43498713984933496,0.9451893932896448,1.223069373949297,3166.4,2.021073859166783
FRB20221219D,0,FRB20220912A,0,True,3.0,0.5800026002638008,3.213691045346704,4.328560271938855,4072.96,5.292797087560258
FRB20221219E,0,FRB20220912A,0,True,2047.0,0.4292428646889192,0.6282841161286694,0.81871918529062,1831.14,1.7908862008525193
FRB20221219E,1,FRB20220912A,0,True,2799.0,0.4124169734689985,0.6486847043460744,0.4731448089629959,1615.44,1.801133917672871
FRB20221219F,0,,0,False,2591.0,0.39378884133166564,0.8895630016848137,1.436941869741768,1111.08,2.1917090219690447
FRB20221220A,0,FRB20220912A,0,True,3229.0,0.4134090126484217,0.6873656859339186,1.1799759836310995,1431.96,1.4948716678954108
FRB20221220B,0,FRB20220912A,0,True,990.0,0.44040307753573965,0.8343181678044402,1.6235058492593715,2540.2,2.165286354967675
FRB20221220C,0,FRB20220912A,0,True,1829.0,0.4325551457547818,0.6076149754380569,0.7502699727839013,1804.42,1.738350687222187
FRB20221220D,0,FRB20220912A,0,True,3389.0,0.4136778316664295,0.5111792834611484,0.7681114913801205,639.58,1.6140670078069794
FRB20221220E,0,,0,False,3920.0,0.3859149853857279,0.7023025776106855,0.9456991638600695,1384.7,2.670359311304366
FRB20221220F,0,,0,False,3805.0,0.38485697041838907,0.6222544150130465,0.8173127900741279,1186.36,2.385064871566367
FRB20221221A,0,FRB20220912A,0,True,2396.0,0.42433267796628815,0.7283142090324546,0.7436223020955823,2048.84,2.199770948493506
FRB20221221A,1,FRB20220912A,0,True,2217.0,0.42607897818749124,0.8884189467604585,0.8948978805075221,2187.0,1.9495683725777182
FRB20221221B,0,FRB20220912A,0,True,1993.0,0.44050252204868445,0.7116928273454889,0.7505613943060087,2272.06,2.49281984110023
FRB20221221B,1,FRB20220912A,0,True,1745.0,0.458911614153206,0.6407126584314508,0.8997348199733982,2028.66,2.1811258461651564
FRB20221221B,2,FRB20220912A,0,True,1455.0,0.4604884761455518,0.6984733230610118,1.104329687279323,2440.5,2.0804215464227904
FRB20221221B,3,FRB20220912A,0,True,341.0,0.49148656870389573,1.2698205099057647,1.4569635227851743,3884.26,2.087739262827507
FRB20221221C,0,FRB20220912A,0,True,4061.0,0.3957015735872131,0.560001077468704,0.5234007699125262,1152.92,1.6655023091210202
FRB20221221D,0,,0,False,3095.0,0.38331493084340246,0.7456759050457898,1.4000936419319838,832.86,2.374316089759888
FRB20221222A,0,FRB20220912A,0,True,799.0,0.46086825420822536,0.9743043131047651,1.2252647607881142,3547.74,1.8721595650016902
FRB20221222B,0,FRB20220912A,0,True,3928.0,0.4007837132812591,0.5148907175204578,0.7973936908662126,967.68,1.6297612623334556
FRB20221222C,0,FRB20220912A,0,True,197.0,0.4899253531001791,1.2978173158347854,1.9832118598755568,3283.6,3.1649384714145032
FRB20221222D,0,FRB20220912A,0,True,314.0,0.4541520395697622,1.1861673622657016,1.8533355429231084,3321.04,2.294332105780987
FRB20221222E,0,FRB20220912A,0,True,4023.0,0.40509760547700957,0.5503150515622,0.9415546728523906,1319.7,2.0231459306254367
FRB20221222F,0,,0,False,1654.0,0.4213902142427008,0.8577534371118454,1.2081974400451128,2837.6,2.173424909966636
FRB20221222G,0,,0,False,1166.0,0.4818907724092232,1.1712915123595726,1.6708294646096429,2414.74,2.595845512431503
FRB20221222H,0,,0,False,355.0,0.4932223328022859,1.6399861052646145,1.9557670829513256,3463.92,3.2343832769424767
FRB20221223B,0,FRB20220912A,0,True,2668.0,0.4144362701863079,0.7100660069364101,0.8157511243179566,2304.86,1.4485053238446406
FRB20221223C,0,FRB20220912A,0,True,3826.0,0.409190908550944,0.4996382602961075,0.9251873859778431,797.16,1.4706494889505353
FRB20221223D,0,FRB20220912A,0,True,3674.0,0.40576817968123247,0.579319971012935,0.8095130101971183,1068.1,1.5083407131999147
FRB20221223E,0,FRB20220912A,0,True,1097.0,0.4497131530858525,0.8412789525406108,0.9726111842555265,2744.98,2.2590729306444537
FRB20221223F,0,,0,False,711.0,0.4835232448033951,1.2445213878391757,2.1958867005001883,3308.7,2.302835978138309
FRB20221223I,0,FRB20190117A,0,True,1860.0,0.4009053825475831,0.9221449220758495,1.3624259313240392,2014.54,2.655660972644516
FRB20221224A,0,FRB20220912A,0,True,3706.0,0.40514716522598565,0.6370282979577079,0.9859985758042198,2382.06,1.835104677506233
FRB20221224B,0,FRB20220912A,0,True,2635.0,0.4264031678614045,0.7128285249394085,1.002852718332996,1522.78,1.8600959857814103
FRB20221224C,0,FRB20220912A,0,True,1985.0,0.4388054055010877,0.7591681485952356,0.8044023639541494,2445.22,1.9327920405819154
FRB20221224C,1,FRB20220912A,0,True,2558.0,0.4211845197416371,0.5494474653248599,0.6189207127071252,1158.42,1.8384662097256896
FRB20221224C,2,FRB20220912A,0,True,2786.0,0.41418884431247627,0.6112868769511635,0.6144478806265591,1374.02,1.5507738537319475
FRB20221224D,0,FRB20220912A,0,True,3456.0,0.4170967869745715,0.5718324758131225,0.8505415837292376,1839.52,1.5878629643802251
FRB20221226A,0,FRB20220912A,0,True,3783.0,0.398193256667357,0.631412508917325,0.8536355035377052,1621.32,1.6601211989073608
FRB20221226B,0,FRB20220912A,0,True,1722.0,0.4452636032366888,0.7680689107451412,0.976179256223949,2383.76,2.207810901097488
FRB20221226C,0,FRB20220912A,0,True,2495.0,0.4292288710122146,0.7131354328917852,1.1679747648648648,3023.48,1.4559199284436193
FRB20221230C,0,,0,False,3629.0,0.37098737719075153,0.6868326335425092,1.0597177281395325,1479.92,1.980693871758954
FRB20221231A,0,FRB20220912A,0,True,1786.0,0.409462075518692,0.8177509101000504,1.4259368200633427,2666.96,2.1588500672364916
FRB20221231B,0,FRB20220912A,0,True,2294.0,0.41229728902800294,0.7381626223371621,0.6917663416655747,1969.14,1.77350667900704
FRB20221231B,1,FRB20220912A,0,True,2667.0,0.40897597649760437,0.8322487071615796,0.8705056503040766,1747.6,2.1370689922784254
FRB20221231D,0,FRB20180916B,0,True,1901.0,0.4235341930972108,0.8351138333782213,1.5220711619970497,2346.8,2.989969758736389
FRB20221231E,0,,0,False,2854.0,0.3946252506645247,0.7231574289102897,1.1927641598570848,1357.22,2.147451130743092
FRB20230202A,0,,0,False,816.0,0.49903208008151867,1.1661249811827186,1.5119105056442061,3284.4,2.8758786633088236
FRB20230202A,1,,0,False,2015.0,0.42573988020443027,0.8345038470822198,1.2970933164998677,2234.4,2.3876854942144403
FRB20230202B,0,FRB20220912A,0,True,2829.0,0.3975705342325073,0.7298520454534634,1.4262600149435065,1724.92,1.7936252090870095
FRB20230203A,0,,0,False,396.0,0.4749055833843154,1.3585333849455052,2.2124473696220375,2702.62,3.900342942566239
FRB20230203B,0,FRB20220912A,0,True,1639.0,0.43755109518115043,0.8193973668155369,1.4121394690091644,2538.6,1.8814655680433996
FRB20230204A,0,,0,False,625.0,0.45050678528759397,1.0862676437786523,1.5451819712503079,2941.6,2.568971675722737
FRB20230204B,0,,0,False,3325.0,0.3953092950511836,0.6262979922136702,0.8567486582379167,770.82,2.1651201929598343
FRB20230204C,0,,0,False,1238.0,0.4638062921955698,1.3496459022855962,2.46067140639004,2640.16,2.4570378864717957
FRB20230204D,0,,0,False,3857.0,0.399480824117292,0.6938315727710885,0.9865384147786942,926.8,2.219590668087124
FRB20230205A,0,,0,False,1624.0,0.4758661371588073,1.5051948457003084,2.6011281435628204,2323.38,4.0972756439802405
FRB20230205A,1,,0,False,1566.0,0.47672896775864865,1.5023364781191852,2.7057925757156167,2335.1,3.9778725163923467
FRB20230205A,2,,0,False,466.0,0.5298835270120341,1.9996534775679025,3.094161505166277,3253.76,4.587897822854543
FRB20230209A,0,,0,False,3614.0,0.4060494437953973,0.6993768155157595,1.150022018308903,688.8,2.7880826535233694
FRB20230209B,0,,0,False,3177.0,0.4262819931669047,0.8083556361947085,0.7784774912473783,1648.72,2.7408729538720475
FRB20230209C,0,,0,False,2359.0,0.41604495324845336,0.9548348723634105,1.2110295826454314,1810.82,2.0326565753798973
FRB20230214A,0,FRB20220912A,0,True,2577.0,0.4307129047209488,0.6495636611895458,1.3179088159869228,2522.82,1.84975548057683
FRB20230215A,0,,0,False,3114.0,0.4486452829854645,0.7390171285536795,0.5152045242168571,401.82,2.0867274456597626
FRB20230216B,0,,0,False,2174.0,0.47894974711352123,0.911745653371263,1.0476026687868834,1713.52,2.618960321655844
FRB20230216C,0,,0,False,2445.0,0.43077588572469744,0.6592377105110903,1.2983414288131827,1401.2,2.465208319162528
FRB20230216D,0,,0,False,2681.0,0.3988784875956272,0.7240808052407977,1.0014997563785464,1546.44,2.131148821671098
FRB20230216E,0,FRB20220912A,0,True,4041.0,0.40727166288447336,0.4322143836627461,0.5674502840791932,382.58,1.6058679891011005
FRB20230218C,0,,0,False,2750.0,0.39171782713920145,0.835592520572991,1.2764524249775424,1369.74,2.1243065561250836
FRB20230222A,0,,0,False,342.0,0.5267885079476683,1.826357331478628,3.248600669367254,3124.76,4.716667180943401
FRB20230222B,0,,0,False,1040.0,0.4714824992026183,1.2191066422930985,1.8463763974381713,2301.74,3.0710446441194237
FRB20230223A,0,,0,False,927.0,0.4929470035966784,1.1274340955182747,1.3857281021824772,2964.94,2.73433183364602
FRB20230223B,0,,0,False,1676.0,0.42769508115248195,1.0294181462683534,1.4040892894780475,1924.14,2.312630996651904
FRB20230223D,0,,0,False,2871.0,0.3871841823133328,0.8368777871280241,0.9414727909143799,2553.86,2.038927732624224
FRB20230223E,0,,0,False,2708.0,0.4145402129847719,0.8913346903670936,1.5600998362775425,2255.18,2.4379564980318316
FRB20230223F,0,,0,False,4022.0,0.4060415715030647,0.7113203902217364,1.0502107356570751,506.22,2.0319624963463276
FRB20230224A,0,,0,False,3227.0,0.4074492416952315,0.6944905069472843,0.9029181993236386,2261.54,2.6101762965260207
FRB20230224B,0,,0,False,1613.0,0.5264022602595299,1.553175983912563,3.714385423458819,2213.08,4.992660059525059
FRB20230224C,0,,0,False,1662.0,0.4363671603576389,0.8665983451411398,1.2669431325699791,2673.22,2.6789366558740473
FRB20230225A,0,,0,False,3216.0,0.3982794491541353,0.7078902216969126,0.9573495206756314,1775.36,2.237397882036576
FRB20230225B,0,,0,False,3470.0,0.4125698366875144,0.7003990862064267,1.0974705914397704,956.24,1.8372543947921927
FRB20230226A,0,,0,False,1361.0,0.4645105245410581,0.993672781737551,1.8559048695986342,2492.4,2.671085751471525
FRB20230226C,0,,0,False,1295.0,0.423037154858894,0.9504995358871711,1.3961421550329711,2322.4,2.5035062385574736
FRB20230227B,0,,0,False,3925.0,0.39441596475793034,0.645696228359325,0.5577138725680707,609.76,1.6766403281924604
FRB20230227A,0,,0,False,3217.0,0.423333421953374,0.9125118165615183,1.1109309404581904,2218.2,2.2519666942244627
FRB20230228A,0,,0,False,1580.0,0.42510371206923214,0.9033646810918669,1.2569781034631344,1760.88,2.6769079994576113
FRB20230301A,0,,0,False,1681.0,0.4889751079791798,1.201025534383237,1.5459127357340414,3255.04,2.435875601202199
FRB20230301B,0,,0,False,278.0,0.46077876831610437,1.4880827962938223,1.9451068065865305,3624.88,3.4280051549869905
FRB20230303B,0,,0,False,1421.0,0.44987880637351774,0.9489360812285961,1.4819664282729061,2503.52,3.154703671100435
FRB20230303A,0,,0,False,1683.0,0.4527480874005391,1.1063417774282294,1.745441090562494,1723.32,2.6132577418872716
FRB20230304A,0,,0,False,217.0,0.4729341370937093,1.229271947681249,2.162110561556806,2046.4,3.2271333836834475
FRB20230305A,0,,0,False,782.0,0.4086601745800818,1.0015856116892512,1.3775643168917298,2193.14,2.946328042367187
FRB20230305B,0,,0,False,1278.0,0.40905132475332284,0.9984028901499771,1.5011245544626597,2743.8,2.57061019561404
FRB20230305C,0,,0,False,2777.0,0.42184195882582975,0.8854088124036752,0.9495101042172808,1945.36,2.3589527398548804
FRB20230306A,0,,0,False,228.0,0.4580733559449513,1.314414567271334,2.309315468025918,3012.52,2.854663634433885
FRB20230306B,0,,0,False,3922.0,0.40269354780595074,0.6411105838573596,0.9090540221982557,568.2,2.561541824864089
FRB20230306C,0,,0,False,2953.0,0.4068849139594094,0.7845724843767332,1.4678333944936643,1627.62,2.772370706047903
FRB20230306D,0,FRB20190208A,0,True,3798.0,0.4341352279339988,0.7657016605395238,0.9660557978203301,820.16,1.7028457872412013
FRB20230306D,1,FRB20190208A,0,True,3849.0,0.4244108540697773,0.7722981359505934,0.8935240164204292,645.28,1.9975446841880728
FRB20230306E,0,,0,False,1838.0,0.43057586317303403,0.8978649450709432,1.257362888319801,2630.46,2.7795863685953055
FRB20230307C,0,,0,False,1980.0,0.4323764282589271,1.0821935183206637,1.7008026501022782,1709.06,2.095007622112389
FRB20230307D,0,,0,False,1197.0,0.43093548082655025,0.8788139609412294,1.3912465108951397,2136.62,3.3312398424716743
FRB20230307E,0,,0,False,1063.0,0.4693087817602052,1.1316593212742592,1.7174938195739282,2502.68,2.0331404262511628
FRB20230307F,0,,0,False,2349.0,0.4346551538227574,0.9322610374416123,1.0818942748637024,1250.8,1.9894803876258769
FRB20230308B,0,,0,False,4079.0,0.3901584786509467,0.6678712490840727,1.317643379554617,588.84,1.7195119559363585
FRB20230308C,0,,0,False,1847.0,0.44356756388429563,0.9807587285509906,1.3330427212715883,1862.2,2.2047761025397135
FRB20230308D,0,FRB20220912A,0,True,3870.0,0.3911022474922393,0.5797827825078347,0.9866418279296363,899.74,1.540572156206431
FRB20230308E,0,,0,False,828.0,0.41024454876458755,1.135467046060841,1.709253458197467,3292.74,2.4475401628862756
FRB20230309A,0,,0,False,2578.0,0.3980616113695215,0.8820333531021095,0.7420197077852521,1417.1,2.5494030401745036
FRB20230309B,0,,0,False,760.0,0.4539146147012935,1.1589687143148324,1.5635545188148157,2756.28,2.8715595264473226
FRB20230309D,0,,0,False,172.0,0.5294763725859934,1.6443355605824224,2.7751949227710435,2600.66,3.4623586773358546
FRB20230309E,0,,0,False,1034.0,0.4911278560333363,0.975911684385062,1.4667210306633476,2131.84,2.035211650049124
FRB20230310A,0,,0,False,1122.0,0.4624111091919379,1.2864718730108922,1.9190267328052948,2412.08,3.9995115125990526
FRB20230310B,0,FRB20220912A,0,True,3954.0,0.4050309542990835,0.42532986631825437,0.6001606096362456,328.44,1.545646899879128
FRB20230311A,0,,0,False,1060.0,0.454331045626397,1.1509763332729661,2.073473455821804,2161.54,2.9296256898023434
FRB20230311B,0,FRB20220912A,0,True,1975.0,0.4340714662764489,0.8651251476051591,1.1348011572747272,2488.78,2.6467640362247598
FRB20230312A,0,FRB20220912A,0,True,3496.0,0.419244265958819,0.4896640042639294,0.7716312152042386,776.46,1.437436102336057
FRB20230312B,0,FRB20220912A,0,True,2737.0,0.43509298121934753,0.5284968108897475,0.8376442335030354,846.4,1.7034481486636657
FRB20230313E,0,,0,False,2064.0,0.41280508824001216,0.9475275969588022,1.430212808349397,2161.16,2.352475787184556
FRB20230313A,0,,0,False,923.0,0.4294862549991342,1.1635745627150171,1.734514577048903,3255.54,2.875662145028644
FRB20230313B,0,,0,False,1915.0,0.3883868378244213,0.7877062576500514,1.5166993241878752,1969.52,2.1999091795973458
FRB20230313C,0,,0,False,3050.0,0.40125905532450573,0.87922822089807,1.4034779806518036,1849.7,2.2963341645692106
FRB20230314B,0,,0,False,3664.0,0.39690172702220217,0.7671923639826643,0.8971571366493917,847.72,1.7800111691249254
FRB20230314A,0,,0,False,264.0,0.6084707830179475,2.088017473045538,5.172826498203259,3445.18,6.602091774912554
FRB20230314D,0,FRB20220912A,0,True,1708.0,0.5164356637693424,1.4210859727665066,3.50396351982214,1772.58,3.6823485083799063
FRB20230314D,1,FRB20220912A,0,True,1683.0,0.494001452019105,1.3884028695706163,3.4155367206319096,1622.16,3.4255335925024513
FRB20230314D,2,FRB20220912A,0,True,1908.0,0.48306608668942314,1.3163551872265036,3.20782511560587,1236.78,3.57896491294331
FRB20230315A,0,,0,False,591.0,0.44593111317800105,1.0752320992776425,1.701102019786747,2437.02,3.4047126866901363
FRB20230316A,0,,0,False,2235.0,0.4127113604785065,0.9414133074920924,1.1298334516233262,2638.86,2.392841922449256
FRB20230316B,0,,0,False,847.0,0.4691135569880778,1.3581794444598445,2.146485395505251,2663.42,2.2776787888252192
FRB20230316C,0,FRB20190117A,0,True,1350.0,0.4208473393194598,1.0750758961149318,1.844214812254172,1919.56,2.7393425222587364
FRB20230316D,0,FRB20220912A,0,True,2508.0,0.4366947373847026,0.6761102692708882,1.3327606646739576,2504.64,1.974514526835533
FRB20230316E,0,FRB20220912A,0,True,2265.0,0.43352316904927823,0.7065554839400668,1.0362071647267739,1552.46,1.9481050414335925
FRB20230316E,1,FRB20220912A,0,True,2790.0,0.4207802855721588,0.5981099912250274,0.8554834250919573,667.28,2.0955584847506596
FRB20230316F,0,FRB20220912A,0,True,3720.0,0.39213553570222365,0.6357127338735105,0.9843759326437858,1142.38,1.6290470204256793
FRB20230316G,0,FRB20220912A,0,True,2123.0,0.42303677884344787,0.6792836898185851,1.275323988267355,1292.2,1.7718685975201134
FRB20230317A,0,,0,False,1538.0,0.44771964020810967,1.2043551077992343,1.8202533044185716,2255.44,3.0774778719629836
FRB20230317B,0,,0,False,418.0,0.44850727990659417,1.411901921349576,1.960029794411382,3157.28,2.290577617406707
FRB20230317D,0,FRB20220912A,0,True,4091.0,0.395753211951938,0.505577979522213,0.5672151781918109,413.68,1.3789567200564854
FRB20230317E,0,,0,False,1839.0,0.45152019462328263,0.9951615237675993,1.2789907382537908,2991.22,2.1390145002002283
FRB20230318B,0,,0,False,3101.0,0.41112115372773256,0.7744162373063008,1.0716285541770647,1492.28,2.940115035398772
FRB20230318C,0,FRB20220912A,0,True,4067.0,0.39668348880159493,0.45203323158058345,0.3844776514752971,252.04,1.3265119752480254
FRB20230319A,0,,0,False,3921.0,0.37621479562014654,0.628560277910627,1.1533233882598648,448.9,1.81996351830365
FRB20230320B,0,,0,False,855.0,0.4544681582642724,1.1145777464322744,1.763324728078794,2683.18,2.909324011955502
FRB20230320A,0,,0,False,98.0,0.5229651737373734,2.0064420270580836,2.6201386488139624,3617.0,4.181317646052143
FRB20230321A,0,,0,False,2246.0,0.3952079868770345,0.9003702523375907,1.423966855945751,1819.32,2.3174614616404363
FRB20230322A,0,,0,False,2328.0,0.420403291637914,0.8697139143565431,1.2335888035840041,2341.58,2.1875081621074055
FRB20230322B,0,,0,False,136.0,0.5171222835688962,1.7833920142899646,2.65361692435045,3770.6,3.35091452720245
FRB20230322C,0,,0,False,2335.0,0.4228760931587717,0.9028800708812506,1.0563994055749966,1901.9,2.6336944705581176
FRB20230322D,0,,0,False,1023.0,0.44845977962434813,1.1669123148732343,1.8556934269307759,2115.64,2.8448814847195667
FRB20230323A,0,,0,False,2792.0,0.40188460507033974,0.784117139387108,1.2237815031424164,934.16,2.5239260974000945
FRB20230323B,0,,0,False,3712.0,0.3920345235875386,0.6103948849822077,0.9975256324911509,838.5,2.334294275831919
FRB20230323C,0,,0,False,2777.0,0.4391872574971439,0.8168337973707871,1.3216716362647407,1341.4,2.495566295785456
FRB20230324A,0,,0,False,1155.0,0.47058362783491375,0.9341352026485437,1.3813527284692613,3119.48,2.859347651278208
FRB20230324B,0,,0,False,2371.0,0.39121812207044554,0.8771773220826613,1.080680284352615,1526.28,2.605867239552847
FRB20230324C,0,,0,False,1503.0,0.4447449132677085,1.0260956310775626,1.3767828212821096,2702.8,2.050506692980104
FRB20230327D,0,,0,False,1910.0,0.4250773226901203,0.8011678656133736,1.4948140490389634,2326.12,2.481196776938572
FRB20230327A,0,,0,False,1589.0,0.45975272207178725,1.108585787772804,1.8030171297067914,2294.72,2.040024557231981
FRB20230327B,0,FRB20220912A,0,True,113.0,0.46616620913642187,1.255508486588969,1.7300922018553428,3620.72,2.657502677987095
FRB20230328E,0,,0,False,3329.0,0.4000188237443924,0.9282978478596494,1.154036544700526,950.96,2.0285302827209715
FRB20230328A,0,,0,False,2207.0,0.4061158347517981,0.8680655713367307,1.2080781580698385,2522.98,2.100367500173826
FRB20230328C,0,,0,False,1269.0,0.4519789431750442,1.149501720836929,1.4661926225532336,2847.02,2.3399200799572033
FRB20230328D,0,,0,False,2453.0,0.40774395123519364,0.8318232032318745,1.4766597443238063,1241.98,2.522974784226323
FRB20230329A,0,,0,False,888.0,0.4334090603934908,0.9068344824282789,1.6911099153433424,3243.9,3.038535970826656
FRB20230329B,0,,0,False,557.0,0.4860565649799375,1.0120650858885618,1.4957604603028913,2528.22,2.6615442452664304
FRB20230329C,0,FRB20220912A,0,True,3748.0,0.4289217188912808,0.470912683084401,0.7295088836989826,848.76,1.5221979393441916
FRB20230329C,1,FRB20220912A,0,True,3572.0,0.42394055269194597,0.4614840849417268,0.8771128392011819,789.92,1.480225749476849
FRB20230329D,0,FRB20220912A,0,True,3648.0,0.41203611624208153,0.565944952385946,1.1027549929495712,708.78,1.4060829664714272
FRB20230329E,0,FRB20220912A,0,True,418.0,0.44622566691672383,1.0314173122854597,1.6036103053735233,3306.22,2.3838383638239313
FRB20230329F,0,,0,False,601.0,0.45126210489666085,1.1983850408990546,1.4998258519653942,3413.86,3.135010870353341
FRB20230330A,0,FRB20210323C,0,True,2499.0,0.39071523872517283,0.8059754654788603,1.3892986128275882,2351.04,2.6116469165831635
FRB20230330B,0,,0,False,3168.0,0.4247453666762602,0.7858480012875212,1.0105946944438928,1811.74,2.1018702746827382
FRB20230331A,0,,0,False,726.0,0.43676994091813104,1.1733599080648087,1.558536796378249,3052.04,3.4412068342898863
FRB20230331B,0,,0,False,77.0,0.5488793390679163,2.0363445653526417,3.2711533866022102,2390.32,3.8072474307316737
FRB20230401B,0,,0,False,2304.0,0.39931243324908355,0.7919911431255281,1.2918386977052403,1571.88,2.324318057871845
FRB20230402D,0,,0,False,1249.0,0.45620515156968716,1.0845577500937542,1.5210967576267707,2470.9,2.967079860298042
FRB20230402E,0,,0,False,4096.0,0.3810957763413311,0.5632320949363593,0.47102810951894564,505.02,2.254568337023345
FRB20230402B,0,,0,False,1347.0,0.41631314703367606,1.1617349001376087,1.6775856307080932,2498.6,2.976131480239668
FRB20230402B,1,,0,False,608.0,0.4492116886171498,1.3534280876187887,1.6002404234298122,3170.08,3.5761455907875206
FRB20230403A,0,FRB20220529A,0,True,1047.0,0.4776924667631804,1.3347686154959502,2.5492600819660614,2682.18,3.0489202028011015
FRB20230403A,1,FRB20220529A,0,True,1319.0,0.47705235776496324,1.268730047824388,2.3017839115456202,2250.2,2.8034875481771473
FRB20230403A,2,FRB20220529A,0,True,1640.0,0.4391194982385057,1.123127747184934,1.5073413411592123,1623.28,2.913770667801312
FRB20230403A,3,FRB20220529A,0,True,1730.0,0.43024533971251594,1.0892888896943327,1.5003688913059086,1724.16,3.2117602308836957
FRB20230404D,0,FRB20220912A,0,True,1488.0,0.4384043966190627,0.7859893877134247,1.1284555351418082,1951.54,2.404893669037682
FRB20230405A,0,,0,False,1504.0,0.44796308830101084,0.9837941951202437,1.5234118090572801,1787.92,2.715704574495985
FRB20230405B,0,,0,False,1313.0,0.4720122292728163,0.9643062605813648,1.5988651519279793,2554.54,3.0747656768097893
FRB20230405C,0,,0,False,1845.0,0.42528633623877166,0.9022163759022597,1.2794374229303158,2435.12,1.8781602475045376
FRB20230405D,0,,0,False,3028.0,0.41938015219854813,0.740103344272615,1.4447506541308426,1397.24,2.4139091214742674
FRB20230405E,0,,0,False,2717.0,0.4773407518015086,0.8657502439164733,1.2848343063925576,1904.22,2.2401888255504208
FRB20230406A,0,,0,False,920.0,0.4427742036119254,1.0330671473866664,1.755371075632987,3117.78,2.6391653482307804
FRB20230406C,0,,0,False,793.0,0.4678666318003564,1.0829826932798885,1.849550408528265,2545.84,3.7209500250496967
FRB20230406E,0,FRB20220912A,0,True,1800.0,0.4265657476719131,0.768998827962518,1.3668576274582407,2221.86,2.0147364376900523
FRB20230407B,0,,0,False,4013.0,0.3902910315256262,0.5909995171461953,0.636895532469535,396.64,2.094836283878662
FRB20230407C,0,FRB20220912A,0,True,3657.0,0.419914901481695,0.5318568802726429,1.0285927428321118,1375.42,1.4799434973796446
FRB20230407D,0,FRB20220912A,0,True,3787.0,0.421834126350344,0.4536979546572325,0.8002117604662606,671.44,1.3963335322443304
FRB20230407E,0,,0,False,2891.0,0.3851015072071577,0.8156834196312845,1.283058052596952,1166.38,2.4223000640838457
FRB20230409A,0,,0,False,2114.0,0.40410318838954906,0.9069823318029909,0.4709205712807309,1562.16,2.605235428219749
FRB20230409C,0,,0,False,1313.0,0.4293743340194278,1.119889426947789,1.639033777653492,2451.14,3.4841827629085556
FRB20230410B,0,,0,False,883.0,0.4504810189803486,1.0640496195497713,1.3990953429826163,3131.94,3.3683662140192796
FRB20230410C,0,,0,False,2046.0,0.4217093637696596,0.8493003308958562,1.0960954238971814,2578.2,2.6714284751365955
FRB20230410G,0,,0,False,1120.0,0.48515554644347436,0.9961633397171642,1.9390696139443662,3214.54,2.6904297237712096
FRB20230411A,0,,0,False,3346.0,0.4177618332128832,0.8579385750997577,0.9114610722170253,1345.2,3.3932978026994984
FRB20230411E,0,,0,False,2301.0,0.4419217067675972,0.9868075333622668,1.2126693648949833,1268.4,3.3851502611077193
FRB20230413A,0,,0,False,2727.0,0.407240983947422,0.8253227602298328,1.5409308450352632,1414.18,2.5469913884895186
FRB20230413B,0,,0,False,447.0,0.4593465207068686,1.1923182230670666,1.9571445555012965,3398.96,3.593744261884471
FRB20230415A,0,,0,False,2332.0,0.4156779443418306,0.8374131978789782,1.1363521460073087,2687.32,2.6577716758630077
FRB20230417B,0,FRB20220912A,0,True,3157.0,0.40253417934234414,0.7442859451449462,0.9901788561431262,1493.78,2.358758404482121
FRB20230417C,0,,0,False,1601.0,0.420174460272547,0.8883550899047885,1.5660246866548455,1842.32,2.486281228039575
FRB20230418B,0,,0,False,2449.0,0.43330771282773806,0.75071009276908,1.2502236428534728,1286.5,2.784290374248595
FRB20230418C,0,FRB20220912A,0,True,2736.0,0.40394930445376503,0.7861312267405923,1.2214406650884766,1944.78,1.7536234502631
FRB20230418C,1,FRB20220912A,0,True,2292.0,0.4145212255795996,0.8312808207564218,1.330383726510639,2472.14,2.2170166487788636
FRB20230418D,0,FRB20220912A,0,True,2838.0,0.4347887457960474,0.5605826483104339,1.0207612819471652,1969.72,1.6916793386834639
FRB20230418E,0,,0,False,512.0,0.507394557474391,1.3428704108854312,1.9521668292917425,2949.66,3.1739899191008596
FRB20230419A,0,,0,False,1187.0,0.42171762355082354,1.0384542691628718,1.456012169448234,3078.84,2.616701305661231
FRB20230419B,0,,0,False,2633.0,0.415169727129704,0.7485885898702372,1.14010403193577,2285.64,2.509661612190435
FRB20230419C,0,,0,False,198.0,0.488307212610442,1.321790276763838,1.9111532037763537,3757.86,3.448243102178919
FRB20230419D,0,,0,False,1542.0,0.5262881469076637,1.3377425835629628,3.297155347283756,1472.96,4.328589106122008
FRB20230419E,0,FRB20220912A,0,True,888.0,0.4574754886354596,0.8654077814149564,1.4088086807333358,3063.62,2.2977333512619453
FRB20230419F,0,,0,False,1497.0,0.4358195790371035,0.9406952472569194,1.3570393937629228,2164.92,2.903119836288028
FRB20230419G,0,,0,False,496.0,0.42664748889007553,1.164324943002656,1.9088297552903,2295.84,2.8678779209061416
FRB20230420A,0,,0,False,836.0,0.44294594448217384,1.1564501980679132,1.744596431365777,2819.68,2.272290271845722
FRB20230421A,0,,0,False,1202.0,0.44261048260007063,0.9765901495809421,1.3668585972718885,2325.36,2.1098380204927674
FRB20230422A,0,FRB20200929C,0,True,34.0,0.5579698574667532,2.446666971197411,3.238382212013719,3859.18,4.154773411459185
FRB20230422B,0,,0,False,51.0,0.5116079000680224,1.8885317784384257,2.862014950118144,3936.22,4.058196801990342
FRB20230423A,0,,0,False,1606.0,0.43653069120415494,0.9513380036994163,1.5601234100771944,2263.04,4.278890845902148
FRB20230423D,0,,0,False,3234.0,0.40993726402701497,0.7965991658204421,1.0569388781245375,1971.74,1.9938847109641495
FRB20230423E,0,,0,False,3420.0,0.4211060679458491,0.7099955258260199,0.9632276986141293,1311.26,1.9086809798330575
FRB20230423G,0,,0,False,1475.0,0.4519420818616014,0.9727474978696407,1.0555443374565063,3210.84,2.798776081368482
FRB20230424A,0,,0,False,319.0,0.4797157606733431,1.448125150290245,2.1775276483463157,3252.62,2.3404590750228835
FRB20230424B,0,,0,False,1935.0,0.3970433386265271,0.9013334015565798,1.278693275188272,2139.84,2.3926349333320687
FRB20230424C,0,,0,False,3854.0,0.37929601096575677,0.6203330132830526,0.6995305443081764,673.42,2.028479632109245
FRB20230425A,0,,0,False,3221.0,0.4060124158976588,0.8166346297883891,1.0753273542037742,2093.34,2.8751628874811046
FRB20230425B,0,,0,False,1777.0,0.40091767748977414,0.8659034482140082,1.7519316181245526,1905.06,2.09997010048264
FRB20230425D,0,,0,False,111.0,0.5450700583612615,1.4788069776488526,2.385437295684766,3427.38,4.53365719293677
FRB20230425E,0,,0,False,2791.0,0.38466166189576717,0.8579099214435624,1.4495234182639156,1480.78,1.9363818576358793
FRB20230425G,0,,0,False,1270.0,0.4246882131353136,1.024679618432701,1.5434981966257675,3006.32,3.2393381298630652
FRB20230425H,0,,0,False,1492.0,0.438320954808174,0.9694789341166828,1.1134185222229378,3496.06,4.183112165294392
FRB20230426A,0,,0,False,3414.0,0.4238624040544323,0.6778004033287983,1.2098021482641985,1655.6,2.341861579108407
FRB20230426B,0,,0,False,2405.0,0.3780722688701151,0.8742670453183384,1.5240786783003448,1428.62,1.9932637811502907
FRB20230426C,0,,0,False,3425.0,0.40576826274106614,0.6500493041915462,0.9067474669669713,1028.74,2.4595879445018802
FRB20230426D,0,FRB20210409B,0,True,827.0,0.4280132137307958,1.0810231923215006,1.8447589871570846,2484.48,3.246448219591001
FRB20230426E,0,,0,False,3409.0,0.4268714329287349,0.7604576088017689,1.057096460639264,1340.44,2.3233357356155597
FRB20230426F,0,,0,False,1767.0,0.4029418406157872,0.7471720949150183,1.4487883844092095,1316.1,2.032971468385493
FRB20230427B,0,FRB20220912A,0,True,2530.0,0.41447945360764205,0.7540478493918389,1.2673651275446989,1595.68,2.0145667762124337
FRB20230427B,1,FRB20220912A,0,True,2798.0,0.4014338571827987,0.753766775712915,1.374796325452651,1363.94,1.859988790334371
FRB20230427B,2,FRB20220912A,0,True,1813.0,0.4214041617361922,0.9554520917557842,1.3295307709141755,2023.52,2.1948175551431417
FRB20230428A,0,,0,False,1068.0,0.469564934907175,1.2297231684150811,1.5489828117536117,2494.36,4.10358826538068
FRB20230428C,0,,0,False,1353.0,0.4373779981631191,0.9147726141465503,1.5573669363944465,2955.98,3.3478567571814652
FRB20230429A,0,,0,False,874.0,0.439102298667099,0.9923254127818455,1.489045230959941,2760.12,3.6048525888766862
FRB20230429D,0,,0,False,2706.0,0.404536169265662,0.6906775191607261,1.4470096606358196,1631.34,2.2832152421065994
FRB20230429E,0,FRB20220912A,0,True,3648.0,0.41431366814226134,0.5752262723912582,0.8459414852717128,1048.44,1.4043314476378543
FRB20230429F,0,FRB20220912A,0,True,3600.0,0.3995520027046853,0.5146876697396279,0.7098115745375639,1214.44,1.8496250200505313
FRB20230430A,0,,0,False,3112.0,0.4216365202033478,0.6771768754313785,1.1773577028181705,1218.9,2.2858876691052314
FRB20230501B,0,,0,False,1357.0,0.4595373551147372,1.070273857014549,1.3779521857920685,2399.54,2.4722964028111574
FRB20230502A,0,,0,False,2882.0,0.4202217149112897,0.8641596367267399,1.089475549756519,1342.38,1.864365235229456
FRB20230502B,0,FRB20220912A,0,True,3286.0,0.4133176103366304,0.703009803215701,0.9855818655515654,1732.84,1.347929511545514
FRB20230502C,0,FRB20220912A,0,True,1657.0,0.4845353892166916,1.0308255305744338,1.3644940393818117,2369.46,2.530803036422037
FRB20230502D,0,FRB20220912A,0,True,2362.0,0.4026540786849768,0.7847594304746698,1.4956362065837967,1940.1,1.949311224388262
FRB20230502D,1,FRB20220912A,0,True,2422.0,0.4047203257080473,0.776819329501154,1.492799731861112,1899.28,1.9682221232597188
FRB20230502E,0,,0,False,4002.0,0.3804364815124911,0.6403752860264276,1.161349883300606,903.28,2.5328540994576616
FRB20230502E,1,,0,False,3545.0,0.4065494000876421,0.5705942002185709,1.2278517883750188,550.96,2.266350241664084
FRB20230502E,2,,0,False,3383.0,0.40760508580453386,0.5962135258398665,1.316949247668049,588.03,2.278050977656213
FRB20230503C,0,FRB20220912A,0,True,3918.0,0.4085344951012255,0.5020654449567215,0.8175398663358531,938.72,1.4530722879814544
FRB20230503D,0,,0,False,3927.0,0.39262687593201334,0.6329635231713129,1.2928378280036794,604.92,2.4445379735226775
FRB20230504A,0,,0,False,140.0,0.5044430892610059,1.5395881332074768,2.4418298945132193,3077.22,3.6829465082908373
FRB20230504D,0,FRB20220912A,0,True,3005.0,0.4111756288631045,0.5979120407309968,0.7765532753973272,567.86,1.8707108031297202
FRB20230504E,0,FRB20220912A,0,True,1075.0,0.44138316305820385,0.9327667352686342,1.3005335162625924,2522.96,2.719646351750656
FRB20230504F,0,FRB20220912A,0,True,1618.0,0.43465311321153816,1.014894442104406,1.4129078170526423,1933.78,2.315318194777809
FRB20230504H,0,,0,False,1446.0,0.4252056051584609,1.11463519494812,1.7399681213434792,3004.98,2.3070340911623712
FRB20230504J,0,,0,False,1854.0,0.4283194153896721,0.8040354460731715,1.2760082886281512,2147.62,2.970888426015745
FRB20230504K,0,,0,False,2487.0,0.4375472787898931,0.8891165236348588,1.531154806835318,1252.36,1.8143142287858458
FRB20230505A,0,,0,False,3791.0,0.41248859322778236,0.7868315410844184,1.285442775359261,1262.92,1.9051377040231148
FRB20230505B,0,,0,False,3204.0,0.4050710716180826,0.6222003402672516,1.1959860217888176,1215.12,2.2272222929302425
FRB20230505C,0,FRB20220912A,0,True,2313.0,0.39311059998519,0.8576608087677954,1.340432587594414,2293.76,1.9008796242722843
FRB20230505F,0,FRB20220912A,0,True,3557.0,0.4011886706769211,0.5862837243536921,0.7013663099034888,1108.64,1.751568545094248
FRB20230505G,0,,0,False,2006.0,0.4885826207888239,1.0638997704598978,1.8969484054921064,1364.44,3.9682684908631676
FRB20230506A,0,,0,False,3994.0,0.3940691673747561,0.5978990269840935,0.8504572208639305,436.12,2.508036176593587
FRB20230506B,0,,0,False,154.0,0.5012413769316513,1.432623148796679,2.7650631399460317,2255.58,4.119747080846702
FRB20230507A,0,FRB20190303A,0,True,498.0,0.46310693492003696,1.3758539342491707,1.7643311186233466,3706.66,2.5742804978555034
FRB20230507B,0,,0,False,3568.0,0.37950451692241177,0.6219488081655212,1.0922290273377138,810.16,2.075360794996611
FRB20230507C,0,,0,False,1032.0,0.5500017681632005,1.533236630607362,3.2676769179708463,2780.94,4.586736691989396
FRB20230508A,0,,0,False,1954.0,0.4587121158420517,0.9407358825003996,1.7576944192710204,1928.5,2.1837172311034077
FRB20230508B,0,,0,False,2915.0,0.40306693517115216,0.8726770098489057,0.8610448343538699,1525.08,3.010297662506949
FRB20230508C,0,,0,False,1413.0,0.41538817521321525,1.0829219131568175,1.7370310652613428,2225.04,2.6875386602553437
FRB20230510A,0,,0,False,976.0,0.43390211342295815,1.0544272803498473,1.4549239841482724,3151.96,3.22437730840121
FRB20230510B,0,FRB20220505A,0,True,826.0,0.4960094891162475,1.5793826033066156,2.6531237714719604,3273.86,3.7659249157230725
FRB20230510B,1,FRB20220505A,0,True,1537.0,0.4604357577233757,1.3842222931269361,2.197015683440616,2514.46,3.5677517297343218
FRB20230510B,2,FRB20220505A,0,True,612.0,0.4831150570030389,1.4795072141096937,2.5688696619252935,3010.68,3.8029298905826914
FRB20230510B,3,FRB20220505A,0,True,936.0,0.46469405751936993,1.3580174409194123,2.264108154495135,2385.2,3.5954309528739996
FRB20230510C,0,FRB20220505A,0,True,2115.0,0.3988529632730454,0.8654197936841882,1.575654664244545,1271.76,2.464278237971135
FRB20230510C,1,FRB20220505A,0,True,1963.0,0.41013225994457214,0.9729557802253115,1.523373370495614,2244.62,2.894839169393228
FRB20230510C,2,FRB20220505A,0,True,281.0,0.47644418422006235,1.4200328993997056,1.6602780511584705,3844.06,3.8937775805211756
FRB20230510D,0,,0,False,719.0,0.4577981623231637,1.2803964270648631,2.206121592876412,3018.26,2.74528239949227
FRB20230510E,0,FRB20220912A,0,True,3527.0,0.40259993348100853,0.6550057939839249,1.013799101511165,1777.7,1.5409935663870369
FRB20230510F,0,FRB20220912A,0,True,1224.0,0.42348874321080904,0.8475769730608821,1.4975361062938082,2374.38,2.133340972033713
FRB20230510G,0,FRB20180916B,0,True,1284.0,0.42921291928531113,1.12938864389781,1.7760907608551575,2214.36,3.1643333505887963
FRB20230510H,0,FRB20180916B,0,True,1827.0,0.4245381098704267,0.9283192153173616,1.2658366039188969,1416.94,2.606292246576199
FRB20230510H,1,FRB20180916B,0,True,1912.0,0.4141614712518736,0.9401210708279099,1.4538185838785584,1669.08,2.481877663434319
FRB20230511B,0,,0,False,356.0,0.5050584498607726,1.3718366260060701,2.4708241801343873,3427.42,4.3712840747049615
FRB20230511C,0,FRB20190929E,0,True,1986.0,0.41661962479212516,0.782004614474918,1.4873493738615682,1734.38,2.3381671721784922
FRB20230511D,0,,0,False,1296.0,0.40991058718677337,0.8486452122505185,1.74217766816071,2255.44,2.1163732132258795
FRB20230511E,0,FRB20220505A,0,True,456.0,0.48739870577246325,1.5210943106979506,2.4201350585316357,3594.04,3.969510238598379
FRB20230511E,1,FRB20220505A,0,True,686.0,0.4604538333630663,1.3720274958910612,2.199628072004184,2966.84,3.6758553475200118
FRB20230511E,2,FRB20220505A,0,True,1002.0,0.45038485934934425,1.3875069908453732,1.8969615934972757,3055.32,3.6422532618717685
FRB20230511E,3,FRB20220505A,0,True,55.0,0.5474381132329406,2.3415060859329557,3.24838386073177,3902.74,4.495513383636355
FRB20230512A,0,,0,False,764.0,0.4841049350061709,1.2682918665707557,2.196479452066949,3247.44,3.936193316590254
FRB20230512B,0,,0,False,3522.0,0.4106782414023978,0.7338919109787659,1.1772939741967412,1212.0,1.9236234109222565
FRB20230512C,0,,0,False,1102.0,0.4123117864511779,0.9070253628835468,1.6671887466867963,2977.4,2.4626675526341337
FRB20230512E,0,FRB20220912A,0,True,4043.0,0.3976209570791397,0.44040810864240665,0.5646459818556212,472.56,1.6235844991209085
FRB20230512F,0,,0,False,2739.0,0.418565498813728,0.8723579652323418,1.0052632076729306,1451.46,1.8503831137610307
FRB20230513A,0,,0,False,3994.0,0.39158131537897356,0.7211771408909591,1.3113694087617487,873.14,2.228778607457766
FRB20230513B,0,,0,False,3525.0,0.4010674807520489,0.6707088707682941,0.9054272741433737,639.96,2.39937099773321
FRB20230513C,0,,0,False,984.0,0.41263723695341237,0.9549377539953834,1.4651355760459976,2814.38,2.8405803644434053
FRB20230513D,0,,0,False,176.0,0.45578275534690554,1.510524726482074,1.9313627128191506,2771.6,3.4897305683466366
FRB20230514A,0,,0,False,1438.0,0.41812867839374007,0.8485327388917916,0.9150912184878635,1731.22,2.3324044969824222
FRB20230514B,0,FRB20200223B,0,True,434.0,0.481846371920715,1.153996174853826,1.7313643850546006,3691.6,2.8086885557201486
FRB20230524A,0,,0,False,3092.0,0.3892497704764014,0.8105920603595648,1.281870263248706,1890.08,2.399761983975291
FRB20230524B,0,,0,False,2890.0,0.39241560469634607,0.8547018841589338,0.9535705325302472,1883.78,1.9465667054959628
FRB20230525A,0,,0,False,3899.0,0.38015378157368307,0.6777924189296097,1.0504133339682102,676.38,1.896678299567032
FRB20230525B,0,,0,False,2637.0,0.4318708109940078,0.74195772926293,0.7783600123233801,1713.7,2.631885209457673
FRB20230525D,0,,0,False,3874.0,0.39639410673361464,0.6957794445219337,0.8934735005296375,805.38,1.7203621906629794
FRB20230527B,0,,0,False,3178.0,0.41718503186600814,0.7427757248128244,1.1437778961808527,1253.74,2.2636386210371993
FRB20230528A,0,,0,False,2673.0,0.3896442104932944,0.9297276661670187,1.0853886545461284,1600.5,2.3214662503947467
FRB20230528B,0,,0,False,3729.0,0.41752908265232863,0.6503835314346207,1.0788521909131863,918.58,2.0476909473436407
FRB20230528C,0,FRB20220912A,0,True,3445.0,0.4344841486746312,0.5033258298280103,1.0697156581517229,918.38,1.4548578853756573
FRB20230528D,0,FRB20220912A,0,True,772.0,0.42793245932365626,0.9363281000588914,1.5985395277175745,2915.14,2.2317994658987703
FRB20230528E,0,,0,False,1427.0,0.4360413005099681,1.3251799931243027,1.9181251306559999,2537.84,2.5136445950933317
FRB20230528F,0,,0,False,3837.0,0.39341719929082664,0.7085742307024461,0.741118245538748,1304.98,2.1505406519331207
FRB20230529A,0,,0,False,817.0,0.43665103030387664,1.0372269357758093,2.069811946181113,2601.54,3.1119492457991385
FRB20230530A,0,,0,False,345.0,0.49289710197956466,1.1967703020025309,1.865596883690938,3230.14,3.339563833076814
FRB20230530B,0,FRB20220912A,0,True,3721.0,0.40398235430733614,0.5325869348643322,0.6204861717293397,1462.12,1.498740119987687
FRB20230601B,0,,0,False,3586.0,0.4148950727974521,0.6044586823483286,0.9274163688383613,637.0,2.6082598548603557
FRB20230601G,0,,0,False,4106.0,0.3750362649545688,0.5168627126157207,0.7457652002643944,314.18,1.9720475860232185
FRB20230601D,0,FRB20220912A,0,True,2324.0,0.4199530340670151,0.6657751265063898,1.423462640065577,1558.32,1.8035305989119323
FRB20230601E,0,FRB20220912A,0,True,189.0,0.4875268229743464,1.0404458753496773,1.7304259779382956,3008.06,2.2519291237492745
FRB20230601F,0,,0,False,3613.0,0.39410431094487386,0.7970818027057234,1.0267103019195274,1534.64,2.9068052115246177
FRB20230602A,0,,0,False,3696.0,0.3982059694315878,0.6599991605415865,0.8887664234637426,871.74,1.6373376279702296
FRB20230602B,0,,0,False,1767.0,0.4395471034129105,0.8572278461715908,1.1357873193115255,2833.5,3.960870666882649
FRB20230602C,0,FRB20220912A,0,True,1931.0,0.44470336058292975,0.7292239379970786,1.2970517234774555,3078.44,1.6496835404546213
FRB20230602D,0,,0,False,923.0,0.45377674178419686,1.1398972164604244,1.9299289195112583,2616.46,2.344335653151557
FRB20230602E,0,,0,False,2942.0,0.4231514782067864,0.7381437325069069,0.7953919873739204,2328.06,2.509796190585331
FRB20230603A,0,FRB20190208A,0,True,3169.0,0.4011148564283869,0.7021261645673873,1.2047470566804064,1232.9,2.478573013559144
FRB20230603B,0,FRB20220912A,0,True,1877.0,0.421272704933059,0.7685365260549801,1.3480727144869997,1914.44,2.3076245722543107
FRB20230603C,0,FRB20220529A,0,True,2560.0,0.438389513736898,0.9132330946686773,1.3969502748352816,1355.88,2.2661120037456985
FRB20230604D,0,FRB20190117A,0,True,3161.0,0.37988989065572815,0.7262208843224918,1.3457781749034163,1343.68,2.394798588834094
FRB20230604B,0,FRB20200202A,0,True,2813.0,0.44618180049818584,0.9828667061256731,0.9981020854687561,2297.72,2.642382209967936
FRB20230605E,0,,0,False,354.0,0.5016286827534617,1.3616518425689552,2.3067128770129965,2334.38,2.871079019258074
FRB20230605A,0,,0,False,1103.0,0.47356846068333774,1.1089369215957723,1.3380732860016094,2292.14,2.0800988061319137
FRB20230605C,0,FRB20220529A,0,True,2827.0,0.41493762470795004,0.8631604359522992,1.1134738642552648,1569.82,2.3553319355494953
FRB20230605C,1,FRB20220529A,0,True,2572.0,0.4172875869368002,0.8091302760348992,1.3782429188261864,1762.3,2.1633836764491092
FRB20230605C,2,FRB20220529A,0,True,1482.0,0.4177436992911493,1.0167292829033212,1.7640010591510042,2691.62,2.5224145497008252
FRB20230605C,3,FRB20220529A,0,True,1775.0,0.4108830679924611,0.985583956277911,1.3576218484782834,2454.52,2.542589589747573
FRB20230605D,0,FRB20210323C,0,True,3320.0,0.4058401221351932,0.7081662683560047,0.6382617441819087,2120.08,2.7165945006223837
FRB20230606A,0,FRB20220912A,0,True,2106.0,0.402040737861471,0.7287941373294735,1.2139606739816808,1993.94,1.8118734198656665
FRB20230606A,1,FRB20220912A,0,True,3914.0,0.41505545368530494,0.5378431299918787,0.623822406575876,1361.8,1.4313173165562745
FRB20230606B,0,FRB20220505A,0,True,3022.0,0.39399858044324854,0.7960177740889567,1.1864071215064325,1294.34,2.4503267458708904
FRB20230607A,0,,0,False,890.0,0.44918011828762033,1.352177998739242,1.6615056854289563,3241.42,2.722643280195176
FRB20230608A,0,FRB20220912A,0,True,3703.0,0.3986215451067448,0.6265131255025178,0.9494736512860745,1646.78,1.4130174856967028
FRB20230608A,1,FRB20220912A,0,True,914.0,0.4168266720809168,0.9088078967980664,1.070874274670152,3322.16,1.9606883560971986
FRB20230614A,0,,0,False,1067.0,0.43343791992603176,1.2009590889729256,1.7034921366254345,2487.94,3.1846061096802036
FRB20230614B,0,,0,False,376.0,0.4842974463972964,1.4473999488962166,2.36829523662915,3489.12,3.181783172605003
FRB20230614C,0,,0,False,768.0,0.4794929391592937,1.0784982731967516,1.67477374595694,2557.24,3.6404040817594274
FRB20230615A,0,,0,False,1434.0,0.4463576987029066,1.179949375135087,1.6952482009455028,2803.96,2.447351425618647
FRB20230615B,0,,0,False,2208.0,0.4158894400810592,0.9565626537323949,1.701002690461901,2769.94,2.972269526824829
FRB20230615C,0,,0,False,3993.0,0.400144502412652,0.6458277063684947,1.1807566234894629,596.96,1.688098860910938
FRB20230616A,0,,0,False,443.0,0.46742115917281013,1.5489067679897108,2.1305670120337985,3235.98,3.1728283463867895
FRB20230617A,0,,0,False,3676.0,0.4064501251119245,0.8035349820789529,1.0894999230812783,1318.48,2.7155688804638727
FRB20230618A,0,,0,False,2680.0,0.38785337640832157,0.8186727122925849,1.4710239817499586,1773.54,2.375392433590546
FRB20230619A,0,,0,False,3037.0,0.3935565719415352,0.9085941005525445,1.3446476229970976,1619.4,2.0082282733090486
FRB20230619B,0,FRB20220529A,0,True,1878.0,0.40024152977128874,0.8479804348619225,1.6016899328447385,2469.94,2.3037137516109416
FRB20230620A,0,,0,False,1699.0,0.40965080947153654,0.9309852386164689,1.14797117684702,2152.76,2.3350371675112305
FRB20230620B,0,,0,False,1716.0,0.43198245765242893,1.0643827524819962,1.6305760467756358,2321.38,2.764901480784005
FRB20230621A,0,,0,False,3883.0,0.4071687383947059,0.6017745532673391,0.8175612629687948,476.9,1.986540751969192
FRB20230623B,0,FRB20220912A,0,True,2884.0,0.4298832469007523,0.5357974325538756,0.8853144881444233,1104.44,1.5373577258300606
FRB20230624A,0,,0,False,2743.0,0.39485791691939576,0.806986105819375,1.2568456751998363,958.7,2.2335682097819625
FRB20230624B,0,FRB20220912A,0,True,622.0,0.46325858768417977,1.0626672849336205,1.503743078191108,3623.08,2.933720532329592
FRB20230624B,1,FRB20220912A,0,True,2283.0,0.43872694005190516,0.7024939359278041,1.3154731474099435,2831.7,1.4650313204754926
FRB20230624C,0,FRB20220912A,0,True,3853.0,0.4131404025282734,0.4247559017370448,0.8667438928607347,174.18,1.4152058110795251
FRB20230624D,0,,0,False,3058.0,0.413966159660624,0.8078106365059794,0.6938123520581868,1359.42,2.2513412653493923
FRB20230625A,0,,0,False,2552.0,0.40245170437501765,0.8335722658623235,0.9257124673515859,1502.8,2.6057584399795855
FRB20230625D,0,,0,False,1891.0,0.3929629483629545,1.0153136279319321,1.5351236749013208,2805.94,2.194928109958539
FRB20230625B,0,FRB20220912A,0,True,2511.0,0.4436503723965313,0.8982074611603975,0.9479761482915767,1611.24,2.195885725332171
FRB20230626B,0,,0,False,3176.0,0.42301606746125475,0.700206537651167,0.8929075629548134,1508.44,2.695287556871884
FRB20230626C,0,FRB20220912A,0,True,3682.0,0.4184057522091723,0.48986223757017366,0.5585883471374381,477.8,1.4943706493396478
FRB20230626D,0,FRB20220912A,0,True,3748.0,0.4035934400224999,0.5051359277168742,0.8761852792504978,1031.14,1.5147225128904134
FRB20230626E,0,FRB20220912A,0,True,3680.0,0.413395052200811,0.5098374969823772,1.0158302764333498,739.62,1.5803204115834777
FRB20230626F,0,FRB20220912A,0,True,2351.0,0.4381686197123773,0.7196543077133291,1.0462700387564645,2118.36,1.9283345425179157
FRB20230627A,0,FRB20220912A,0,True,3257.0,0.39400231951209974,0.6846622546168644,1.0965337018177086,2116.02,1.4506749575168074
FRB20230627B,0,FRB20220912A,0,True,2530.0,0.4417126185663153,0.6277090815629378,1.133358739115762,2351.02,1.6468347288159224
FRB20230627C,0,FRB20220912A,0,True,2972.0,0.3976401001894098,0.676741047759776,1.0279160389338122,1633.9,1.4720702105643175
FRB20230627D,0,FRB20220912A,0,True,2949.0,0.43269360787985583,0.5378050110020787,1.0707623349969189,2084.54,1.9154206646789367
FRB20230627G,0,FRB20220912A,0,True,3710.0,0.421192772071161,0.4932912569375132,0.9885110007839518,994.74,1.6734115735977242
FRB20230627E,0,FRB20210305A,0,True,2784.0,0.39868680161098724,0.7843303039075697,1.189034075695131,1620.54,2.3144861603348588
FRB20230628B,0,,0,False,3055.0,0.4166666891229524,0.8713708586559246,1.3572755792402318,1630.46,2.2003386226374793
FRB20230628B,1,,0,False,2289.0,0.38709532193709795,1.0103739748116218,1.506481301571457,1783.68,2.4638950909874144
FRB20230628C,0,,0,False,4008.0,0.3955215470077164,0.6839341414876087,1.1389798460873604,680.84,3.252079044737809
FRB20230628D,0,FRB20210409B,0,True,2074.0,0.4029046465559838,0.8338886850856729,1.1439817060607302,2080.16,3.3565587487000887
FRB20230628E,0,FRB20220912A,0,True,2963.0,0.4142264066305076,0.5332788506990258,1.0461580074147843,528.86,1.7641589303552043
FRB20230628G,0,FRB20220912A,0,True,3558.0,0.40112790260510606,0.5901440209191312,0.9163834457057566,1647.76,1.592027651886886
FRB20230629B,0,FRB20220912A,0,True,3449.0,0.4053134294227747,0.6065290468376281,1.2551276196913983,1229.0,2.0445670994225544
FRB20230629C,0,FRB20220912A,0,True,3448.0,0.41006251231734964,0.5161471449782645,1.036303619079707,944.94,1.6197915709285744
FRB20230629D,0,FRB20220912A,0,True,2659.0,0.39619324501325826,0.6772757637490747,0.8530382764322856,2085.06,1.796581932840472
FRB20230629E,0,FRB20220912A,0,True,2830.0,0.4153634648028094,0.5817737255041904,1.2079639790134729,1502.68,1.97987985376993
FRB20230629J,0,,0,False,53.0,0.5372028105879397,1.7900335481910208,3.2491920982999174,3083.18,3.6686901059764043
FRB20230629J,1,,0,False,3169.0,0.43361738320319426,0.8185826171559988,0.6435876051762882,846.48,2.2492528818667354
FRB20230629H,0,,0,False,3382.0,0.431604862927941,0.6873384409627787,1.1598258381792694,522.16,2.298916224567205
FRB20230629I,0,,0,False,1215.0,0.41907977878560704,1.0167487296026088,1.7351574611744827,1863.5,2.475877686193945
FRB20230630B,0,,0,False,1949.0,0.44419527003393444,1.1119303924654,1.4906951868116973,1567.98,2.707429102512171
FRB20230630C,0,FRB20220912A,0,True,3524.0,0.39615524592037443,0.5907790052812143,1.1933355334475633,918.36,1.5489200881356868
FRB20230630D,0,FRB20220912A,0,True,3205.0,0.42837145025347845,0.5416274274873137,1.0025544227923,1900.82,2.0229302625526615
FRB20230701A,0,FRB20220912A,0,True,4068.0,0.39948193938506366,0.499620269306351,0.5378446587483368,518.66,1.3202353439406858
FRB20230702B,0,,0,False,2101.0,0.4085444873582402,0.7906515423473255,1.6109819688434663,1865.92,2.006194700399078
FRB20230702C,0,,0,False,3938.0,0.37587925417176704,0.6240357133031077,1.1578066378167835,680.1,2.0117282439655115
FRB20230702D,0,FRB20220912A,0,True,2800.0,0.43767768859215783,0.5763540742462293,0.9645133796830778,2358.48,1.7632556096137537
FRB20230702E,0,FRB20220912A,0,True,165.0,0.461074875789172,1.2189740920932697,1.7762353548657117,3570.74,2.991853183651372
FRB20230702E,1,FRB20220912A,0,True,1403.0,0.42478759489204865,0.8171643467451295,1.2994032796242205,3153.34,2.003789132287474
FRB20230702F,0,,0,False,2776.0,0.45423504301177836,0.789083338546854,0.6706382423867112,380.12,2.3006426323651676
FRB20230702A,0,,0,False,1927.0,0.4069915953874237,1.0699155784671572,1.6710969704321357,2228.72,2.5587456452431745
FRB20230703A,0,,0,False,1414.0,0.4429333084050163,1.2484443048084775,2.2283148149236913,2520.36,2.5500664106117417
FRB20230703A,1,,0,False,1174.0,0.42514503549527977,1.0479867104458969,1.7644071369876047,2347.58,2.452481045444564
FRB20230703B,0,,0,False,2011.0,0.41794704436251434,0.8587993720275922,1.0327673879790376,2337.96,2.598819750883385
FRB20230703C,0,,0,False,2679.0,0.3954983201657923,0.9140277739914978,1.4133061970385854,1976.36,2.90686653179137
FRB20230703D,0,FRB20220912A,0,True,2161.0,0.4074906844095543,0.7106041712561473,1.3334848551843643,1935.6,1.9627847024527434
FRB20230703E,0,,0,False,3542.0,0.4095064604697924,0.7916574714839406,0.9851940076801292,993.94,1.8979720870286796
FRB20230703F,0,,0,False,2070.0,0.388026379557666,0.9561179227321116,1.6586311447643958,2161.98,2.11759244404648
FRB20230704D,0,,0,False,313.0,0.45061505282280634,1.1956165029889614,1.8504270451922604,3433.96,3.197938603539869
FRB20230704B,0,FRB20220912A,0,True,3026.0,0.40323362951512615,0.6580422156001038,0.7391666793389124,2476.76,1.7252125627841992
FRB20230704C,0,,0,False,2294.0,0.39977746941159376,0.9515425786790781,1.5132484566817437,2550.34,3.257179901398493
FRB20230705A,0,,0,False,2933.0,0.41013870031463573,0.68573641652649,1.1215899448381632,1342.2,2.0498542901419374
FRB20230705B,0,FRB20220912A,0,True,3577.0,0.4118205875767142,0.5134681359983216,0.7805053007073363,739.98,1.4787248412598415
FRB20230705C,0,FRB20220912A,0,True,330.0,0.4267320395448898,1.1646713365520809,1.8430826471278139,3526.56,2.5660611351363936
FRB20230705D,0,,0,False,81.0,0.516011186870052,1.6623564405907119,2.9271030220833443,2756.8,3.9161224362924947
FRB20230706A,0,FRB20220912A,0,True,2503.0,0.4076918851879347,0.6497216644682559,1.119427754535359,2101.64,1.6471352026521426
FRB20230706C,0,,0,False,531.0,0.485273022864154,1.2669528091721503,2.1449542516088176,3161.68,3.3456287757167877
FRB20230706D,0,,0,False,2547.0,0.46779784042851336,0.9421518958146613,1.0371736182070268,1065.06,2.063562960727422
FRB20230708B,0,FRB20220912A,0,True,3691.0,0.3998988431562968,0.5321621117705796,0.9360015659024974,1147.8,1.3246463092933412
FRB20230708C,0,FRB20220912A,0,True,2748.0,0.4267216915312392,0.6466725477349652,1.1462479574625148,2602.16,1.927647642794787
FRB20230708C,1,FRB20220912A,0,True,3387.0,0.389957762226724,0.674939847952651,1.0138682826714844,1326.38,1.4476760456524236
FRB20230709A,0,FRB20220912A,0,True,141.0,0.5009153380863877,1.1775631948850847,1.9932837417767837,4044.38,2.4899131410433766
FRB20230709B,0,,0,False,3642.0,0.397168114692215,0.7298182848163848,0.8968078578099107,1142.8,1.7759395646338623
FRB20230710A,0,,0,False,2052.0,0.4281467158221069,0.890759315065768,1.5898150714557273,1490.24,2.2349346968005825
FRB20230710B,0,FRB20220912A,0,True,2506.0,0.4343799859879678,0.8258139563758098,1.049598077224343,1298.64,2.1295859976762217
FRB20230712B,0,,0,False,2820.0,0.38830168421533157,0.8774449795941599,1.5804584462683315,1461.6,2.3513086084515478
FRB20230712D,0,FRB20220912A,0,True,2992.0,0.4453651656003515,0.5784771472193215,0.8810002560322298,1904.74,1.703781708829395
FRB20230712E,0,FRB20220912A,0,True,4039.0,0.40294948582265083,0.4376360084037212,0.5430754147439618,214.6,1.3665698702968294
FRB20230712F,0,FRB20220912A,0,True,945.0,0.44973668154128355,0.9109826404573458,1.4870394224409385,3163.58,2.341540983148919
FRB20230712J,0,FRB20220912A,0,True,2498.0,0.42339031129978977,0.6115659966734878,1.276383010046579,1513.34,1.7120264288800104
FRB20230712G,0,FRB20190113A,0,True,720.0,0.4371959248625887,1.0606063831671628,1.3329136211667838,3316.86,2.902346237619178
FRB20230713A,0,FRB20190117A,0,True,2833.0,0.3988483298903642,0.679708693970884,1.1592909092266581,1147.32,2.8436135389871766
FRB20230713B,0,FRB20220912A,0,True,704.0,0.4601644560093903,1.1526608234425864,1.478732733430504,2263.96,3.020539253365164
FRB20230713C,0,FRB20220912A,0,True,809.0,0.43674216245153147,0.9717658330958322,1.5037539187136915,2918.88,2.3886834441369587
FRB20230713D,0,FRB20220912A,0,True,3869.0,0.3962304269230643,0.5927379578857861,0.6845442181572139,1719.14,1.4282314422531868
FRB20230713E,0,FRB20220912A,0,True,920.0,0.4360858859300593,1.028314028439625,1.5067196006553145,2622.16,2.9022817353539336
FRB20230713F,0,FRB20220912A,0,True,3940.0,0.39027264503053377,0.5861075683981192,0.7845917845505317,1383.62,1.4598254253373084
FRB20230714B,0,FRB20220912A,0,True,1287.0,0.4435391850648774,1.0295934503657542,1.0446024600674817,2107.76,2.408289939306264
FRB20230716A,0,,0,False,3928.0,0.39576529870593125,0.75254063888629,0.9804711268614458,2079.8,2.3764621128978645
FRB20230717A,0,,0,False,597.0,0.5464966261848461,1.7347020386947611,3.153725459270567,3125.7,5.051198132876137
FRB20230717C,0,,0,False,1077.0,0.5712266026128461,1.9796250229540664,4.293116100380936,3353.06,4.948724728649539
FRB20230718B,0,,0,False,1421.0,0.41831846554350666,0.9496589172979235,1.3976079836375317,2150.98,2.3021710037875964
FRB20230718C,0,,0,False,482.0,0.5176560322787609,1.085056193746426,1.604018888289349,2325.04,3.114893232133635
FRB20230719A,0,FRB20220912A,0,True,3219.0,0.4169047365073911,0.5809212118516207,0.8612929759856844,2046.16,2.032941053487501
FRB20230720C,0,,0,False,1000.0,0.42821350962767923,1.0034743298452402,1.4250781418021143,2048.68,2.677704406659235
FRB20230720A,0,,0,False,1556.0,0.4723079630179486,1.5154784445290548,2.8357808666746207,2275.08,4.298797502753628
FRB20230721A,0,,0,False,3429.0,0.4136346771728774,0.7939669339105485,1.2332595793390153,1682.64,2.11089144105769
FRB20230721B,0,FRB20220912A,0,True,3094.0,0.40080205514627637,0.6796682583599039,1.3202060014393313,1554.26,1.7210977741127385
FRB20230722A,0,,0,False,768.0,0.5143357619979191,1.5268576513556422,1.7099577236512862,3297.6,3.500319269214032
FRB20230806A,0,FRB20220912A,0,True,3069.0,0.42654958934084825,0.6591160363665327,1.1976443661635396,2807.7,1.9763769842899073
FRB20230806B,0,FRB20220912A,0,True,2019.0,0.43346392272472206,0.6535171220104606,1.3179659101702574,2397.96,1.7561662345482463
FRB20230807A,0,,0,False,1248.0,0.4688869433279384,1.1163904538562717,1.6634005043514388,1810.2,3.2854273640139
FRB20230807B,0,FRB20220912A,0,True,3355.0,0.42598887965572496,0.49841034968973796,0.9673273368713114,1626.84,1.9183323438380209
FRB20230807C,0,FRB20220912A,0,True,4000.0,0.4060483511239483,0.5612470804104888,0.768694632622601,1168.86,1.344593311652753
FRB20230807D,0,FRB20220912A,0,True,619.0,0.44397034050046663,0.9550658967354316,1.707842483943149,2848.64,2.733397901320545
FRB20230808A,0,,0,False,1920.0,0.40299423142584184,0.7752055607827544,0.9115217785504368,1669.88,2.706593259335022
FRB20230808B,0,FRB20220912A,0,True,2330.0,0.4238527458858897,0.8569751010870522,1.1404291714630315,2344.7,1.798219179504062
FRB20230808C,0,FRB20220912A,0,True,454.0,0.461907292349465,1.2608507239718967,1.8592752753836472,3080.08,2.9596741634454777
FRB20230808D,0,FRB20220912A,0,True,3827.0,0.40466301741735405,0.5915533237780468,1.0019669844844774,1162.54,1.3692563830350257
FRB20230808D,1,FRB20220912A,0,True,1769.0,0.4427992475837872,0.7887158083986355,1.2307667759015564,2733.4,1.8642678811840023
FRB20230808E,0,FRB20220912A,0,True,3352.0,0.3986904987787187,0.5605492254275134,0.8858653836300009,1641.28,1.6117789260111073
FRB20230811A,0,,0,False,1168.0,0.5077320526562733,1.2360425323013637,2.64301202346935,1305.42,3.933784410236427
FRB20230813A,0,,0,False,739.0,0.42985618779506723,1.0412857175567782,1.546377301031434,2661.38,2.5992494693029005
FRB20230814C,0,,0,False,2009.0,0.415735086454891,1.049284039582552,1.4498161978654234,2916.1,2.431471798260453
FRB20230814E,0,FRB20220912A,0,True,3278.0,0.4156610432993434,0.5156483410274879,1.161637539442586,778.94,1.7913660260218693
FRB20230814G,0,,0,False,512.0,0.4834668364383133,1.4653220316269797,2.0964744608317285,3585.46,2.8904108287736254
FRB20230814H,0,,0,False,3301.0,0.4161616173993276,0.7627587584333672,1.1185593807219965,1727.3,1.8747514418566198
FRB20230817A,0,,0,False,3650.0,0.43196556398066643,0.6918923909563839,0.6946788155191368,367.2,1.821420886184809
FRB20230818A,0,FRB20220912A,0,True,2230.0,0.4432385244748873,0.739764995401978,1.2706290619178473,2393.48,1.881507954303336
FRB20230825D,0,,0,False,2703.0,0.4189623516328333,0.9233514587340055,0.9320657459869679,1538.76,2.451864285798538
FRB20230825E,0,,0,False,197.0,0.5299667810589627,1.721015681866111,2.8470613425922204,3803.74,3.4154805703205455
FRB20230825E,1,,0,False,370.0,0.4362419511354311,1.4832100666725938,1.859214308349178,3619.8,2.612017997530649
FRB20230825F,0,,0,False,1282.0,0.42973531141653565,1.036115635562575,1.5278898778333716,2424.42,2.4701430425881217
FRB20230825G,0,,0,False,3758.0,0.40395419356594725,0.49349877425779365,0.9500867694762671,777.82,1.3175315778130916
FRB20230825I,0,,0,False,104.0,0.4994045147843812,1.8650784416068618,2.5495461543917726,3738.3,3.35894471975313
FRB20230825I,1,,0,False,3304.0,0.4246773363752029,0.5596261460410646,0.9119931647617534,507.98,1.6959542626371285
FRB20230825J,0,,0,False,2421.0,0.4291837372661204,0.8795191125845188,1.385300552584236,1842.9,2.8574127220758676
FRB20230825A,0,,0,False,3245.0,0.38561853877339836,0.6582025202782305,0.9302809601139647,846.52,1.968077930380126
FRB20230825B,0,,0,False,3109.0,0.39943979170960875,0.8420964229158752,1.296948600100764,2066.1,2.5053887609358294
FRB20230826C,0,FRB20220912A,0,True,2897.0,0.4081313754125605,0.7627237582534817,1.092047408405141,2199.96,1.550619589494008
FRB20230826D,0,FRB20220912A,0,True,2065.0,0.43474178104048167,0.632763354131711,1.3338662731577962,2068.16,1.8109411178946575
FRB20230826A,0,FRB20220912A,0,True,1224.0,0.44459621273690914,1.1914891349552987,1.9887181853635545,2163.52,2.4917500491010554
FRB20230826A,1,FRB20220912A,0,True,10.0,0.5911187830578868,3.045057419322636,4.703671771785374,3361.32,5.506626912105013
FRB20230827A,0,,0,False,3970.0,0.3925941314061459,0.7000005655414137,1.3621918227495056,964.46,2.260670282706702
FRB20230827B,0,FRB20220912A,0,True,932.0,0.44376963053501167,0.9620188814445377,1.2266614066333068,2964.52,2.4680591569135175
FRB20230827C,0,FRB20220912A,0,True,3581.0,0.43605543293397747,0.6139113214560116,0.696814075425661,2634.48,1.6564605305612594
FRB20230827D,0,,0,False,2103.0,0.4012446151086867,1.0232206959975336,1.3618838283212422,1897.66,2.906713157278999
FRB20230828C,0,,0,False,1674.0,0.43376624333722674,0.9205077750075794,1.3371561054112826,2589.66,3.1934828951824703
FRB20230828D,0,FRB20220912A,0,True,3321.0,0.4204850940592036,0.5372787807460061,1.122416327488803,1472.7,1.4011163178725838
FRB20230828A,0,,0,False,1590.0,0.48001956441883253,1.361041243295818,2.9028613771947285,1800.44,2.783301694286374
FRB20230829A,0,FRB20220912A,0,True,1345.0,0.43885267593453453,0.8628171520339091,1.6441851208237488,2852.14,2.0250166147099193
FRB20230829B,0,,0,False,1896.0,0.4301097455939272,0.945790007486328,1.4789539421743514,1374.42,2.7214866617854563
FRB20230830A,0,,0,False,2683.0,0.41185899758879463,0.7999022950976391,1.13284091779369,2125.42,2.2653709979139647
FRB20230831B,0,FRB20220912A,0,True,3359.0,0.41654023578269317,0.5188949020291405,0.7935183871227176,1347.04,1.9105279373769464
FRB20230831C,0,,0,False,3361.0,0.3904109840822532,0.7242726485631332,1.031128165003733,1703.24,2.329704649061834
FRB20230831D,0,,0,False,685.0,0.4681321960077396,1.3292782897440323,1.808515340637836,2762.9,3.538919320067147
FRB20230901A,0,FRB20220912A,0,True,1596.0,0.4319470917977072,0.6283929043581611,0.8623056565923624,2023.7,1.8634525681400154
FRB20230902C,0,,0,False,4034.0,0.4012639059672211,0.5699219767195407,1.232197595797138,714.46,2.2407522846488264
FRB20230903A,0,FRB20220912A,0,True,3775.0,0.410825408385328,0.4740695551003933,0.9203023773258964,789.96,1.364075222917502
FRB20230904A,0,,0,False,818.0,0.5103025116552982,1.5424156662843078,2.9144563194100663,2706.08,3.6916446956607256
FRB20230904A,1,,0,False,672.0,0.4873010242747324,1.662778192405531,2.815748726905476,3316.8,3.4200374470967807
FRB20230904B,0,FRB20220912A,0,True,2367.0,0.4364264745595103,0.9229652749595976,1.2777134635592937,1420.08,2.35212639536832
FRB20230905A,0,,0,False,656.0,0.562915885366408,1.8926419453768701,3.970055028052893,3232.04,5.03296791800086
FRB20230905B,0,FRB20220912A,0,True,3146.0,0.42680232092994574,0.5791842009827828,1.2156905819445711,1440.36,1.815715373859041
FRB20230905C,0,,0,False,2269.0,0.4150930171078545,0.8225091031201563,0.861792436464528,1216.4,2.315641197484539
FRB20230906A,0,,0,False,1205.0,0.4784220287198599,0.9842983612395322,1.5051653283233297,1969.64,2.0787642225463916
FRB20230906B,0,,0,False,3391.0,0.3959221305305593,0.6598015955834798,1.3427330545196772,1205.16,2.8242090082894173
FRB20230907A,0,FRB20220912A,0,True,3212.0,0.4078764211822938,0.6976126924119265,1.1695169397789473,1903.72,1.5687130180951103
FRB20230907B,0,FRB20220912A,0,True,766.0,0.4255497497991779,0.9052830181277189,1.4158312703728608,2777.64,2.136584036643246
FRB20230908A,0,FRB20220912A,0,True,2199.0,0.438882558381258,0.69867245396416,1.3410882691392585,2884.02,2.302339831305523
FRB20230908B,0,FRB20220912A,0,True,2728.0,0.41232844870352314,0.7218344267418663,1.0515097987347357,1648.44,2.1606916931012203
FRB20230908C,0,,0,False,87.0,0.5393343841889019,2.178520102147168,3.052479163171063,3851.12,4.409786484204982
FRB20230909A,0,,0,False,545.0,0.47711455861601526,1.4195846233213707,2.183369873032846,3127.5,2.7219233650055816
FRB20230909C,0,FRB20220912A,0,True,3537.0,0.419366993476317,0.5020005264455523,1.0387975742558249,1160.58,1.593130413265479
FRB20230909F,0,,0,False,3400.0,0.38567767241503326,0.7691729252569725,1.40917990456785,1172.4,1.8157311409124182
FRB20230909D,0,,0,False,4061.0,0.4085466846319101,0.6687016037519713,1.1634738407917404,322.08,1.7553537143371742
FRB20230910A,0,FRB20220912A,0,True,3855.0,0.41734677722104024,0.41923246706379225,0.7312752048805617,409.08,1.253256390415002
FRB20230910B,0,FRB20220912A,0,True,1548.0,0.41812560488424455,0.7682448372328243,1.4806623372050995,2173.42,2.0366503938761644
FRB20230910C,0,,0,False,3000.0,0.4234444380345202,0.7357345319871529,1.0455858962483473,1410.9,3.1641886138589332
FRB20230910D,0,,0,False,1017.0,0.4302411091916829,0.9793333529735134,1.713221631389853,2855.04,2.6640024102620123
FRB20230911A,0,,0,False,161.0,0.608360145640701,2.3114950995676193,5.8649864875000155,3613.88,7.317253342674857
FRB20230911B,0,,0,False,620.0,0.5356558941187682,1.7877776242592376,3.5540842329646183,2710.26,4.889293671966368
FRB20230911B,1,,0,False,418.0,0.5724621853479144,2.2094122299251553,3.941424875863239,3401.56,4.692408028135654
FRB20230911B,2,,0,False,1789.0,0.494978365453563,1.5085138362338357,3.202213739509682,1915.9,4.435856319966191
FRB20230912A,0,,0,False,3544.0,0.4093539263235242,0.8194807919217937,1.193808506912413,942.6,2.0789424308886044
FRB20230912B,0,,0,False,2495.0,0.43920522503697923,0.9136054214218987,1.338602067600326,1953.78,1.9196829604692802
FRB20230912C,0,,0,False,1104.0,0.5384909883066943,1.4234380914094884,2.9383370721882707,2592.36,4.4590347502639185
FRB20230912D,0,FRB20190117A,0,True,1578.0,0.4015927575549183,0.9956670989468236,1.420787119775428,2306.06,2.689233257336064
FRB20230912E,0,FRB20220505A,0,True,3192.0,0.40743499060979443,0.6295525451870011,0.9595715973652396,793.82,2.608178201385741
FRB20230912E,1,FRB20220505A,0,True,2421.0,0.4152579629661331,0.8133561480217775,1.1059570446687972,2682.38,2.5626132841138842
FRB20230913A,0,,0,False,694.0,0.5787236096488486,1.6620842688477375,4.473643711248847,2658.74,5.8837396211467174
FRB20230913B,0,FRB20220912A,0,True,2476.0,0.43724573932308247,0.5817516694076785,1.1859298354194638,2352.6,1.719572644659871
FRB20230913C,0,FRB20220912A,0,True,96.0,0.49705508844328467,1.3255096138538824,1.7510096833251323,3872.24,3.8891490877846615
FRB20230913E,0,FRB20190303A,0,True,1928.0,0.46748592893569624,0.9392002153632454,0.8949954916517682,1761.96,2.4167820643511444
FRB20230914B,0,FRB20220912A,0,True,2430.0,0.4353131785876207,0.5909520942692316,1.2240111215142624,2387.36,1.7883740121240341
FRB20230914C,0,,0,False,3659.0,0.3769261284100439,0.6105904876948419,1.2341376740908665,976.1,1.8735438502546402
FRB20230915A,0,,0,False,1150.0,0.4472191084610179,1.0681390008474956,1.627697432902952,3214.56,2.574456494547497
FRB20230915B,0,,0,False,3534.0,0.3852220932287032,0.8424757641717587,0.7793784074848837,1623.68,2.2047217861105026
FRB20230915C,0,,0,False,3384.0,0.4095568706850852,0.6636860055278867,0.983723045799822,987.86,2.1271926385739675
FRB20230915D,0,,0,False,3944.0,0.3936668272401278,0.6570690573719837,0.8391603205236268,686.94,2.123710032936168
FRB20230915E,0,,0,False,3895.0,0.39462721625721636,0.6105594700200697,1.0583352333704916,971.0,2.5904491875527422
FRB20230915F,0,,0,False,1846.0,0.4674721715975478,0.9854747712401851,1.8986175365212472,2143.14,2.6342296345684826
FRB20230915H,0,,0,False,3468.0,0.41907929302086694,0.7716905945599772,1.0159622506482868,1103.62,1.7767212036099889
