Name,is_repeater,RpName,DMfitb,Widthfitb,Scat,Flux,Fluence,SpInd,spRun,Fpk,Bandwidth
FRB20180904A,False,-9999,-0.6076686263960976,-0.7897265648166476,-0.8044831071089682,1.3847269144533152,0.17804428310771972,-0.11166343154045426,0.20606345610452045,0.06052010040775551,0.21153621283844887
FRB20180906A,False,-9999,-0.5083941822241792,0.221567136729714,0.09860378392311459,0.2552360946666672,-0.5722637172949668,-0.6904957184594026,0.5802204562058481,2.557566520790354,1.029623235573759
FRB20180906B,False,-9999,2.918079863584728,1.0444173248559345,0.92928337594132,-0.9385902304350197,-1.0336231499262523,-0.5589429259778235,0.389945334103871,-0.5661895894137597,0.18175375012226078
FRB20180907D,False,-9999,1.6902628051869857,0.7568594944116299,0.468831611037363,-0.3323207358004528,-0.023140730478127623,-0.549546297943425,0.5573874415536108,2.557566520790354,1.029623235573759
FRB20180907A,False,-9999,0.8616262354174555,-0.25126837635139376,-1.391863125562196,-0.3519193093572166,-0.540880231371573,-0.7891603128205871,0.48127739271282,-1.003283989559163,-0.3813209356056825
FRB20180907B,False,-9999,0.3860217424550677,-1.780928428527104,-0.22823860221607112,-0.15584978685924752,-0.5103119938200564,-0.713987288545399,0.48888839759689906,-1.003283989559163,0.5754406791518801
FRB20180907C,False,-9999,0.33496284929226605,-1.5104700676233698,-0.5046238586287431,-0.12946868870597036,-1.0430754977546928,-0.5636412399950227,0.5208546181100312,1.398509679671586,1.029623235573759
FRB20180907E,False,-9999,-0.5088086968438744,1.4301159390070288,0.6485934000020969,-0.49527760514872493,0.32038264283364337,-1.0146793856461513,0.5178102161563995,-1.003283989559163,-1.4264992365519316
FRB20180908B,True,FRB20180908B,-1.6258564044846475,0.5791053139678104,0.26770998558889464,-0.07781347649130264,-0.003361929139220167,1.8700854209141922,-0.5355528598001452,0.6338170325740274,-0.7368490842801859
FRB20180909A,False,-9999,-0.40305983361669073,1.881062782570169,1.3578473023741562,-0.9796829796400228,-1.2845112721447414,-0.6951940324766019,0.5391210298318211,-1.003283989559163,1.029623235573759
FRB20180910A,False,-9999,0.45068712830892865,-1.806861616471971,-1.4549097970822469,2.206898677505145,0.10880013674496802,-0.6787499334164045,0.5508419773533028,-0.8483869923589588,1.029623235573759
FRB20180915A,False,-9999,-0.5629341339601737,-0.34153955108170275,-0.42834913610224534,0.6944484544286477,0.21119608037471624,-0.3757086793070525,0.4203893536401873,0.5252110920083668,1.029623235573759
FRB20180915B,False,-9999,-1.7870344464148586,0.4658460023203573,-2.0866831055372206,-0.23733843624129664,-0.2659597099378715,-1.1133439800073357,0.6045756718349011,-1.003283989559163,-1.5093317109813311
FRB20180916A,False,-9999,-0.9367926934683766,-2.5793830159592464,-1.663563514508694,0.7494450321933658,-0.10575787276896813,-0.5678697226105021,0.4356113634083455,-0.4290968447653035,0.9644740983820962
FRB20180916B,True,FRB20180916B,-0.6626094735985062,-0.38968321161353076,-0.2870010534184529,0.417893021236748,0.19473691728150186,2.048621353567764,-0.5157642471015395,0.8100791328363282,-0.6530859078909056
FRB20180916C,False,-9999,2.4230644716097265,1.4065204091423236,0.977799979485831,-0.8983941222371574,-0.7804777169560412,1.5271084976586464,-0.20219084587748146,1.1394578050436583,-0.10862526136057928
FRB20180917B,False,-9999,0.8230557522251883,0.8716991799446844,1.1841351664684425,-0.20067556376424867,0.5123812846296425,-0.574917193636301,0.4280003585242664,-0.5047649181102307,0.7020161456956825
FRB20180917A,True,FRB20180814A,-1.6716125859072228,0.5191390259467327,1.3380863263939233,1.1387289014023358,2.4189718216171867,0.9163276754227431,0.26969145693542157,2.557566520790354,-1.3753106287584815
FRB20180917A,True,FRB20180814A,-1.6716125859072228,1.2313096742967973,1.3380863263939233,1.1387289014023358,2.4189718216171867,1.776119140570207,-0.1489138116889279,1.6807070826167856,-0.4743911315937718
FRB20180917A,True,FRB20180814A,-1.6716125859072228,2.081244902370197,1.3380863263939233,1.1387289014023358,2.4189718216171867,2.2318556002385352,-0.4609650119361702,1.1287752535126105,-0.4650841119949638
FRB20180918A,False,-9999,1.698126593151796,-0.7447753575990218,-0.02319210933657513,0.14576338508732195,-0.19461598946290068,-0.05152501212030372,0.32296849112397513,0.9320382628157995,0.8472056514371028
FRB20180919B,False,-9999,0.11921862699153224,-1.0661762758606723,-0.880757829635466,0.834161039905663,-0.4805177194518079,-0.47437327366823684,0.389945334103871,-0.2252381530477934,0.7383135221310373
FRB20180919A,True,FRB20180814A,-1.6809398273149008,1.3296180426419513,0.8776345614899662,-0.6623632130635072,-0.45145918188635564,0.6250322063563893,-2.165830105969884,-0.7148550982208519,-1.907672149810355
FRB20180920A,False,-9999,0.10568412370809462,0.7568594944116299,1.4411885508602795,-0.3617973412787597,0.5374207607001745,0.26326202703204654,0.15857078562786697,0.6498408598705999,0.578232785031523
FRB20180920B,False,-9999,-0.1948987804785541,0.8089044815268586,0.1126031881122689,-0.952186222326029,-0.9430545518588878,-0.10320646630949552,-1.2829535394167109,-0.8172295503934005,-1.9188405733289262
FRB20180921A,False,-9999,-0.4619246552524923,0.03961137953702053,-0.0015616340727495515,-0.30330834817507013,-0.7069030745281276,-0.6341159502530116,0.40060074094158177,-0.8279121019244494,-0.16167527307379037
FRB20180922A,False,-9999,0.10576456404224521,-0.3334983538462436,-1.2556123777236352,0.8547450366148783,0.4338981429989757,-0.8690316511129745,0.41886715266337154,-1.003283989559163,-1.2440816524152754
FRB20180923A,False,-9999,-1.4324084880818717,-2.1430315128134922,-1.5711983924495698,-0.4636049303613011,-1.1840588648407153,0.17399406070526055,-0.3148337181618518,-0.3917079144066337,-1.0858623192355226
FRB20180923D,False,-9999,-0.759953183078966,-2.5793830159592464,-2.0610947453134787,0.7494450321933658,-0.7431155002504592,0.3008485391696405,-0.852170662977835,-0.5777623535723957,-1.537252769777758
FRB20180923C,False,-9999,-1.8166749290587958,-1.3276289338089382,-0.880757829635466,-0.3323207358004528,-1.0964657701986122,-0.6341159502530116,0.40364514289521336,-0.822570826158925,-0.13003140643784003
FRB20180924A,False,-9999,1.2609570584547998,-0.25126837635139376,-0.33408986199885565,0.029372145842612107,-0.3419093500997281,-0.3757086793070525,0.4827995936896358,2.2940635830244895,1.029623235573759
FRB20180925A,False,-9999,-1.2997885622336092,1.522025241425564,1.1078604439419446,-0.23733843624129664,0.5619385428786463,-0.7374788586313952,0.6213198825798751,2.557566520790354,1.029623235573759
FRB20180925B,False,-9999,0.41018224743465276,0.04901034952519364,-0.0567751709664736,-0.4636049303613011,-0.5722637172949668,0.023648012154884376,-0.07280376284813708,-0.2964551632547837,-0.7694236528760173
FRB20181012B,False,-9999,0.523516757296584,-0.7253842884211621,-1.4040813608320046,-0.7704087448778029,-1.0622110572203887,0.3008485391696405,-1.7852798617659302,-0.7531342412071094,-1.9141870635295217
FRB20181013A,False,-9999,-0.8641540433717367,-0.8218226732844772,-0.7900632779744458,0.9591919507041371,-0.3419093500997281,-0.6303572990392522,0.47975519173600417,-0.6160414965586531,1.029623235573759
FRB20181013E,False,-9999,-0.6819238754119623,-0.2637098469771835,-0.2497720681016207,-0.6163046005879098,-0.8073554818321539,-0.9442046753881626,0.5726094513217689,-1.003283989559163,-0.6195806373351925
FRB20181013B,False,-9999,-1.0437484015099168,1.0066529159319217,3.0219804193961983,-0.6858316646976842,1.5256485497772236,-0.7045906605110005,0.4949772015041623,-1.003283989559163,0.9384144435054304
FRB20181013C,False,-9999,1.0879733037452624,-0.3967401236087348,-0.992206318832921,-0.8332902260135071,-0.9695008553267791,-0.8549367090613768,0.5467320347159002,-1.003283989559163,0.07844583257548089
FRB20181014A,False,-9999,1.531653328576008,0.6711234095069599,0.3405127770077088,-0.23733843624129664,-0.5722637172949668,-0.5072614717886316,0.5665206474145057,2.557566520790354,0.5102915419602179
FRB20181014B,False,-9999,0.8817564742307044,-0.44008189599545433,-0.2497720681016207,-0.582500926673823,-0.867104911697031,-0.5119597858058309,0.42191155461700314,-0.22612836567538097,1.029623235573759
FRB20181014C,False,-9999,0.60697338164162,-0.35507652482851026,-0.3260467906281185,-0.6740600684819947,-1.0430754977546928,0.16459743267086208,0.0946383446016027,0.22075837337348375,0.09054495805393267
FRB20181014D,False,-9999,-0.5359245608099888,0.4822379746486647,0.26770998558889464,2.6228906832078414,1.35312397197327,-0.6623058343562072,0.5512986376463476,0.9916825088641532,1.029623235573759
FRB20181015A,False,-9999,0.14444422195411846,-0.4283523496560004,-0.41036458452535346,0.190336088492429,-0.36835565356761946,-0.6810990904250042,0.5452098337390843,-0.9765776107315417,1.029623235573759
FRB20181017B,False,-9999,-0.874551394763091,0.7996270514589707,0.8412519843589646,-0.17364942812597353,0.25923585165943114,2.1848724600665426,-0.6131851096177517,0.7148263816844792,-0.7805920763945885
FRB20181017A,True,FRB20181017A,1.4895557959409769,0.9950602520600034,2.3320253715160852,-0.5713694816916262,1.2222324235693547,0.7049035446487766,-0.20980185076156052,0.20473454607691033,-0.5469858844644824
FRB20181018B,False,-9999,-0.9489193659657892,-0.8957708619220551,-0.880757829635466,1.82626387835917,0.46064499837189493,-0.3381221671694584,0.39983964045317383,0.48515152376693477,1.029623235573759
FRB20181018A,False,-9999,1.279979226503223,2.201688190801127,1.5929381169210464,-0.7704087448778029,0.1439314314976075,-0.6529092063218086,0.5649984464376898,2.557566520790354,1.029623235573759
FRB20181018C,False,-9999,-0.39277873661336377,-0.8980246328463483,-0.8649102055368361,0.7494450321933658,-0.3954099709874195,-0.7097588059299196,0.44322236829242456,-1.003283989559163,-0.19890335146902627
FRB20181019A,True,FRB20180916B,-0.6653180278789913,1.1299862369100917,0.6990574934893415,-0.4119979552815897,0.7519787702141106,1.935861817154982,-0.22806826248335035,1.538273062202805,-0.4138955042015134
FRB20181019A,True,FRB20180916B,-0.6653180278789913,0.867333351551328,0.6990574934893415,-0.4119979552815897,0.7519787702141106,0.9163276754227431,-0.019526728659583513,1.043314841264222,0.1761695383629757
FRB20181019B,False,-9999,0.5464927656635096,0.18095193084586728,0.05008718037860434,-0.5059573367364637,-0.5722637172949668,-0.605926066149816,0.4706219858751093,-0.47004662563432265,1.029623235573759
FRB20181019C,False,-9999,-0.06364501629411962,-0.4504511800183647,-0.4561072550842329,-0.08632272274947309,-0.7804777169560412,-0.8925232211989708,0.6974299314206659,2.557566520790354,1.029623235573759
FRB20181020A,False,-9999,1.2549075744750202,0.6228081785924624,0.014285990025879604,-0.42220434448759214,-0.023140730478127623,-0.6951940324766019,0.48736619662008324,-1.003283989559163,0.8099775730418669
FRB20181022C,False,-9999,0.022636049011783708,-0.34153955108170275,-0.6346843230848576,-0.3129284668481299,-0.4231009186514395,-0.5448479839262257,0.34275710382258073,-0.6142610713034785,-0.2361314298642622
FRB20181022D,False,-9999,-0.022258442757173372,-0.6619517919903796,-0.6958040038710561,1.002203597930701,0.21119608037471624,0.17399406070526055,0.3397127018689491,2.1525197752380962,0.04773266789941168
FRB20181022E,False,-9999,-0.9939232447451639,-1.087487372707551,-0.6932674601782428,-0.5383731033818616,-0.7880946430798391,-0.27234577092866885,-0.08498137066266356,-0.6160414965586531,-1.203130766180516
FRB20181025A,False,-9999,0.21213782609869428,-1.2159253962196757,-1.4133690341100562,0.19766114203798396,-0.5786421121929816,-0.8290959819667808,0.5573874415536108,-1.003283989559163,1.029623235573759
FRB20181027A,False,-9999,0.5523266270319108,-0.45492592751742855,0.9158329943694474,1.7648499068062822,1.5779598719505126,-0.6998923464938012,0.6517639021161914,2.557566520790354,-0.17842790835164662
FRB20181028A,True,FRB20180814A,-1.6786945661369879,1.839331859020212,0.18761530895940332,0.03736455985175321,1.6082656920680642,3.0728538093172024,-2.6681564283191035,-0.26440750866163837,-1.754106326430007
FRB20181028A,True,FRB20180814A,-1.6786945661369879,0.5002315223681221,0.18761530895940332,0.03736455985175321,1.6082656920680642,3.1339318915407923,-2.789932506464369,-0.2813215485857984,-1.7755124715072677
FRB20181028A,True,FRB20180814A,-1.6786945661369879,0.7363043632240908,0.18761530895940332,0.03736455985175321,1.6082656920680642,3.1621217756439877,-3.353146867886221,-0.3881470638962839,-1.8648598596558341
FRB20181028A,True,FRB20180814A,-1.6786945661369879,0.9714934295151781,0.18761530895940332,0.03736455985175321,1.6082656920680642,2.433883102978103,-3.6728090730175422,-0.5519461873723619,-1.929078294887616
FRB20181028A,True,FRB20180814A,-1.6786945661369879,0.6867581913703282,0.18761530895940332,0.03736455985175321,1.6082656920680642,2.043923039550565,-5.3472301475149395,-0.7290985002622502,-2.0854362241476068
FRB20181030C,False,-9999,0.41239705503747304,-0.6333474443480619,-0.5670148325577473,0.2552360946666672,0.09083320793910304,-0.21126768870507848,0.22098102567731545,-0.10683987357867238,0.01515809930358025
FRB20181030A,True,FRB20181030A,-2.678192512743365,-0.49295727808314804,-0.42834913610224534,1.5672769851355874,0.49965887987876545,-0.5166580998230301,0.5117214122491363,1.698511335168533,1.029623235573759
FRB20181030B,True,FRB20181030A,-2.674250429421225,0.14303968550112292,-0.0567751709664736,0.6944484544286477,0.32038264283364337,0.3948148195136256,-0.098681179454006,0.07565371507674035,-0.4334402453590135
FRB20181030D,False,-9999,-0.9740360864703145,-1.194911544291969,-0.4374952798255735,0.9250300717452543,0.16111145891825748,-0.6101545487652954,0.5132436132259521,0.01689968165597312,1.029623235573759
FRB20181030E,False,-9999,-1.9585963034388516,-1.087487372707551,-0.34795138093661765,0.5188634148767596,0.22742821327956558,0.3666249354104302,-0.4914090314724865,-0.3774645123652354,-1.1612491779858756
FRB20181101A,False,-9999,1.7192710799680644,1.8322166250151073,1.5166633943945487,-0.7580859662257113,0.7825470077656272,0.08942440839567391,-0.014960125729136107,-0.13799731554423064,-0.4911437668716291
FRB20181102A,False,-9999,-0.3796566797782361,-0.5007275300562866,-0.3841235823296657,0.16818453655967705,-0.630953434366271,-0.6717024623906057,0.5649984464376898,2.557566520790354,1.029623235573759
FRB20181104A,True,FRB20180916B,-0.6621844560593506,-0.21001196292751986,-0.6230012124522418,0.1829817931386403,-0.003361929139220167,2.339916822634118,-1.1383444466192083,0.1878205061527503,-1.2599035857332506
FRB20181104B,True,FRB20180916B,-0.6588657774511671,1.9310489449111665,1.317825019753379,-1.0075963703112703,-0.12735134058579167,-0.2911390269974658,-0.2935229044864304,-0.726427862379488,-1.5009553933424034
FRB20181104C,False,-9999,0.17899010330107915,-0.9345086427817008,-0.9134268090813463,2.8615246016846108,1.509490708149678,-0.4081270460257273,0.4181060521749636,0.30888942350463405,1.029623235573759
FRB20181104C,False,-9999,0.17899010330107915,0.3058659256303939,-0.9134268090813463,2.8615246016846108,1.509490708149678,-0.33342385315225914,0.3929897360575027,0.42817791560134266,1.029623235573759
FRB20181115A,False,-9999,1.0477320455267651,0.5489518804235417,0.26770998558889464,-0.8332902260135071,-0.8508727787921817,0.23977045694605026,-0.38485496309537937,-0.39259812703422076,-1.127743907430163
FRB20181116A,False,-9999,-0.6340271341509625,-0.9873655550765328,-0.9302754075007219,1.4599311742411107,0.040906008859675325,-0.5697490482173818,0.3914675350806868,-0.597347031379318,0.14080286388750146
FRB20181116B,False,-9999,-0.3980884061758957,-0.5783233084511532,-1.7394126699604975,-0.4846594285517059,-0.8508727787921817,-1.0945507239385388,0.48736619662008324,-1.003283989559163,-1.7131554401952476
FRB20181117C,False,-9999,2.027206206078996,-2.5793830159592464,0.3645058033850983,0.23385579427546965,-0.4805177194518079,1.6022815219338347,-0.14586940973529622,1.4563735004647655,-0.2826665278583076
FRB20181117A,False,-9999,1.0096320939642407,0.8135133760359907,0.49793586804087386,-0.6277117487342824,-0.45145918188635564,-0.6341159502530116,0.5497764366695317,2.557566520790354,1.029623235573759
FRB20181117B,False,-9999,0.05282996452117608,-0.10139798998031552,-0.1160822148166849,1.306321526945083,0.8123412821338758,-0.4273901334962443,0.4173449516865557,0.20918560921484722,1.029623235573759
FRB20181117B,False,-9999,0.05282996452117608,0.16426670944275826,-0.1160822148166849,1.306321526945083,0.8123412821338758,-0.14549129246428885,0.083982937763892,-0.28933346223408507,-0.5507086923040063
FRB20181118A,False,-9999,0.11088027866638711,0.1558260761894405,-0.0015616340727495515,1.5672769851355874,0.7099453385041278,-0.6106243801670154,0.5330322259245577,1.043314841264222,1.029623235573759
FRB20181118B,False,-9999,-0.34874275206405086,0.4111134338115826,0.144346454481994,-0.44278834119680766,-0.4231009186514395,-0.4320884475134436,0.4203893536401873,0.19494220717344896,1.029623235573759
FRB20181118C,True,FRB20180814A,-1.6694347745084424,1.3296180426419513,0.8776345614899662,-0.9796829796400228,-0.9343695605741398,3.2654846840223715,-2.0897200571290933,-0.037403288626856705,-1.6014712050095394
FRB20181119B,False,-9999,0.257704222557737,1.1932109975573852,1.9217765690620627,1.6355162137929993,3.247128175318113,-0.5533049491571843,0.4881272971084912,0.20918560921484722,1.029623235573759
FRB20181119E,False,-9999,1.3380468558562604,0.32050799126587554,0.144346454481994,-0.5275043489091049,-0.7431155002504592,-0.6623058343562072,0.5101992112723205,-0.7798406200347306,1.029623235573759
FRB20181119D,True,FRB20121102A,0.13142412619206204,1.6306392143727682,1.2197089725704253,-0.8078794984592167,0.9596346427707034,2.1848724600665426,-0.3391889337909049,1.3887173407681246,-0.35433057876913615
FRB20181119D,True,FRB20121102A,0.13142412619206204,2.3326554169415963,1.2197089725704253,-0.8078794984592167,0.9596346427707034,2.7016870019584607,-0.6436291291540681,1.0353029276159356,-0.6893832843262604
FRB20181119D,True,FRB20121102A,0.13142412619206204,2.149814283127166,1.2197089725704253,-0.8078794984592167,0.9596346427707034,2.8426364224744383,-0.9328473147490732,0.6614136240292364,-1.008614056565408
FRB20181119A,True,FRB20181119A,-0.5941885883680321,1.9678585259344714,1.3771320636035895,-1.0075963703112703,-0.3419093500997281,2.043923039550565,-1.4656176566346089,-0.13265603977870616,-1.4683808247465713
FRB20181119C,False,-9999,-0.9998766703767847,-0.9631263497034648,-0.9134268090813463,0.9543502960393421,-0.3419093500997281,-0.7661385741363107,0.4721441868519251,-1.003283989559163,-0.29662705725652055
FRB20181120B,True,FRB20180916B,-0.66077703888071,0.05461058014916656,-0.1160822148166849,-0.1916227271709857,-0.5596097138913,0.5310659260124042,0.15857078562786697,1.2516245961196684,0.23108095399594847
FRB20181120C,True,FRB20180814A,-1.656142719135787,0.867333351551328,1.1719169311986348,-0.9116956135217394,-0.2907355930007517,1.151243376282706,0.02613930064489097,1.6023683713890955,-0.24357704554330947
FRB20181122A,False,-9999,0.39762925923604087,-0.5164383962791922,-1.6895207801777063,-0.7216046050094225,-1.0718967989565271,-0.9113164772677678,0.5680428483913216,-1.003283989559163,-0.26219108474092795
FRB20181122B,False,-9999,-1.385433705051802,-1.610651674427605,-1.9046466134243745,3.5678739563513324,1.5779598719505126,-0.4527610291891202,0.35691357290696785,-0.28666282435132284,0.36789414209844035
FRB20181123A,False,-9999,0.7063853601552004,-0.6876198794971491,0.1959952689333479,-0.23733843624129664,-0.637658928165376,0.5216692979780057,-0.4198655855621431,-0.2172262393995072,-0.9620789585713626
FRB20181124B,False,-9999,0.7124402359967363,0.019602233254191505,-1.598198312544809,0.8598552993634886,-0.04325764731361227,-0.7482849808709535,0.5942247051925535,2.557566520790354,1.029623235573759
FRB20181124A,False,-9999,1.249032449116418,0.3132118601123685,0.18761530895940332,-0.5713694816916262,-0.6045071308983797,-0.4696749596510376,0.4934550005273466,1.4421300984233674,1.029623235573759
FRB20181125A,False,-9999,-1.0757754281771759,0.16426670944275826,-0.0015616340727495515,-0.8983941222371574,-0.4231009186514395,-0.258250828877071,-0.2630788849501141,-0.697941058296692,-1.450697487508834
FRB20181125A,False,-9999,-1.0757754281771759,0.2910218941084197,-0.0015616340727495515,-0.8983941222371574,-0.4231009186514395,-0.3381221671694584,-0.07737036577858449,-0.6792465931173568,-1.28037902885063
FRB20181125A,False,-9999,-1.0757754281771759,0.39087129679733795,-0.0015616340727495515,-0.8983941222371574,-0.4231009186514395,-0.3381221671694584,-0.32396692402274674,-0.7691580685036823,-1.5698273383735897
FRB20181126A,False,-9999,-0.08831145813188902,-1.0688171979786791,-1.7679970965689196,1.2658309181407936,0.6439386384135477,0.1613086128588226,-0.8217266434415187,-0.6329555364828131,-1.5958869932502544
FRB20181127A,False,-9999,0.9588783422722669,-0.4254398303599727,-0.759225601078499,-0.44278834119680766,-0.5103119938200564,0.18808900275685836,-0.221979458576087,-0.29912580113754594,-0.9053061390186287
FRB20181128A,True,FRB20181128A,-0.2420703886792795,-0.08008689313343689,0.7813720851764171,-0.5937000404300945,0.48679742969997936,2.4808662431500954,-0.6131851096177517,0.943611026974435,-0.6940367941256649
FRB20181128A,True,FRB20181128A,-0.2420703886792795,0.5430550151322562,0.7813720851764171,-0.5937000404300945,0.48679742969997936,0.028346326172083616,-0.06367055698724215,-0.2795411233306237,-0.7368490842801859
FRB20181128B,False,-9999,-0.21956041680818117,0.45691503635044056,-0.9830601751095929,-0.9658833005864883,-0.8388439417512236,-0.8455400810269782,0.5254212210404786,-1.003283989559163,-0.2631217867008091
FRB20181128D,False,-9999,-2.1013040261948066,-0.02758012732714183,-2.1228809363948047,0.8547450366148783,0.33518549182128776,-0.7976172780515457,0.5631718052655109,-1.003283989559163,1.029623235573759
FRB20181128C,False,-9999,0.2826540806891828,0.794958171151042,0.3474416416337526,-0.8983941222371574,-0.36835565356761946,0.6062389502875921,-0.5827410900814355,-0.29022367486167217,-1.1212289937109963
FRB20181128C,False,-9999,0.2826540806891828,-2.5793830159592464,0.3474416416337526,-0.8983941222371574,-0.36835565356761946,0.41360807558242274,-0.35441094355906305,-0.24126198034436633,-0.9192666684168421
FRB20181129A,False,-9999,-0.4975827269271563,-0.672877522614866,-0.6832009266293678,0.19766114203798396,-0.45145918188635564,-0.5542446119606241,0.4796029716383226,0.04716691099394482,1.029623235573759
FRB20181129B,False,-9999,-0.4142056031781914,-1.1889821892208265,-0.4751624139981906,1.4599311742411107,0.6552000734203075,2.786256654268047,-1.1459554515032875,0.39078898524267236,-1.2003386603008728
FRB20181129C,False,-9999,-0.061731341542120725,0.07672454776157127,0.06984815635883654,-0.4531672336605403,-0.31604433139433025,-0.5824344960638198,0.5101992112723205,0.42461706509099334,1.029623235573759
FRB20181130A,False,-9999,-1.4275127428985928,-0.8912774306631829,-0.8649102055368361,-0.25594716557061875,-1.1471982369660874,-0.5542446119606241,-0.13673620387440139,-0.8973486868762647,-1.6163624363676345
FRB20181201A,False,-9999,0.4745767220107108,1.5867075953157481,3.1020170016650166,-0.8851879829641691,1.407587669648703,-0.656667857535568,0.4735141677310593,-0.8359240155727357,0.9812267336599519
FRB20181201B,False,-9999,0.860374567683637,0.7665113548305335,0.43862882419066257,-0.5713694816916262,-0.7284965423449512,-0.6623058343562072,0.514765814202768,-0.7433419023036485,1.029623235573759
FRB20181202A,False,-9999,0.41040185402508444,-0.6692232738642769,0.7913383268691417,0.8700334939805358,1.0511642951811837,-0.4804810818905959,0.4203893536401873,-0.06410966745447808,1.029623235573759
FRB20181202B,False,-9999,0.76175472550483,-0.6333474443480619,0.3193588000402485,-0.23733843624129664,-0.19461598946290068,-0.44618338956504133,0.4614887800142144,0.6872297902292702,1.029623235573759
FRB20181202C,False,-9999,0.11014830705886244,-0.8690874646592341,1.328019792845049,-0.7458450671060488,-0.36835565356761946,-0.5965294381154175,0.48888839759689906,-0.22701857830296857,1.029623235573759
FRB20181203A,False,-9999,0.3290524759133122,-2.002022143296155,-0.03423061351863064,0.3518555373279972,-0.31604433139433025,-0.060921640154702285,0.42952255950108226,2.557566520790354,-0.040684018289274156
FRB20181203B,False,-9999,-0.5436019503527016,-0.6913372414766817,0.3474416416337526,0.14576338508732195,-0.10575787276896813,1.5646950097962404,-0.10476998336126923,1.6050390092718583,-0.372013916006873
FRB20181203C,False,-9999,2.5582576691830075,1.2919553083576294,-0.3504226506258958,-0.1826141589041796,-0.04325764731361227,-0.6937845382714422,0.5330322259245577,-1.003283989559163,1.029623235573759
FRB20181213A,False,-9999,0.4367537097525518,0.2287178289718535,0.05008718037860434,-0.3420939605230152,-0.4231009186514395,-0.8300356447702206,0.5939202649971903,-1.003283989559163,1.029623235573759
FRB20181213B,False,-9999,0.3045771805500054,-0.27629683517780496,-0.18013870207337493,-0.4741021014382543,-0.9430545518588878,1.461332101417857,-0.12760299801350647,1.3450969220163431,-0.17470510051212323
FRB20181213C,False,-9999,-0.5201791400950542,0.13874357112107172,-0.0015616340727495515,-0.6163046005879098,-0.8753057182484557,-0.7797636847861885,0.5771760542522164,-1.003283989559163,1.029623235573759
FRB20181214A,False,-9999,-0.17802279991388964,-0.7785638740199401,-0.9794307862807707,-1.23799049095685,-1.7075840060330072,0.41360807558242274,-1.5569497152435579,-0.693489995158755,-1.8146019538222653
FRB20181214B,False,-9999,1.267173306723104,-0.008655688508618597,-0.0567751709664736,-0.8720758383614521,-1.1681198720489128,-0.6810990904250042,0.5360766278781893,-1.003283989559163,1.029623235573759
FRB20181214C,False,-9999,0.3208563089506905,-0.5969222434087632,0.06495346914261471,-0.052519048835386356,-0.003361929139220167,-0.8004362664618654,0.557691881748974,-1.003283989559163,1.029623235573759
FRB20181214D,False,-9999,1.3486989884535243,-0.11221391240889939,1.9870566395046612,-0.6976789630168787,0.5977832726199396,-0.10790478032669486,0.3929897360575027,1.6718049563409116,0.6396591143836624
FRB20181214F,False,-9999,2.3112686606496937,0.794958171151042,0.009038240958778644,-1.0075963703112703,-0.7394437001492183,-0.30523396904906364,-0.43052099239985386,-0.7762797695243814,-1.6331150716454903
FRB20181215A,False,-9999,-0.3869940912151311,0.21356579709774942,0.09860378392311459,-0.9658833005864883,-1.4737109630591667,-0.7938586268377863,0.5421654317854526,-1.003283989559163,1.029623235573759
FRB20181215B,False,-9999,-0.08899025644928471,-0.727307747776848,-0.7216216900742747,0.45640833081264554,-0.5103119938200564,-0.46027833161663906,0.46757758392147764,0.6881200028568578,1.029623235573759
FRB20181216A,False,-9999,0.0667291042066588,-1.7308647403262574,-0.4193063408474677,-0.2842175188928274,-0.9430545518588878,0.014251384120485894,0.3138352852630802,1.0780331337401294,0.7131845692142537
FRB20181217A,False,-9999,1.3484846753565487,-0.08537523410937196,-0.18013870207337493,-0.5937000404300945,-0.9171895331534897,-0.44618338956504133,0.48432179466645164,1.3406458588784063,1.029623235573759
FRB20181218A,False,-9999,2.118593625356348,0.2529905435426993,-1.534141825288119,-0.39175326210765204,-0.9920027068071865,0.21158057284285464,-0.7136503740875956,-0.5742015030620464,-1.4916483737435944
FRB20181218B,False,-9999,0.6096957311788171,0.463301851672051,0.228664248379229,-0.6858316646976842,-0.9002567089640272,-0.8079535688893842,0.5238990200636628,-1.003283989559163,0.17896164424261743
FRB20181218C,False,-9999,-0.5053877416590362,1.6728475740975637,1.2080258619378095,-1.0939675879638304,-0.9300509833322759,-0.47437327366823684,0.3595013145675547,-0.3578798345583132,0.26923973435106496
FRB20181219B,False,-9999,2.1858860127597586,-0.6988107105597349,1.0025209833801232,1.6687107792407723,1.8094507056539113,-0.878428279147373,0.7156963431424557,2.557566520790354,-0.4157569081212756
FRB20181219C,False,-9999,0.3599127839744164,0.14731871787034764,-0.8341264539712624,-1.1569309486319637,-1.581093401343622,-0.7280822305969967,0.48888839759689906,-1.003283989559163,0.42745906753081764
FRB20181219A,True,FRB20181128A,-0.23684544710956282,1.705461440349445,1.2080258619378095,-0.8983941222371574,-0.06372444105898502,-0.20656937468787923,0.2818690647499481,0.13351753586992,0.5912626124698559
FRB20181220A,False,-9999,-1.5099241758763238,-0.997216197977242,-0.9527226725206166,0.05324611113450922,-0.4805177194518079,-0.9282304077296851,0.5391210298318211,-1.003283989559163,-0.8671473586635117
FRB20181220B,False,-9999,-1.1656999765749192,-0.7292346511081522,-0.7086087388850346,1.002203597930701,-0.2659597099378715,-0.6599566773476075,0.4858439956432674,-0.8314729524347988,1.029623235573759
FRB20181221A,False,-9999,-0.8274640219703833,-0.4052699586709654,-0.10204722765404226,-0.011118462961677388,0.1439314314976075,2.2365539142557345,-1.389507607793818,-0.02494031184063309,-1.416261514993242
FRB20181221B,False,-9999,1.6295874825893466,-0.0622984679197031,-0.2497720681016207,-0.25594716557061875,-0.3954099709874195,0.5075743559264079,-0.3726773552808529,-0.18428837217877425,-0.904375437058747
FRB20181222A,True,FRB20180916B,-0.665514975152156,1.664120096382276,-1.0795962042766356,1.7648499068062822,2.5150914251550383,2.13788931989455,-0.23111266443698192,1.783081534789334,-0.6223727432148354
FRB20181222A,True,FRB20180916B,-0.665514975152156,-1.1381661939477354,-1.0795962042766356,1.7648499068062822,2.5150914251550383,1.9170685610861846,-0.19610204197021822,1.6566713416719259,-0.49021306491174743
FRB20181222A,True,FRB20180916B,-0.665514975152156,0.4809858800071064,-1.0795962042766356,1.7648499068062822,2.5150914251550383,2.2553471703245314,-0.3604997474663263,1.412753081712984,-0.38690514736496756
FRB20181222A,True,FRB20180916B,-0.665514975152156,1.7922190232934179,-1.0795962042766356,1.7648499068062822,2.5150914251550383,2.4244864749437043,-0.4807536246347758,1.214235665760998,-0.4613613041554394
FRB20181222B,False,-9999,0.28505600839567363,-0.6583343928767683,-0.5670148325577473,-0.8078794984592167,-1.4007584781808968,-0.6623058343562072,0.4767107897823726,-0.8706423080486433,1.0147320042156645
FRB20181222C,False,-9999,1.2435874609062119,0.34920769801711343,0.18761530895940332,-0.38171373568330264,-0.5103119938200564,-0.7750653707689894,0.5117214122491363,-1.003283989559163,0.3520722087804647
FRB20181222D,False,-9999,1.655595618299344,1.3210428958926743,0.20840294173868404,-1.138720765371686,-1.1681198720489128,-0.2864407129802666,-0.06671495894087383,-0.6222729849517646,-1.193823746581707
FRB20181222E,False,-9999,-0.7671047662412043,-1.5762111281636424,-0.5146903921776181,-0.12075827749279773,0.09083320793910304,-0.44007558134268226,0.2559916481440792,-0.5136670443861046,-0.4660148139548444
FRB20181222E,False,-9999,-0.7671047662412043,-0.2028928064935911,-0.5146903921776181,-0.12075827749279773,0.09083320793910304,-0.2159660027222777,0.19662581004826238,-0.17894709641324977,-0.1607445711139103
FRB20181223A,True,FRB20180916B,-0.6609020100311535,0.6418560249247968,0.3049389709057268,0.531104313996422,1.2012797458460882,0.855249593199153,0.05049451627394405,1.246283320354144,0.08123793845512368
FRB20181223A,True,FRB20180916B,-0.6609020100311535,1.6624496649673113,0.3049389709057268,0.531104313996422,1.2012797458460882,0.3055468531868398,0.17531499637284095,0.8447974253122357,0.5745099771919996
FRB20181223B,False,-9999,0.13519801357029773,0.3840384152842434,0.6765129360414985,-0.5493063612260498,-0.19461598946290068,0.8834394773023482,-0.06519275796405799,0.780702116125945,-0.018347171252132286
FRB20181223C,False,-9999,-2.5383160967357226,-0.830263306537795,-2.114611189235809,0.07681464417789645,-0.5285574907365228,-0.5551842747640641,0.44626677024605627,-0.30001601376513354,1.029623235573759
FRB20181224A,False,-9999,-0.8593389326553532,-1.1236003517055886,-1.0593348976360906,1.5672769851355874,-0.3954099709874195,-0.5002140007628328,0.466359823140025,0.32580346342879407,1.029623235573759
FRB20181224B,False,-9999,0.6692662622033728,-0.1911312115761936,0.2523195330908741,-0.4531672336605403,-0.45145918188635564,-0.7656687427345907,0.5452098337390843,-1.003283989559163,1.029623235573759
FRB20181224C,False,-9999,0.2226109663255676,0.8272227999430933,2.326226223929018,-0.7580859662257113,0.6663547633612098,-0.7966776152481059,0.563476245460874,-1.003283989559163,1.029623235573759
FRB20181224D,False,-9999,0.46462850731312727,0.4044082705441455,0.228664248379229,-0.7096029434122808,-0.8388439417512236,-0.8361434529925796,0.5832648581594797,-1.003283989559163,1.029623235573759
FRB20181224E,False,-9999,0.18194060744446586,-0.04275915503019274,-0.2497720681016207,1.306321526945083,0.7416103244833411,-0.7365391958279554,0.4919327995505307,-1.003283989559163,0.37161694993796374
FRB20181224E,False,-9999,0.18194060744446586,-0.08008689313343689,-0.2497720681016207,1.306321526945083,0.7416103244833411,-0.8549367090613768,0.613708877695796,-1.003283989559163,1.029623235573759
FRB20181225A,True,FRB20180916B,-0.6613309600524029,1.1603982355468594,0.7209843134575723,-0.6507401553312347,-0.14934844791188612,0.6485237764423856,-1.389507607793818,-0.5884449051034442,-1.66382823632156
FRB20181225B,False,-9999,-0.9186611448425842,0.178465579590453,-0.0567751709664736,0.45640833081264554,0.4065292122962588,-0.3616137372554547,0.4051673438720292,0.42550727771858093,1.029623235573759
FRB20181226C,False,-9999,-0.4015559089177639,-0.5986291037555006,0.22062117700849182,-0.3420939605230152,-0.5722637172949668,-0.7323107132124761,0.5299878239709261,-1.003283989559163,1.029623235573759
FRB20181226A,True,FRB20180916B,-0.6642138672678782,-0.438608692174673,-0.5352114874473233,0.2552360946666672,0.12649687590948097,3.14802683359239,-1.3621079902111333,0.3551804801391772,-1.2989930680482475
FRB20181226A,True,FRB20180916B,-0.6642138672678782,0.3277549898504672,-0.5352114874473233,0.2552360946666672,0.12649687590948097,2.964792586921619,-1.6939478031569812,0.06675158880086655,-1.4804799502250232
FRB20181226D,False,-9999,-0.5001178787110581,-0.704450069611062,-0.7086087388850346,0.4500447716715355,-0.4805177194518079,-0.6604265087493275,0.47975519173600417,-0.8519478428693086,1.029623235573759
FRB20181226B,False,-9999,-0.987853877962527,-0.6692232738642769,-0.25122844496416147,2.7183653387951527,2.5603589667060533,-0.4884682157198347,0.3397127018689491,-0.46114449935844887,-0.019277873212013397
FRB20181226B,False,-9999,-0.987853877962527,-0.25003210370191603,-0.25122844496416147,2.7183653387951527,2.5603589667060533,-0.6327064560478518,0.4523555741533195,-0.7317691381450124,0.6945705300166357
FRB20181226B,False,-9999,-0.987853877962527,-0.09710187560026431,-0.25122844496416147,2.7183653387951527,2.5603589667060533,-0.14079297844708963,0.2833912657267639,0.32758388868396926,0.887225835711981
FRB20181226E,False,-9999,-0.867065588567513,0.06664535322280522,-0.1160822148166849,-0.7828145058293874,-1.1064388042738476,-0.953601303422561,0.5071548093186888,-1.003283989559163,-1.221744805378134
FRB20181227A,False,-9999,0.6907570446177,-0.4138679422720503,-0.3927753300002633,-0.29373820436982545,-0.8918807947599112,-0.6764007764078049,0.5573874415536108,1.2810016128300514,1.029623235573759
FRB20181228A,False,-9999,0.5992785193609743,-0.010632135754731209,-0.1160822148166849,-0.08632272274947309,-0.2179199386531566,-0.4367867615306428,0.3518903096834756,-0.25283474450300236,0.3893002871757006
FRB20181228B,False,-9999,0.1439421019519403,-2.5793830159592464,-0.20795959048675217,-0.8851879829641691,-0.9562034146603604,2.105001121774155,-4.8144598056294035,-0.6917095699035803,-2.038901126153562
FRB20181228C,False,-9999,-0.033997662063261984,-0.23896909707456082,-0.2497720681016207,-0.8205410502898249,-1.4601060603458678,-0.986489501542956,0.6593749070002705,-1.003283989559163,1.029623235573759
FRB20181229A,False,-9999,1.0032231160178107,-1.154076149103412,0.37457233693397257,-0.06934335334258886,-0.2179199386531566,-0.5147787742161505,0.46757758392147764,0.22431922388383307,1.029623235573759
FRB20181229B,False,-9999,-0.48443032717439893,1.2028628579762888,0.977799979485831,-0.8590563598657228,-0.023140730478127623,0.35252999335883234,-1.008957363589864,-0.6000176692620802,-1.6014712050095399
FRB20181230A,False,-9999,0.644928562433386,0.4309818484055727,2.6458464483894755,-0.2842175188928274,1.35312397197327,0.8693445352507505,0.13573777097562972,1.8863461995894693,-0.30407267293556783
FRB20181230B,False,-9999,1.291534440762479,1.4683273573759001,0.8776345614899662,-0.3420939605230152,0.6774047128830368,-0.6388142642702108,0.5025882063882414,-0.5581776757654735,1.029623235573759
FRB20181230C,False,-9999,1.1389123637966527,-0.3967401236087348,-0.41036458452535346,-0.3323207358004528,-0.7804777169560412,-0.258250828877071,0.4371335643851613,1.664683255320212,0.9439986552647165
FRB20181230D,False,-9999,-1.398604774125974,-1.0375459840946564,-0.9134268090813463,0.1000854614676708,-0.8190651404123158,-0.6623058343562072,0.5604318435072424,2.557566520790354,1.029623235573759
FRB20181230E,False,-9999,1.146109632998048,0.5779610552496718,0.5611124444171631,0.04532244928673102,0.7519787702141106,-0.3710103652898532,0.30470207940218536,-0.22167730253744408,0.16779322072404732
FRB20181231A,False,-9999,1.6077404750638107,-0.4775830848562693,-0.5456727980485688,-0.1470140455112401,-0.7431155002504592,-0.22066431673947695,0.41886715266337154,1.491091792940673,0.9132854905886467
FRB20181231B,False,-9999,-1.6095682591403635,-1.271924022341322,0.12180189703415105,-0.3323207358004528,-0.692724457498755,2.119096063825753,-0.35441094355906305,1.2890135264783387,-0.27894372001878426
FRB20181231C,False,-9999,0.10695283798795242,-1.114733770361461,-1.0474198557266443,-0.5493063612260498,-1.1840588648407153,-0.6618360029544872,0.41277834875610825,-0.9267257035866483,-0.21007177498759746
FRB20190101A,False,-9999,0.8183570990824245,0.18095193084586728,1.9914903287681207,-0.6391899699131895,0.8413998196993283,-0.7868111558119876,0.5238990200636628,-1.003283989559163,0.5354204948770019
FRB20190101B,False,-9999,1.5429661176765799,-1.3276289338089382,0.9871600729137082,-0.2097731059046604,-0.12735134058579167,1.278097854747086,0.009395089899916973,1.7866423852996833,-0.4045884846027044
FRB20190102A,False,-9999,0.48602117904766623,-0.30972910048715957,-0.33732986182970864,-0.12075827749279773,-0.17176457285954827,0.676713660545581,-0.47314261975069666,-0.1575819933511529,-0.9844158056085045
FRB20190102B,False,-9999,-0.5802690098051043,-0.27503149085446355,-0.3841235823296657,0.3315736971783541,-0.24169470640449964,-0.6529092063218086,0.4919327995505307,-0.7486831780691724,1.029623235573759
FRB20190103B,False,-9999,0.06181513610462352,1.7959172235754506,1.0235426500447105,-0.5493063612260498,0.9853115372685642,-0.31932891110066136,0.3107908833094486,-0.05253690329584205,0.45444942436736346
FRB20190103C,False,-9999,1.5742153923313866,0.6062087457997862,-0.5456727980485688,0.6944484544286477,1.026899291647812,-0.18307780460188294,0.2955688735412904,0.2741711310287265,0.8695424984742441
FRB20190103A,True,FRB20181119A,-0.592040634904319,0.9017738978152887,0.468831611037363,-0.12946868870597036,0.07258771102263671,0.9163276754227431,0.1707483934423935,2.377743570017703,-0.6205113392950732
FRB20190103D,False,-9999,2.1528108989872314,-0.25126837635139376,-0.31019916652948865,-0.8205410502898249,-1.2002167064682607,-0.9254114193193655,0.5771760542522164,-1.003283989559163,-0.2994191631361639
FRB20190103E,False,-9999,0.5715529780548241,-0.06958753938577235,0.04506974159145337,-0.8078794984592167,-0.8190651404123158,-0.549546297943425,0.4919327995505307,0.3062187856218713,1.029623235573759
FRB20190104A,False,-9999,0.08702671044536768,-1.8497001168742953,-1.818030816899729,0.14576338508732195,-0.24169470640449964,-0.39920024939304877,0.39907853996476594,0.16912604097341516,1.029623235573759
FRB20190104A,False,-9999,0.08702671044536768,-0.34153955108170275,-1.818030816899729,0.14576338508732195,-0.24169470640449964,-0.7562721147001923,0.5786982552290322,-1.003283989559163,1.029623235573759
FRB20190104B,False,-9999,0.027840530530799636,0.5779610552496718,0.3405127770077088,0.9052207567989985,0.6552000734203075,-0.8502383950441774,0.6730747157916128,2.557566520790354,1.029623235573759
FRB20190105A,False,-9999,-0.5079840876123032,1.3632512556174707,0.9457845557031435,-0.6391899699131895,-0.3419093500997281,-0.7703670567517901,0.613708877695796,2.557566520790354,1.029623235573759
FRB20190106A,False,-9999,-0.7072197898851393,-0.16798676637617643,1.0807297486417247,-1.0647249336623676,-1.4136905970867863,-0.258250828877071,0.4827995936896358,2.557566520790354,0.16127830700488113
FRB20190106B,False,-9999,-0.8255956563578832,-0.6913372414766817,-0.7348497410807224,0.32476315877644163,-0.2659597099378715,0.09788137362663256,-0.47618702170432836,-0.541263635841313,-1.3594886954405063
FRB20190107A,False,-9999,0.8078262827173772,3.4007376626325834,2.087222057500526,-0.7704087448778029,0.22742821327956558,-0.8831265931645722,0.5528208386231633,-1.003283989559163,-0.2110024769474786
FRB20190107B,False,-9999,-1.8935059217019405,-0.9583433408389819,-0.880757829635466,0.9543502960393421,-0.14934844791188612,-0.7421771726485945,0.5117214122491363,-1.003283989559163,0.8909486435515044
FRB20190109A,False,-9999,-0.7842321598591451,0.43752396717258174,0.3049389709057268,-0.060911995195182915,0.24343949397812908,-0.3945019353758495,0.4356113634083455,0.6240246936705661,1.029623235573759
FRB20190109A,False,-9999,-0.7842321598591451,1.2155988080738915,0.3049389709057268,-0.060911995195182915,0.24343949397812908,-0.4649766456338384,0.42952255950108226,0.09523839288366309,1.029623235573759
FRB20190109B,False,-9999,-1.8054460754579174,-1.2623862179050405,-1.4010092692855243,-0.052519048835386356,-0.4805177194518079,-0.5636412399950227,-0.43052099239985386,-0.9329571919797598,-1.8350773969396454
FRB20190110A,False,-9999,-0.16181920363373561,-1.8174124384624566,-1.098280606239277,0.2122244474401031,-0.2659597099378715,-0.38510530734145104,-1.2372875101122365,-0.907141025779726,-2.0184256830361824
FRB20190110B,False,-9999,-0.11566514796912666,-0.41099430846040846,0.6147396995921073,-0.7953043742770297,-0.8589608585867082,-0.6717024623906057,0.4827995936896358,-0.935627829862522,1.029623235573759
FRB20190110C,False,-9999,-1.4134956801173095,-1.114733770361461,-1.5487591972380848,-0.5937000404300945,-1.0816629212109674,0.4699878437888138,-2.2723841743469912,-0.761146154855396,-1.9718905850421373
FRB20190111A,False,-9999,-1.835966908463472,-1.2008737491432768,-0.8266120432204883,1.306321526945083,1.2894970724464632,-0.3827561503328514,0.4557044163023143,1.121653552491911,1.029623235573759
FRB20190111A,False,-9999,-1.835966908463472,-0.9898197755769345,-0.8266120432204883,1.306321526945083,1.2894970724464632,-0.30946245166454295,0.20423681493234144,-0.34274621988932785,-0.3710832140469924
FRB20190111A,False,-9999,-1.835966908463472,-0.35507652482851026,-0.8266120432204883,1.306321526945083,1.2894970724464632,-0.7891603128205871,0.4706219858751093,-1.003283989559163,-0.5004507864704381
FRB20190111B,False,-9999,1.5591695379431432,-2.0735767554347864,-1.6180573679252617,-0.9935868081997378,-1.433359204972948,-0.5918311240982183,0.29709107451810624,-0.8047665736071774,-0.7489482097586372
FRB20190112A,False,-9999,-0.3348045277481817,0.4309818484055727,1.5936653126685867,0.10777753335084438,1.235996451558772,2.0016382133957715,-0.22350165955290285,1.6450985775132902,-0.5004507864704375
FRB20190113A,False,-9999,-0.322887094944712,0.5430550151322562,0.3049389709057268,0.029372145842612107,0.10880013674496802,-0.3381221671694584,0.5162880151795838,2.557566520790354,0.1761695383629757
FRB20190114A,False,-9999,0.8806747902873392,0.21356579709774942,-1.1003838370559162,-0.6976789630168787,-0.7069030745281276,-0.15958623451588666,-0.7958492268356497,-0.7753895568967938,-1.764344047988697
FRB20190115A,False,-9999,1.1139693352599136,-0.22680879567911555,-0.18013870207337493,-0.8078794984592167,-1.3260152050931522,-0.6388142642702108,0.5101992112723205,-0.49586279183435694,1.029623235573759
FRB20190115B,False,-9999,0.5984245429229254,0.37024110805480814,0.144346454481994,0.14576338508732195,0.03522549431705471,-0.594180281106818,0.45387777513013533,-0.4931921539515947,1.029623235573759
FRB20190116E,False,-9999,1.7397412435358102,-0.6386531669587202,-0.5889416525259781,-0.8078794984592167,-1.227649439983633,-0.6764007764078049,0.5573874415536108,1.3139394800507849,1.029623235573759
FRB20190116D,False,-9999,1.3298991162059797,-0.05918963025551997,0.7672074877025188,-0.7458450671060488,-0.06372444105898502,-0.732780544614196,0.5117214122491363,-1.003283989559163,1.029623235573759
FRB20190116A,True,FRB20190116B,-0.2601889096124203,1.7410080736858515,1.2864375119425693,-0.9935868081997378,-0.2907355930007517,0.62033389233919,0.1052937514393134,1.1029590873125756,0.2655169265115416
FRB20190116B,True,FRB20190116B,-0.26738053094761965,0.488476689065476,0.26770998558889464,-0.8078794984592167,-0.8190651404123158,0.291451911135242,-0.2737342917878248,-0.26084665815128855,-0.8913456096204152
FRB20190116C,False,-9999,0.3116519827246352,-0.47270937044999695,-0.5889416525259781,4.698342355645973,2.8185075513629063,0.040561942616801676,0.3334716778640042,1.4172041448509212,0.5372818987967637
FRB20190116F,False,-9999,-0.8238908019871191,0.12138552992547975,-0.0015616340727495515,-0.7704087448778029,-1.0149432183856157,-0.5119597858058309,0.5010660054114257,1.1091905757056877,1.029623235573759
FRB20190117C,False,-9999,0.8400877154857367,-0.38267227331263287,-0.3422145903121762,-0.8590563598657228,-1.4267664091431633,-0.2159660027222777,0.40364514289521336,1.208004177367887,1.000771474817451
FRB20190117D,False,-9999,1.3497448432232968,0.14731871787034764,-1.0493934174299353,-0.44278834119680766,-0.3419093500997281,-0.6623058343562072,0.4934550005273466,-0.834143590317561,1.029623235573759
FRB20190117A,True,FRB20190117A,-0.4661774664106683,0.3306401798440676,-0.0015616340727495515,0.8028472796642165,0.6991981315928302,1.9311635031377827,-1.2220655003440783,-0.04719562753031757,-1.3632115032800303
FRB20190118B,False,-9999,0.4176612017167209,1.306597373993111,2.0469985734041187,-1.0075963703112703,-0.3109388527672513,-0.032731756051506675,0.3397127018689491,1.175956522774741,0.7280758005723478
FRB20190118A,False,-9999,-1.3901888993593938,-2.2172799316728584,-1.3379440149354793,2.7913352156048825,1.35312397197327,0.2313134917150916,-0.3043305314218227,-0.33829515675139094,-1.0114061624450508
FRB20190121A,False,-9999,-0.3367260913236858,-0.018574424371673216,0.6390661581351875,0.32476315877644163,0.7925624807949683,-0.4696749596510376,0.43119698057557965,0.09167754237331378,1.029623235573759
FRB20190122B,False,-9999,-0.17301945978759398,0.6006182125885127,0.49793586804087386,-0.8720758383614521,-0.9214610840420641,-0.549546297943425,0.5238990200636628,1.9994032032930669,1.029623235573759
FRB20190122C,False,-9999,0.46392316945657436,0.5069787245512875,-2.13991285155232,1.532185475769138,2.4437477046800677,-0.6106243801670154,0.4858439956432674,-0.4112925922135559,1.029623235573759
FRB20190122C,False,-9999,0.46392316945657436,0.5311634552098069,-2.13991285155232,1.532185475769138,2.4437477046800677,-0.334363515955699,0.3626979366188679,0.17713795462170137,1.029623235573759
FRB20190122C,False,-9999,0.46392316945657436,1.0591596817382167,-2.13991285155232,1.532185475769138,2.4437477046800677,-0.48376990170263534,0.3595013145675547,-0.3863666386411092,0.23015025203606682
FRB20190122C,False,-9999,0.46392316945657436,2.2511762302998166,-2.13991285155232,1.532185475769138,2.4437477046800677,-0.7750653707689894,0.49802160345779395,-1.003283989559163,-0.18680422599057503
FRB20190122C,False,-9999,0.46392316945657436,0.2683647367695789,-2.13991285155232,1.532185475769138,2.4437477046800677,-0.6106243801670154,0.5056326083418731,-0.18072752166842443,1.029623235573759
FRB20190122C,False,-9999,0.46392316945657436,1.6306392143727682,-2.13991285155232,1.532185475769138,2.4437477046800677,-0.7468754866657937,0.4919327995505307,-1.003283989559163,0.23759586771511465
FRB20190122A,False,-9999,1.4227953080992786,1.73320966837991,2.5658544967283685,-0.9838431211284252,0.12649687590948097,-0.64351257828741,0.5482542356927158,1.613941135547732,1.029623235573759
FRB20190124A,False,-9999,1.4817602420338885,0.780828753005556,2.1584883130263193,-0.6277117487342824,1.026899291647812,-0.48705872151467483,0.44672343053910096,0.14776093791131825,1.029623235573759
FRB20190124B,False,-9999,-0.27548171269976895,0.3349535131654398,1.23805427709516,-0.25594716557061875,0.8790609849592274,-0.64351257828741,0.4846262348618148,-0.7006116961794542,1.029623235573759
FRB20190124C,False,-9999,-0.8947369635005624,-1.4298631355955598,-0.6489329878801321,0.8028472796642165,1.0511642951811837,-0.6613661715527673,0.5050237279511467,-0.7860721084278423,1.029623235573759
FRB20190124C,False,-9999,-0.8947369635005624,0.5148985326689121,-0.6489329878801321,0.8028472796642165,1.0511642951811837,-0.6195511767996938,0.428152578621948,-0.721086586613964,0.3288046597834422
FRB20190124D,False,-9999,-0.7069325879910928,-0.8473458116061637,-0.3504226506258958,-0.7580859662257113,-0.8589608585867082,-0.6764007764078049,0.40821174582566083,-0.9863699496350026,-0.35898408856854114
FRB20190124E,False,-9999,0.28115411895419606,1.779174315419197,1.2864375119425693,-0.5937000404300945,0.378508579526359,-0.2535525148598718,0.40364514289521336,1.0032552730227897,1.029623235573759
FRB20190124F,False,-9999,-1.1851370787487439,-0.4356683208836747,-1.7728620286638306,1.422712766189793,0.24343949397812908,-0.5847836530724194,0.3062242803790011,-0.7771699821519684,-0.6716999470885231
FRB20190125A,False,-9999,0.13240358497259355,1.1537138959019306,0.8031362633668087,-0.9250938437744736,-0.6045071308983797,1.0102939557667283,-0.004304718891425351,1.269428848671416,0.0067817816646518515
FRB20190125B,False,-9999,-1.7766830103194833,0.8716991799446844,-0.36709573004794416,-0.39175326210765204,-0.06372444105898502,-0.4132951914446465,0.4553999761069511,0.8634918904915708,1.029623235573759
FRB20190126A,True,FRB20180916B,-0.6595198049733211,0.6867581913703282,0.3405127770077088,-0.5275043489091049,-0.31604433139433025,1.7197393723638161,-0.42138778653895903,0.7344110594914008,-0.5842139628597188
FRB20190127B,False,-9999,0.3981461943895758,0.88469139274692,2.6802312588242203,-0.6049676507207228,0.8509287055901504,-0.4320884475134436,0.4417001673156088,0.43886046713239163,1.029623235573759
FRB20190128A,False,-9999,0.47877003047925343,0.5606495523672628,0.3049389709057268,-0.6623632130635072,-0.8190651404123158,-0.7515738006829931,0.5208546181100312,-1.003283989559163,1.029623235573759
FRB20190128B,False,-9999,-1.2283197179381782,-0.6457684009638246,-1.5826584288326284,-0.4119979552815897,-0.9695008553267791,-0.4320884475134436,0.40212294191839754,0.026692020559434492,1.029623235573759
FRB20190128C,False,-9999,-0.85712266615461,1.8551711915649118,1.2970373869740983,-0.5166993411634461,0.16111145891825748,0.38071987746202796,-0.27830089471827224,-0.18962964794429824,-0.8075824332311339
FRB20190128D,False,-9999,-0.31785018502541823,0.1558260761894405,-0.0015616340727495515,-0.052519048835386356,-0.31604433139433025,-0.64351257828741,0.42952255950108226,-0.8314729524347988,0.14731777760666712
FRB20190129A,False,-9999,-0.12029295036151577,0.03012959817386737,1.5325110184931785,-0.7704087448778029,-0.003361929139220167,1.3391759369706762,-0.016482326705951837,1.7341198402720284,-0.39062795520449095
FRB20190130A,False,-9999,1.5965540314306377,-0.11221391240889939,0.6047982193859518,-0.7953043742770297,-0.12735134058579167,0.22567551489445245,-0.38485496309537937,-0.40239046593768213,-1.1389123309487332
FRB20190130B,False,-9999,1.0601950568591487,-1.5305860780364708,-0.5362514861188366,-0.4531672336605403,-0.49532056843945255,1.921766875103384,-1.5843493328262426,-0.2296892161857303,-1.5298071540987108
FRB20190131E,False,-9999,-1.03012188177403,-1.6830268548278902,-1.7728620286638306,1.048845292715196,0.016089934851358383,0.35252999335883234,-0.4015991738403534,-0.3240517547099927,-1.0495649428001679
FRB20190131D,False,-9999,0.345105198304997,-2.008334039530888,-1.008937496833172,1.002203597930701,0.3053912174530397,-0.6054562347480962,0.5079159098070968,-0.037403288626856705,1.029623235573759
FRB20190131D,False,-9999,0.345105198304997,-1.2373577590786293,-1.008937496833172,1.002203597930701,0.3053912174530397,-0.4320884475134436,0.45387777513013533,0.6427191588499013,1.029623235573759
FRB20190131C,False,-9999,-0.04354973430154674,-0.9751777099414528,-0.880757829635466,-0.38171373568330264,-0.7804777169560412,-0.4696749596510376,0.40821174582566083,-0.10238881044073547,1.029623235573759
FRB20190131B,False,-9999,2.0567979943843797,-0.1911312115761936,-0.2497720681016207,-0.23733843624129664,-0.3954099709874195,0.09412272241287323,0.3777677262893445,2.538872055611019,-0.033238402610226335
FRB20190201B,False,-9999,0.6003769154893843,-0.34153955108170275,-0.7730955992981585,-0.4119979552815897,-0.7069030745281276,-0.5965294381154175,0.3336238979616858,-0.7744993442692067,-0.5348867589860307
FRB20190201A,False,-9999,-1.2703746297250027,-0.6368816847101221,-0.5889416525259781,0.8547450366148783,-0.45145918188635564,-0.6764007764078049,0.555865240576795,-0.3231615420824051,1.029623235573759
FRB20190202B,False,-9999,-0.18952730028556888,-0.8260347147592851,-0.7900632779744458,0.23385579427546965,-0.5722637172949668,-0.49833467515595303,0.45844437806058275,0.20740518395967306,1.029623235573759
FRB20190202A,False,-9999,-0.8745971767518281,-0.46952294870956673,-0.5889416525259781,5.380662926235663,3.259450915953163,-0.44007558134268226,0.37046116160062853,-0.18339815955118668,0.6350056045842575
FRB20190203B,False,-9999,0.18299613234780623,-1.3970836911876439,-0.7619804363809424,-0.7704087448778029,-1.338147384481289,-0.6106243801670154,0.42952255950108226,-0.6712346794690706,0.42932047145057983
FRB20190203A,False,-9999,-0.355438231995424,-0.7447753575990218,-0.47323635081793425,-0.04416416585516306,-0.2179199386531566,0.4934794138748101,-0.5827410900814355,-0.35609940930313855,-1.174279005424208
FRB20190203C,False,-9999,-0.5654659785413043,0.6711234095069599,0.40724131637985367,0.10777753335084438,-0.12735134058579167,-0.6764007764078049,0.5589096425304266,2.557566520790354,1.029623235573759
FRB20190204A,False,-9999,-0.24480484649013923,0.5371256600611146,-0.42834913610224534,-1.1087648445427936,-1.0336231499262523,-0.568339554012222,0.1326933690219981,-0.8430457165934349,-1.2254676132176574
FRB20190204B,False,-9999,1.7105487285172156,-0.0779788117090654,-1.0241091145294179,0.06899192100289951,-0.12735134058579167,-0.3883941271534904,0.4264781575474506,0.5234306667531926,1.029623235573759
FRB20190205A,False,-9999,0.4770377982331584,-0.6475545843166428,-0.6230012124522418,-0.4846594285517059,-0.9430545518588878,0.17869237472245988,-0.16109141950345437,-0.2421521929719539,-0.7815227783544686
FRB20190206C,False,-9999,1.148156860299926,0.6499173002435038,-0.04542350737322111,-0.6858316646976842,-0.2659597099378715,-0.6341159502530116,0.47975519173600417,-0.6561010648000852,1.029623235573759
FRB20190206B,False,-9999,-0.6476509351835329,2.0080074513851045,1.4323456004973136,-0.2747457831717695,0.6663547633612098,-0.13609466442989038,0.18444820223373581,-0.057878179061366525,-0.018347171252132286
FRB20190206A,False,-9999,-1.6854482958336816,-0.3361720824837317,0.48060062998041503,0.10777753335084438,0.6094929312001015,1.1042602361107134,-0.44117639923756463,0.1922715692906872,-0.8187508567497045
FRB20190208B,False,-9999,0.521272427122485,-2.5793830159592464,-2.0451648260977935,2.9620358107410927,1.098243012122783,-0.6486807237063293,0.4368291241897982,-0.8457163544761971,0.22642744419654345
FRB20190208C,False,-9999,-1.295267807631741,-1.0582921730307213,-0.9650756235327009,0.005184727858213103,-0.9257481961704184,0.19748563079125686,-0.272212090811009,-0.33829515675139094,-0.9900000173677895
FRB20190208A,True,FRB20190208A,0.17620981421435603,-0.3967401236087348,-0.16691065106692718,-0.8983941222371574,-0.023140730478127623,1.574091637830639,-0.32396692402274674,0.7993965813052801,-0.45019288063686924
FRB20190208A,True,FRB20190208A,0.17620981421435603,-1.0609137948461238,-0.16691065106692718,-0.8983941222371574,-0.023140730478127623,2.9366027028184236,-1.1916214808077619,0.39969111151854614,-1.220814103418253
FRB20190208A,True,FRB20190208A,0.17620981421435603,-1.142687945234583,-0.16691065106692718,-0.8983941222371574,-0.023140730478127623,2.795653282302446,-1.3742855980256599,0.20473454607691033,-1.3455281660422924
FRB20190208A,True,FRB20190208A,0.17620981421435603,1.9599628542512413,-0.16691065106692718,-0.8983941222371574,-0.023140730478127623,0.7096018586659759,-0.9785133440535476,-0.4424500341791142,-1.404162389514789
FRB20190209A,True,FRB20190209A,-0.33893592218811047,0.2835223848530101,-0.22823860221607112,-0.4531672336605403,-0.24169470640449964,0.657920404476784,-0.7958492268356497,-0.38102536287558475,-1.2766562210111068
FRB20190210B,False,-9999,0.29821051236534624,-1.0955891065019123,-1.134809741170359,0.8547450366148783,0.054054871661147946,-0.796207783846386,0.5118736323468178,-1.003283989559163,0.06076249533774404
FRB20190210C,False,-9999,0.3483121756267648,-1.4485148195000737,-1.4354688686428134,0.7331177595358216,-0.31604433139433025,-0.6646549913648068,0.5360766278781893,-0.5733112904344588,1.029623235573759
FRB20190210A,True,FRB20190209A,-0.33374512115242116,1.7866477845022504,-0.0015616340727495515,-1.0939675879638304,-0.8960612999652756,0.512272669943607,-0.7958492268356497,-0.4549130109653373,-1.3687957150393155
FRB20190210D,False,-9999,-0.616814943062976,-0.6876198794971491,-1.3650356236223382,0.0846042902005268,-0.637658928165376,0.291451911135242,0.1874926041873675,0.8804059304157309,0.5670643615129528
FRB20190210E,False,-9999,0.17831267731975564,-0.1453296090373356,-0.2497720681016207,-0.5383731033818616,-1.0573979176775956,-0.05152501212030372,-0.05758175307997891,-0.3623308976962501,-0.8392262998670847
FRB20190211A,False,-9999,1.3640071969288006,-1.2008737491432768,0.6269953581762426,0.1607410979908135,0.1439314314976075,1.1465450622655067,-0.03931534135818908,1.273879911809353,-0.03882261436951193
FRB20190211B,False,-9999,-1.1471772934033768,-2.5793830159592464,-1.8336719440638878,-1.0217132864358034,-1.1064388042738476,-0.6153226941842146,0.4447445692692404,-0.6480891511517984,0.7010854437358014
FRB20190212B,False,-9999,0.23329688005169913,-1.7019076061792153,-0.8871858068856593,0.21946315435492905,-0.2907355930007517,-0.7774145277775889,0.5041104073650572,-1.003283989559163,0.1156739109707168
FRB20190212C,False,-9999,1.1054665399888577,1.4979487289000752,1.5246264338771138,-0.5275043489091049,0.924503348018064,-0.5284038848660283,0.44626677024605627,-0.1317658271511186,1.029623235573759
FRB20190212D,False,-9999,1.295031380547371,-0.04889122417402045,1.8877799266141204,-0.8590563598657228,0.12649687590948097,-0.878428279147373,0.5543430395999792,-1.003283989559163,-0.07418928884498616
FRB20190212A,True,FRB20190212A,-0.9049090862287906,0.99116811319541,0.629424127461095,-0.8720758383614521,-0.45145918188635564,-0.2676474569114695,0.11899356023065577,-0.41485344272390523,-0.6642543314094752
FRB20190213A,True,FRB20190213A,0.36799052853390174,0.34210420540757835,0.5149035467171611,-0.8205410502898249,-0.7069030745281276,-0.4555800175994399,-0.24785687518195593,-0.8368142282003233,-1.6163624363676345
FRB20190213C,False,-9999,-0.626450574730868,-0.5716389688062242,-0.4946823784225877,-0.6163046005879098,-1.2444213767604801,-0.6904957184594026,0.5680428483913216,2.557566520790354,1.029623235573759
FRB20190213B,True,FRB20190212A,-0.9074959772250821,-0.4254398303599727,-0.6346843230848576,-0.30330834817507013,-0.17176457285954827,2.043923039550565,-0.38485496309537937,1.1243241903746735,-0.3775981277661586
FRB20190213B,True,FRB20190212A,-0.9074959772250821,-1.4713321100470103,-0.6346843230848576,-0.30330834817507013,-0.17176457285954827,2.5137544412704904,-1.5112836859390832,0.012448618518036225,-1.4423211698699068
FRB20190213D,False,-9999,1.571408631885831,-0.6054837461846504,-0.6114862099738211,-0.22810408838727467,-0.7431155002504592,0.5498591820812011,0.17379279539602513,1.4109726564578091,0.13242654624857308
FRB20190214A,False,-9999,-0.07675106424543589,2.7764545292090186,1.9413139689457817,-0.8078794984592167,0.5740085048685963,-0.6764007764078049,0.5589096425304266,2.557566520790354,1.029623235573759
FRB20190214C,False,-9999,0.037104836794771695,0.45691503635044056,-0.2644564959706092,-0.2097731059046604,0.03522549431705471,-0.45088170358224056,0.30470207940218536,-0.44334024680670125,-0.16632878287319486
FRB20190215B,False,-9999,-1.0610041018214433,-0.25871598547306046,-0.3927753300002633,0.6377594111892813,0.10880013674496802,-0.7407676784434347,0.527095642114976,-1.003283989559163,1.029623235573759
FRB20190216A,True,FRB20181017A,1.4901949498806488,3.1496332710110564,2.197021215316095,-0.3129284668481299,2.4437477046800677,0.27735696908364416,-0.21436845369200794,-0.21099475100639564,-0.7843148842341119
FRB20190217A,False,-9999,0.7051230196251396,-0.2637098469771835,0.5921951421442636,-1.0359392145749007,-1.1894201997526899,-0.5213564138402295,0.4614887800142144,0.07654392770432793,1.029623235573759
FRB20190217B,False,-9999,0.8020104456359525,-0.5485654155546538,1.328019792845049,-0.7096029434122808,0.17804428310771972,-0.8361434529925796,0.5726094513217689,-1.003283989559163,1.029623235573759
FRB20190218A,False,-9999,1.4937529123916709,0.2683647367695789,0.09860378392311459,-0.7096029434122808,-0.9650516591849819,-0.6012277521326168,0.4904105985737149,-0.26084665815128855,1.029623235573759
FRB20190218B,False,-9999,0.08230476535191918,0.6711234095069599,1.7916309730846618,-0.6740600684819947,0.16111145891825748,1.4895219855210526,-0.35441094355906305,0.6685353250499351,-0.5358174609459112
FRB20190218C,False,-9999,-0.8113826022358679,-1.801624743738855,-2.0830798627769163,4.013829936446053,1.9665919143674797,-0.5363910186952671,0.3139875053607618,-0.6454185132690368,-0.433440245359013
FRB20190219A,False,-9999,0.3835154266928372,0.39901389722928726,0.09860378392311459,-1.0146413063901427,-1.319995698476247,-0.8074837374876641,0.555865240576795,-1.003283989559163,1.029623235573759
FRB20190219B,False,-9999,1.9384128615229526,0.8496907396598166,1.9125583413815037,-0.1382204797001351,1.1059095602650042,-0.37852766771737206,0.44322236829242456,0.8839667809260812,1.029623235573759
FRB20190219C,False,-9999,0.7228228989484828,0.6867581913703282,0.43862882419066257,-0.8851879829641691,-0.8348614980936184,-0.29583734101466513,0.41277834875610825,0.8955395450847167,1.029623235573759
FRB20190220A,False,-9999,-1.4576444196639406,-0.7447753575990218,-1.478204381637568,-0.9658833005864883,-1.5014019107231868,-0.8361434529925796,0.5086770102955047,-1.003283989559163,-0.43902445711829857
FRB20190221A,False,-9999,-1.399791573806574,-0.13417743438823146,-1.0434872735374607,-0.027567219910840407,-0.6962531287415387,-0.44148507554784205,0.19510360907144658,-0.6062491576551917,-0.7731464607155407
FRB20190221B,False,-9999,-0.46717184024354147,1.3742327307304851,0.9457845557031435,-0.5383731033818616,0.10880013674496802,-0.6951940324766019,0.5223768190868471,-1.003283989559163,1.029623235573759
FRB20190221C,False,-9999,2.260610582795472,0.07672454776157127,1.7327604053102292,-0.6507401553312347,0.34980444972679603,0.08002778036127542,0.315357486239896,1.3531088356646295,0.5205292635189079
FRB20190221D,False,-9999,-0.15819981282171022,-0.3770962234129093,-0.36709573004794416,-0.582500926673823,-1.2221114957507535,-0.6670041483734064,0.5223768190868471,-0.7629265801105707,1.029623235573759
FRB20190222B,False,-9999,-0.07695398947739548,0.34920769801711343,1.0025209833801232,-0.8851879829641691,-0.12735134058579167,-0.7656687427345907,0.40364514289521336,-1.003283989559163,-0.8941377155000575
FRB20190222C,False,-9999,0.00858665828423042,-0.5227875310551845,-0.5670148325577473,-0.8332902260135071,-1.4007584781808968,-0.24415588682547323,-0.26155668397329823,-0.681917231000119,-1.4255685345920504
FRB20190222A,True,FRB20190222A,-0.20648199676651002,0.5542315732192524,-0.4121449609328471,0.32476315877644163,0.8882909222957324,1.1559416902999053,-2.225195944065701,-0.6017980945172549,-1.7810966832665533
FRB20190222D,False,-9999,0.8953580248249645,-0.6493437372192128,-0.5670148325577473,-0.4324675940939011,-1.3816229187152007,-0.4555800175994399,0.4614887800142144,0.6293659694360906,1.029623235573759
FRB20190223A,False,-9999,-0.4836241487280781,-0.3925004258480779,-0.4374952798255735,-0.7953043742770297,-0.9965551727465789,0.3431333653244339,-1.008957363589864,-0.6062491576551917,-1.6107782246083489
FRB20190223B,False,-9999,0.04763661683793853,-0.5583935680900998,-0.5046238586287431,-0.6976789630168787,-1.3943453234660774,-0.22066431673947695,0.39907853996476594,1.118982914609149,1.029623235573759
FRB20190224A,False,-9999,0.7466857034318772,0.6658609284924114,1.0765796328668582,-0.6049676507207228,0.5374207607001745,-0.5589429259778235,-0.35441094355906305,-0.9258354909590611,-1.7876115969857196
FRB20190224B,False,-9999,0.7885654387723735,-0.5833639510295522,-0.5562726730800971,0.5188634148767596,-0.10575787276896813,-0.5777361820466205,0.45844437806058275,-0.3578798345583132,1.029623235573759
FRB20190224C,False,-9999,-0.07768272934833108,-1.4335677011229964,1.4739278813997934,0.0846042902005268,0.46064499837189493,-0.32402722511786064,0.4660553829446618,2.087534253424217,0.9877416473791186
FRB20190224D,False,-9999,0.6087004672898821,-0.5275740855272498,-0.5889416525259781,0.9299492964026743,0.19473691728150186,-0.3540964348279359,0.3716789223820812,0.16645540309065343,1.029623235573759
FRB20190224E,False,-9999,-0.296326055539027,-0.7467338207837867,-0.7758986805005474,0.5371943973593734,-0.2179199386531566,-0.5767965192431806,0.4273914781335401,-0.5163376822688668,0.6759564908190178
FRB20190226A,False,-9999,0.23711576916024996,-0.95358149579975,-0.8969256293195237,0.14576338508732195,-1.0718967989565271,-0.5772663506449006,0.49802160345779395,0.13351753586992,1.029623235573759
FRB20190226B,False,-9999,0.3177613113881628,1.390497653271381,0.9457845557031435,-0.9116956135217394,-0.6787146375403845,0.7236968007175736,-0.03931534135818908,0.6436093714774889,-0.032307700650346285
FRB20190226C,False,-9999,0.7655321458371845,0.18919852463181658,-0.0015616340727495515,-0.8983941222371574,-1.0767697292224618,-0.3710103652898532,-0.08041476773221616,-0.7086236098277403,-1.3148150013662236
FRB20190227A,False,-9999,-0.46332395977263263,0.17763551767269486,-0.1160822148166849,1.298294287492608,0.9509496514859553,-0.599348426525737,0.5261823215288866,0.7744706277328329,1.029623235573759
FRB20190227B,False,-9999,-0.7507848892756336,-1.0794461754720919,-0.9302754075007219,-0.7828145058293874,-1.4805728540912404,-0.7045906605110005,0.5467320347159002,-1.003283989559163,1.029623235573759
FRB20190228A,False,-9999,-0.361314530058502,0.7713050163111942,2.026525692706796,0.3851701619852743,2.1310653024249575,1.790214082621805,-0.23111266443698192,1.3513284104094552,-0.25660687298164186
FRB20190228B,False,-9999,1.259029167534142,-0.13417743438823146,1.8189697516734784,1.7333577119151165,2.836204290527419,-0.40671755182056757,0.33819050089213326,-0.2083241131236334,0.36789414209844035
FRB20190301B,False,-9999,0.29062123500542775,0.1973824060711945,0.05008718037860434,-0.8851879829641691,-1.3879669285680627,-0.7515738006829931,0.35493471163710727,-1.003283989559163,-1.0616640682786191
FRB20190301C,False,-9999,0.7150575799306074,0.13009954695342088,1.3771320636035895,-0.9658833005864883,-0.6997924125453885,-0.7938586268377863,0.5695650493681373,-1.003283989559163,1.029623235573759
FRB20190301D,False,-9999,1.3251520498444043,-1.2008737491432768,-0.8266120432204883,-0.8983941222371574,-1.0336231499262523,-0.5119597858058309,0.11138255534657669,-0.7789504074071436,-1.1807939191433736
FRB20190301A,True,FRB20190222A,-0.2086697009055953,0.3139437032028111,0.02982587373805937,0.4113947833189097,0.5497435013352244,2.556039267425284,-0.7791050160906758,0.7050340427810178,-0.9025140331389858
FRB20190301A,True,FRB20190222A,-0.2086697009055953,0.13009954695342088,0.02982587373805937,0.4113947833189097,0.5497435013352244,2.560737581442483,-0.9480693245172314,0.49316343741522095,-1.0709710878774281
FRB20190302A,False,-9999,1.1341890513795285,2.0080074513851045,3.276832209923321,-0.6858316646976842,2.1052002837195594,-0.8854757501731718,0.6044234517372196,-1.003283989559163,1.029623235573759
FRB20190303B,False,-9999,-1.640610905654696,-0.4624254367728381,0.03697582819756852,2.809134856871609,2.3142974436305193,-0.7599367996336076,0.5199412975239417,-1.003283989559163,0.9039784709898377
FRB20190303C,False,-9999,1.2205983940568244,0.5069787245512875,0.228664248379229,-0.42220434448759214,-0.352416660775817,-0.6576075203390079,0.5238990200636628,-0.5617385262758228,1.029623235573759
FRB20190303D,False,-9999,0.5141432052218848,-0.3281707428517661,-0.3260467906281185,-0.6507401553312347,-1.2002167064682607,-0.7233839165797975,0.4736663878287409,-1.003283989559163,0.13708005604797704
FRB20190303A,True,FRB20190303A,-1.415689940833352,0.4504900905622645,0.5424072454569476,-0.7953043742770297,-0.6242859322372871,2.292933682462125,-0.4914090314724865,1.055777818050445,-0.5395402687854346
FRB20190304A,False,-9999,-0.12382792451738231,-1.0661762758606723,-0.4094758794200293,-0.5166993411634461,-0.5103119938200564,-0.38510530734145104,-0.4655316148666176,-0.8323631650623864,-1.720601055874295
FRB20190304B,False,-9999,-0.17146786175481224,-1.294513237180503,-0.7060313490079528,-0.5603048926380019,-0.7357833209065499,-0.7393581842382749,0.44626677024605627,-1.003283989559163,-0.4008656767631816
FRB20190304C,False,-9999,0.13325354350389815,-0.1588665827841422,-0.2497720681016207,-0.7216046050094225,-1.1215586393853594,0.3666249354104302,-0.7654052072993334,-0.5163376822688668,-1.4367369581106206
FRB20190307A,False,-9999,-0.6344743342900908,0.6763602822400759,0.40724131637985367,-1.5050534694897453,-2.1119241419979997,0.24446877096324943,0.10681595241612923,0.3934596231254351,0.22921955007618572
FRB20190307B,False,-9999,-0.9481646478603897,0.5893492591185007,2.1142219775957645,-1.5050534694897453,-2.1119241419979997,0.512272669943607,0.16922619246557766,1.2810016128300514,0.2236353383169012
FRB20190308C,False,-9999,-0.06733413697346971,-1.087487372707551,0.337025717612137,-0.7953043742770297,-0.04325764731361227,0.03304464018928285,-0.36963295332722124,-0.5296908716826775,-1.2924781543290813
FRB20190308C,False,-9999,-0.06733413697346971,-0.7447753575990218,0.337025717612137,-0.7953043742770297,-0.04325764731361227,-0.028033442034307434,-0.3620219484431421,-0.568860227296522,-1.3390132523231262
FRB20190308B,False,-9999,-1.7587429686813207,-1.9115339758797567,-1.9345396691387027,-0.12946868870597036,-1.0865765441229664,0.1927873167740577,-0.2463346742051401,-0.31782026631688115,-0.946257025253388
FRB20190308B,False,-9999,-1.7587429686813207,-0.8051374518813682,-1.9345396691387027,-0.12946868870597036,-1.0865765441229664,-0.23475925879107476,-0.004304718891425351,-0.5109964065033423,-0.9704552762102915
FRB20190309A,False,-9999,-0.6272083420897964,-0.6857660026855141,-0.5562726730800971,-0.8983941222371574,-1.4737109630591667,-0.0750165822063,-0.4152989826316957,-0.6231631975793522,-1.431152746351336
FRB20190313B,False,-9999,1.3681704725375365,-0.58168111218309,0.8668924020123159,-0.5603048926380019,-0.5596097138913,-0.7515738006829931,0.5695650493681373,-1.003283989559163,1.029623235573759
FRB20190313A,True,FRB20181119A,-0.5923253840603391,0.5664510500991762,0.579390407130285,-0.8720758383614521,-1.0430754977546928,0.3008485391696405,0.30470207940218536,2.091985316562154,-0.0462682300485587
FRB20190316A,False,-9999,-0.017138804050162087,-0.2967473360387809,-0.3422145903121762,0.03736455985175321,-0.6276149612684597,-0.2535525148598718,0.32296849112397513,0.2065149713320855,0.9179390003880512
FRB20190317A,False,-9999,1.3202490000723055,-0.4699775745938274,-0.3927753300002633,-0.7096029434122808,-1.1628544897626787,-0.2535525148598718,0.3747233243357128,0.6204638431602167,1.029623235573759
FRB20190317B,False,-9999,-0.3407764525484959,0.13874357112107172,0.05008718037860434,-0.582500926673823,-0.8630258400991689,-0.6764007764078049,0.5573874415536108,-0.002684996150948613,1.029623235573759
FRB20190317C,False,-9999,0.22798246891158394,0.2607050943060734,2.197021215316095,-0.8461282468839153,0.44734755770547646,-0.5213564138402295,0.40212294191839754,-0.3587700471859003,0.6461740281028286
FRB20190317F,False,-9999,1.2632734904553902,0.46965098644804326,1.4341220249006539,0.2903276040331168,1.7666528627590512,-0.625658985022053,0.45098559327418525,-0.6952704204139297,0.7373828201711562
FRB20190317E,False,-9999,0.7108604822106596,0.4504900905622645,0.26770998558889464,0.6204068633696185,0.378508579526359,-0.6904957184594026,0.5665206474145057,2.557566520790354,1.029623235573759
FRB20190318A,False,-9999,-0.36058941349834195,-0.17949677152667204,1.137964424829497,0.21946315435492905,1.0905261911746187,-0.6792197648181245,0.5126347328352259,-0.9792482486143039,1.029623235573759
FRB20190319A,False,-9999,2.2586931983685323,0.3132118601123685,0.6990574934893415,0.9446286453020177,1.436790433083291,-0.48376990170263534,0.4919327995505307,1.1394578050436583,1.029623235573759
FRB20190320A,False,-9999,0.2713603180372997,0.07672454776157127,-0.1410929648637086,-0.2842175188928274,-0.12735134058579167,-0.7750653707689894,0.5680428483913216,-1.003283989559163,1.029623235573759
FRB20190320B,False,-9999,-0.1042046844357828,-0.17718490120037692,-0.2497720681016207,-0.49527760514872493,-0.8589608585867082,-0.732780544614196,0.5315100249477419,-1.003283989559163,1.029623235573759
FRB20190320C,False,-9999,-0.572955539370392,-0.05918963025551997,-0.1160822148166849,-0.019324483387613122,-0.440033742840902,-0.6623058343562072,0.5254212210404786,-0.6311751112276385,1.029623235573759
FRB20190320D,False,-9999,1.2973319849118705,1.790365146481783,2.0713744334018958,-0.7704087448778029,0.8509287055901504,-0.24885420084267257,0.406689544848845,1.085154834760828,1.029623235573759
FRB20190320E,False,-9999,-0.91950491026151,-0.29803848823087536,-0.5889416525259781,1.6017125398789127,0.9333849824610508,-0.3963812609827292,0.4417001673156088,0.7094851059189546,1.029623235573759
FRB20190322A,False,-9999,1.1751036849419676,1.0181220321892714,1.6073579460555683,-0.5937000404300945,0.7205952842907165,-0.4555800175994399,0.4523555741533195,0.4459821681530903,1.029623235573759
FRB20190322B,False,-9999,0.168021191514477,0.18095193084586728,0.09860378392311459,-0.6277117487342824,-0.8034780121702243,-0.6857974044422034,0.46453318196784604,-1.003283989559163,0.33625027546249003
FRB20190322C,False,-9999,1.3693271500248616,-2.2172799316728584,-0.31492058945785384,1.4964125354573998,0.9937474943808154,-0.6904957184594026,0.5365332881712341,-1.003283989559163,1.029623235573759
FRB20190323A,False,-9999,0.8239552730053162,-0.7645222459975215,0.4478099443727756,-0.5603048926380019,-0.5690874374241055,-0.5965294381154175,0.514765814202768,0.2652690047528527,1.029623235573759
FRB20190323B,False,-9999,0.6873004397650996,-2.2644192288811835,-1.9345396691387027,2.311925735998374,0.7724455639594837,-0.4085968774274473,0.44322236829242456,0.6542919230085368,1.029623235573759
FRB20190323C,False,-9999,-0.5185189744194361,-1.3617960962982747,-0.2644564959706092,-0.6858316646976842,-1.091510769287708,-0.5542446119606241,0.3960341380111343,-0.5216789580343908,0.30646781274630086
FRB20190323D,False,-9999,0.6320560000828785,1.7194249848327172,1.231223975048846,-0.9250938437744736,-0.6410260577235612,-1.0334726417149485,0.5132436132259521,-1.003283989559163,-1.4963018835429989
FRB20190325A,False,-9999,-0.6161637444882595,0.37716187289023534,0.144346454481994,0.03736455985175321,-0.0845534976909316,-0.7186856025625983,0.5406432308086367,-1.003283989559163,1.029623235573759
FRB20190325B,False,-9999,1.9896163857446159,0.221567136729714,0.2600517561900379,-0.5275043489091049,-0.2635105707027075,-0.5777361820466205,0.46453318196784604,-0.3204909041996434,1.029623235573759
FRB20190325C,False,-9999,0.7045437792055318,1.1503560921699938,0.7631139807460315,-0.6049676507207228,-0.25862753059396215,-0.4884682157198347,0.4569221770837669,0.2652690047528527,1.029623235573759
FRB20190326A,False,-9999,-1.0094792804881805,-0.9441205537852418,-0.8044831071089682,-0.2097731059046604,-1.0289252954728854,-0.5824344960638198,0.4417001673156088,-0.4887410908136578,0.9505135689838827
FRB20190328A,False,-9999,1.5173524673379455,2.052545195618959,1.5166633943945487,-0.8461282468839153,-0.5850552669078009,-0.89722153521617,0.613708877695796,-1.003283989559163,1.029623235573759
FRB20190328B,False,-9999,0.13328284463694462,0.4044082705441455,0.228664248379229,-0.5059573367364637,-0.7653901900705261,-0.258250828877071,0.35341251066029145,0.41482472618753197,1.029623235573759
FRB20190328C,False,-9999,-0.16144069838418537,-0.38267227331263287,0.3405127770077088,1.7013177993033766,1.1435105536737977,-0.6482108923046094,0.5178102161563995,-0.479838964537784,1.029623235573759
FRB20190329A,False,-9999,-1.6830801701185518,-0.05918963025551997,-0.41036458452535346,-0.7336849665890433,-0.7284965423449512,1.2921927967986837,-3.581477014408593,-0.7175257361036141,-2.0072572595176115
FRB20190330A,False,-9999,-0.039631471709914025,-0.13417743438823146,-0.8649102055368361,-0.9250938437744736,-1.216599490461806,-0.732780544614196,0.5117214122491363,-1.003283989559163,1.029623235573759
FRB20190330B,False,-9999,0.41074409470470924,-1.2560743216703079,-1.5021974080149583,0.9494958833764963,0.054054871661147946,-0.638344432868491,0.47762411036846203,-0.6854780815104689,1.029623235573759
FRB20190401A,False,-9999,0.673938471566707,1.2529265461771357,0.7631139807460315,-0.1826141589041796,0.5497435013352244,-0.612033874372175,0.4964994024809781,-0.30090622639272063,1.029623235573759
FRB20190402A,False,-9999,1.5021832864617315,1.699421151958991,1.1841351664684425,-1.0217132864358034,-1.1114571955792156,-0.4884682157198347,0.30470207940218536,-0.5305810843102645,-0.2994191631361639
FRB20190403G,False,-9999,0.8389597018107628,0.39766106836098014,0.18761530895940332,-0.4741021014382543,-0.9920027068071865,0.9961990137151306,-0.5979630998495936,-0.05609775380619136,-1.0393272212414773
FRB20190403A,False,-9999,-0.007837990069853435,0.3349535131654398,0.144346454481994,-0.12075827749279773,-0.4259061904869727,-0.47437327366823684,0.423433755593819,0.006217130124925178,1.029623235573759
FRB20190403B,False,-9999,-0.956791162362491,0.8181026163510591,1.0779653974816952,0.9052207567989985,1.6666319168632464,-0.549546297943425,0.389945334103871,-0.5314712969378521,0.23015025203606682
FRB20190403C,False,-9999,0.967206787978973,-0.25126837635139376,0.1705874566776818,-0.9250938437744736,-1.0195854767832377,-0.7421771726485945,0.4569221770837669,-1.003283989559163,-0.2845279317780693
FRB20190403D,False,-9999,0.2695046940749445,0.18919852463181658,0.09860378392311459,-0.582500926673823,-0.9214610840420641,-0.7938586268377863,0.5117214122491363,-1.003283989559163,0.10543618941202672
FRB20190403E,False,-9999,-1.3821917356275593,0.7471202856526746,1.995899589867627,1.422712766189793,2.999913763609847,0.8082664530271604,0.007872888923101135,0.9587446416434209,0.2534178010330898
FRB20190403F,False,-9999,0.40103007599835183,-0.05918963025551997,1.5557091316042142,-0.6623632130635072,0.34980444972679603,-0.8502383950441774,0.5771760542522164,-1.003283989559163,1.029623235573759
FRB20190404A,False,-9999,1.5800554575033363,0.22950942534665603,-0.2794154149639156,-0.07781347649130264,-0.10575787276896813,-0.7431168354520343,0.5589096425304266,-1.003283989559163,1.029623235573759
FRB20190404B,False,-9999,-0.10444763580418327,-1.2896326155589497,-2.084519213641722,2.6616762955557864,1.242818563288943,-0.7886904814188672,0.5184190965471259,-1.003283989559163,0.3325274676229656
FRB20190405A,False,-9999,-0.3385540345710572,0.010911672785782625,0.40403378156452513,-0.582500926673823,-0.637658928165376,-0.5260547278574287,0.3808121282429761,-0.47093683826191024,0.2524870990732092
FRB20190405B,False,-9999,1.2560158588299128,-0.3149659732202756,0.9635513146905558,1.2244303322670846,1.3217404860498758,-0.3569154232382554,0.43865576536197715,0.9596348542710085,1.029623235573759
FRB20190406A,True,FRB20190208A,0.17730123968748626,0.1558260761894405,-0.0015616340727495515,-0.7216046050094225,-0.7069030745281276,0.2867535971180428,0.03375030552897005,0.23589198804246858,-0.0695357790455822
FRB20190408A,False,-9999,0.8352604412650433,-0.29031470945679155,-0.3260467906281185,-0.5937000404300945,-1.0289252954728854,0.9961990137151306,-0.18696883610932327,0.5670510855049741,-0.3440928572104471
FRB20190409A,False,-9999,2.0440621934159693,-1.6830268548278902,0.10329751506216904,1.048845292715196,0.5619385428786463,-0.5260547278574287,0.4660553829446618,0.10503073178712447,1.029623235573759
FRB20190409B,False,-9999,-0.9959679366990837,0.8135133760359907,2.106600216508568,-0.8983941222371574,0.3053912174530397,0.3102451672040391,0.0398391094362333,0.2901949583252989,-0.024862084971299523
FRB20190409C,False,-9999,0.42686692953557,-0.018574424371673216,-0.1160822148166849,-0.1916227271709857,-0.7542001440035643,-0.6623058343562072,0.4827995936896358,-0.8421555039658473,1.029623235573759
FRB20190409D,False,-9999,1.5129499964457058,0.37024110805480814,0.144346454481994,-0.6507401553312347,-0.5596097138913,-0.44148507554784205,0.39451193703431847,-0.04719562753031757,1.029623235573759
FRB20190410A,False,-9999,-1.0053432312770643,-0.0906896904552695,-0.18013870207337493,0.24813686222210385,0.1439314314976075,1.3391759369706762,-0.7349611877630171,0.02491159530426034,-1.1063377623529023
FRB20190410B,False,-9999,0.3452292038724329,-1.0273209644377495,-1.5711983924495698,-1.138720765371686,-1.6746640698598039,0.19748563079125686,-0.5583858744523825,-0.5207887454068036,-1.3687957150393155
FRB20190411A,False,-9999,-0.20509318777363164,-1.042695157664629,-0.7348497410807224,-0.019324483387613122,-1.0767697292224618,-0.7609704287173916,0.6182754806262434,2.557566520790354,1.029623235573759
FRB20190411B,False,-9999,1.4206034814588464,0.24522029156956174,0.09860378392311459,-0.3323207358004528,-0.2907355930007517,-0.6247193222186131,0.5208546181100312,-0.04808584015790515,1.029623235573759
FRB20190411C,False,-9999,-1.3284601813118297,-0.07692631751953011,-0.2497720681016207,1.1343373652594078,0.6325683955866609,0.4605912157544153,0.1616151875814986,1.100288449429814,0.3511415068205841
FRB20190411C,False,-9999,-1.3284601813118297,-0.22680879567911555,-0.2497720681016207,1.1343373652594078,0.6325683955866609,-0.13139635041269113,0.3686345204284496,1.1323361040229598,0.8769881141532915
FRB20190412A,False,-9999,-0.5912679262906801,0.1327000521810093,-0.0567751709664736,0.37191651820513205,0.32038264283364337,-0.34704896380213696,0.4637720814794381,1.7261079266237411,1.029623235573759
FRB20190412B,False,-9999,-0.5420022907693915,1.9615466296997397,1.8673895531456046,-0.5493063612260498,0.9768146701913534,-0.8690316511129745,0.5178102161563995,-1.003283989559163,-0.5963130883381701
FRB20190414A,False,-9999,0.7336498251307015,0.6173034339916226,0.37457233693397257,-0.8332902260135071,-0.9257481961704184,-0.840841767009779,0.5482542356927158,-1.003283989559163,0.35858712249963137
FRB20190414B,False,-9999,-0.04770477056926459,1.5338644721936903,1.0807297486417247,-0.7704087448778029,-0.2659597099378715,-0.7844619988033878,0.5421654317854526,-1.003283989559163,1.029623235573759
FRB20190415A,False,-9999,0.32319904215114936,0.8760473685792691,0.579390407130285,-0.6740600684819947,-0.2907355930007517,-0.5918311240982183,0.47975519173600417,-0.27776069807544906,1.029623235573759
FRB20190415B,False,-9999,0.5414834217787731,1.280096508217318,2.013727783535537,-0.3717286243034724,1.5932103356279448,-0.40201923780336835,0.3840087502942893,0.04805712362153139,1.029623235573759
FRB20190415C,False,-9999,0.3657564610244923,-0.7447753575990218,-0.4374952798255735,-0.8078794984592167,-1.439989143510383,-0.05152501212030372,0.07180532994936545,-0.1566917807235653,-0.37852882972604024
FRB20190416A,False,-9999,2.448146142722338,-0.45492592751742855,0.09860378392311459,-0.6391899699131895,-0.540880231371573,-0.5448479839262257,0.41277834875610825,-0.4210849311170168,0.6573424516213998
FRB20190416B,False,-9999,0.16336072353096784,-0.35507652482851026,-0.8952940714351294,-0.5383731033818616,-1.047830296052409,-0.8502383950441774,0.20119241297870982,-1.003283989559163,-1.6535905147628704
FRB20190417B,False,-9999,1.3258764549244988,0.5893492591185007,2.3491748605902445,-0.8078794984592167,0.6991981315928302,-0.4931665297370339,0.45996657903739857,0.2901949583252989,1.029623235573759
FRB20190417A,True,FRB20190417A,1.611761033163575,1.0773080919772255,0.629424127461095,-0.7704087448778029,0.1439314314976075,3.4863054428307367,-1.4656176566346089,0.4094834504220075,-1.3185378092057467
FRB20190417C,False,-9999,-0.8066817965582294,-1.0525469871204425,-1.0014582006637025,2.522196302534049,0.7925624807949683,0.48314312303697177,0.06556430594442066,0.656072348263712,0.25248709907320815
FRB20190418A,False,-9999,-1.7194570549883816,-0.47605767677235383,-0.5248851652692881,-0.23733843624129664,-0.7431155002504592,-0.9066181632505684,0.5025882063882414,-1.003283989559163,-1.022574585963621
FRB20190419A,False,-9999,-0.2807854507394244,0.5606495523672628,0.37457233693397257,-0.8720758383614521,-1.439989143510383,-0.6341159502530116,0.11747135925383993,-0.9418593182556336,-1.4050930914746702
FRB20190419B,False,-9999,-1.9036908423895356,-0.5551075343216628,-1.4483768721084624,1.6687107792407723,0.46064499837189493,-0.41564434845324616,0.3412349028457649,-0.2252381530477934,0.36137922837927366
FRB20190420B,False,-9999,0.8032448449609799,-1.3970836911876439,0.7672074877025188,0.6377594111892813,1.1582208824382931,-0.5453178153279457,0.4356113634083455,-0.3071377147858327,1.029623235573759
FRB20190420A,False,-9999,0.2577015046107952,-0.38267227331263287,0.4508470594604704,-0.3420939605230152,-0.4485924058578306,-0.14079297844708963,0.4660553829446618,2.557566520790354,-0.16632878287319539
FRB20190420C,False,-9999,0.31343344535927065,0.6173034339916226,1.3380863263939233,-0.8332902260135071,-0.1877138525055568,-0.7045906605110005,0.4614887800142144,-1.003283989559163,0.09705987177309884
FRB20190421A,True,FRB20190303A,-1.401012535803539,1.1299862369100917,0.7423263479667508,-0.9116956135217394,0.054054871661147946,2.2788387404105275,-0.47618702170432836,1.072691857974605,-0.5172034217482944
FRB20190421A,True,FRB20190303A,-1.401012535803539,1.2344245106913243,0.7423263479667508,-0.9116956135217394,0.054054871661147946,1.677454546209023,-0.44574300216801205,0.6444995841050754,-0.64750169613162
FRB20190421B,False,-9999,-0.4708670300115682,0.023442291648045177,-0.18013870207337493,1.82626387835917,1.2496013542720712,-0.6872068986473633,0.5467320347159002,-1.003283989559163,1.029623235573759
FRB20190422B,False,-9999,1.0405877651385413,1.1637249003999304,0.8224210245962421,-1.138720765371686,-1.0011253182097006,-1.0193776996633508,0.6745969167684287,-1.003283989559163,1.029623235573759
FRB20190422A,False,-9999,-0.23502900654822756,1.1570612554374309,0.468831611037363,-0.6391899699131895,0.6094929312001015,1.2921927967986837,-0.15500261559619113,1.0077063361607268,-0.09001122216296185
FRB20190422A,False,-9999,-0.23502900654822756,0.7996270514589707,0.468831611037363,-0.6391899699131895,0.6094929312001015,1.8653871068969932,-0.4107323797012483,0.8848569935536678,-0.5134806139087704
FRB20190422A,False,-9999,-0.23502900654822756,0.6445498316455327,0.468831611037363,-0.6391899699131895,0.6094929312001015,0.4464962737028175,0.07180532994936545,0.6222442684153909,0.27482394611035055
FRB20190423A,False,-9999,-1.2659898721607492,-1.0507253867432766,-0.8213936250506068,3.0417992879087534,2.6335298311311233,-0.15535775190040735,0.09433390440623954,-0.28666282435132284,-0.5302332491866262
FRB20190423A,False,-9999,-1.2659898721607492,0.8254049359584399,-0.8213936250506068,3.0417992879087534,2.6335298311311233,-0.8530573834544969,0.4738186079264225,-1.003283989559163,-0.898791225299462
FRB20190423B,False,-9999,0.19072407748501233,0.8803780594255478,0.5531494049345972,-0.3519193093572166,0.33518549182128776,2.250648856307332,-1.0546233928943385,0.21986816074589616,-1.2105763818595627
FRB20190423B,False,-9999,0.19072407748501233,2.201688190801127,0.5531494049345972,-0.3519193093572166,0.33518549182128776,2.2788387404105275,-1.20684349057592,0.10414051915953688,-1.3110921935267
FRB20190423C,False,-9999,0.8201350250934984,-2.0735767554347864,0.40081333912966033,-0.027567219910840407,-0.13390740755747998,-0.5918311240982183,0.3716789223820812,-0.7112942477105026,-0.2007647553887885
FRB20190423D,False,-9999,-0.08083097560518884,0.5893492591185007,1.231223975048846,0.3315736971783541,1.35312397197327,-0.19717274665348067,0.3336238979616858,0.47179833435312407,1.029623235573759
FRB20190424A,False,-9999,0.6212289611164975,-0.5388262067956985,-0.5562726730800971,-0.11208885660168896,-0.8229943960751666,-0.45088170358224056,0.37015672140526545,-0.22256751516503165,0.573579275232119
FRB20190425A,False,-9999,-2.3227634996370434,-1.1429711865108643,-1.1003838370559162,3.9766115283947348,1.9884528088364575,-0.29301835260434556,0.3981652193786764,0.702363404898255,1.029623235573759
FRB20190425B,False,-9999,1.1301577562005198,0.00897086933276784,-0.1160822148166849,-0.011118462961677388,-0.45145918188635564,0.37132324942762934,-0.4396541982607487,-0.33918536937897803,-1.0886544251151649
FRB20190426A,False,-9999,-0.7042946095836037,-1.0928817460224083,-1.0014582006637025,0.24813686222210385,-0.8151489604996391,0.5874456942187952,-0.5325084578465136,-0.26618793391681306,-1.0728324917971903
FRB20190427A,False,-9999,-0.22233745920210715,-1.265556103033461,-0.6707932538240317,1.422712766189793,0.6552000734203075,-0.8041949176756247,0.6091422747653485,-1.003283989559163,1.029623235573759
FRB20190428A,False,-9999,1.0270056361649695,-1.1598157638978985,0.7056988499875935,0.6492376323681884,0.39260229262165613,1.8559904788625945,-0.1839244341556916,1.6299649628443045,-0.4585691982757971
FRB20190429A,False,-9999,-0.16837570141038513,0.13874357112107172,0.05008718037860434,-0.42220434448759214,-0.8877150878340208,-0.5072614717886316,0.48888839759689906,0.8020672191880419,1.029623235573759
FRB20190429B,False,-9999,-0.9389051692741401,1.8929356004889248,1.317825019753379,-0.4846594285517059,-0.003361929139220167,3.9702317866022603,-13.2931192464935,-0.805656786234765,-2.2985669729603324
FRB20190430B,False,-9999,2.6726125892575956,1.183471788798429,1.3959630233663114,-0.9116956135217394,-1.0242461204105993,-0.6810990904250042,0.5223768190868471,-0.9712363349660172,1.029623235573759
FRB20190430A,False,-9999,-0.7111726568354821,1.2092496732978992,0.6122658835106364,-0.4741021014382543,0.4338981429989757,-0.46027833161663906,0.1159491582770241,-0.7041725466898034,-1.070040385917547
FRB20190430C,False,-9999,-0.4361461035006911,-0.22318733890320752,-0.2497720681016207,0.6204068633696185,0.016089934851358383,1.606979835951034,-0.1839244341556916,1.303256928519736,-0.18401212011093224
FRB20190501B,False,-9999,0.6757383854249269,-0.17718490120037692,-0.2497720681016207,-0.3420939605230152,-0.4231009186514395,-0.682508584630164,0.4553999761069511,-1.003283989559163,0.23480376183547133
FRB20190501B,False,-9999,0.6757383854249269,-0.2890327852754067,-0.2497720681016207,-0.3420939605230152,-0.4231009186514395,-0.7374788586313952,0.5436876327622685,-1.003283989559163,1.029623235573759
FRB20190502A,False,-9999,0.30239894705191156,-0.277563669018057,-0.33005822190994266,1.1299353355912307,0.860381053418591,-0.8991008608230496,0.6161443992587012,-1.003283989559163,1.029623235573759
FRB20190502B,False,-9999,0.9379212570086791,0.0957083912854163,-0.7229346991712761,0.8444817870085696,0.7205952842907165,-0.599348426525737,0.4981738235554755,-0.1317658271511186,1.029623235573759
FRB20190502C,False,-9999,-0.4516175792842615,-0.7907471198699169,-1.2379119656367152,1.306321526945083,0.5123812846296425,-0.258250828877071,0.15095978074378788,-0.35342877142037626,-0.5144113158686515
FRB20190515A,False,-9999,-0.24162678253230205,0.5130760509073266,2.5913297150792616,-0.6976789630168787,1.276348209644991,-0.4522911977874004,0.4143005497329241,0.03737457209048345,1.029623235573759
FRB20190515B,False,-9999,0.7543319985714955,-1.142687945234583,0.17914667051397312,0.9543502960393421,0.8413998196993283,-0.6449220724925699,0.4173449516865557,-0.8537282681244832,-0.036961210449750245
FRB20190515C,True,FRB20190213A,0.3713689762207046,1.6176470015705326,1.1210884949483924,-0.7828145058293874,0.09083320793910304,0.9727074436291343,-0.38485496309537937,0.16556519046306584,-0.7759385665951836
FRB20190515D,False,-9999,-0.33397396707596505,-1.034980606901255,-0.006914689918752041,1.048845292715196,0.5740085048685963,0.7565849988379685,-0.2676454878805615,0.1539924263044303,-0.6465709941717389
FRB20190516B,False,-9999,1.4284411169152396,0.3277549898504672,0.7252984956850292,-0.11208885660168896,0.6991981315928302,-0.6294176362358124,0.37320112335889705,-0.8323631650623864,-0.39528146500389594
FRB20190517D,False,-9999,1.3526722514899223,0.794958171151042,1.146906181151611,-0.8205410502898249,0.1439314314976075,-0.6764007764078049,0.5041104073650572,-0.9445299561383959,1.029623235573759
FRB20190517B,True,FRB20180814A,-1.6559700101171497,1.790365146481783,1.317825019753379,-0.7828145058293874,-0.17176457285954827,0.8411546511475549,-1.0394013831261804,-0.4112925922135559,-1.4041623895147897
FRB20190517C,False,-9999,-0.729206063758391,-1.1512177802968135,-1.8496248749414193,1.094335222198291,0.5619385428786463,-0.2826820617665072,-0.20523524783111313,-0.6890389320208181,-1.3976474757956234
FRB20190518B,False,-9999,0.9291718732633643,-0.6333474443480619,-0.6001345463805686,0.20495718539450042,-0.7804777169560412,-0.6623058343562072,0.5421654317854526,-0.3071377147858327,1.029623235573759
FRB20190518C,False,-9999,-0.26540167589071434,-0.5901217454364077,-1.3222297595339503,2.255381700318576,1.136085854106739,-0.38087682472597173,0.3290572950312384,-0.1655939069994391,0.3781318636571305
FRB20190518D,False,-9999,-1.5657746703116473,-1.5510852735072165,-1.0857759945609375,0.07681464417789645,-0.4805177194518079,-0.4273901334962443,0.32144629014715925,-0.3320636683582789,0.08309934237488538
FRB20190518A,True,FRB20180916B,-0.6613877829610512,0.6815717947153161,0.468831611037363,-0.9796829796400228,-1.0573979176775956,-0.44148507554784205,0.1326933690219981,-0.6676738289587212,-0.9955842291270751
FRB20190518E,True,FRB20180916B,-0.6588416642386675,0.6228081785924624,0.3049389709057268,-0.4324675940939011,-0.2635105707027075,-0.34282048118665764,0.5193324171332153,2.557566520790354,0.15010988348631046
FRB20190518G,False,-9999,0.011551544187888486,-0.5388262067956985,-0.5889416525259781,-0.23733843624129664,-0.9171895331534897,0.24916708498044873,-0.5873076930118829,-0.5029844928550561,-1.3585579934806253
FRB20190519D,False,-9999,0.057655318727040314,0.5489518804235417,0.228664248379229,-0.9385902304350197,-1.4136905970867863,-0.7496944750761133,0.5299878239709261,-1.003283989559163,1.029623235573759
FRB20190519E,False,-9999,0.47332142756347617,-1.0504654096377666,-0.9650756235327009,-0.22810408838727467,-1.052604383645515,-0.587132810081019,0.6213198825798751,2.557566520790354,-0.3738753199266352
FRB20190519F,False,-9999,0.7044109734739535,0.22950942534665603,-0.07997328407751007,-0.4741021014382543,-0.2179199386531566,0.33843505130723456,-0.7562720014384386,-0.5252398085447406,-1.4441825737896683
FRB20190519G,False,-9999,-0.3183774365095839,1.1022124316381656,1.600180509020288,-0.12946868870597036,1.5779598719505126,-0.599348426525737,0.47762411036846203,-0.37212323659971097,1.029623235573759
FRB20190519H,False,-9999,1.3396098163457806,-1.5719825363851334,-1.265905495376424,1.1387289014023358,0.27482297990152266,-0.5716283738242615,0.3458015057762124,-0.693489995158755,-0.3413007513308043
FRB20190519A,True,FRB20180916B,-0.6656275337536374,-1.514463301232976,-1.1436526915333256,-0.06934335334258886,-0.24169470640449964,3.8574722501894776,-2.226718145042517,0.07476350244915277,-1.6024019069694204
FRB20190519A,True,FRB20180916B,-0.6656275337536374,0.16426670944275826,-1.1436526915333256,-0.06934335334258886,-0.24169470640449964,3.0258706691452097,-2.713822457623578,-0.28755303697890994,-1.7671361538683399
FRB20190519B,True,FRB20180916B,-0.6629369584086048,0.6605725875164753,0.3049389709057268,-0.25594716557061875,0.9422000871825766,1.8324989087765982,-0.24785687518195593,1.3317437326025325,-0.2519533631822374
FRB20190519B,True,FRB20180916B,-0.6629369584086048,0.34210420540757835,0.3049389709057268,-0.25594716557061875,0.9422000871825766,0.4605912157544153,0.05658332018120729,0.5581489592291002,0.15290198936595273
FRB20190519B,True,FRB20180916B,-0.6629369584086048,1.8375574559421823,0.3049389709057268,-0.25594716557061875,0.9422000871825766,1.2687012267126874,-0.7045171682267007,0.012448618518036225,-1.0886544251151649
FRB20190519B,True,FRB20180916B,-0.6629369584086048,0.7422174287761493,0.3049389709057268,-0.25594716557061875,0.9422000871825766,1.099561922093514,-1.1611774612714456,-0.35431898404796336,-1.4339448522309783
FRB20190519C,True,FRB20180916B,-0.6639610625964507,1.0369697157342679,0.6047982193859518,-0.5937000404300945,-0.2179199386531566,0.5921440082359946,-0.48532022756522314,-0.22612836567538097,-1.0207131820438597
FRB20190519J,False,-9999,0.34674719676882465,-0.9370790332020419,-0.8791588703321106,-0.6049676507207228,-0.9430545518588878,0.4605912157544153,-3.383590887422537,-0.8314729524347988,-2.1273178123422474
FRB20190520A,False,-9999,-0.30911804116500513,-0.5666528198571351,-0.6001345463805686,-0.15584978685924752,-0.6717717797754884,-0.14549129246428885,-0.2676454878805615,-0.6098100081655415,-1.3362211464434839
FRB20190527A,False,-9999,0.1896794169973583,0.955490529092488,0.9746554612353686,-0.7953043742770297,0.7205952842907165,1.5271084976586464,-1.298175549184869,-0.2510543192478277,-1.4488360835890723
FRB20190527A,False,-9999,0.1896794169973583,0.8716991799446844,0.9746554612353686,-0.7953043742770297,0.7205952842907165,0.7612833128551678,-1.4656176566346089,-0.5679700146689344,-1.650798408883227
FRB20190527B,True,FRB20181128A,-0.24414224653022154,0.7072573868410731,0.629424127461095,-0.9385902304350197,-0.8034780121702243,-0.12669803639549182,0.365590118474818,1.1047395125677508,0.8807109219928153
FRB20190527C,False,-9999,0.04430847187795144,-0.8668934267473543,0.7444295787833901,1.048845292715196,1.4709032846934034,-0.650560049313209,0.49847826375083876,-0.6997214835518666,1.029623235573759
FRB20190529A,False,-9999,0.49846985693932017,-0.05918963025551997,-0.0015616340727495515,-0.7953043742770297,-1.0573979176775956,0.45589290173721597,-0.917625304980915,-0.5296908716826775,-1.4953711815831177
FRB20190530A,False,-9999,0.10504344078754128,-0.08008689313343689,-0.1160822148166849,-0.6623632130635072,-0.9474212024265101,0.15050249061926427,-0.8262932463719661,-0.6391870248759247,-1.603332608929302
FRB20190531A,False,-9999,-0.783752313059928,-0.6020509674429921,-0.5562726730800971,-1.5050534694897453,-2.1119241419979997,-0.41799350546184577,0.3305794960080542,-0.2679683591719877,0.22921955007618677
FRB20190531B,False,-9999,-1.8750126720834215,-0.5319002628742936,-0.6230012124522418,-1.5050534694897453,-2.1119241419979997,0.030695483180683276,-0.11694759117579573,-0.34096579463415266,-0.8718008684629162
FRB20190531C,False,-9999,-0.14284544196979856,0.29846950323008636,0.18761530895940332,-0.9250938437744736,-1.1840588648407153,0.17869237472245988,-0.5675190803132774,-0.5332517221930267,-1.3864790522770523
FRB20190531E,False,-9999,-0.7659760084962799,-0.9254445931525203,-0.7900632779744458,0.9052207567989985,0.054054871661147946,-0.6294176362358124,0.6289308874639542,2.557566520790354,-0.1505068495552197
FRB20190601A,False,-9999,2.4046041434525214,0.4822379746486647,0.26770998558889464,-0.49527760514872493,-0.5722637172949668,-0.3381221671694584,0.44017796633879297,1.121653552491911,1.029623235573759
FRB20190601B,False,-9999,0.6835890296888147,1.401205952796427,1.0625883872543769,-0.22810408838727467,0.9937474943808154,-0.22536263075667629,-0.48532022756522314,-0.7424516896760609,-1.6163624363676345
FRB20190601D,False,-9999,0.4116787624656992,1.5571592176974391,1.1210884949483924,-0.6049676507207228,0.12649687590948097,-0.8173501969237826,0.563476245460874,-1.003283989559163,1.029623235573759
FRB20190601C,False,-9999,-0.3417458930730862,-0.5101265000444596,-2.029545820445255,0.04532244928673102,0.1439314314976075,0.9774057576463333,-0.48836462951885484,0.03648435946289587,-0.9229894762563661
FRB20190601C,False,-9999,-0.3417458930730862,-0.8260347147592851,-2.029545820445255,0.04532244928673102,0.1439314314976075,1.0149922697839275,-0.6512401340381472,-0.09526710942003634,-1.094238636874451
FRB20190603B,False,-9999,-0.05481940289732254,0.36327554831321535,0.18761530895940332,0.32476315877644163,0.21119608037471624,-0.6904957184594026,0.4553999761069511,-1.003283989559163,0.15383269132583383
FRB20190603A,True,FRB20180916B,-0.6615109059543889,0.47596288268277587,0.3049389709057268,-0.6740600684819947,-1.4466566456393668,0.13170923455046732,0.3168796872167119,1.5872347567201106,0.35951782445951247
FRB20190604D,False,-9999,1.1131346362376806,0.4243997164310327,0.18761530895940332,-0.40184779991022723,-0.6444028490727718,-0.38510530734145104,0.4508333731765036,0.9765488941951684,1.029623235573759
FRB20190604A,True,FRB20190604A,0.09619757785927183,0.5548166100496547,0.15757450548844176,-0.30330834817507013,0.44734755770547646,0.6861102885799797,-2.2175849391816223,-0.7077333972001533,-1.9048800439307128
FRB20190604E,False,-9999,1.4057475431062312,-0.14308990953378992,-0.2497720681016207,-0.08632272274947309,-0.7212546057814814,-0.7374788586313952,0.5208546181100312,-1.003283989559163,1.029623235573759
FRB20190604F,True,FRB20180916B,-0.6655705651372004,-0.27124436006167296,0.228664248379229,1.211826530269229,1.5256485497772236,2.100302807756956,-0.3315779289068258,1.3424262841335814,-0.3115182886146146
FRB20190604F,True,FRB20180916B,-0.6655705651372004,-0.25126837635139376,0.228664248379229,1.211826530269229,1.5256485497772236,2.4479780450297004,-0.6466735311076998,0.8599310399812216,-0.7489482097586377
FRB20190604F,True,FRB20180916B,-0.6655705651372004,0.020563533204686194,0.228664248379229,1.211826530269229,1.5256485497772236,2.4197881609265055,-1.0698454026624966,0.2768417689114882,-1.202200064220635
FRB20190604C,False,-9999,-0.01807378851855294,1.7154538540424686,1.5929381169210464,0.22667352966336657,1.775337854043799,-0.5608222515847031,0.3977085590856317,-0.5457146989792498,0.28133885982951623
FRB20190604G,False,-9999,-1.33282112536026,0.08580624910858396,-1.260742388015301,-0.094871455210549,-0.10789947659521314,-0.7994966036584255,0.5512986376463476,-1.003283989559163,1.029623235573759
FRB20190605C,False,-9999,-1.6915625632777367,-0.8581617340347476,-0.8493703218246571,1.6687107792407723,-0.12735134058579167,-0.2159660027222777,-0.05758175307997891,-0.540373423213726,-1.0765552996367136
FRB20190605D,False,-9999,1.91403177475124,-0.029591670385731732,-0.18013870207337493,-0.40184779991022723,-0.7579183492381041,1.5881865798822368,-0.21436845369200794,1.1661641838712797,-0.12258579075879275
FRB20190605A,True,FRB20180916B,-0.6603983960226832,0.7123217501777762,-0.5456727980485688,0.1000854614676708,0.4065292122962588,1.9828449573269746,-1.2129322944831835,-0.020489248702696194,-1.3511123778015781
FRB20190605B,True,FRB20180916B,-0.6656360792151882,0.6445498316455327,0.10796387735099248,0.3983291360733608,1.7177047078107521,-0.1126030943438941,-0.512719845147908,-0.6828074436277065,-1.5530747030957328
FRB20190605B,True,FRB20180916B,-0.6656360792151882,0.13874357112107172,0.10796387735099248,0.3983291360733608,1.7177047078107521,0.23977045694605026,-0.661895540875858,-0.540373423213726,-1.4320834483112161
FRB20190605B,True,FRB20180916B,-0.6656360792151882,-0.4254398303599727,0.10796387735099248,0.3983291360733608,1.7177047078107521,1.644566348088628,-2.165830105969884,-0.47360747614467247,-1.7196703539144143
FRB20190606A,True,FRB20190604A,0.09651816863492796,0.20550452177904138,0.09860378392311459,-0.7828145058293874,-0.871198171398575,1.282796168764285,-0.3924659679794585,0.4103736630495951,-0.6828683706070943
FRB20190606B,False,-9999,-1.043873684345003,-0.0906896904552695,0.9309488892690059,0.864951425820881,1.3153620911518613,-0.09850815229229629,0.2925244715876588,0.5011753510635082,1.029623235573759
FRB20190607A,False,-9999,0.1257995080506878,0.49220263123980984,-1.0694014311849656,1.58457522058214,1.541587542569026,-0.7276123991952769,0.5021315460951967,-1.003283989559163,0.8174231887209137
FRB20190607B,False,-9999,-0.9744147692847666,-0.19582043565340235,-0.2497720681016207,-0.17364942812597353,-0.4231009186514395,-0.587132810081019,0.5482542356927158,2.557566520790354,1.029623235573759
FRB20190609B,False,-9999,-0.9584079842386403,-0.7447753575990218,-0.7758986805005474,3.147966436869497,1.5881487752325796,-0.48799838431811465,0.3996874203554922,-0.2296892161857303,0.829522314199366
FRB20190609C,False,-9999,-0.1356602407928361,0.6815717947153161,0.43862882419066257,-0.5937000404300945,-0.8549098701536089,0.03304464018928285,-1.5417277054753997,-0.8012057230968281,-1.938385314486425
FRB20190609D,False,-9999,-0.03071390444807621,0.39087129679733795,0.228664248379229,-0.5713694816916262,-0.6856986994500911,-0.7562721147001923,0.3001354764717379,-1.003283989559163,-1.2747948170913446
FRB20190614B,False,-9999,0.18211387232882026,-0.5683123039531534,-0.6346843230848576,1.6355162137929993,0.5249676182723443,-0.6430427468856902,0.5170491156679917,-0.43621854578600266,1.029623235573759
FRB20190614C,False,-9999,0.20260763992803918,0.9227526366536517,0.629424127461095,-0.7580859662257113,-0.5072983917180107,-1.1227406080417344,0.705040936304745,-1.003283989559163,1.029623235573759
FRB20190621A,True,FRB20180908B,-1.6083067711612062,2.2142751790017474,1.5929381169210464,-1.1691718477516262,-1.369036585072499,-0.6764007764078049,-0.24785687518195593,-0.9988329264212261,-1.826701079300717
FRB20190621B,False,-9999,1.1768455370565596,0.24522029156956174,0.144346454481994,-1.0217132864358034,-1.1894201997526899,-0.7045906605110005,0.4417001673156088,-1.003283989559163,-0.17377439855224266
FRB20190621C,False,-9999,0.14864180338799543,-0.9776042616414966,-0.8649102055368361,0.5065406362246677,-0.6787146375403845,1.1559416902999053,-0.9785133440535476,-0.24482283085471615,-1.3259834248847944
FRB20190621D,False,-9999,0.35894918666939524,0.7902689470738331,0.43862882419066257,-0.3323207358004528,-0.14934844791188612,-0.33342385315225914,0.2194588247004996,-0.36322111032383714,-0.35805338660866004
FRB20190622A,False,-9999,1.2702311216406779,0.08580624910858396,-0.0567751709664736,-0.6277117487342824,-1.1420254331307325,-0.6388142642702108,0.32144629014715925,-0.8991291121314398,-0.7871069901137542
FRB20190623A,False,-9999,1.2092346917009935,-0.12313964303338588,-0.18013870207337493,-0.8720758383614521,-1.3816229187152007,-0.4884682157198347,0.36406791749800216,-0.383696000758347,0.27017043631094606
FRB20190623B,False,-9999,1.8111968812567554,-0.9849169187004091,-0.5889416525259781,0.24101016652757026,-0.5470903300980116,1.8653871068969932,-0.31026711523140443,1.1608229081057553,-0.2714981043397375
FRB20190623C,False,-9999,1.158952957933639,-1.946821570769124,0.04506974159145337,0.469069882643254,0.16111145891825748,-0.6998923464938012,0.5497764366695317,-1.003283989559163,1.029623235573759
FRB20190624A,False,-9999,1.0345825068713526,0.34920769801711343,-0.36709573004794416,-0.6623632130635072,-0.47757936342400664,-0.9301097333365648,0.5923980640203746,-1.003283989559163,0.13428795016833475
FRB20190624B,False,-9999,-1.4745659898054877,-1.1655861542539074,-1.0593348976360906,3.7678319233950734,1.4709032846934034,0.9539141875603371,-0.098681179454006,0.7646782888293716,-0.09745683784200915
FRB20190625A,False,-9999,-0.9029573211528197,1.3687560002183106,1.9365925460174165,-0.952186222326029,0.8974490305982642,-0.732780544614196,0.4356113634083455,-1.003283989559163,-0.4641534100350822
FRB20190625E,True,FRB20180814A,-1.683721056736824,-0.30192126534605485,-0.658575018554224,-0.38171373568330264,-0.17176457285954827,1.574091637830639,-3.8859172097717565,-0.6970508456691044,-1.9979502399188027
FRB20190625E,True,FRB20180814A,-1.683721056736824,-0.13417743438823146,-0.658575018554224,-0.38171373568330264,-0.17176457285954827,2.1519842619461476,-5.864778479632317,-0.7397810517932987,-2.111495879024272
FRB20190625E,True,FRB20180814A,-1.683721056736824,-0.6158482746724273,-0.658575018554224,-0.38171373568330264,-0.17176457285954827,-0.6810990904250042,-1.1916214808077619,-1.003283989559163,-2.126387110382366
FRB20190625C,False,-9999,-0.27227795827932116,-0.7506614719427792,-0.6958040038710561,0.6492376323681884,-0.21322208419978975,-0.6670041483734064,0.46909978489829346,-0.9098116636624882,0.7364521182112762
FRB20190625D,False,-9999,0.5297412787169473,-0.5054167541334953,-0.5889416525259781,1.8856964046663691,0.915554171980216,0.15708013024334327,-0.5994853008264094,-0.5599581010206481,-1.4339448522309783
FRB20190626A,True,FRB20180814A,-1.649334376088537,2.1825272949153485,1.500495594710491,-0.8461282468839153,0.054054871661147946,0.6344288343907878,-3.2161487799727975,-0.8003155104692405,-2.0975353496260585
FRB20190627A,False,-9999,-0.4210869332377915,-0.5436847939331023,-0.5046238586287431,0.5065406362246677,-0.5979873858136907,-0.24415588682547323,0.1433487758597088,-0.34096579463415266,-0.5116192099890082
FRB20190627B,False,-9999,-0.3174985208277458,-0.9751777099414528,-0.7086087388850346,1.481906566496971,0.7311497135821641,-0.5833741588672596,0.4887361774992175,-0.10060838518556031,1.029623235573759
FRB20190627C,False,-9999,1.0256603998692075,-0.3149659732202756,-1.7728620286638306,1.4599311742411107,0.8413998196993283,-0.6900258870576828,0.5082203500024599,-1.003283989559163,1.029623235573759
FRB20190627D,False,-9999,2.2278166202069913,0.2607050943060734,0.468831611037363,-1.1147171874903252,-1.0149432183856157,-0.4367867615306428,0.3473237067530282,-0.2715292096823375,0.3232204480241566
FRB20190628A,False,-9999,0.5929953393404243,-0.8980246328463483,-0.7619804363809424,-0.4119979552815897,-1.1420254331307325,-0.46027833161663906,0.4614887800142144,0.5893064011946585,1.029623235573759
FRB20190628B,False,-9999,-0.4056465058021349,-1.5104700676233698,-0.9285744953511739,-0.4741021014382543,-1.0865765441229664,-0.9629979314569597,0.5528208386231633,-1.003283989559163,-0.9872079114881472
FRB20190628C,False,-9999,2.0034238941709495,1.443004419077676,0.7631139807460315,-0.9116956135217394,-0.6545917523548385,-0.5965294381154175,0.3808121282429761,-0.710404035082915,-0.13375421427736342
FRB20190629A,False,-9999,-0.05658641778509616,0.03961137953702053,0.09860378392311459,-0.40184779991022723,-0.4658987615462999,0.47938447182321225,0.021572697714443565,0.49227322478763436,0.03842564830060217
FRB20190630B,False,-9999,0.37074714841624234,0.5722214404551852,1.6605682807391335,-0.30330834817507013,1.1286140132743168,-0.5594127573795434,0.4870617564247201,0.12372519696645862,1.029623235573759
FRB20190630A,True,FRB20190117A,-0.47006320938863916,-0.41099430846040846,0.9902559331192172,-0.8851879829641691,-0.04325764731361227,1.3015894248330824,-1.2829535394167109,-0.3231615420824051,-1.464658016907048
FRB20190630C,False,-9999,1.9178388205657788,0.10374291803396833,-0.0015616340727495515,-0.5713694816916262,-0.717650281439425,-0.5918311240982183,0.406689544848845,-0.6516500016621483,0.18733796188154636
FRB20190630D,False,-9999,-0.7897831892834011,-0.7350361488400656,-0.6958040038710561,0.34511970335380676,-0.6045071308983797,-0.7891603128205871,0.5345544269013736,-1.003283989559163,0.8472056514371028
FRB20190701A,False,-9999,0.33209007680784286,-0.6368816847101221,-0.5889416525259781,-0.0029488329897636896,-0.9430545518588878,-0.732780544614196,0.6091422747653485,2.557566520790354,1.029623235573759
FRB20190701B,False,-9999,0.6002399044401874,-0.5986291037555006,-1.189395362092205,-0.1382204797001351,-0.8589608585867082,-0.4978648437542331,0.3792899272661603,-0.36856238608936165,0.40233011461403295
FRB20190701C,False,-9999,1.0351739877586859,0.2910218941084197,0.144346454481994,-0.3420939605230152,-0.637658928165376,1.4895219855210526,-2.6529344185509456,-0.592005755613794,-1.8248396753809555
FRB20190701D,False,-9999,0.9642896781299021,0.2607050943060734,0.014285990025879604,0.05324611113450922,0.5497435013352244,-0.3761785107087724,0.24076963837592105,-0.4032806785652692,-0.35153847288949436
FRB20190701E,False,-9999,0.886420314816496,-1.034980606901255,-0.6465405231233824,-0.5493063612260498,-0.8190651404123158,-0.6670041483734064,0.48127739271282,-0.9133725141728376,1.029623235573759
