tns_name,sub_num,is_repeater,repeater_name,catalog1_flag,dm_fitb,width_fitb,flux,fluence,sp_idx,sp_run,peak_freq,bandwidth
FRB20180904A,0,False,,1,-0.5039883559137077,-0.6553609838903712,1.843838842809091,0.3710651986980116,-0.17435978400703728,0.2103222731449548,0.22436833542506082,0.5520223007498557
FRB20180906A,0,False,,1,-0.40626578165828825,-0.6390307895813606,0.5640146990290154,-0.43664616105440246,-0.24674767374818316,0.29984892836240506,3.045587052765074,1.3237919233244106
FRB20180906B,0,False,,1,2.9808016921145177,-1.8769180660549691,-0.7887078973653379,-0.9333025401216933,-0.2321862103877003,0.2534532951145083,-0.39176277139162086,0.6274120935326243
FRB20180907D,0,False,,1,1.7667875142925369,0.5135447621521042,-0.10174495505720216,0.15448824523620652,-0.1363315484518873,0.23568613975544633,2.192077525217962,0.4784813039753838
FRB20180907A,0,False,,1,0.9481529280444445,-1.1941677951545426,-0.12395206571466998,-0.4028616377981522,-0.17053529874188894,0.08362342682145182,-0.5717392297701308,-0.8625120673758792
FRB20180907B,0,False,,1,0.4784088072686092,-0.9463951002781806,0.09821397968951592,-0.3699547346267625,-0.24910575972320914,0.2736500580873072,-0.8161362310501408,1.225394891327282
FRB20180907C,0,False,,1,0.428282232879812,-1.0143959909352775,0.1281063575331656,-0.9434780529954263,0.0410759411154442,0.12170219224606744,1.5421068336086636,0.22129323704343204
FRB20180907E,0,False,,1,-0.4097834369168043,0.944016462343845,-0.3508588355144887,0.16630042653375865,-0.18462186341597622,-0.06239534456684801,-0.8289200741940183,-1.3002658777848162
FRB20180908B,0,True,FRB20180908B,1,-1.5076095574809736,0.6559727853313793,0.620872331990029,0.5097259714501523,0.821613001240242,-0.49110123621929275,0.9074266210538068,-1.07430192121521
FRB20180909A,0,False,,1,-0.3028499934827023,-1.0852582387895373,-0.8352700222144771,-1.2033852078182488,-0.2680429551778338,0.29162007939772644,-1.0610345595122637,1.3237919233244106
FRB20180910A,0,True,FRB20180910A,1,0.5422925964599855,-0.76232586843545,2.77544028148809,0.2965234324053206,-0.24643689402884222,0.28833795482251284,1.0748698998794957,1.3237919233244106
FRB20180915B,0,False,,1,-1.669444725706227,-0.010520131441812852,0.005879328450052497,-0.10690793868807852,-0.15383519642850532,-0.32412073062944485,-0.8682742579898762,-1.4765177639091092
FRB20180916A,0,False,,1,-0.8289223555091846,-0.8340051212384686,1.1240020129923483,0.0655503633226732,-0.231037720113913,0.262313446367519,-0.12330206537019446,1.3237919233244106
FRB20180916C,0,False,,1,2.4906125514753907,0.04894137954807547,-0.7685795469087696,-0.6019009885029386,-0.006355151397250516,0.13911032021651387,1.327288136073311,0.3088029147694795
FRB20180917B,0,False,,1,0.9096840038718185,0.4321400758478525,0.047421967446728205,0.7309811185201164,-0.23626290756449675,0.26119064885677706,-0.39101078061845157,0.9380098229264829
FRB20180917A,0,True,FRB20180814A,1,-1.5578303417614559,0.5099409923011919,-0.021254668822755274,1.0783832625345382,1.0915386138819683,-0.29118908195563126,2.759579895369698,-1.116824229406036
FRB20180917A,1,True,FRB20180814A,1,-1.5578303417614559,0.752185157444688,-0.021254668822755274,1.0783832625345382,0.948953062750235,-0.31444857505254625,2.060980467095454,-0.733507190352504
FRB20180917A,2,True,FRB20180814A,1,-1.5578303417614559,1.969338464141299,-0.021254668822755274,1.0783832625345382,0.41649519327038226,-0.1203688709015148,1.356365112635856,-0.6088161706818213
FRB20180918A,0,False,,1,1.7753620714830858,0.04872467144062819,0.43997135635613255,-0.030105967439327773,-0.18530717035584554,0.2495520397884652,1.2535930403027236,1.2073177748017137
FRB20180919B,0,False,,1,0.21457817152676084,-0.816285239371087,0.8886403595166341,-0.041246036771752904,-0.23137512339211214,0.25894105042233173,-0.2396099716203736,1.0331201064644173
FRB20180919A,0,True,FRB20180814A,1,-1.563990323131552,1.2684393278472814,-0.5931911862496306,-0.7688092909932777,-0.05871293147690853,-0.37747797691629525,-0.706596241758485,-1.346896621549635
FRB20180920A,0,False,,1,0.20137294421839969,0.7989568972699121,-0.054570335372481606,0.553078629292225,-0.03534274234180157,0.1433955772382611,1.058326102869772,0.24430047625779194
FRB20180920B,0,False,,1,-0.09677957608149117,0.774998922462538,-0.7227496086249726,-0.9735068514626938,-0.15393023404672632,-0.28266698893724673,-0.8542370968907167,-1.448374980227258
FRB20180921A,0,False,,1,-0.35967083325142546,0.18245668566693835,0.09869829546600452,0.08031309815233546,-0.24523099931627143,0.25783110814109816,-0.7925738534908373,0.26833482436565004
FRB20180922A,0,False,,1,0.20116792302203684,-0.618061171156182,1.243317270485328,0.6464935147492314,-0.2646540399759927,0.2546986340043795,-1.0610345595122637,-0.5777974820981753
FRB20180924A,0,False,,1,1.3427986559356644,-0.17542575367305585,0.26741233811641163,-0.1536568448254144,-0.1458842449233201,0.23930385127139592,2.1076038950319482,0.5762620706364134
FRB20180925A,0,False,,1,-1.193331446487784,0.809757530512482,0.005879328450052497,0.7843298238843424,-0.2582511224580733,0.3086391524164761,3.045587052765074,1.3237919233244106
FRB20180925B,0,False,,1,0.5026296832765078,-0.6592336309698287,-0.05012342047980234,-0.2035202988270108,-0.10961540838607568,0.0720247365816806,-0.2240688289748755,-0.5523251815394197
FRB20181012B,0,False,,1,0.6142772660793215,0.14868920271798403,-0.7530690407047389,-0.6760520131645549,-0.13921408235597885,-0.17750299216964446,-0.7672568307941388,-1.3197809467612822
FRB20181013A,0,False,,1,-0.7570889483211758,-1.1041712170686375,1.2294925423077387,-0.2467945940974219,-0.25032763979110356,0.28095731634677273,-0.7888138996249909,1.3237919233244106
FRB20181013E,0,False,,1,-0.5777211521176863,-0.5175874419889369,-0.4235265935016977,-0.6897239487082921,-0.17469584969590138,0.09228349350545982,-0.5765018380002028,-0.8491596517604024
FRB20181013B,0,False,,1,-0.9325944594935086,1.0749570578344882,0.9475658371469851,3.959323979035956,-0.25241224408115737,0.2764980096784443,-1.0194244033968978,1.2533322532304334
FRB20181013C,0,False,,1,1.1720280086397046,-1.677742718955212,-0.6693926398723581,-0.864274480000265,-0.2771519586331907,0.289457136117013,-1.0610345595122637,0.02491001660657429
FRB20181014A,0,False,,1,1.6092029240148191,-0.42025541117043397,0.11803208888407818,0.0778842911006446,0.31199843245235537,0.0201763794147239,2.2554954137552365,-0.4715944225104604
FRB20181014B,0,False,,1,0.9681425627505398,-0.33767356615674815,-0.3852237075766142,-0.7540445919837074,-0.23359304050903948,0.26502421544617755,-0.15463501425224702,1.3237919233244106
FRB20181014C,0,False,,1,0.6970857395576733,-2.7758586014278825,-0.5829586760627139,-0.8735286486503147,-0.17246655337497302,0.20768532386327793,0.21308847382752188,0.5119650539034255
FRB20181014D,0,False,,1,-0.43319407228246926,-0.2414241949191138,2.9579292846731216,1.7552463870099964,-0.03366129153809487,0.15779180571073842,1.364135683958605,0.45198189452313
FRB20181015A,0,False,,1,0.2395778731641385,-0.11106235964772865,0.4904766114428271,-0.21713782670463594,-0.2334320145542245,0.27213478725431817,0.21333913741857832,1.3237919233244106
FRB20181017B,0,False,,1,-0.7700080944428642,1.2712037799380242,0.08401559240270982,0.44319526931025777,0.13275042068584814,0.016454505616429683,0.951042085897624,-0.3959992079489922
FRB20181017A,0,True,FRB20181017A,1,1.5685140160902618,0.6194805940068844,-0.3726106860329188,1.4951404082345776,-0.1604323326025781,0.19521192499005852,0.2168484276933682,0.40185898052041735
FRB20181018B,0,True,FRB20181018B,1,-0.8412677539406602,-0.5916665093096253,2.344143632258204,0.6752866755722097,-0.21833582554354222,0.26513667441371036,0.7053917666623318,1.3237919233244106
FRB20181018A,0,False,,1,1.3612280989460528,1.1987984702764558,0.48474591169644843,1.7348867156742793,-0.24117473926888136,0.28901914933691475,3.045587052765074,1.3237919233244106
FRB20181018C,0,False,,1,-0.29144109531621093,-0.8903562198600501,1.0630160236356163,-0.300521178767481,-0.2564658177526465,0.26757756950626266,-1.0610345595122637,0.1569962203104441
FRB20181019A,0,True,FRB20180916B,1,-0.5553731802968381,1.0605310240807884,-0.19202707812968992,0.9889093436900812,1.0708463941044188,-0.4108751495448573,1.8612015850234869,-0.8602524278101831
FRB20181019A,1,True,FRB20180916B,1,-0.5553731802968381,0.2488173179990091,-0.19202707812968992,0.9889093436900812,0.4815086886949491,-0.1546449362165218,1.3959699600227704,-0.6566794451188378
FRB20181019B,0,False,,1,0.6367652695237477,0.25681463653412856,-0.2984922948574401,-0.43664616105440246,-0.2406190259142035,0.2675460214078589,-0.44440212551346914,1.237514776270561
FRB20181019C,0,False,,1,0.03426148789706358,-0.4214575046414483,0.03321897394216085,-0.5049201524039989,0.2628865845296999,0.04699508526218688,2.3116440581518747,-0.4652263473707715
FRB20181020A,0,False,,1,1.3366596514536688,0.4155050307313562,-0.36186218115561347,-0.11669803785156183,-0.25939965110560087,0.2800565476490545,-1.0610345595122637,0.9145917401547238
FRB20181022C,0,False,,1,0.11901353514938545,0.34164123556991255,-0.07977160779923366,-0.27607145459761706,-0.22590802793208598,0.24312336904509674,-0.369203048196543,0.373921618617266
FRB20181022D,0,False,,1,0.07416548227014434,-0.7164669939046835,1.3459823730316038,0.6619400270147145,0.2829609549098151,0.02815546414572342,2.1559819681058374,-0.39004197636670257
FRB20181022E,0,False,,1,-0.8858660213550159,-0.7948424942135314,-0.33522254539613644,-0.6689895326414839,-0.1930175763557832,0.1162891380860043,-0.6424263624480414,-0.8575819446870877
FRB20181025A,0,False,,1,0.3065079940026098,-0.17060751434300608,0.14297353885648448,-0.36851701850959934,-0.2680497683623191,0.29309916284160453,-1.0610345595122637,1.3237919233244106
FRB20181027A,0,False,,1,0.6428146803239246,0.4075705667303947,1.4156480988923996,1.1328002893197286,0.06629181539656154,0.15861778912142774,2.9357963998823617,-0.5638288011465997
FRB20181028A,0,True,FRB20180814A,1,-1.5652746081393374,1.3062089564214223,0.6827456913193194,2.3462761788003674,0.2909006336905298,-0.5312909006948704,-0.20902901351149028,-1.271712250545566
FRB20181028A,1,True,FRB20180814A,1,-1.5652746081393374,0.7096698468226373,0.6827456913193194,2.3462761788003674,0.33913189807491,-0.7851488633486963,-0.3634377856022453,-1.3896243515191604
FRB20181028A,2,True,FRB20180814A,1,-1.5652746081393374,0.8944704375057864,0.6827456913193194,2.3462761788003674,0.11142875328652978,-0.5844994455430317,-0.5436649075718117,-1.3458695126561369
FRB20181028A,3,True,FRB20180814A,1,-1.5652746081393374,0.7173256628854172,0.6827456913193194,2.3462761788003674,0.050592065966636034,-0.8926421343098759,-0.749459715829133,-1.4890484924097873
FRB20181030C,0,False,,1,0.5043955918050766,-0.508034390823778,1.1795354541095942,0.2932758763000494,-0.18487954832478085,0.2226000957143861,0.2504373488949286,0.7329988877842403
FRB20181030A,0,True,FRB20181030A,1,-2.5469963535895377,-0.5593969794273403,-0.09799143796444477,-0.5899006797126858,-0.03764317892961022,0.16423897612266436,1.4588865213779318,0.4152113961358941
FRB20181030B,0,True,FRB20181030A,1,-2.5487426374342936,0.25574296201149466,0.4705582692213259,0.16716706196193054,0.06278138481670714,-0.02170354421732171,0.30307670301677686,-0.6630475202585268
FRB20181030D,0,False,,1,-0.8654967182559068,-0.16025991899674136,1.0786484904971363,0.30331942353432306,-0.23130803229954733,0.2790435450634404,1.2726434732230114,1.3237919233244106
FRB20181030E,0,False,,1,-1.8386125086956377,-0.527737673288378,1.2221734601166814,0.7560376359207178,-0.11028927658402907,0.06281088416768126,-0.26467633072601565,-0.6010101430912349
FRB20181030E,1,False,,1,-1.8386125086956377,0.4164142011265274,1.2221734601166814,0.7560376359207178,-0.13282778081752283,0.11178896729743874,-0.20351441450824903,-0.42907211431963455
FRB20181101A,0,False,,1,1.7950684634581184,0.5681874215805431,-0.5257691853136668,1.4423496567559713,-0.07031956589607463,0.04183416610203273,-0.11202220377265554,-0.614157136928012
FRB20181102A,0,False,,1,-0.2778009863101265,-2.6905071853878177,0.4065203404872915,-0.307588142794989,-0.02192843434501745,0.16761205507437094,1.7900131251634634,0.216157692575941
FRB20181104A,0,True,FRB20180916B,1,-0.5577736867816807,0.03478407829744,0.464771178679198,0.1803966672106853,0.1081255737292628,-0.06442072563693843,0.31385523743220295,-0.7462433406318818
FRB20181104B,0,True,FRB20180916B,1,-0.5547655887714033,1.6682847401628762,-0.852415225825,0.0528354383880496,-0.20679369385836208,0.11085483439927178,-0.7522170153307536,-0.9814512772429719
FRB20181104C,0,False,,1,0.27368651581231723,-0.8246701589385195,3.567195824783597,1.6669813889435579,-0.2267532168136929,0.2666031317295107,0.2988154219688177,1.3237919233244106
FRB20181115A,0,False,,1,1.1317487534513437,-0.515455712380571,-0.7252873326879592,-1.011151062200709,-0.13882544779079145,0.07832278913028715,-0.3867494995704924,-0.6905740386042788
FRB20181116A,0,False,,1,-0.5299842291182139,-1.058167098026246,1.8052688509130672,0.29168854900991376,-0.2174906810010399,0.23539625582230675,-0.2676842938186927,0.33961618157442586
FRB20181116B,0,False,,1,-0.29670012550453073,0.05658515805856809,-0.03611998320048415,-0.829119540730313,-0.2761791651261701,0.18143215808322524,-1.0610345595122637,-1.277464060349156
FRB20181117C,0,False,,1,2.100816012985313,-0.13078234193720292,0.4738728777761121,-0.37141435039713866,0.3412107609548037,-0.025338497706078097,1.8341299171893934,-0.2877419305742808
FRB20181117A,0,False,,1,1.0943855110751635,0.5134475627240995,-0.3125118358592471,-0.10887636442912803,-0.23994306688981773,0.2887419881409957,3.045587052765074,1.3237919233244106
FRB20181117B,0,False,,1,0.14847129604598672,-0.27846311260112233,0.41649993571637856,0.2144406553932048,-0.23429754962207963,0.27339549850983846,0.23915748729738964,1.3237919233244106
FRB20181117B,1,False,,1,0.14847129604598672,0.07622777686990805,0.41649993571637856,0.2144406553932048,-0.19504509355042185,0.19351626333066552,-0.3160623668925818,-0.1854418847818591
FRB20181118A,0,False,,1,0.20603038187780318,-0.7504228760909545,1.5755068032725834,1.1622533372982988,-0.2327993759722838,0.28301189273939853,2.23143170901382,1.3237919233244106
FRB20181118B,0,False,,1,-0.24818586540164533,0.3734241946001752,-0.24016425550510076,-0.21106603270257912,-0.21520641351175385,0.2561188663427904,0.343684204767917,1.3237919233244106
FRB20181118C,0,True,FRB20180814A,1,-1.5684238429061128,0.8640435361052634,-0.8352700222144771,-0.8264554165765937,0.8445148052407769,-0.8986562950271374,0.1752382715780024,-1.352032166017126
FRB20181118C,1,True,FRB20180814A,1,-1.5684238429061128,0.3667050438403934,-0.8352700222144771,-0.8264554165765937,0.745392967175426,-1.1706210314498873,-0.1774454010383813,-1.460494865170537
FRB20181119B,0,False,,1,0.34990044864720327,0.9790347308593073,2.1280077751048347,3.6749536317695726,-0.2405365591363478,0.27905004784815246,0.15067323965447318,1.3237919233244106
FRB20181119E,0,False,,1,1.4192197941925406,0.20883159647850005,-0.42677920070143466,-0.6965066839752199,-0.26537247201561687,0.2944168784940002,-1.0610345595122637,1.3237919233244106
FRB20181119D,0,False,,1,0.23219526129030657,1.7638195068449745,-0.6405997873185485,1.2124522182072686,0.6759350981903061,-0.24593702321081343,1.5528853680240897,-0.7499409326484753
FRB20181119D,1,False,,1,0.23219526129030657,2.481841169224386,-0.6405997873185485,1.2124522182072686,18.41676306296893,-12.275010344877014,1.1099628026273947,-1.792661881327858
FRB20181119D,2,False,,1,0.23219526129030657,1.804067817146351,-0.6405997873185485,1.2124522182072686,0.11517825851432198,0.032092390602265354,0.9796177352780558,-0.3390973752491913
FRB20181119A,0,True,FRB20181119A,1,-0.4912769494187066,1.6415972493975697,-0.7733623238366406,0.006652171995838756,0.049961459067134,-0.11170439989932035,-0.08144124566377223,-0.9124295595998921
FRB20181119C,0,False,,1,-0.8914664108249493,-1.0000619745462507,1.3561798220224763,-0.18866821192908886,-0.26337055653125674,0.27683696830878196,-1.0610345595122637,0.24717638115958693
FRB20181120B,0,True,FRB20180916B,1,-0.5560577837851602,0.19132419663936084,0.13361906734893264,-0.429135511125585,-0.03483457808064938,0.16695243366203438,1.570431819398039,0.35440654964080004
FRB20181120C,0,True,FRB20180814A,1,-1.536162931525213,1.0954975083027927,-0.702664507474221,-0.07633935034683766,0.9334972347866889,-0.30673088996515313,2.0602284763222847,-0.7250848974258186
FRB20181122A,0,False,,1,0.4899603592066657,0.0119541238637372,-0.536193250109456,-1.1061160853824668,-0.23741676863016783,0.17244214479823972,-0.9066257874215086,-0.9339988463633545
FRB20181122B,0,False,,1,-1.272440565470211,-0.6868958117329014,3.534119505777567,1.6650358262549567,-0.2200831848772,0.24729837309086466,-0.11879012073117888,0.7814784275573557
FRB20181123A,0,False,,1,0.794866136687948,-0.6121078453387643,-0.11053604689838452,-0.5416061294229915,-0.11794443783561705,0.09533896441206627,-0.1749387651278171,-0.45023055752569763
FRB20181124B,0,False,,1,0.8011522394294531,0.09007722850892763,2.9746810299884157,1.73834475545725,-0.21460379620694398,0.27091690412956543,1.6092846760117843,1.3237919233244106
FRB20181124A,0,False,,1,1.3310272458724657,0.27927901960385515,-0.1818111262451115,-0.6459214529819034,-0.20392395095311203,0.2627067491460001,1.3744128911919182,1.3237919233244106
FRB20181125A,0,False,,1,-0.9656719512351243,0.259748717403089,-0.743161754929813,-0.27607145459761706,-0.1887060539475457,0.06406977449980347,-0.7178761033560239,-1.0430778108528644
FRB20181125A,1,False,,1,-0.9656719512351243,-0.4748119061061641,-0.743161754929813,-0.27607145459761706,-0.16829444137439023,0.09708313079226262,-0.520603857194621,-0.782808417240418
FRB20181126A,0,False,,1,0.009453591159052614,-0.5733053582583144,1.8189923932978644,0.9110522981748947,-0.17353653941992891,0.057895335891385125,-0.6444316711764927,-0.9816566990216715
FRB20181127A,0,False,,1,1.0443200661943774,-0.27192909186578906,-0.3339953137980663,-0.5971640452619731,-0.14167556493303957,0.12019779473878395,-0.23033541875128602,-0.43174259744272986
FRB20181128A,0,True,FRB20181128A,1,-0.1404723957861401,0.31559054468190095,-0.39791340449413604,0.703439935110295,0.2926356080073985,-0.05682606397417357,1.2458224689799744,-0.5095974515698942
FRB20181128A,1,True,FRB20181128A,1,-0.1404723957861401,0.5137429865810608,-0.39791340449413604,0.703439935110295,-0.1944013986571961,0.1950804063982224,-0.2940039708796168,-0.1501093388455207
FRB20181128B,0,False,,1,-0.12085346453179571,-1.6934219787623233,-0.5253651381123555,-0.7044248088381718,-0.2727751804375926,0.2789968118851433,-1.0610345595122637,-0.24193287392426066
FRB20181128D,0,False,,1,-1.98065759525646,-1.0376210705368079,1.187429677476567,0.7386531551344909,-0.27629488035059857,0.29523595782067363,-1.0610345595122637,0.88234052089888
FRB20181128C,0,False,,1,0.37634305850055416,-0.2377818694786714,-0.8617181524076293,-0.0704106661926085,-0.0770520257278611,0.02721171492557721,-0.2055197232367004,-0.6798921061118974
FRB20181128C,1,False,,1,0.37634305850055416,-2.0102136738800502,-0.8617181524076293,-0.0704106661926085,-0.09233157703691457,0.0626669723324532,-0.15463501425224702,-0.5630071140318011
FRB20181129A,0,False,,1,-0.39499448616039884,-0.5614036676249384,0.45041255786159146,-0.1880786421431056,-0.2406571817896489,0.27732300059293385,-0.01200743094114374,1.3237919233244106
FRB20181129B,0,False,,1,-0.31246566384020485,-0.11065857769668833,-1.1247257946857039,-1.5660110939447156,0.05510567328808262,0.03172605380337845,0.5853239065463064,-0.44920344863219946
FRB20181129C,0,False,,1,0.03515581630988322,-0.4943035220995103,-0.26051386530287374,-0.009196566002508962,-0.2551710965717365,0.2905093586092407,-1.0610345595122637,1.3237919233244106
FRB20181130A,0,False,,1,-1.3142482420437454,-0.7212414149230281,-0.26463499309806154,-0.9335696990419061,-0.21813317837373183,0.10346917702376802,-0.8394479450183879,-1.0860109626010896
FRB20181201A,0,False,,1,0.5658406710325,1.4175399118079168,-0.7679239427869936,2.0347114691320525,-0.24221687305091477,0.2711734149662278,-0.43337292750698664,1.3237919233244106
FRB20181201D,0,True,FRB20181201D,0,-0.14982386846748275,-0.5886044884638901,-0.3861323982320044,-1.12434700830159,-0.2640294360025197,0.19513570080876128,-1.0610345595122637,-1.109839888930248
FRB20181201B,0,False,,1,0.9467863770312837,-0.5468135105328251,-0.46002663622012374,-0.2520389314219825,-0.2584988943174341,0.2808727499971549,-1.0610345595122637,1.1387069007160333
FRB20181202A,0,False,,1,0.5024206188744753,-0.24875055137309576,1.0673562939447647,1.2010708824233507,-0.2274817672599206,0.26292906207298267,0.07321819001803924,1.3237919233244106
FRB20181202B,0,False,,1,0.8497577597677924,-0.9536748290623724,-0.06282246395498857,-0.11258016747810512,-0.22699702458737628,0.2712558142928689,0.6281873806169543,1.3237919233244106
FRB20181202C,0,False,,1,0.20560580605276615,-0.42135854935762057,-0.4651248671111884,-0.2800105229551305,-0.23562248808687905,0.27385808828432906,0.1679690274373662,1.3237919233244106
FRB20181203A,0,False,,1,0.4222404946993517,-0.49460758572888874,0.6263291387764903,-0.31548332750255237,0.0747706833425438,0.1441436729062517,2.541502571150612,-0.3672401589310423
FRB20181203B,0,False,,1,-0.44054237152458525,0.24284584112597704,0.3871493152418724,0.11466086477682091,0.16755785953220695,0.07754614882117725,2.0080904493825495,-0.19776719150383762
FRB20181203C,0,False,,1,2.6251492587761955,-0.18090505727846024,-0.09462403776089454,-0.04938425532993321,-0.26397419958586305,0.28951075817056665,-1.0610345595122637,1.3237919233244106
FRB20181213A,0,False,,1,0.5284159847771397,0.30859088337629625,-0.30483582702567075,-0.4396189157476966,-0.26658858275653724,0.29709024711605286,-1.0610345595122637,1.3237919233244106
FRB20181213B,0,False,,1,0.3975119207493243,-0.15165490898492023,-0.1668892003801622,-0.5015128086807846,0.02170389362856965,0.14089832579935968,1.716318029392876,0.163364295450133
FRB20181213C,0,False,,1,-0.4173425724538696,0.1735913955353103,-0.4952847529612914,-0.6922685604124311,-0.2480173419472971,0.286669853975914,0.008296319934426323,1.3237919233244106
FRB20181214A,0,False,,1,-0.0791927007456265,-0.633000286794496,-1.0691260485405005,-1.5685005283167022,-0.12209271712628744,-0.13158452362417003,-0.682783200608125,-1.213783308952267
FRB20181214B,0,False,,1,1.349126287675595,-0.15102851719321564,-0.6583063828509577,-1.232493101075765,-0.23361583741152075,0.2653191574395241,-0.14510979779210303,1.3237919233244106
FRB20181214C,0,False,,1,0.4138923306628242,-0.22500314910423047,0.0698199046753789,0.22754060268946208,-0.2618932689861253,0.28811358861228464,-1.0610345595122637,1.3237919233244106
FRB20181214D,0,False,,1,1.429497573811134,-0.2335001395045666,-0.5077103074015283,0.5682805698633215,-0.16712783686620666,0.24977101830584347,2.093566733932789,0.7558007052199005
FRB20181214F,0,False,,1,2.381116748448236,0.729036149249081,-0.7201842460855287,-0.5288493188880435,-0.2129879639408936,0.07452798454517313,-0.8404505993826136,-1.1451724348665866
FRB20181215A,0,False,,1,-0.2854664157511889,-1.0350703462175224,-0.9411031433246926,-1.2593690045865171,-0.28819414684007943,0.2991076774129969,-1.0610345595122637,-0.2708973447209102
FRB20181215B,0,False,,1,0.009028872501123848,-0.6666860311614877,0.37776007041512666,-0.3654307203965538,-0.25014489675042373,0.2891954263195326,-0.025041937676077607,1.3237919233244106
FRB20181216A,0,False,,1,0.16288479418685387,-0.9331006381959231,0.001944550884193568,-0.620228890608644,-0.15830696155505056,0.23941612301646403,1.647886869034473,0.8377639949210577
FRB20181217A,0,False,,1,1.429526362721875,-0.11941524284420707,-0.45704863240152727,-0.7204234923075027,-0.17253940571289308,0.245044622966673,1.4766836363429379,1.0136050374879513
FRB20181218A,0,False,,1,2.1906008684579774,-0.33448626767050366,-0.2068835540241693,-0.7703360696379264,-0.13605792842527437,0.011679356115109932,-0.5429129167986424,-0.9506380104380255
FRB20181218B,0,False,,1,0.699021967458877,-1.617742108366855,-0.3088393372165399,-0.809304006841331,-0.26577474427379166,0.27515087749462597,-1.0610345595122637,-0.012682168895460193
FRB20181218C,0,False,,1,-0.40360422534483226,-1.840498130142078,-0.7407898848069598,-0.8031777527892028,-0.22173006647998544,0.2251975061893286,-0.48124967339876296,-0.06321592645557213
FRB20181219B,0,False,,1,2.2567079066664215,-0.7122098103841884,0.5932325057856759,0.7399848575140274,0.29842683411084214,0.05523952358922294,2.8021927058492895,-0.7871222745931106
FRB20181219C,0,False,,1,0.4522691227176002,-0.0864113601012647,0.3292865611434673,0.44400865750435814,-0.2716307484032023,0.2827404357356773,-1.0610345595122637,0.016898567237288255
FRB20181219A,0,True,FRB20181128A,1,-0.1394081647999167,0.6284299923821351,-0.7488274030259364,0.17494868273268716,-0.16386091699028388,0.20286564356314943,0.2827729521412068,0.5407241029213753
FRB20181220A,0,False,,1,-1.3946005023705588,-1.26100121832176,0.11312134825171641,-0.2619763568808792,-0.19486123076897063,0.06966632201014265,-0.7439451168258917,-1.058895287812737
FRB20181220B,0,False,,1,-1.055548463262051,-1.1345043848310312,0.4249431869139192,-0.693503572087781,-0.22290761687581967,0.24075923765827745,-0.3238329382153309,0.3770029452977607
FRB20181221A,0,False,,1,-0.7204834693332798,-0.21000873474954773,0.10077685374121885,0.5862545403521014,0.07510116290845102,-0.08967604785125642,0.07923411620339334,-0.843613263735512
FRB20181221B,0,False,,1,1.7072735319165908,-0.2177007871132617,0.12907240041998969,-0.1041325355129185,-0.11710057567055078,0.09930173036772331,-0.14886975165794936,-0.42537452230304096
FRB20181222A,0,True,FRB20180916B,1,-0.5605732328694734,-0.8533265912922681,2.2869407154825807,2.954172493379989,2.7618801378390176,-1.2377847322934579,2.041178043401997,-1.2209730712067544
FRB20181222A,1,True,FRB20180916B,1,-0.5605732328694734,1.1184910814732814,2.2869407154825807,2.954172493379989,2.67038424871802,-1.1393724302448778,2.1898215528984544,-1.1757802798928332
FRB20181222A,2,True,FRB20180916B,1,-0.5605732328694734,-0.7614841674489778,2.2869407154825807,2.954172493379989,2.0179441992215277,-0.8847600822077462,1.9567044132159832,-1.116824229406036
FRB20181222A,3,True,FRB20180916B,1,-0.5605732328694734,1.520216091543725,2.2869407154825807,2.954172493379989,1.260890218042176,-0.6038711611386685,1.4842035440746304,-1.0517055255582495
FRB20181222A,4,True,FRB20180916B,1,-0.5605732328694734,0.6794821646820058,2.2869407154825807,2.954172493379989,1.743503589259631,-0.8044597696026111,1.738376425405841,-1.1129212156107426
FRB20181222B,0,False,,1,0.3785744932651372,-0.8513739918914507,-0.6811479664571309,-1.5533339175647367,-0.2547936230160264,0.27671237905669377,-1.0610345595122637,1.0119616632583541
FRB20181222C,0,False,,1,1.3257079388763737,-2.0706313884953613,-0.12383500939007057,-0.3114135853799646,-0.2678648389370606,0.2757672542091764,-1.0610345595122637,-0.10655992176119658
FRB20181222D,0,False,,1,1.7336535635702603,1.5869373420291286,-1.0154754691176684,-1.078089121431813,-0.1948056501546016,0.14452009905942734,-0.5739952020896386,-0.7018722364327591
FRB20181222E,0,False,,1,-0.6613269475061928,-0.7274313943282336,-0.050494224765703054,-1.4688798739352522,-0.22674430477373517,0.23401149594619242,-0.5025560786385587,0.04113833712384601
FRB20181222E,1,False,,1,-0.6613269475061928,0.16223790009057137,-0.050494224765703054,-1.4688798739352522,-0.19207387760609365,0.2170638080243283,-0.0004769057525483959,0.3784408977486582
FRB20181223A,0,True,FRB20180916B,1,-0.5573709727410203,-0.021131066811426926,0.9429145624125809,1.3458246407812637,0.47851668798135905,-0.13568808565599338,1.520299101186755,-0.5993667688616378
FRB20181223B,0,False,,1,0.22987574290704893,0.35763455650315645,-0.29658429255324076,-0.13355786178727036,0.5048081199874997,-0.20300476707343754,1.1871671886727722,-0.7682234709527435
FRB20181223C,0,False,,1,-2.412013768382593,-0.22974817713822346,0.290557752456018,-0.3329450698419342,-0.22969165685797982,0.26358532503142806,-0.010754112985861639,1.3237919233244106
FRB20181224A,0,False,,1,-0.752574462990442,-1.1459778069822038,2.208172475773472,0.48751399647697463,-0.23468419204155,0.2755024798471899,0.387800996793847,1.3237919233244106
FRB20181224B,0,False,,1,0.7582695977201632,0.18152032630055456,-0.3523923771910264,-0.42158540304582354,-0.2612853188537487,0.2887029032006421,-1.0610345595122637,1.3237919233244106
FRB20181224C,0,False,,1,0.3167811259417802,1.0506122246128078,-0.6422923883066487,1.0017654028556933,-0.25724963342520196,0.28731793001998474,-1.0610345595122637,1.3237919233244106
FRB20181224D,0,False,,1,0.5557056624139195,0.39848115586660166,-0.9502801945583964,-0.9925887751034106,-0.27156182761599695,0.29627109314437644,-1.0610345595122637,1.3237919233244106
FRB20181224E,0,False,,1,0.27675925231202253,0.045132327014093,1.8005838836583783,0.7010565474856836,-0.2225660857812875,0.23910331810428007,-0.3396247444518854,0.324620391729352
FRB20181224E,1,False,,1,0.27675925231202253,-0.40316345421236,1.8005838836583783,0.7010565474856836,-0.24243830326440094,0.2792863060118533,-0.03556980850044727,1.3237919233244106
FRB20181225A,0,True,FRB20180916B,1,-0.5572933252244564,1.0862556225004703,-0.44106449854906055,-0.3041937211489272,-0.07396126142948029,-0.15939787827273147,-0.5692325938595666,-1.1254519441114208
FRB20181225B,0,False,,1,-0.8111490419689296,0.32160690838565326,0.7127441906254528,0.3692944541290956,-0.21395935762096832,0.2587076617104076,0.5271699534212169,1.3237919233244106
FRB20181226G,0,False,,1,-0.3001860977276173,-0.49049507577159696,-0.28174679462500263,0.0317218442173528,-0.2623963658102759,0.2889875670975329,-1.0610345595122637,1.3237919233244106
FRB20181226A,0,True,FRB20180916B,1,-0.5605109592607757,-0.4974701412917787,0.5112482367480091,0.4456117148080273,0.5986574910796318,-0.44247453114191515,0.5497296766162947,-1.1016230177822623
FRB20181226A,1,True,FRB20180916B,1,-0.5605109592607757,0.9976544040191627,0.5112482367480091,0.4456117148080273,0.06373718724498192,-0.0731799739008906,0.09076464139198868,-0.8140325276027637
FRB20181226D,0,False,,1,-0.3975332314465279,-0.7167304786335066,1.006562622212226,-0.4260317670319223,-0.2502194783036557,0.2795008368535525,-0.8093683140916175,1.3237919233244106
FRB20181226B,0,False,,1,-0.8796019804765547,-0.8253792845870507,3.142270041197854,2.9204596624745838,-0.23536114805071695,0.2501809517623544,-0.5461715434823758,0.3342752153282351
FRB20181226B,1,False,,1,-0.8796019804765547,0.008627881534778382,3.142270041197854,2.9204596624745838,-0.24411480828823964,0.26676617984565915,-0.6411730444927592,0.9090453521298334
FRB20181226E,0,False,,1,-0.7597839085667467,-1.062291561738256,-0.6850624047370825,-1.1125071847585268,-0.18979936988942295,0.11676355213986259,-0.6176106669334558,-0.8312879570135335
FRB20181227A,0,False,,1,0.7795298514661311,-0.40917025004721674,-0.04992211410264498,-0.6896536714664798,-0.21449460417543265,0.2639548298776532,0.8442593961075888,1.3237919233244106
FRB20181228A,0,False,,1,0.689067419748251,-0.5377804135043487,0.09235227464986,0.1454234594216159,-0.2245074734746757,0.23960664207459997,-0.3824882185225333,0.2837414577681232
FRB20181228B,0,False,,1,0.23894888160867622,-1.6135520572759674,-0.7368266880995742,-0.4183986400592548,0.012583044797209677,-0.6233512659543258,-0.706596241758485,-1.4079068898234286
FRB20181228C,0,False,,1,0.06278357260151682,-0.7689364813697256,-0.7525814407275646,-1.2001225922324137,-0.25042288093040127,0.2782042400635044,-0.8497251522517012,1.3237919233244106
FRB20181229A,0,False,,1,1.088183202259715,-2.110479519142791,0.050404018653875074,-0.04375741704204393,-0.23000000008548402,0.27072320288784185,0.36123065614186645,1.3237919233244106
FRB20181229B,0,False,,1,-0.38196619904152507,0.40247022471305105,-0.752759700432616,0.3791965194876071,-0.14824122813582571,0.010675866119411011,-0.6015681971058449,-1.008361530252625
FRB20181230A,0,False,,1,0.7346993930233885,0.2564876234030019,-0.40322524344948296,1.183204337617024,0.3289917312982467,0.01241235468143099,2.262513994304816,-0.48823358658513144
FRB20181230B,0,False,,1,1.3726633162314967,-0.4026485960349491,-0.059090681789925256,0.7937646812583373,-0.2518213441000722,0.28142262959631065,-0.9389613906677868,1.3237919233244106
FRB20181230C,0,False,,1,1.2224076026422075,-0.33821593660859645,-0.180070610941232,-0.6501051080951696,-0.1680266493379563,0.2478215370024273,1.8759907368958157,0.8387911038145559
FRB20181230D,0,False,,1,-1.28572068234062,-1.1766419652989193,-0.005760767421203216,-0.9034918869278946,-0.2293397555611769,0.276509120831045,1.048299559227515,1.3237919233244106
FRB20181230E,0,False,,1,1.2291847482223013,0.4896696549140259,-0.2539843686052864,0.46951105546102706,-0.214798333612818,0.23908641064189945,-0.1363365721051283,0.5655801381440321
FRB20181231A,0,False,,1,1.6857315730709395,-0.36931603595204543,-0.18624853485849893,-0.5560072853912656,-0.13184977417638544,0.22380005227421867,1.6130446298776306,0.6820542866667291
FRB20181231B,0,False,,1,-1.4919692965732987,-0.3064368178992517,0.07464493994030053,-0.5911140901011204,0.12161857091490595,0.08543335462891125,1.7125580755270295,0.019774472139083243
FRB20181231C,0,False,,1,0.2026630759772228,-0.5484657987810345,-0.48060672339901644,-0.9529601336227053,-0.25070761135828007,0.2699805599440118,-0.9422200173515204,0.7069103218893857
FRB20190101A,0,False,,1,0.9061476034754258,-0.0005184249602328371,-0.4705103410344271,1.3762392309385234,-0.2638752593779792,0.28460611287358767,-1.0610345595122637,0.9893652676013934
FRB20190101B,0,False,,1,1.621840801659004,0.3291439615171474,-0.757967312487235,-0.7159991983924086,0.20338066629441842,0.07006624155397476,2.205864022726065,-0.3483413552906752
FRB20190102A,0,False,,1,0.5770012539268682,-0.05170031757787532,0.018353713666481798,0.19644631090421555,-0.09246731523064936,0.0800749702048328,-0.07316934715891035,-0.47775707587144967
FRB20190102B,0,False,,1,-0.47697409106266375,-0.7566384833996018,0.6206249549731077,0.12545772965524182,-0.2640209872767606,0.28603711555917555,-1.0610345595122637,1.218615972630194
FRB20190103B,0,False,,1,0.15672123286959674,1.2844527894458064,-0.28914221633390486,1.3908865503144572,-0.22350464163332806,0.25048218851632686,-0.15689098657175482,0.8268766406499767
FRB20190103C,0,False,,1,1.6524737380204781,0.45517944418126866,0.9557413584661787,1.2964914214764611,-0.19550388086696546,0.23975841193815842,0.42890982572709996,1.2520997225582355
FRB20190103A,0,True,FRB20181119A,1,-0.4870209535748109,0.8513973134332479,-0.07207313682129649,0.36420395523520527,1.6414735285311681,-0.5993417353159961,2.364784739455836,-0.9473512619788312
FRB20190103D,0,False,,1,2.224557450845694,-0.9084999886757299,-0.6875312712991158,-1.1488891833573243,-0.27308586522880324,0.2939234264293288,-1.0610345595122637,1.2927732347407648
FRB20190103E,0,False,,1,0.661332787277275,-0.16266344944252994,-0.6784128544870518,-0.7006581962321037,-0.24798388345311226,0.28284935204152944,-0.42685567413951975,1.3237919233244106
FRB20190104A,0,False,,1,0.18280845625704897,-0.6908057747432692,0.35597160328996397,-0.23343234536783586,-0.21184294346449534,0.25398052517195746,0.39080895988652403,1.3237919233244106
FRB20190104A,1,False,,1,0.18280845625704897,-0.13866005662042297,0.35597160328996397,-0.23343234536783586,-0.25085743800780785,0.29218890595369723,3.045587052765074,1.3237919233244106
FRB20190104B,0,False,,1,0.12453938373647895,0.4448587449653634,1.141561984905933,1.1820087150121883,-0.2831226994750515,0.32453144255076,3.045587052765074,1.3237919233244106
FRB20190105A,0,False,,1,-0.40445859551939156,-0.5448208991950927,-0.6461405345248549,-0.2680530402280948,-0.2631398887757207,0.2945988269304055,-1.0610345595122637,1.3237919233244106
FRB20190106A,0,False,,1,-0.6028041001259605,-0.48725851991507246,-1.065327931994762,-1.2827361617037976,0.4115093231601907,-0.027235648355537205,2.2640179758511545,-0.5432866232766355
FRB20190106B,0,False,,1,-0.7194176539740724,-0.5327487840955987,0.7000288750492657,-0.08330128961573935,-0.15180480677532973,0.056051876645718646,-0.5278731013352572,-0.8705235167451651
FRB20190107A,0,False,,1,0.8952844410673032,2.801182310162917,-0.7737210013787704,0.6965933890325197,-0.27709199032846366,0.2915279752147409,-1.0611117638983092,0.20240100689998328
FRB20190107B,0,False,,1,-1.774571649645888,-0.7931091770945914,0.7313430849340241,-0.3288228220061786,-0.2623756893809323,0.28546385575911365,-1.0610345595122637,1.3237919233244106
FRB20190109A,0,False,,1,-0.6788712806250514,0.33831333659556045,0.36128760532183657,0.07614708467048668,-0.22723099116805243,0.2748570215610743,1.0197239098470832,1.3237919233244106
FRB20190109A,1,False,,1,-0.6788712806250514,1.5112293337748623,0.36128760532183657,0.07614708467048668,-0.18807228131186238,0.23515320242565277,0.49709032249444635,1.2313521229095716
FRB20190109B,0,False,,1,-1.6863356184287106,-0.26281586040922267,0.09201258595525595,-0.5209416765188888,-0.22408069329833166,0.09005196755067506,-0.8903326540028413,-1.1650983474004517
FRB20190110A,0,False,,1,-0.06289973556237162,-1.67646679336396,0.5723320705854013,0.01360636480076149,-0.2519795131554338,0.04029634512876068,-1.056522614873248,-1.409961107610425
FRB20190110B,0,False,,1,-0.017480049186911553,-0.16223903232931974,-0.6322450726405403,-0.5807426666164296,-0.2547329805534897,0.2827488139017374,-1.0610345595122637,1.3237919233244106
FRB20190110C,0,True,FRB20190110C,1,-1.2993358747859796,-0.2337939234861396,-0.5424200306021097,-0.7382162786742079,-0.20566615469576968,0.0467269148214352,-0.8291707377850747,-1.1794778719094268
FRB20190111A,0,False,,1,-1.7163994727864842,-1.2102704395028152,1.729164762865181,1.5429232659795067,-0.12530911813021758,0.215676209976216,1.4220389734926382,0.7253982819723535
FRB20190111A,1,False,,1,-1.7163994727864842,-0.3413471984135545,1.729164762865181,1.5429232659795067,-0.23276241158442562,0.25579298980733256,-0.36719773946809164,0.740599493596127
FRB20190111A,2,False,,1,-1.7163994727864842,-1.345108462600689,1.729164762865181,1.5429232659795067,-0.1407907802929982,0.025361984354406536,-0.5381503085685705,-0.9278361930023653
FRB20190111B,0,False,,1,1.6378107434327542,-0.4217406048972894,0.8297439972992656,0.5133420819439837,-0.23905341784096448,0.23390631276128449,-0.7740247477526622,-0.27747084163929875
FRB20190112A,0,False,,1,-0.23478120836925337,0.5524975818530558,0.399650308391992,1.4505684383881732,0.18581188058304798,0.07158027087727915,2.0695030291913725,-0.25199854108054315
FRB20190113A,0,True,FRB20190113A,1,-0.22497582057798768,0.7335511975137553,0.1812680150126718,0.4729918593911078,0.3026015584419607,0.028216083626640444,2.314150694062439,-0.4993263626349121
FRB20190114A,0,False,,1,0.9675419137371988,0.6075230270011728,-0.6462426026369681,-0.6889835742467378,-0.1976948405139799,0.03399924675701703,-0.8026003971330941,-1.1720826878762396
FRB20190115A,0,False,,1,1.1977072239603044,-0.23825719671762044,-0.592207518176806,-1.0672772110410846,-0.25705160126067744,0.28921085011427233,-1.0610345595122637,1.3237919233244106
FRB20190115B,0,False,,1,0.6882316925253175,0.3259486742164638,0.5421042882136291,0.0635468284684188,-0.23743808357665513,0.26714627039462924,-0.28472941801052926,1.3237919233244106
FRB20190116E,0,False,,1,1.816244149736448,-0.9057985396607812,-0.675791080608117,-1.0333811356464668,-0.1635653462795829,0.24155302356896916,1.5922395518199477,0.898363419637452
FRB20190116D,0,False,,1,1.4111522078690986,0.0033653023173536314,-0.45311780731616613,0.5284697932604676,-0.26209569379968445,0.28530017888732,-1.0610345595122637,1.3237919233244106
FRB20190116A,0,True,FRB20190116A,1,-0.15987368953266456,1.509689383253753,-0.7655776023245923,-0.028421750246443278,0.06286146295889586,0.10646024786231251,1.4969873872185078,0.14590344426066343
FRB20190116B,0,True,FRB20190116A,1,-0.16734466222833247,0.4976255589134713,-0.5219330279221679,-0.5259603666355657,-0.08806804242191536,0.048683401420121314,-0.18697061749852528,-0.6153896676002099
FRB20190116C,0,False,,1,0.40466495898734733,-0.2759981411309276,5.7703606085884145,3.228979648992261,0.13254845946050242,0.07879643883977595,1.702782195475829,0.012584709884595773
FRB20190116F,0,False,,1,-0.7187873466134459,-0.5030132686582339,-0.5181512389198414,-0.8820868550452986,-0.058384733536699755,0.18408182015129995,1.6802224722807513,0.3642667950183829
FRB20190117C,0,False,,1,0.9272682791717753,-0.4993309778951448,-0.7494766785521639,-1.3271396089154335,-0.15063283972887365,0.2358774407451928,1.6957636149262494,0.7648392634826847
FRB20190117D,0,False,,1,1.430762899433927,-0.8413206353601606,-0.22691561250312153,-0.18866821192908886,-0.22033964898143865,0.20468408149567877,-0.6025708514700705,-0.41078957601536636
FRB20190117A,0,True,FRB20190117A,1,-0.3649479645265241,0.21275436836435901,1.117367918918496,1.0779700293860977,0.12397879223403409,-0.08934458588699686,0.275754371591627,-0.7982150506428912
FRB20190117A,1,True,FRB20190117A,1,-0.3649479645265241,-0.19214914082153323,1.117367918918496,1.0779700293860977,0.05182863805507314,-0.08498746295794474,0.003533711704354333,-0.8536789308917946
FRB20190118B,0,False,,1,0.5059861732589525,-0.06942308481555323,-0.988652675973504,-0.031060651588921483,-0.15976456241161965,0.23907877000893482,1.5736904460817724,0.8751507586443925
FRB20190118A,0,False,,1,-1.2769271604883354,-0.4859931694931521,3.3003421519542955,1.7512519150472892,-0.1361854345924897,0.10895332840596034,-0.24387125266833273,-0.47714081053535073
FRB20190121A,0,False,,1,-0.23605680533146492,-0.0712318431676622,0.6453505966574439,1.0318387510100873,-0.22705999910481453,0.2640879874718334,0.1471639493796833,1.3237919233244106
FRB20190122B,0,False,,1,-0.07478087953889608,0.394529683943115,-0.7322784599619345,-0.7449384865047985,-0.2345312670195021,0.282791107793032,1.7842478625691658,1.3237919233244106
FRB20190122C,0,False,,1,0.5551511490534562,0.3924073397485687,2.051564181016349,2.821251337176576,-0.23141033670171038,0.259063440694646,-0.23785532648297864,1.0409261340550036
FRB20190122C,1,False,,1,0.5551511490534562,1.488623565481102,2.051564181016349,2.821251337176576,-0.24861761906157717,0.271861102838246,-0.8088669869095046,1.0592086723592717
FRB20190122A,0,False,,1,1.5061195369464337,1.9740693833893044,-0.8477599342198917,0.3163863161434699,0.2285986817107003,0.054820980891615155,2.1529740050131605,-0.3417678583722867
FRB20190124A,0,False,,1,1.561944854241944,0.08708957796167198,-0.392106355639113,1.242973702675619,-0.2294061457020061,0.2682317769849272,0.2341442154762612,1.3237919233244106
FRB20190124B,0,False,,1,-0.17461461008655338,0.37868242600791563,-0.10650428501360538,0.9494888799299324,-0.2503873099523604,0.2789653732788773,-0.8344346731972595,1.3237919233244106
FRB20190124C,0,False,,1,-0.7872051773044912,-0.07193587360921261,1.5951894048618391,1.4123997725496615,-0.23881141853273102,0.2765194643839337,0.0982845491236813,1.3237919233244106
FRB20190124C,1,False,,1,-0.7872051773044912,0.8196169995009542,1.5951894048618391,1.4123997725496615,-0.23791924937993253,0.2602288263224408,-0.48099900980770655,0.7742886653028683
FRB20190124D,0,False,,1,-0.60142366145214,0.044712693938338925,-0.6432139469873172,-0.7740289773432094,-0.22932712120098767,0.24332519340148276,-0.45994326815896724,0.26895108970174897
FRB20190124E,0,False,,1,0.37437817149288405,1.5274970874026266,-0.459373132408472,0.5761119178928528,-0.18825259031141459,0.2525534116026156,1.3338053894407782,1.2165617548431975
FRB20190124F,0,False,,1,-1.074468202393382,0.028268226673912197,1.8397612846452909,0.6349217093762551,-0.22255300621146987,0.2172284095947538,-0.5604593681725919,-0.24665757483435244
FRB20190125A,0,False,,1,0.22513510562642325,0.6289990836791512,-0.6850157031051471,-0.7240107378342288,0.4626701801657379,-0.1041866044164804,1.7052888313863934,-0.5015860022006081
FRB20190126A,0,True,FRB20180916B,1,-0.5554437194732752,0.657956292893966,-0.12181512637435575,-0.12589236996663825,1.16329350168463,-0.6903340677884592,1.02975045348934,-1.1607844900477593
FRB20190127B,0,False,,1,0.49176795565749537,0.7051167532033062,-0.11994894080253579,1.490264186716605,-0.23277534311208017,0.2768632888349438,0.7312101165411431,1.3237919233244106
FRB20190128A,0,False,,1,0.5694936460027379,-0.801489067954049,-0.460203836766087,-0.614141123945632,-0.2634642042399872,0.2740970261137912,-1.0610345595122637,0.07544377416668623
FRB20190128B,0,False,,1,-1.1169658505516875,-0.21858709095866688,-0.4299331165854114,-0.8789185547035085,-0.1574199197387595,0.1955512483421234,0.26973844540627295,0.443970445153844
FRB20190128C,0,False,,1,-0.7554737753155907,-1.4052247931643818,-0.5787292704993983,-0.08005825129621673,-0.006055905755454667,-0.05375612627352726,-0.13408059978562054,-0.8337530183579293
FRB20190128D,0,False,,1,-0.21714733813189047,0.19078031962677502,0.22626942984844803,0.1594870943851848,-0.11965170131133236,0.12441698452983964,-0.018524684308610675,-0.2622696300155252
FRB20190129A,0,False,,1,-0.017944723749701904,1.364621636236663,-0.6219862503848286,-0.028027336581281186,0.394833254207082,-0.032138041704936775,2.090558770840112,-0.42722331831133775
FRB20190130A,0,False,,1,1.674427338348269,-0.36445169378589976,-0.5220798231723949,0.0702000935140717,-0.12473743747896278,0.056154827989928935,-0.3734643292445021,-0.7195385094009283
FRB20190130B,0,False,,1,1.144154507595351,-1.8561024794134646,-0.1756806313811154,-0.09739248903189111,0.06149583809841412,-0.17101526304878148,-0.18346132722373537,-1.0087723738100243
FRB20190131E,0,False,,1,-0.921110793612152,-0.9937106256473313,0.2751885270155956,-0.5097486061228399,-0.08022008460435359,0.030184390147144247,-0.21203697660416732,-0.6741402963083074
FRB20190131D,0,False,,1,0.4380339767621388,-0.9237027351122293,1.1317985217890696,0.5081976094072981,-0.2378991116050077,0.28073119676272584,0.7006291584322598,1.3237919233244106
FRB20190131D,1,False,,1,0.4380339767621388,-0.924379687050383,1.1317985217890696,0.5081976094072981,-0.2135540306821058,0.26364111983298316,0.8750910178075285,1.3237919233244106
FRB20190131C,0,False,,1,0.053669746057176504,-1.3300439805984867,0.6058193754891488,-0.43511202667617543,-0.2230990281200476,0.2561588724767398,0.01631755484823178,1.2465533345333453
FRB20190131B,0,False,,1,2.1295430758075855,-0.09833143646485001,0.14772268859118506,-0.2551680619944152,0.15890723784242827,0.09263319920138934,2.2246637920552965,-0.31074916978864076
FRB20190201B,0,False,,1,0.6901185050412938,-0.41332625771107395,-0.39760411539826124,-0.5977262341040203,-0.25130009824822386,0.26041015158860326,-0.9996219797034407,0.09762932626624755
FRB20190201A,0,True,FRB20181226F,1,-1.1589397282024843,-1.271238711515013,0.04820413449619629,-0.6624168612836482,-0.2323017641288805,0.25835761345118924,-0.2924999893332783,0.9390369318199812
FRB20190202A,0,False,,1,-0.7670949089598147,-0.5467002308702429,6.852155305526062,3.79666884794695,-0.23643426163618975,0.2638291038578355,-0.33310749108441845,1.1547297994546053
FRB20190203B,0,False,,1,0.27794325170950207,-0.2636744717285879,-0.4802592493558928,-1.2488314539103578,-0.2529238266898765,0.2787244970942915,-1.0555199605090224,1.3237919233244106
FRB20190203A,0,False,,1,-0.25456025876564115,-0.34834165457544,0.2540680599104723,0.22065588213105672,-0.10564007856169627,0.038693402785614124,-0.32132630230476666,-0.6975583790800666
FRB20190203C,0,False,,1,-0.4626623910769447,0.13848113027265574,0.4009138529210963,0.08773561870114255,-0.23677363930670997,0.28612681257862216,3.045587052765074,1.3237919233244106
FRB20190204A,0,False,,1,-0.14598893008409405,0.671714967393156,-0.8277753674618018,-0.6939632574726701,-0.1936904608739172,0.1446280143656484,-0.5637179948563253,-0.6909848821616781
FRB20190204B,0,False,,1,1.7874356838906997,0.22143265442481555,0.29324276940585603,0.09645594983941512,-0.2115277179795204,0.2607000935235156,0.771065627519114,1.3237919233244106
FRB20190205A,0,False,,1,0.5680692490509971,-0.5650362409929429,-0.15384551979271197,-0.7397365038709994,-0.10815887169935119,0.07636103722258236,-0.19599450677655642,-0.5289070987676605
FRB20190206C,0,False,,1,1.2313161519884384,0.30028863236998166,-0.44808937413082267,-0.011586501697630506,-0.24191962129184774,0.2694851039109187,-0.4647058763890392,1.3237919233244106
FRB20190206B,0,False,,1,-0.5480244380833494,0.825843953491574,-0.385025643395195,0.11662655247848099,-0.21184896804384046,0.22905262129005716,-0.22983409156917317,0.27901675685803146
FRB20190206A,0,False,,1,-1.5697208862918204,0.018919864329572666,0.39465357757543623,0.6419017427150995,-0.05958146129894461,0.10052521856331723,0.3060846661094539,-0.2733624060653059
FRB20190208B,0,False,,1,0.6121482761794798,-0.6735386894597934,4.7484048910222745,2.5405350333228998,-0.24829909220429075,0.2683855528083777,-0.8294214013761311,0.7525139567607062
FRB20190208C,0,True,FRB20190208C,1,-1.183678985097948,-1.0189510513242668,0.13107765046143777,-0.7585028219321206,-0.10694905816192479,0.052139115865392036,-0.2837267636463036,-0.638807750371969
FRB20190208A,0,True,FRB20190208A,1,0.2713725583477764,0.4261973437290952,-0.510197330543891,-0.0960017345016339,0.13012969027655885,0.027610204308858174,1.0370196976299761,-0.33786484457699345
FRB20190208A,1,True,FRB20190208A,1,0.2713725583477764,-0.05150254384997495,-0.510197330543891,-0.0960017345016339,0.5173790929333159,-0.34661792250583107,0.626182071888503,-1.0198651498598048
FRB20190208A,2,True,FRB20190208A,1,0.2713725583477764,0.13069082484487834,-0.510197330543891,-0.0960017345016339,0.20773030492815966,-0.15126788615917358,0.3557160571386252,-0.871756047417363
FRB20190208A,3,True,FRB20190208A,1,0.2713725583477764,1.6584675068495587,-0.510197330543891,-0.0960017345016339,-0.09802303954496226,0.0009805951205475632,-0.38825348111683095,-0.8154704800536611
FRB20190209A,0,True,FRB20190209A,1,-0.23881582446731275,0.2524026624997629,-0.2622556764603665,-0.2251998771573067,-0.07622053057827281,-0.019437200804060147,-0.3401260716339982,-0.8208114462998518
FRB20190210B,0,False,,1,0.39165061503460963,-0.27772348737913277,1.071049365378364,0.18601724869747147,-0.26091103238042856,0.2778039678996046,-1.0610345595122637,0.5224415646171072
FRB20190210C,0,False,,1,0.4411161004139209,-0.7026311228122102,0.7159048843193464,-0.0665119539605083,-0.24912097724772533,0.28828631520758596,0.07597548951965986,1.3237919233244106
FRB20190210A,0,True,FRB20190209A,1,-0.23061608794199734,1.6405336873587208,-0.7714144053509914,0.15481188335570514,-0.10822678190719909,0.016520294976090994,-0.39802936116803134,-0.8043777040038804
FRB20190210E,0,False,,1,0.2728484337309351,-0.08875235379552389,-0.21986970415017823,-0.7556394194024522,-0.12742319410950037,0.08706402618429882,-0.2789641554162316,-0.5654721753761968
FRB20190211A,0,False,,1,1.4451686103046173,0.18896828469058355,0.3347842590106885,0.32805789459335,-0.13826588368009712,0.22835002500361792,1.660420048587294,0.6995151378561986
FRB20190211B,0,False,,1,-1.0368107177656476,-0.8636774256604419,-0.08054609463210491,-1.0670644098586672,-0.23868520592674283,0.2661528792820416,-0.38073357338513836,1.2315575446882714
FRB20190212B,0,False,,1,0.3273263353402373,-1.2990944405348848,0.34061622123685775,-0.02116737152427027,-0.2628522956324697,0.27945571936315033,-1.0610345595122637,0.49429878093525625
FRB20190212C,0,False,,1,1.1882091651933586,0.824629610874305,-0.3795319020381484,0.7649464155545196,-0.23612433606802657,0.2696369996038366,-0.11177154018159911,1.3237919233244106
FRB20190212D,0,False,,1,1.3770344619843917,0.4331979585789925,-0.5445204270485092,0.39604571010732686,-0.2754572450443364,0.2944292159255412,-1.0610345595122637,0.8728911190786964
FRB20190212A,0,True,FRB20190212A,1,-0.7993212718644702,0.12824925653982472,-0.5469769914838029,-0.35968418095000315,-0.1878070848361704,0.17902390144010666,-0.33085151876491065,-0.2939045839352701
FRB20190213A,0,True,FRB20190213A,1,0.4610092041523255,0.5850842707604452,-0.7836909793165615,-0.5956214513909296,-0.13392281604990589,-0.11724664887648906,-0.7058442509853158,-1.2259031938955458
FRB20190213C,0,False,,1,-0.5227306274645255,-1.1499617205465569,-0.21106372555128106,-1.3912728888799568,-0.26748083595904465,0.3009827615212528,-1.0610345595122637,1.3237919233244106
FRB20190213B,0,True,FRB20190212A,1,-0.8000979444536255,0.01982582440091577,-0.23936701439493135,-0.20085247881526327,1.5559918897059322,-0.7612273073454152,1.537594888969648,-1.1213435085374281
FRB20190213B,1,True,FRB20190212A,1,-0.8000979444536255,-0.06342758225577622,-0.23936701439493135,-0.20085247881526327,0.16697775116000457,-0.16675117923919333,0.16395840998046346,-0.9315337850189589
FRB20190213D,0,False,,1,1.6496905549340775,-0.4410344136989107,-0.3795941879522291,-0.586802828434842,0.38245057292715634,-0.05741429489964865,1.728349881763584,-0.39579378617029254
FRB20190214A,0,False,,1,0.02012675578490763,0.010805810326622674,-0.69928715427539,-0.563211550383631,-0.22654919605281798,0.27252418323025773,0.791870705576797,1.3237919233244106
FRB20190214C,0,False,,1,0.132690997733818,-0.9309977537070081,-0.060761107104016346,0.5304801096257505,-0.24146710087616619,0.2531004126966169,-0.7060949145763722,0.21923901925643563
FRB20190215B,0,False,,1,-0.9521424862290271,-0.19009432426921977,1.140467438941599,0.29189123852001175,-0.26488049570705596,0.28891010102474574,-1.0610345595122637,1.3237919233244106
FRB20190216A,0,True,FRB20181017A,1,1.5693348913867704,2.5853394794117097,-0.13630672317831322,2.876324189887063,-0.12463706441065399,0.11374501097103686,-0.12781401000921003,-0.3536823215368659
FRB20190217A,0,False,,1,0.7941517980881125,-0.8963388980141771,-0.9108093352882258,-1.1124092176082678,-0.24183807087316508,0.2768079263544317,-0.15638965938964197,1.3237919233244106
FRB20190217B,0,False,,1,0.8895909081308465,-0.2132428042483336,-0.5406678660584234,0.23581556161969713,-0.2687957088930812,0.29200098864740515,-1.0610345595122637,1.3237919233244106
FRB20190218A,0,False,,1,1.573144341399524,0.1820229067600717,-0.5103596501137461,-0.8200280102999894,-0.23741439149080412,0.27442801703476705,0.06369297355789526,1.3237919233244106
FRB20190218B,0,False,,1,0.17864302858456865,0.5328826414575739,-0.3363293740606249,0.5620150164848361,0.10986152082481891,0.03277315458980264,0.9502900951244547,-0.3448491850527813
FRB20190218C,0,False,,1,-0.7050388925017669,-0.8344314081159058,2.841848813377883,1.4187828045792215,-0.2009521718107493,0.20713281967884892,-0.28297477287313433,-0.03897615656901437
FRB20190219A,0,False,,1,0.4754425423133893,0.05477239073200318,-0.8180794275368376,-1.285144091484868,-0.27631699917452024,0.29617535376787685,-1.0610345595122637,1.1391177442734326
FRB20190219B,0,False,,1,2.0123627985854795,0.09975731804922686,0.10039878936462834,1.2575440999913505,-0.22705968159948692,0.27612882306297176,1.2350439345645483,1.3237919233244106
FRB20190219C,0,False,,1,0.8108227966759357,0.5124105749823612,-0.6811481760587522,-0.8606654283665248,-0.20222193273147981,0.25857771193956497,1.1057015215794355,1.3237919233244106
FRB20190220A,0,False,,1,-1.3438118618886308,-0.2070494880721419,-0.734887758009594,-1.2662603003847723,-0.19633624768179372,0.11555347485220724,-0.6684953759179091,-0.885519306590239
FRB20190221A,0,False,,1,-1.2854661203915252,-0.19509350187276703,0.27010292919908646,-0.3873487934371435,-0.21485243672875692,0.21413523185562802,-0.4511700424719925,-0.15709367932130852
FRB20190221B,0,False,,1,-0.3660407361484101,0.45811767081327504,-0.33420904984360195,0.20775269254693268,-0.27101191458885593,0.29691901955912825,-1.0610345595122637,1.3237919233244106
FRB20190221C,0,False,,1,2.3305981036735512,-0.07003599597040273,-0.5184721493874157,0.41012957077468787,-0.11358693820856064,0.21601712598865672,1.730104526900979,0.5427783207083717
FRB20190221D,0,False,,1,-0.059673204868323095,-0.6897047338501817,-0.3703120129694138,-0.9501233610815478,-0.248506672696641,0.2829882378506644,-0.489020244721512,1.3237919233244106
FRB20190222B,0,False,,1,0.02198521398988395,-0.07299039667112352,-0.4029569767236332,0.1675916235136624,-0.26184248793867376,0.25866481139419695,-1.0610345595122637,-0.40339439198217925
FRB20190222C,0,False,,1,0.10504327193804482,-0.4564180275743242,-0.692300355120575,-1.2733926638662436,-0.17856511045889975,0.06593117564305111,-0.657716841502483,-0.9808350119068729
FRB20190222A,0,True,FRB20190222A,1,-0.10645506042194297,0.7153551246306032,0.561738711544295,1.2795164397532652,-0.04756867873012865,-0.26157700729815403,-0.6025708514700705,-1.2084423427060762
FRB20190222D,0,False,,1,0.9816785910878005,-1.1733040458205664,-0.1560205096954392,-1.1671636108514103,-0.19825424628571908,0.2523443832628762,0.8760936721717542,1.3237919233244106
FRB20190223A,0,False,,1,-0.38157349526838485,-1.3908357507006013,-0.27235818381824106,-0.7995484591691461,-0.13415841802615996,-0.04998581878018615,-0.6336531367610666,-1.1042935009053578
FRB20190223B,0,False,,1,0.14428946002913925,-0.7229700825508883,-0.4474484321628095,-1.481155822335703,-0.22874475678348802,0.2762371340218384,1.0698566280583672,1.3237919233244106
FRB20190224A,0,False,,1,0.8348956755863463,-1.9742208262651901,-0.4054824739616114,0.9260591943029026,-0.2546661560569652,0.11817748430600335,-1.0610345595122637,-1.2850646661610428
FRB20190224B,0,False,,1,0.8761208710276231,-0.9538649812092176,0.31037269721867455,-0.6631492120236343,-0.2041948775794826,0.2263037320010521,-0.10349964167673724,0.3833710204374496
FRB20190224D,0,True,FRB20190224D,1,0.6983454483043015,-0.40653791804152023,1.4010228096810298,0.4384872570812024,-0.20584184577794243,0.2451466872996114,0.28001565263958617,1.20937199258871
FRB20190224E,0,False,,1,-0.19597872547087786,-0.4619735244828304,0.8539049836481061,-0.0032023505461609915,-0.24429398116582088,0.2678301239973241,-0.6316478280326153,0.9938845467327856
FRB20190226A,0,False,,1,0.33118733614514095,-0.9997108929634834,0.5637480225074697,-0.2832526912696887,-0.2083264214907049,0.25823663033904914,0.7720682818833396,1.3237919233244106
FRB20190226B,0,True,FRB20190226B,1,0.4146325529207893,0.9293424346763245,-0.7855938660229759,-0.6136152514671299,0.01580416741030285,0.09171573520211436,0.8485206771555479,-0.14168704591883538
FRB20190226C,0,False,,1,0.8533046567745147,0.15183366423428707,-0.8358317173405647,-0.8826321404087294,-0.22255689845015217,0.16612023276355148,-0.7695128031136466,-0.818962650291555
FRB20190227A,0,False,,1,-0.3613639299289353,0.2866436260409928,1.720855453948467,1.2463388788794203,-0.24455133304463306,0.28608826609555926,0.7111570292566295,1.3237919233244106
FRB20190227B,0,False,,1,-0.6452749513305591,-1.0341463548802823,-0.5729532216909827,-1.4769056447128468,-0.25784421690626014,0.2904974733110506,-1.0610345595122637,1.3237919233244106
FRB20190228A,0,False,,1,-0.26126993780123897,0.6550913022677183,0.7341383089223847,2.4859100156877543,0.20060997133354963,0.04079824684757563,1.6997742323831522,-0.10655992176119658
FRB20190228B,0,False,,1,1.3412337113175157,0.09025246635115368,0.7788708549857191,2.23052496910835,-0.22258631574311188,0.248422761359992,-0.17343478358147857,0.7457350380636181
FRB20190302A,0,False,,1,1.2170624343468177,1.607074678004426,-0.43386354987406517,2.522925410761793,-0.27435600459433523,0.2998332055991458,-1.0610345595122637,1.3237919233244106
FRB20190303B,0,False,,1,-1.5244752773138732,-0.18826442633380971,3.4363231752405787,2.770183277116834,-0.2627188083951016,0.28518998463030804,-1.0610345595122637,1.2666846688459101
FRB20190303C,0,False,,1,1.3031147274131847,0.5576078170550678,-0.1285686756549771,-0.06162107223558701,-0.2539582927450195,0.2896377409579778,-1.0610345595122637,1.3237919233244106
FRB20190303D,0,False,,1,0.6052416938902349,-0.4427523279302463,-0.6217141291443345,-0.8838590764668027,-0.24240600297642229,0.22542926513976475,-0.8725355390378354,-0.5067215466680992
FRB20190303A,0,True,FRB20190303A,1,-1.299738951851678,0.8156297909597936,-0.7572497881783571,-0.5883351552990851,2.0676005273211486,-1.1424824905479771,1.349847859268389,-1.2754098425621596
FRB20190304A,0,False,,1,-0.02627210995474639,-2.8524531971207256,-0.3232508680078526,-0.08877707763349364,-0.21373159563294994,0.05246014221538711,-0.8650156313061428,-1.205771859582981
FRB20190304B,0,False,,1,-0.07284990015442705,-1.0968105350327026,-0.1786140164624723,-0.3188770344842199,-0.26223209021786215,0.2717251507156686,-1.0610345595122637,0.028402186844468207
FRB20190304C,0,False,,1,0.22851181577091892,-0.046961546635843614,-0.7605993991696587,-1.0296059585843467,-0.14779823925645463,0.06262980686307208,-0.4882682539483428,-0.8206060245211522
FRB20190308C,0,False,,1,0.030190412079732144,-1.4721311850959742,-0.5389253126429506,0.30776395911593657,-0.16501329827467204,0.07854627261233382,-0.5499314973482222,-0.8514192913260985
FRB20190308C,1,False,,1,0.030190412079732144,-0.6093046710717249,-0.5389253126429506,0.30776395911593657,-0.1745202361108312,0.09883311337418209,-0.5579527322620277,-0.81608674538976
FRB20190308B,0,False,,1,-1.641218080387339,-0.9458489421439538,0.14678546042962826,-0.4292823511903723,-0.08818672716893732,0.038339608763268945,-0.2263248012943833,-0.6562686015614386
FRB20190309A,0,False,,1,-0.5231218465599248,-0.5745939928968402,-0.7868828485487893,-1.289873564665661,-0.1742973614372282,0.08231510653160046,-0.5983095704221114,-0.8914765381725287
FRB20190313B,0,False,,1,1.4489690410624114,-0.23610893523486348,-0.37141524020469735,-0.49353818133994315,-0.26109210753081724,0.2953284713610469,-1.0610345595122637,1.3237919233244106
FRB20190313A,0,True,FRB20181119A,1,-0.49052649200076925,0.4783806418458875,-0.6414852333841793,-0.8284355546831759,0.5428685522856395,-0.09991062089069078,2.1589899311985143,-0.5461625281784305
FRB20190316A,0,False,,1,0.07953929684405132,-0.4453330503087061,0.06336393070935734,-0.5943732302622834,-0.20577904328257063,0.24717133426358037,0.3509534489085532,1.3237919233244106
FRB20190317A,0,False,,1,1.4016798700148991,-0.2327193143224029,-0.646696382238045,-1.0179722269974623,-0.2357799311759299,0.27546021257346787,0.2845275972786018,1.3237919233244106
FRB20190317B,0,False,,1,-0.24008520572252845,0.027020251176738674,-0.2992592732737505,-0.5858111129006139,-0.2720099163178162,0.3074505708715535,-1.0610345595122637,1.3237919233244106
FRB20190317C,0,False,,1,0.32243614598641035,0.22740953362783348,-0.6331102068281591,0.8430044956680627,-0.22966614106010425,0.2576239087801288,-0.20476773246353114,1.0218219086359368
FRB20190317D,0,False,,1,1.3452117209243317,0.10008231726697275,0.1827176409734157,0.7580434860346775,0.1810471296817587,0.052425913348592465,1.711054093980691,-0.05684785131588322
FRB20190317E,0,False,,1,0.7988731058707388,-0.5745080729163244,0.9859802523277749,0.5216945485417508,-0.24608369421320272,0.28262809016546936,-0.1827093364505661,1.3237919233244106
FRB20190318A,0,False,,1,-0.259521663439617,0.04727166346031433,0.3802752513458452,1.5037688923333625,-0.25149171249326696,0.2827759679215016,-0.8820607554979794,1.3237919233244106
FRB20190319A,0,False,,1,2.328672046945018,-0.014752450816894419,1.4960394994131305,1.623379383023193,-0.23726738693893645,0.28055647086495206,0.7575297936020673,1.3237919233244106
FRB20190320A,0,False,,1,0.36477674224254414,-0.08898772005202212,-0.016105290510342766,0.0514474571699219,-0.2568773734998658,0.2891886578032226,-1.0610345595122637,1.3237919233244106
FRB20190320B,0,False,,1,-0.006126103705299067,0.021286892532322722,-0.4539764292570313,-0.8026592451577925,-0.26518940457050244,0.28118867186284896,-1.0610345595122637,0.4343156215549608
FRB20190320C,0,False,,1,-0.4695642593714871,-0.12384784864624061,0.234265142247785,-0.3746239026571542,-0.25123678016896345,0.2833464883991681,-0.8379439634720494,1.3237919233244106
FRB20190320D,0,False,,1,1.375789604928963,-0.03003736179754846,-0.6516781091899915,1.0738484949213365,-0.20785109581090128,0.26337727343418965,1.1969430687239724,1.3237919233244106
FRB20190320E,0,True,FRB20190320E,1,-0.8115484951281259,0.09061585428460511,1.7070778670649922,1.2238374191266184,-0.2110794437344452,0.2663088892841048,1.2844246620026631,1.3237919233244106
FRB20190322A,0,False,,1,1.2584529311724388,0.07957285300794047,-0.27636036735461506,1.0607864065947257,-0.2300439001484646,0.272499524104579,0.5033569122708569,1.3237919233244106
FRB20190322B,0,False,,1,0.26309140545178195,0.02807610853875054,-0.5987365192985301,-0.7129406686653161,-0.23490109053677213,0.2418715626286938,-0.6226239387545841,0.042576289574743506
FRB20190322C,0,False,,1,1.450122680600198,-1.0815652100625448,1.8072515172708057,1.2960027897122286,-0.2553981145480083,0.28933090756861873,-1.0610345595122637,1.3237919233244106
FRB20190323A,0,False,,1,0.9112632460797845,0.2882632540087887,-0.30585136502480137,-0.47338177814915844,-0.236745031863874,0.28627282579850205,3.045587052765074,1.3237919233244106
FRB20190323B,0,False,,1,0.7760977254799863,-1.0473847231505011,2.335817126145456,1.0716312768431275,-0.21751221901804474,0.26740646692404535,0.9525460674439624,1.3237919233244106
FRB20190323C,0,False,,1,-0.41564688882098966,-1.713975096149657,-0.7183770986900869,-1.1817547562249118,-0.23433910663791,0.25135329803779094,-0.4977934704084867,0.42815296819397153
FRB20190323D,0,False,,1,0.7206276671230454,0.8694021029679487,-0.7952228693852905,-0.6373759523774026,-0.13678056683058598,-1.037637528844332,-0.9572598328149056,-1.689950991978037
FRB20190325A,0,False,,1,-0.5126341753604162,-0.3735403521075875,0.19938191213321022,0.10556360153759385,-0.2589300687690069,0.27076574774819306,-1.0610345595122637,0.17836008529520686
FRB20190325B,0,False,,1,2.0630831284669644,-0.3830405366072099,-0.3377785202034758,-0.4062393669266024,-0.2516570045857119,0.27924924632859893,-0.9442253260799717,1.3237919233244106
FRB20190325C,0,False,,1,0.7931843746468481,0.9387120082318329,-0.36646202960655516,-0.10504144899609233,-0.2441570426397635,0.2845613180642984,0.40885673844258635,1.3237919233244106
FRB20190326A,0,False,,1,-0.900948262085931,-0.7177692939098791,-0.2434351493070897,-1.1748286922014337,-0.21068180184855437,0.23620654872948402,-0.08344655439222359,0.5709211043902227
FRB20190328A,0,False,,1,1.596640430001195,1.1827826785110018,-0.6969511762260913,-0.13827985814974847,-0.2786087304143303,0.3008364528257692,-1.0610345595122637,1.3237919233244106
FRB20190328B,0,False,,1,0.22796081023523723,-0.8839265875024607,-0.1736438676861246,-0.7549767364437674,-0.20634087882639982,0.24502394149345008,0.25996256535507256,1.1814346306855588
FRB20190328C,0,False,,1,-0.06318233417722374,-0.1469771109157425,2.2025674407169005,1.4103958119601578,-0.24380929827209333,0.2791528064604648,-0.19148256213754083,1.3237919233244106
FRB20190329A,0,True,FRB20180814A,1,-1.5659140655912516,0.09392674334850264,-0.6068035940954731,-0.4663843400635163,-0.0192590036364609,-0.6167239908971548,-0.7482063978738508,-1.4440611228745657
FRB20190330A,0,False,,1,0.0576220655787396,-1.2258111325794356,-0.8419254571669009,-1.1529786230207173,-0.2628730810094901,0.27995000432971173,-1.0610345595122637,0.53805361979828
FRB20190330B,0,False,,1,0.5026102313293439,-1.027601441780757,1.161426751011805,0.34579774142713077,-0.22826280881630182,0.25237843135159277,-0.27695884668778026,0.7364910580221342
FRB20190401A,0,False,,1,0.7626516989089427,1.1474540632034063,0.25943915380518323,0.7066425563292745,-0.23769729728194608,0.2698952776859804,-0.19850114268712063,1.3237919233244106
FRB20190402A,0,False,,1,1.5811000538606312,1.4136438856273397,-0.8743696593080482,-1.510141244011834,-0.22791877824348428,0.24617543468807124,-0.37922959183879984,0.43369935621886185
FRB20190403G,0,False,,1,0.9258994300280139,-0.6696509179762075,-0.6628308459983929,-0.9870165123809679,-0.0674923620332012,0.053448894667681414,-0.04334037982319631,-0.5597203655726068
FRB20190403A,0,False,,1,0.0885630422623362,-2.8897671755495784,0.13797610979461095,-0.2790913476649142,-0.23889074837198102,0.26691606756763914,-0.36995503896971227,1.2979087792082558
FRB20190403B,0,False,,1,-0.8487978853075674,0.6810412028055698,1.3535636754293416,1.8178921814976505,-0.247378843291151,0.26901737012064375,-0.7747767385258314,0.8753561804230922
FRB20190403C,0,False,,1,1.0523399543662715,-1.4977910160602899,-0.6024290823338935,-1.2174114539691465,-0.25819062825933653,0.2698186521193236,-1.0610345595122637,0.1721974319342176
FRB20190403D,0,False,,1,0.3633907030766355,0.11898753477697194,-0.3831334488241506,-1.050002472644083,-0.23635624613814218,0.24818176544597045,-0.5998135519684499,0.2143088965676442
FRB20190403E,0,False,,1,-1.2721152011087111,0.682494840276362,1.8868805473743193,3.408825736926241,0.06051257935267496,0.09367325174634238,1.271139491676673,0.0019027773922143886
FRB20190403F,0,False,,1,0.4929585299991434,0.07019333332746958,-0.563863711316841,0.4439283882151863,-0.2686404678077785,0.29301102648380745,-1.0610345595122637,1.3237919233244106
FRB20190404A,0,False,,1,1.6582037124096858,-0.14935135405780156,0.12084973345499037,0.05813644889665645,-0.26685900503299825,0.29824477709412817,-1.0610345595122637,1.3237919233244106
FRB20190404B,0,False,,1,-0.006390831583006278,-0.5119648738820117,2.6660858533795624,1.1018622815507058,-0.2603409723427442,0.2815893051712177,-1.0610345595122637,1.007442384126962
FRB20190405A,0,False,,1,-0.23758453098381432,0.8217562897558267,-0.3840231703044661,-0.6897773175770066,-0.2260828912459297,0.2523498034812327,-0.20175976937085408,0.8301633891091709
FRB20190405B,0,False,,1,1.3389671322489363,0.3507168555569013,0.49117991957815116,0.3105030692728465,0.026303847945618387,0.13822316458835165,1.7130594027091424,0.15679079853174446
FRB20190406A,0,True,FRB20190208A,1,0.27197010786280146,0.2787757209921294,-0.44413709621254227,-0.5456049957279265,-0.13093146977434036,0.17402018363258645,0.3399242509020707,0.23115348242101486
FRB20190408A,0,False,,1,0.921827324875156,-0.21854160286778004,-0.280414573701771,-0.8670663614468964,0.1087767107097794,0.014978564212893206,0.7893640696662327,-0.4436570606073091
FRB20190409A,0,False,,1,2.1170720640718246,-0.002384098624962574,1.263824131229323,0.7602368577126924,-0.21699740691631977,0.26603267109862117,0.8615551838904818,1.3237919233244106
FRB20190409B,0,False,,1,-0.8882885902547422,0.7803067643921191,-0.7837147263632845,0.4243392494681959,-0.07258033073175228,0.1371142192165532,0.5504816673894639,0.014228084114192909
FRB20190409C,0,False,,1,0.5187872770750074,-0.25104207917405763,-0.27783055322878697,-0.747811299996208,-0.24795977596003546,0.27532143836122686,-0.7093535412601056,1.3237919233244106
FRB20190409D,0,False,,1,1.5921618692549493,0.36702894893283594,-0.36256600324896293,-0.42419406976966023,-0.040305054425911965,0.09413506054574716,0.40810474766941707,-0.269870235827412
FRB20190410A,0,False,,1,-0.8979822140922815,-0.01204083083013035,1.1969400606691736,0.599968097021525,-0.05482577894856977,0.07521112478225844,0.15919580175039147,-0.4251691005243413
FRB20190410B,0,False,,1,0.4381033154809511,-0.3133795986863918,0.016855641031540285,-0.43327305595428867,-0.14937506094785563,0.06716861566665111,-0.4855109544467221,-0.8095132484713715
FRB20190411A,0,False,,1,-0.10572978907112525,-1.0104636015206911,0.1764798026148922,-1.0760509559914448,-0.1347766373569076,0.2247900322912257,1.5794557086760703,0.7114296010207779
FRB20190411B,0,False,,1,1.5007738056128295,0.20667900496483368,-0.02553080306478144,-0.2382106367576571,-0.2434771341686585,0.2806900086806306,-0.028801891541923915,1.3237919233244106
FRB20190411C,0,False,,1,-1.216089426194694,0.11980437860405126,1.742805623587355,1.022357182120495,0.28003901263434333,-0.023716711664841534,1.476182309160825,-0.3731973905133319
FRB20190411C,1,False,,1,-1.216089426194694,-0.1532129128135205,1.742805623587355,1.022357182120495,0.6679718884494404,-0.23881247752593193,1.5686771742606442,-0.7384373130412953
FRB20190412A,0,False,,1,-0.48770839029086466,0.2793945105492187,0.7168635750175957,0.5488947357780259,-0.15670622753536814,0.2401117664038743,1.753416240869226,0.7876410809183451
FRB20190412B,0,False,,1,-0.43776469531650025,1.7629787457543469,-0.06056062370531768,1.5016843368824302,-0.2676771579448041,0.27900205882571927,-1.0610345595122637,0.07380039993708909
FRB20190414A,0,False,,1,0.8218106409250168,0.5928203523192809,-0.9551525478669324,-1.8387022086943354,-0.2639091893292593,0.2777083212675052,-1.0610345595122637,0.2664860283573533
FRB20190414B,0,False,,1,0.04828197967531482,-1.5336589345120475,-0.6004445227008679,-0.16379593783444618,-0.26870520414802757,0.27770793174487546,-1.0610345595122637,-0.06403761357037069
FRB20190415A,0,False,,1,0.4152761463824378,-0.8619087850374172,-0.22475913916209908,0.03668809960690824,-0.24649257656741513,0.2748812977755255,-0.6130987222944402,1.3237919233244106
FRB20190415B,0,False,,1,0.6321070842455113,1.2254111588338024,-0.09309141803738873,1.9948233375988869,-0.21926762054392113,0.2555798040188348,0.1519265576097553,1.3237919233244106
FRB20190415C,0,False,,1,0.4583742509257218,-0.35102610621308383,-0.6405997873185485,-1.370758130437699,-0.1778816284827752,0.19036904131787372,-0.08470288031059825,0.05094763790031122
FRB20190416A,0,False,,1,2.5163480432833842,-0.13711278008216551,-0.5430477094848936,-0.3683220721072022,-0.23318232890025078,0.2609230733911937,-0.26367367636178995,1.094130374738211
FRB20190416B,0,False,,1,0.25826166975379633,-3.8352564170685812,-0.6055850824531172,-0.8711363676884614,-0.2770573293475299,0.22844168863297368,-1.0610345595122637,-1.093816990191676
FRB20190417B,0,False,,1,1.407264506853931,0.8108598049687384,-0.6472610519183689,0.9216164311524028,-0.22406353164007134,0.26889394584185855,0.633952643211252,1.3237919233244106
FRB20190417A,0,True,FRB20190417A,1,1.6895891204657134,0.951747820391217,-0.5875920886009856,-0.1401406350970969,0.4240045399476929,-0.27914782026264257,0.5913398327316605,-0.9674825962913962
FRB20190417C,0,False,,1,-0.7000817511077015,-1.0696493675434382,3.1640338762721414,1.0868875533634996,-0.1274527767067038,0.19792234177907989,0.8252089631873009,0.7323826224481413
FRB20190418A,0,False,,1,-1.6029488240731513,-0.5862426910694055,0.05891056972303544,-0.45056891137262817,-0.2893430002511911,0.2872884856282671,-1.0610345595122637,-0.7409023743856911
FRB20190419A,0,False,,1,-0.18151851462204666,0.10901083281809178,-1.0700281709297084,-1.3257562570404542,-0.22301578880695747,0.1960394962840558,-0.6812792190617866,-0.5611583180235044
FRB20190419B,0,False,,1,-1.784168360258183,-0.9047130249719848,1.7690975550672645,0.41427125961899053,-0.2233461479417652,0.24271516267459733,-0.3047825052950429,0.44232707092424683
FRB20190420B,0,False,,1,0.8907906402715483,-0.6728931587944633,0.8403778840503976,1.5453741378044676,-0.23646840773816502,0.26702813703914624,-0.2361006813455837,1.3237919233244106
FRB20190420A,0,False,,1,0.3509202162792213,0.12711414332507856,-0.027382214073463255,-0.1400013094849586,1.754979238009467,-0.6342919478896963,2.4565276137824856,-1.0258223814420946
FRB20190420C,0,False,,1,0.40779628060609324,0.22830601402744724,-0.47138227406332306,-0.19656794482943463,-0.2498807002533012,0.266396071822786,-0.9206629485206682,0.4969692640583516
FRB20190421A,0,True,FRB20190303A,1,-1.2925025046480303,1.0239809452155582,-0.7293052938707276,0.0632081125642213,2.0490608692954955,-1.1043720820628282,1.4075004852113657,-1.2581544131513895
FRB20190421A,1,True,FRB20190303A,1,-1.2925025046480303,1.1173763556163314,-0.7293052938707276,0.0632081125642213,-0.012130874843308754,0.10665614004288383,0.7755775721581296,-0.08992075768652559
FRB20190421B,0,False,,1,-0.36908455438060983,-0.04696719127227506,2.298405931422426,1.5728250032390598,-0.2681073429538886,0.2969491634949631,-1.0610345595122637,1.3237919233244106
FRB20190422B,0,False,,1,1.1253292406711932,1.1001792202591412,-1.0154754691176684,-0.8983184164942052,-0.29334679537662733,0.31713783189749206,-1.0611117638983092,1.3239973451031108
FRB20190422A,0,False,,1,-0.13337066432928854,-0.34321639590363245,-0.2835666362557658,0.8664141381389777,1.8591106250855323,-0.9707466846695454,1.4526199316015214,-1.2119345129439703
FRB20190422A,1,False,,1,-0.13337066432928854,-0.07390757705780177,-0.2835666362557658,0.8664141381389777,0.03910209600356308,0.08324401426057224,0.9475327956228341,-0.15031476062422033
FRB20190423A,0,False,,1,-1.1542585404417143,-0.2318090137878188,3.2129758529640995,2.7084206610546393,-0.17986631240929682,0.19029377916674917,-0.13282728183033843,-0.011655060001961983
FRB20190423A,1,False,,1,-1.1542585404417143,0.9310328269016453,3.2129758529640995,2.7084206610546393,-0.2461724266335511,0.23657871210898065,-0.916401667472709,-0.4023672830886811
FRB20190423B,0,False,,1,0.28487149788919663,0.4581353392527608,-0.2597695393143148,0.4480516162229943,-0.04703411224553055,0.07428940865085745,0.20782453841533707,-0.413870902695861
FRB20190423C,0,False,,1,0.9076784828297413,0.004566123873683551,0.3200337596578658,0.08088331628322341,-0.21287196900597927,0.24133262375182976,-0.03707379004678579,0.7323826224481413
FRB20190423D,0,False,,1,0.01630789216927791,0.4321031720751608,0.6095805325536908,1.5932189960437277,-0.19464544232042896,0.24477755166191187,0.6424752053071703,1.3237919233244106
FRB20190424A,0,False,,1,0.7107267578191643,-0.7799419364826653,-0.07670575862577642,-0.7443259941269943,-0.24400543652951937,0.2719209794910511,-0.5241131474694108,1.3237919233244106
FRB20190425A,0,False,,1,-2.1990277900214172,-1.0842629530926238,4.8948334731158605,2.3832020455637846,-0.21115462077677763,0.2620331299565036,0.8876241973603496,1.3237919233244106
FRB20190425B,0,False,,1,1.2135931371732402,-0.19699379725329855,0.14081248134241736,-0.17600329300446557,-0.1556624759804698,0.1268197834652782,-0.31230241302673556,-0.49419081816742105
FRB20190426A,0,False,,1,-0.59951993509801,-1.1092525481138025,0.012652367343618591,-0.856702347755286,-0.10810090834181872,0.06774347862488804,-0.23183940029762454,-0.5691697673927903
FRB20190427A,0,False,,1,-0.12269111610456937,-0.4133028517147654,2.301612294227569,0.9967591283226276,-0.25692328491682975,0.2991571773859595,3.045587052765074,1.3237919233244106
FRB20190428A,0,False,,1,1.1119548178494734,0.417284217263944,0.728994022332974,0.605423751433752,0.1506686357984567,0.0875897216811208,2.0354127808076994,-0.19448044304464335
FRB20190429A,0,False,,1,-0.0696069488636347,-0.1515708109705152,-0.17920205564410002,-0.8070182288291392,-0.20765180284763474,0.26572054830043257,1.4566305490584242,1.3237919233244106
FRB20190429B,0,False,,1,-0.8313184064218827,1.6343659114320075,-0.24008474328408805,0.4618330856078412,0.4022249370209596,-3.103145893893729,-0.8284187470119054,-1.710082326290602
FRB20190430B,0,False,,1,2.7382746719816375,-1.740197974088975,-0.7597953924483456,-1.0286130387124437,-0.2530509940016339,0.2926864571658856,-1.0610345595122637,1.3237919233244106
FRB20190430A,0,False,,1,-0.6040479387189014,1.8614961825675753,-0.3053650046461446,-0.09954008814574972,-0.21767781716208126,0.20719814503856107,-0.547424861437658,-0.3290317080929089
FRB20190430C,0,True,FRB20190430C,1,-0.3348558862308519,-0.004305090840480632,0.8377023311471173,0.515955858212868,0.1644545483853617,0.05507941996295054,1.6140472842418563,-0.07369243716925386
FRB20190501B,0,False,,1,0.7646119196308464,-0.2248450708615712,-0.08745778672185835,-0.2799832485356162,-0.2535017755689199,0.26818036876500345,-1.0610345595122637,0.37597583640426246
FRB20190501B,1,False,,1,0.7646119196308464,0.06581106765791458,-0.08745778672185835,-0.2799832485356162,-0.263697498289018,0.2909380075605434,-1.0610345595122637,1.3237919233244106
FRB20190502A,0,False,,1,0.3956398350805187,-0.008243695290767732,1.3829752222221083,1.1535891564335028,-0.2799769909454141,0.3054121725823143,-1.0610345595122637,1.3237919233244106
FRB20190502B,0,False,,1,1.023723449796998,0.23858651132527672,1.1611521161612828,0.9869071174108306,-0.24500447099948655,0.28048684959778186,-0.22582347411227047,1.3237919233244106
FRB20190502C,0,False,,1,-0.34928713754712615,-0.8577191703516948,0.8729741471518812,0.02047962270998056,-0.18272095820485723,0.18503477655471604,-0.2203088751090292,-0.14024909346793787
FRB20190515A,0,False,,1,-0.1421736202824359,0.7196203213409373,-0.4896241345859649,1.550066488720589,-0.22299429107664276,0.2604579288955975,0.18451282444708997,1.3237919233244106
FRB20190515B,0,False,,1,0.842511977175823,-0.5260758590978842,1.2253028712156955,1.281391688448523,-0.2491858624756587,0.26486952242411016,-0.8983538889166467,0.44191622736684755
FRB20190515C,0,True,FRB20190213A,1,0.46131771092818447,0.5126401099788758,-0.3962810203426395,-0.029153829065409687,0.10528936851616039,-0.05276820486320336,0.3544627391833431,-0.7146083867121369
FRB20190515D,0,False,,1,-0.23326018260246537,-0.862897187242673,1.2533536048434906,0.8178196319009019,0.028063274003957115,0.0179720035125459,0.3324043431703781,-0.5582824131217093
FRB20190516B,0,False,,1,1.5086945598705277,0.397972334497785,0.029198936617165546,0.8106684967666409,-0.2421835569282286,0.25098132979146576,-0.7464517527364559,0.1070787280864311
FRB20190517D,0,False,,1,1.433771223319687,0.8197725294720857,-0.6549465703526914,0.334342495828992,-0.25242952749676706,0.28128403254164047,-0.9933483713464805,1.3239973451031108
FRB20190517B,0,True,FRB20180814A,1,-1.556165815583046,1.230788735364483,-0.6323733129818215,-0.020299284283260114,0.3389088708139506,-0.6541820909832589,-0.2581590773585487,-1.3306683010323632
FRB20190517C,0,False,,1,-0.6241871497172906,-0.7932049377778126,1.669752915980929,0.8195431166454459,-0.1756360633003239,0.026200369800708036,-0.7063455781674286,-1.089297711060284
FRB20190518B,0,False,,1,1.015090047587074,-0.8810729322107259,0.21246167178263714,-0.7044602774691526,-0.22052430521381533,0.2687121371480447,0.8668191193026666,1.3237919233244106
FRB20190518C,0,False,,1,-0.16592726228551974,-0.43449995148749276,2.8368444851515355,1.5932282862749887,-0.2046318505814415,0.2353313643511373,0.05466908427986412,0.7165651454882689
FRB20190518D,0,False,,1,-1.450487588131577,-0.4754797726171605,0.5168073696450832,-0.4088512757080365,-0.21168535322499196,0.23784183714884036,-0.07768129179792592,0.609745820564455
FRB20190518A,0,True,FRB20180916B,1,-0.5568722200950843,0.6450247953944032,-0.9470950365554469,-0.7711258664505853,-0.2136248234663669,0.15969985984591517,-0.6990763340267924,-0.7729481718628353
FRB20190518E,0,True,FRB20180916B,1,-0.5520313943408544,0.5507184508479559,-0.13962437381804899,-0.13369635908260163,0.05636144528192391,0.1477712933874841,2.385088490331406,-0.2507660104083453
FRB20190518G,0,False,,1,0.1081187592491675,-0.7010140631901831,-0.554127183288441,-0.9451359447078548,-0.14258290663825812,0.060128922467740056,-0.4649565399800956,-0.8021180644381843
FRB20190519D,0,False,,1,0.15386912060823937,0.6327117009743517,-0.7622541174969705,-1.2999850879584658,-0.2611734915916413,0.28672612708672507,-1.0611117638983092,1.3239973451031108
FRB20190519E,0,False,,1,0.5642086263124696,-1.3076535050137632,-0.4862555391811135,-1.0628048759851105,0.47749302025271323,-0.047373645668915,2.416421439213458,-0.674961983423106
FRB20190519F,0,False,,1,0.7926361257737468,0.1884217380716519,-0.3787906566527099,0.04461538695449892,-0.12795471377679668,0.0213531488745642,-0.48350564571827076,-0.8803837621227479
FRB20190519G,0,False,,1,-0.21843729105214588,1.0238346151380249,0.11249498755334075,1.7479194613569764,-0.24522447334718114,0.27713457039964406,-0.43663155419072014,1.3237919233244106
FRB20190519H,0,False,,1,1.4208790874816766,-0.8453480032274264,0.9630673899100621,-0.8669733586705233,-0.23462021899276306,0.24569495212422135,-0.5772538287733721,0.1810305684183022
FRB20190519A,0,True,FRB20180916B,1,-0.5604697078130227,-0.6968147879030372,-0.3896705035246983,-0.07892419334638567,0.8549639813241248,-0.7667614307369919,0.36875056387355903,-1.283832135488845
FRB20190519A,1,True,FRB20180916B,1,-0.5604697078130227,-0.4252338208892942,-0.3896705035246983,-0.07892419334638567,0.776226620392171,-0.7910393057348426,0.21885373642181957,-1.3125911845067948
FRB20190519A,2,True,FRB20180916B,1,-0.5604697078130227,0.44327424677475885,-0.3896705035246983,-0.07892419334638567,0.16657028167243318,-0.355127116356678,-0.22657546488543973,-1.175985701671533
FRB20190519B,0,True,FRB20180916B,1,-0.5573979235604956,0.5098009978761386,-0.07459335896116814,1.359299314040795,0.16378035672301614,0.05937882066899199,1.6714492465937765,-0.038770734790314725
FRB20190519B,1,True,FRB20180916B,1,-0.5573979235604956,1.109544570398574,-0.07459335896116814,1.359299314040795,-0.16426225440533151,0.20877772704569303,0.38479303370116996,0.6943795933887076
FRB20190519B,2,True,FRB20180916B,1,-0.5573979235604956,1.3280168046598564,-0.07459335896116814,1.359299314040795,0.05410812992608121,-0.056369376956057836,0.111820383040728,-0.7795216687812238
FRB20190519B,3,True,FRB20180916B,1,-0.5573979235604956,0.7564689725959394,-0.07459335896116814,1.359299314040795,-0.03992527877757837,-0.07431784911309842,-0.32057431153159743,-0.9118132942637932
FRB20190519C,0,True,FRB20180916B,1,-0.5576547547971754,0.8213343268674466,-0.44439837275775096,-0.06184694465368412,0.07143474804441627,-0.1705620723027536,-0.1518777147506264,-1.0017880333342364
FRB20190519J,0,False,,1,0.4394229692957962,0.2549736186307382,-0.8155919436384002,-1.2543250368169472,-0.2574124866183694,0.10855160014866605,-1.0610345595122637,-1.323889382335275
FRB20190520A,0,False,,1,-0.20898395367099795,-1.1624159758413053,-0.10860280292578743,-0.4596930377410491,-0.17586677375576187,0.07630102665759658,-0.6211199572082456,-0.9259873969940685
FRB20190527A,0,False,,1,0.288758482002362,1.17219072239692,-0.2744348434425454,1.6535517916867961,0.356535113826064,-0.5469302062571292,-0.11477950327427616,-1.2645224882910786
FRB20190527A,1,False,,1,0.288758482002362,2.0144237216636376,-0.2744348434425454,1.6535517916867961,-0.050726478787179216,-0.12184510939901017,-0.44690876142403335,-1.0067181560230278
FRB20190527B,0,True,FRB20181128A,1,-0.14289170483707478,0.7628396478819021,-0.6697728103683135,-1.2582857204218172,0.2962470481841185,-0.01555383505624255,1.6631773480889147,-0.30335398575545364
FRB20190527C,0,False,,1,0.14083015085252043,-0.29620838936159133,1.5671566357133482,1.8270066563898435,-0.24958693305110363,0.2806700054492828,-0.7186280941291933,1.3237919233244106
FRB20190529A,0,False,,1,0.5893993772944348,0.16043147961392337,-0.8395523629339013,-0.951862544778042,-0.09280836550636118,-0.09780388768672918,-0.5506834881213915,-1.0660850500672243
FRB20190530A,0,False,,1,0.2003330701367913,0.19349055965290343,-0.7652709756677798,-1.07767354340523,-0.18979899839366018,0.0712350261602186,-0.7126121679438391,-1.0252061161059955
FRB20190531C,0,False,,1,-0.04485304950690091,0.2901710071851778,-0.773415164392775,-1.0952475490829126,-0.1501521216498231,0.055790897706018985,-0.5190998756482825,-0.8627174891545788
FRB20190531E,0,False,,1,-0.6607216433200171,-0.7918495254268927,1.036402871578259,0.45061237765296214,-0.2521432184163194,0.31088684016399265,3.045587052765074,0.1980805760503725
FRB20190601A,0,False,,1,2.4734171688608932,0.1918156433299509,-0.2863911089994969,-0.43664616105440246,-0.15780130905713705,0.23239591176059268,1.2736461275872373,0.9671797155018321
FRB20190601B,0,False,,1,0.7725755589833063,1.2964801415931413,-0.6177705899459569,0.6648234333277848,-0.1676886935238912,-0.04063439244525681,-0.7497103794201894,-1.2059772813616805
FRB20190601D,0,False,,1,0.5035118331524651,1.0611474003121473,-0.3819681239967424,0.21477233298009069,-0.2815280325174887,0.29218958530714906,-1.0610345595122637,-0.15565572687041102
FRB20190601C,0,False,,1,-0.2410975985218545,0.02699453450389704,0.32616190132599576,0.334342495828992,0.17886957808815312,-0.27303218415049146,-0.06063616760608932,-1.0839567448140932
FRB20190601C,1,False,,1,-0.2410975985218545,-0.44486757417232536,0.32616190132599576,0.334342495828992,0.180359119731774,-0.2970421081909501,-0.10199566013039871,-1.1112778413811455
FRB20190603B,0,False,,1,0.042451704130308104,0.33176914810250246,-0.42851910517193287,-0.45332677320665377,-0.2211260094280439,0.22536009995542858,-0.46771383948171624,-0.045755075266102556
FRB20190603A,0,True,FRB20180916B,1,-0.5573028115188029,0.11245168883450243,-0.3820568585961099,-1.3531050733439312,1.9281113331691904,-0.815162239104441,2.0386714074914325,-1.0769724043383053
FRB20190604D,0,False,,1,1.196411352575902,-0.014412154539679273,-0.1672507316865557,-0.6868490785616491,-0.1291417272028253,0.20838342678850597,1.0766245450168905,0.8815188337840815
FRB20190604A,0,True,FRB20190604A,1,0.1932657548727134,0.8161499789849805,-0.07931203161693647,0.8025544396613746,0.03595289050148333,-0.9036109317470018,-0.7677581579762517,-1.506920187156656
FRB20190604E,0,False,,1,1.4862023230782075,-0.505785428316179,-0.035502412989788165,-0.4933223632032579,-0.26076800759195656,0.28875776380077844,-1.0610345595122637,1.3237919233244106
FRB20190604F,0,True,FRB20180916B,1,-0.5574751724673026,0.17754496057514563,1.635762497230476,1.8349049549059369,3.3099034986329956,-1.5777137921948559,1.9085770037331504,-1.313002028064194
FRB20190604F,1,True,FRB20180916B,1,-0.5574751724673026,0.7472283479681986,1.635762497230476,1.8349049549059369,4.03795457640379,-2.4238807772871533,1.280664708136817,-1.4906918666393845
FRB20190604F,2,True,FRB20180916B,1,-0.5574751724673026,0.7105478525435908,1.635762497230476,1.8349049549059369,0.10905252017856618,0.023445210540065726,0.8613045202994254,-0.3990805346294868
FRB20190604C,0,False,,1,0.07902036070043676,1.4487125643147518,0.3607282586998109,2.0244061755474525,-0.19360889459959638,0.21234364681717818,-0.09723305190032672,0.21759564502683848
FRB20190604G,0,False,,1,-1.2201822720370747,0.343422531685184,0.10811668858548101,0.10184907302112589,-0.2791764309605133,0.3044761936526657,-1.0610345595122637,1.3237919233244106
FRB20190605C,0,False,,1,-1.574323770204316,-1.0644149141970436,1.2896960805272353,-0.3374943563831128,-0.1487685093174588,0.03828416274183988,-0.5514354788945607,-0.9220843831987753
FRB20190605D,0,False,,1,1.9887065674565274,-0.016221203498609466,-0.30662639184645907,-0.3567977152845857,0.212270174766816,0.007041163764160075,1.3709036009171283,-0.3125979657969375
FRB20190605A,0,True,FRB20180916B,1,-0.5554388601205662,0.8495958726900524,0.173826777660547,0.4094003726182213,0.0912784621773637,-0.111723938941494,0.06920757256113651,-0.8791512314505502
FRB20190605B,0,True,FRB20180916B,1,-0.5599028589180669,1.2070282718743797,0.6233829397738034,2.055976789194265,-0.1698322013554937,0.05854455765457414,-0.6228746023456406,-0.9592657251434105
FRB20190605B,1,True,FRB20180916B,1,-0.5599028589180669,0.6067695151178543,0.6233829397738034,2.055976789194265,-0.17371134522508475,0.07032990272791327,-0.6211199572082456,-0.9368747512651495
FRB20190605B,2,True,FRB20180916B,1,-0.5599028589180669,1.5611948864548786,0.6233829397738034,2.055976789194265,-0.04289395152083424,-0.1156825087669897,-0.41106386790296523,-0.9909006790631554
FRB20190606A,0,True,FRB20190604A,1,0.1921133964143542,0.3678604179308452,-0.6441504479565893,-0.5554480333682272,0.06357340437825401,0.028304829329728155,0.6128969015625126,-0.45228477531269407
FRB20190606B,0,False,,1,-0.9348043705839184,-0.6239103206164364,1.414823735720408,1.5046814823242511,-0.22239148562333155,0.26325850140682944,0.3524574304548917,1.3237919233244106
FRB20190607C,0,False,,0,-0.750272914643445,0.8121319002539132,-0.2544226365974973,-0.6111284750442739,0.024209908274178134,-0.6201761762573847,-0.6890497903845356,-1.3916785693061569
FRB20190607A,0,False,,1,0.2211066540452675,0.6059717588484073,2.094783169124949,1.9059544672617665,-0.2543791630096778,0.27736621219041463,-1.0610345595122637,1.1430207580687257
FRB20190607B,0,False,,1,-0.8658528641604177,-0.25892101968868375,0.028564403529601816,-0.23509024205684087,0.014304691175220936,0.12637878853859735,1.3297947719838754,0.2167739579120399
FRB20190609B,0,False,,1,-0.8505545907700643,-0.604623391505432,2.437474729040723,0.020489940274465542,-0.21471664565274767,0.24668550748756832,0.03762396008802753,0.9560869394520515
FRB20190609C,0,True,FRB20190609C,1,-0.038255754713126096,-2.8853668658413416,-0.6310861761595764,-1.0967145338142081,-0.18271137142559363,-0.11821305897501258,-0.8554904148459989,-1.3666171123048005
FRB20190609D,0,False,,1,0.06636795583952738,0.3302326916634715,-0.3570923645741153,-0.43555549252615317,-0.21561897903302757,0.1253464185312488,-0.7908192083534423,-0.9824783861364701
FRB20190622A,0,False,,1,1.352320879759114,-1.5031010820639468,-0.4364520138359342,-1.049998291093781,-0.24416427891365677,0.22701255058893594,-0.9006098612361545,-0.519457696947477
FRB20190623A,0,False,,1,1.2919030430837035,-0.2555637535059881,-0.7133405518381862,-1.307926516263746,-0.23993711914634108,0.26114218092733804,-0.5479261886197708,0.7274524997593499
FRB20190623B,0,False,,1,1.8870247744141884,-0.770590052228102,0.49206812185764853,-0.3722590972338479,0.1992437192333352,0.026543026427911478,1.5035046405859749,-0.21358466846371008
FRB20190623C,0,False,,1,1.2424762165264887,-0.2249386276172329,0.806309403699638,0.3528369051929725,-0.24848388775793534,0.2930746440144112,3.045587052765074,1.3237919233244106
FRB20190624A,0,False,,1,1.119308665283591,0.42215106300475497,-0.4319412035586193,-0.39232330965083445,-0.27702783043951895,0.29395663430007823,-1.0610345595122637,0.5066240876572348
FRB20190624B,0,False,,1,-1.3604428855615387,-1.2426693031659428,0.8925673529865217,0.2912408350304608,-0.060167509643991236,0.15577703115698358,0.9708445095910812,0.3135276156795713
FRB20190625A,0,False,,1,-0.7956431748859663,1.1642193907100011,-0.6756796764576266,0.9844331291513426,-0.2570722824690335,0.26601426664836303,-1.0610345595122637,0.047917255820934194
FRB20190625E,0,True,FRB20180814A,1,-1.5659885924155195,0.26979720274282054,-0.15910615454482605,-0.017344538954497172,3.1172232562410973,-14.043566667527621,-0.7757793928900572,-1.8785281848243085
FRB20190625E,1,True,FRB20180814A,1,-1.5659885924155195,0.7156224723044778,-0.15910615454482605,-0.017344538954497172,3.794112647195859,-16.470286890774428,-0.7680088215673081,-1.8906480697675874
FRB20190625E,2,True,FRB20180814A,1,-1.5659885924155195,-0.08261058130709494,-0.15910615454482605,-0.017344538954497172,-0.009141227114132998,-2.4939487381044225,-0.9572598328149056,-1.77437934302359
FRB20190625C,0,False,,1,-0.17246586574250547,-1.015862424115958,1.367024276945505,0.04556405481639083,-0.2577762169483294,0.26989581060686496,-1.0610345595122637,0.20218901162436534
FRB20190625D,0,False,,1,0.6202352623642216,-0.7653968725494362,2.4063590412779807,1.0302988994497106,-0.18401159915668694,0.09398370298779517,-0.6331518095789538,-0.9017476271075108
FRB20190626A,0,True,FRB20180814A,1,-1.5331973913639743,1.874866808247009,-0.683939379678003,0.23758980451233944,-0.09604709272305478,-0.5010970891164083,-0.8270200441738106,-1.5031322095574347
FRB20190627A,0,False,,1,-0.31910846931709547,-0.5136917561839449,0.06706697810584496,-0.8749408598213921,-0.1781229589147089,0.1447609445707823,-0.422845056682617,-0.5461625281784305
FRB20190627B,0,False,,1,-0.21703140857003783,-0.44861099973053375,1.8224838996665218,1.0989827455814598,-0.18219255681861235,0.22036721293489886,0.2614665469014111,0.7147163494799721
FRB20190627C,0,False,,1,1.1103615982524035,-0.557955110713915,2.001279135300494,1.2084582731177695,-0.25929331423715296,0.2825537815038428,-1.0610345595122637,1.3061256503562415
FRB20190627D,0,False,,1,2.298601208680371,-1.8319309377230364,-0.9879652619029834,-0.7869741657301874,-0.20463346209774413,0.22771251738139514,-0.09021447135074695,0.4193198317098869
FRB20190628A,0,False,,1,0.6828645516726661,-0.8980204487548085,-0.4643921449203381,-1.1342757266992967,-0.23225169464317985,0.27465140041757763,0.5234099995553705,1.3237919233244106
FRB20190628B,0,False,,1,-0.30415597628204716,-0.7645340159379496,-0.21207247864056442,-0.6550344219050225,-0.2802488983589551,0.28512176620526564,-1.0610345595122637,-0.4054486097691757
FRB20190628C,0,False,,1,2.076375868705784,-1.806439679230113,-0.30133490415482994,0.8890917582112325,-0.25555755287284815,0.2726505417623619,-1.0610345595122637,0.5417512118148735
FRB20190629A,0,False,,1,0.0405623471436684,0.2514753536210592,0.030600482761405094,-0.3600361422646748,-0.037216380924648004,0.11591951066039632,0.6509977674030886,-0.08067677764504169
FRB20190630B,0,False,,1,0.4630197915719892,0.5683325415317872,-0.03732907566214801,1.421951797992481,-0.23936339738313767,0.2786214827704619,0.23564819702259973,1.3237919233244106
FRB20190630A,0,True,FRB20190117A,1,-0.36635431433619275,0.015377439851288362,-0.2647158466430161,0.5669230524291536,-0.011884554021113936,-0.09757417184713163,-0.2686869481829184,-0.9344096899207538
FRB20190630A,1,True,FRB20190117A,1,-0.36635431433619275,0.3367282869459528,-0.2647158466430161,0.5669230524291536,0.2385801007664965,-0.535671961706672,-0.3025265329755351,-1.288351414620237
FRB20190630C,0,False,,1,1.99224749882991,-0.3238223823172136,-0.38980078982763305,-0.7685826161486432,-0.2458775451833741,0.247714676113436,-0.8717835482646662,-0.13162137876255292
FRB20190630D,0,False,,1,-0.683836731230186,-0.5191450065497141,0.1787433567021412,-0.37692466717470346,-0.25447568388553904,0.27566322736535487,-1.0610345595122637,0.9221923459666105
FRB20190701A,0,False,,1,0.42508782741752865,-0.8437156270452666,-0.04132528890734006,-0.7783114343381178,-0.2666755858273224,0.3059740115540293,3.045587052765074,1.3237919233244106
FRB20190701B,0,False,,1,0.6901906626174266,-0.559483028978802,0.14843664435942577,-0.6275318527322975,-0.234753697186291,0.2536925870851118,-0.4759857379865782,0.5286042179780964
FRB20190701C,0,False,,1,1.1192923159960135,-0.6877135706494064,-0.3401133986819819,-0.7880054892022248,-0.2279377872049049,0.1740783109607841,-0.8058590238168276,-0.8208114462998518
FRB20190701D,0,False,,1,1.0499358544042567,-0.4336532012090068,0.34809901896704876,0.7248769816433563,-0.22322642019491962,0.2316538894576671,-0.44841274297037187,0.06619979412520233
FRB20190701E,0,False,,1,0.9729913614395713,0.0877351862350387,-0.27479318582306594,-0.6985852372003188,-0.23615455455584788,0.26338881328388614,-0.33185417312913634,1.1317225602402454
FRB20190702A,0,True,FRB20180908B,0,-1.5074795847053317,0.6103114162190503,-0.6868933726156841,-0.8775039545001729,0.10696688489310838,0.06335918729328659,1.261112948034416,-0.14250873303363393
FRB20190702B,0,True,FRB20190303A,0,-1.2989480203469885,1.2918974896514213,-0.04222615777365689,0.7108619120760458,2.9913760446991446,-1.2298883491670054,2.380325882101334,-1.1800941372455256
FRB20190702B,1,True,FRB20190303A,0,-1.2989480203469885,0.7336801622101737,-0.04222615777365689,0.7108619120760458,1.7254285023251164,-0.6841819267726276,2.1559819681058374,-0.9976795977602436
FRB20190702C,0,False,,0,1.8913271642471534,0.49373598206281394,0.09386847531569277,-0.0876385269048181,-0.22334457767988572,0.2628352349197255,0.27976498904852976,1.3237919233244106
FRB20190708A,0,False,,0,0.8955519978873072,-0.647789579699423,0.6663410070202543,0.2453726115266677,-0.2025572486974251,0.1495484816426181,-0.6266345562114869,-0.7376156259264968
FRB20190710B,0,False,,0,-1.038780261547849,-1.0642553854386207,-0.8343212600208877,-1.3883830307694025,-0.15121555400631861,0.11572591509363132,-0.32834488285434643,-0.5432866232766355
FRB20190710C,0,False,,0,0.722104590740889,-0.7905434265094143,3.2010613101448717,1.7519801324308355,-0.22688672525522766,0.27952426863659463,2.0314021633507964,1.3237919233244106
FRB20190710A,0,False,,0,-1.4387682425667245,-1.2203860201418044,0.35678154527727535,-0.35414313079919524,-0.15089789496617856,0.14355542345845174,-0.1749387651278171,-0.2967804888370651
FRB20190712A,0,False,,0,0.5375240741504907,-1.058584848504658,0.9550678226918788,-0.19616634262131902,-0.23656853140715497,0.2774203561480629,0.40284081225723223,1.3237919233244106
FRB20190712B,0,False,,0,-0.4542684810781525,-1.4124362704910145,3.7189406309100566,2.4275435908270433,-0.22341642573167836,0.2359178159912988,-0.4035439601712726,0.18945286134498754
FRB20190713A,0,False,,0,-0.6276680524084418,-0.9708828355451239,-0.5442049683380956,-1.1684489914861718,0.45621464000183776,-0.036096198402658354,2.435722535724803,-0.6753728269805053
FRB20190713B,0,False,,0,-0.2720641445044704,-0.714454056966422,-0.5292538884864867,-1.1580908794816034,0.4647740777592884,-0.676716489385606,-0.09397442521659326,-1.3154670894085898
FRB20190714D,0,False,,0,2.28362009930908,0.8173482879834187,-0.624384212306005,-0.3948732326071464,-0.10319402102832079,0.1983726388991719,1.293197887689638,0.6855464569046229
FRB20190714C,0,False,,0,1.2708463497084352,0.4378106766663706,-0.7160623497195281,-0.6859674792156064,-0.1587720761318218,-0.025091427234132373,-0.6983243432536231,-1.1416802646286925
FRB20190715C,0,False,,0,0.9548459582843426,0.9216152246383258,-0.8085251690220118,-0.02976539929220033,-0.2941413793005657,0.3030711320964217,-1.0610345595122637,-0.5093920297911946
FRB20190715B,0,False,,0,-1.622286818873364,-0.9696512058644654,3.3646292927802657,1.8252153905066457,-0.2504429980214443,0.2904407581376469,0.41637664617427894,1.3237919233244106
FRB20190716D,0,False,,0,0.4612943851942,-0.3744304822236452,0.18002813645882212,-0.41147912996396824,-0.24854438340008125,0.28585145553286706,-0.2386073172561479,1.3237919233244106
FRB20190716B,0,False,,0,-1.062999055686277,0.48079112623071524,0.36757638596095593,0.6609138421658589,-0.2510070814141915,0.27557954588106226,-0.9239215752044017,1.28394009825668
FRB20190718A,0,True,FRB20180908B,0,-1.5114903373222246,0.10074415527429524,-0.6818625585141925,0.39625683978560416,-0.04218201065040622,-0.9359872522780278,-0.8547384240728295,-1.5880617897430147
FRB20190720B,0,False,,0,0.5507207908310692,-1.1620931636964147,-0.7595452011559549,-1.6332267720549676,-0.2574929853628802,0.23625850498195447,-1.0610345595122637,-0.682973432792392
FRB20190720A,0,False,,0,-0.20677043335677653,-0.9725012351652941,1.3078777445974845,0.4753559855761137,-0.2656593139066059,0.28555778512459945,-1.0610345595122637,0.8882977524811696
FRB20190721D,0,False,,0,0.16160039849311097,-0.37681683759203766,1.6089964631023017,1.6831274626462063,-0.263024759430799,0.2868905580021762,-1.0610345595122637,1.3237919233244106
FRB20190722B,0,False,,0,0.05598565568688453,-0.6318757307937715,1.3828166062538996,0.5139316354969292,-0.23595526757962007,0.2625224877410272,-0.34513934345512665,1.066603856392459
FRB20190722A,0,False,,0,-1.0959532354799677,1.2588714499222684,-0.7541727474741148,-0.4513300792895288,0.2332226452259551,-1.1537188835542713,-0.6471889706781133,-1.5122611534028467
FRB20190723A,0,False,,0,-0.47887408228974804,0.8258503320396853,-0.5921232362321704,-0.5100472984281952,-0.1618668250495214,0.15241978087717203,-0.22431949256593192,-0.31239254401823785
FRB20190725A,0,False,,0,-0.49482621836703,-0.76930555823295,-0.4412858431407801,-0.7723267746008329,-0.24859697366451464,0.2867503428548546,-0.11578215763850185,1.3237919233244106
FRB20190726A,0,False,,0,-0.8738140462077671,-0.07354671309468098,2.581444832247331,1.5245685993094056,-0.26583276779317505,0.2952774276910148,-1.0610345595122637,1.3237919233244106
FRB20190727B,0,False,,0,0.6467885021188847,-0.9176730724218253,-1.0042537469478947,-1.71254355391867,-0.24586603836617765,0.28318987175909194,-0.09347309803448041,1.3237919233244106
FRB20190727A,0,False,,0,0.3179957085685131,0.10432331457137822,0.27969241671718714,0.15888955982841912,-0.24913997200892693,0.28096382086235816,-0.6614767953683294,1.3237919233244106
FRB20190728A,0,False,,0,-0.4000158399253584,-0.5189520593576951,-0.609390476965704,-1.1516465691259634,-0.27448653501095777,0.29408106908932186,-1.0610345595122637,0.9979929823067785
FRB20190729A,0,False,,0,0.3757200185111011,-0.023749326537248077,-0.6118188777869711,-0.6215322166427577,-0.20073692517872424,0.13825323761129055,-0.6446823347675492,-0.7953391457410962
FRB20190804E,0,True,FRB20190804E,0,-0.4960511441279759,1.2794188484597186,-0.0536662662673518,0.451510727993466,0.15417898899562538,-0.27238427089711,-0.12255007459702519,-1.095049520863874
FRB20190804E,1,True,FRB20190804E,0,-0.4960511441279759,1.2633192232981854,-0.0536662662673518,0.451510727993466,0.022849056422091847,-0.35949741200568036,-0.5338890275206113,-1.232682112592634
FRB20190804E,2,True,FRB20190804E,0,-0.4960511441279759,0.12501270349780633,-0.0536662662673518,0.451510727993466,0.01299585803782617,-0.589633096611905,-0.6918070898861562,-1.3879809772895633
FRB20190804D,0,False,,0,-0.27201675410027626,-2.200254941170109,-0.2663478859358255,-0.9674769856578619,-0.23000811844551222,0.23759930933842308,-0.5424115896165296,0.05592870519022023
FRB20190804C,0,False,,0,0.4541503931455644,-0.2790864963420183,-0.6055662504369761,0.10439105103886,-0.08031871433630103,0.19721303780378843,1.7123074119359731,0.4184981445950884
FRB20190804B,0,False,,0,0.6162513291639232,-0.9230883061299174,-0.36048048341467137,-1.5258600108474045,-0.18886731129395196,0.20984646702617454,-0.04634834291587335,0.2479980682743855
FRB20190805D,0,False,,0,-1.0297204503791435,1.066146621983051,-0.7877850104234504,-0.524722548227123,0.2470743364466473,0.0030713756302223625,1.556143994707823,-0.27603288918840124
FRB20190805C,0,False,,0,1.438039150857429,-0.3073271672456971,-0.8239058330669727,-0.07388033368207933,-0.25691272704319384,0.27382846359351515,-1.0610345595122637,0.5269608437484994
FRB20190805E,0,False,,0,-0.6943454659901326,0.36943900170091165,-0.12083107269152847,0.015538933950707625,-0.24149572505043942,-0.042348565175095304,-1.02067772135218,-1.465014144301929
FRB20190805E,1,False,,0,-0.6943454659901326,-0.5201897812466163,-0.12083107269152847,0.015538933950707625,-0.2937997492561444,0.1571824862486623,-1.0610345595122637,-1.4475532931124595
FRB20190805B,0,True,FRB20171019A,0,-0.09477321490217167,1.7483480453908675,0.6663829977195002,1.8904689224657578,0.11488504638021219,0.06308473829328884,1.321272209887957,-0.12586956895896292
FRB20190805A,0,False,,0,0.7431836766099105,-0.027798581096700168,-1.0950373148737622,-1.5760701218534556,-0.2159098200618144,0.19731741298367309,-0.5792591375018235,-0.442013686377712
FRB20190806A,0,True,FRB20190417A,0,1.6884540134262072,1.234561965528518,-0.8579882165868712,0.21566136462443328,-0.008951498001047314,-0.1679268850414249,-0.39025878984528234,-1.0482133553203554
FRB20190806C,0,False,,0,1.8295314105978393,0.3857163663433184,-0.49144057920001827,0.22976730839229106,0.10779134921693675,-0.2867207248688759,-0.2616683676333386,-1.1326417063659084
FRB20190806C,1,False,,0,1.8295314105978393,0.8812838916968243,-0.49144057920001827,0.22976730839229106,0.38412760228414433,-0.7620346693859855,-0.28773738110320635,-1.372163500329691
FRB20190806C,2,False,,0,1.8295314105978393,-2.779793076622224,-0.49144057920001827,0.22976730839229106,0.01991265971930875,-0.23664259782145353,-0.4095598863566267,-1.119083868971732
FRB20190806B,0,False,,0,0.8968197851120897,-0.7051489037071128,0.09329776460375726,0.26040029103101064,4.335308300683755,-2.2259486267727975,1.7426377064538,-1.4286544894720925
FRB20190806B,1,False,,0,0.8968197851120897,0.3829428213026093,0.09329776460375726,0.26040029103101064,0.5433090856204031,-0.17172096337228787,1.5335842715127452,-0.6542143837744422
FRB20190807B,0,False,,0,-0.35030323087851317,1.3678022014922446,0.0524802719300162,1.0789770575463389,-0.269393866570195,0.29730681627706607,-1.0610345595122637,1.3237919233244106
FRB20190807A,0,False,,0,1.8048507850314996,-1.111319660325889,-0.6757602626775268,-0.4038487842164689,-0.25299503683927754,0.28204631819861375,-1.0610345595122637,1.3237919233244106
FRB20190808A,0,False,,0,0.7833071348402572,-0.051623628244317134,-0.9334083188824537,-0.8389204620559424,-0.2276636132855303,0.24333398900646067,-0.4143224945866987,0.32400412639325304
FRB20190809A,0,True,FRB20180916B,0,-0.544804721599566,1.105593100398999,0.030056589374273142,0.262416425638864,2.1821239655008946,-0.8915947280836128,2.22090383818945,-1.085189275486291
FRB20190809B,0,False,,0,1.47193410175459,0.9212886956856668,-0.9378153483829347,-0.7652282201690395,-0.09945166162028818,-0.07606755827638138,-0.542662253207586,-1.041023593065868
FRB20190810F,0,False,,0,-0.35822541291569404,-1.0639119574811438,-0.2510405936958418,-0.8917471681407183,-0.2501995411825329,0.2878295854675188,-0.34789664295674727,1.3237919233244106
FRB20190810A,0,True,FRB20190117A,0,-0.3661569876915094,0.9991629048123991,1.302032709909518,2.3749265651728657,0.1573008425822212,0.10487137812318892,2.494377816032005,-0.461528755354178
FRB20190810A,1,True,FRB20190117A,0,-0.3661569876915094,0.9985846201520088,1.302032709909518,2.3749265651728657,0.2450385013190815,0.03482170353475738,1.9607150306728858,-0.24378166993255743
FRB20190810A,2,True,FRB20190117A,0,-0.3661569876915094,-0.30317296994393367,1.302032709909518,2.3749265651728657,-0.04766724626088072,0.16465599078548165,1.322525527843239,0.504775291648938
FRB20190810C,0,False,,0,0.7493541641790918,-0.47482448277929284,0.7950644478196648,0.4081651429311753,-0.1636169975410678,-0.0995343805622263,-0.7850539457591447,-1.2875297275054385
FRB20190811C,0,False,,0,0.8003506105772416,-0.7069628399000687,-0.3333236142532003,-0.5328920975635348,-0.1339720728394186,0.22158828387737112,1.4516172772372957,0.757238657670798
FRB20190811B,0,False,,0,-0.16562619490614358,0.8966313312788933,-0.45302990013653593,0.3503887570403364,-0.25617761365601255,0.26005078834753725,-1.0610345595122637,-0.141892467697535
FRB20190811A,0,False,,0,1.0808601513342904,-1.0903203901130232,-0.310072248870365,-1.1634656113281847,-0.12513531783217857,0.2144012388262115,1.3756662091472003,0.7432699767192223
FRB20190812A,0,False,,0,-1.0765863860195006,-0.8926953741327661,1.7023315208948144,1.3569537920454209,-0.2631041442793782,0.2848222568286174,-1.0610345595122637,1.1378852136012347
FRB20190812C,0,False,,0,-0.596648796205816,-0.6476893165513905,2.8107317912195935,1.3917681059615379,-0.032381059169389506,0.10518502461575913,0.5783053259967266,-0.16202380201009992
FRB20190812B,0,False,,0,0.8242741676879071,0.09321516073684848,-0.18385355540503542,-0.004812904192389192,-0.2760642653778002,0.2973876760750118,-1.0610345595122637,1.3237919233244106
FRB20190813C,0,False,,0,2.231745221197331,0.6093866806714857,-0.3654215429809038,-0.14793660705196396,-0.22894312117327129,0.2601894206217865,-0.09848636985560882,1.2767503360021926
FRB20190813B,0,False,,0,-1.1082053073665865,-0.4441316690420171,0.8568511374652762,0.8414087034534303,-0.25400633472861694,0.2807933999512287,-1.0610345595122637,1.3237919233244106
FRB20190813A,0,False,,0,-0.30149885298927975,-0.4953317663290773,0.997296329709674,0.5064396302569076,-0.21887074975634793,0.2430430526792983,-0.1726827928083093,0.6089241334496565
FRB20190814A,0,False,,0,-0.437660616739819,-1.0632678341351687,0.006326899430864622,-0.9248329844021939,-0.20378636068952807,0.20471762979325472,-0.3506539424583679,-0.13470270544304755
FRB20190815D,0,False,,0,0.8052751453488578,-0.7417997692389349,2.040336087995978,0.6889059898078507,-0.23844720534101765,0.2815917190670445,0.7800895167971451,1.3237919233244106
FRB20190815A,0,True,FRB20190117A,0,-0.3579307491712598,0.9704019220832503,0.7743168881831437,1.23688742121372,-0.0862493456937142,0.22282885467522226,2.9438176347961673,-0.11539305824528119
FRB20190815C,0,False,,0,1.819893888516932,-0.12374824507075859,0.695775344432087,0.37998363912289534,-0.23107263357542276,0.271668812829414,0.3547134027743995,1.3237919233244106
FRB20190815B,0,False,,0,0.5823970332294093,0.43451133733412567,0.7691061343610448,0.7751814483231271,-0.22363178814284904,0.27550024970410625,1.4992433595380157,1.3237919233244106
FRB20190816B,0,False,,0,0.9626138665087457,-0.48672205144650094,5.421087477398504,3.6885247453594183,-0.25243041267707395,0.27116701871686505,-1.0307042649944367,0.6713723541743477
FRB20190816A,0,False,,0,0.853824158561637,-0.10740553153996779,1.30757949796019,1.383483010190031,-0.1947784338396466,0.24824657763196747,0.7966333138068689,1.3237919233244106
FRB20190817E,0,False,,0,-0.18637963184375198,-1.6886666277062004,-0.544541858561048,-0.14358345912333284,-0.06401406523543704,0.19069302536665717,1.8000396688057203,0.3248258135080516
FRB20190817A,0,True,FRB20180814A,0,-1.5404381294606868,1.8228855257130832,-0.7957677028762615,0.15468227846813604,0.037033514195308904,-0.16099012996090234,-0.2386073172561479,-1.0089777955887238
FRB20190817C,0,False,,0,1.2387542813621077,-0.06170064477940584,-0.4190998233904947,-0.9888154127254325,-0.23665973979064234,0.27743648603066456,0.39507024093448323,1.3237919233244106
FRB20190817B,0,False,,0,0.26495707770810367,0.8434569844355972,-0.787187809017357,-0.16185698185316533,-0.15185967304001485,0.08391093519722216,-0.4519220332451618,-0.7435728575087864
FRB20190818D,0,False,,0,0.5385145220023947,-0.9441210990012201,-0.8647845791090575,-1.51196933632947,-0.16734360285529526,-0.07599013463053118,-0.7795393467559034,-1.2645224882910786
FRB20190818C,0,False,,0,0.20014160071757633,-0.7741530320641747,0.1898413124379272,-0.17488291287654695,-0.2661239997410843,0.28658868320953174,-1.0610345595122637,0.9862839409208989
FRB20190818B,0,False,,0,-0.104403646434023,-0.21884744775143888,0.08408011243820004,-0.1528148315030563,-0.2654472042722297,0.29056161561184946,-1.0610345595122637,1.3237919233244106
FRB20190818A,0,False,,0,-1.0037137399625182,-0.020245180504698652,-0.6931396326877638,-0.9833578400813566,0.1775016491585837,0.08717501487106638,2.300614860145392,-0.37525160830032833
FRB20190819A,0,False,,0,0.847665923049795,-0.18552974644901768,-0.16273452320973464,-0.6112417290370005,-0.14079359232072372,0.23378003503541958,1.9003051052282884,0.6216602837290343
FRB20190820B,0,False,,0,0.8908902184284022,-1.084976445590388,0.11905403513615147,-0.8207415800016827,-0.25016795622241617,0.2835644917194718,-0.6867938180650278,1.3237919233244106
FRB20190820A,0,False,,0,1.8546094185530813,0.16092923791660205,-0.18835931458878763,1.0755806539449626,-0.2728158843619685,0.29028747025115614,-1.0610345595122637,0.5863277377926959
FRB20190821E,0,False,,0,-0.5476157610206618,0.31451922664350446,0.11966229059240102,-0.07031903687067745,-0.17790241236725343,0.23545440136616444,0.8016465856279973,1.2716147915347016
FRB20190821D,0,False,,0,-0.8285436568252615,-0.7035709513247252,-0.3817447885331241,-1.055780787605267,-0.2584073190477026,0.28135912874824875,-1.0610345595122637,1.2278599526716778
FRB20190821C,0,False,,0,0.0984789761906164,-0.6902590909551363,1.6986879298439828,1.1075964047512616,-0.23483908409653736,0.27454624074717876,0.2872848967802224,1.3237919233244106
FRB20190821B,0,False,,0,-1.8013999732078465,-0.8844898505464479,1.8747315066396149,0.06650660800387785,-0.2583665756657064,0.26237566336929313,-1.0610345595122637,-0.15832620999350636
FRB20190821A,0,False,,0,0.14168779924833363,-0.27004442958554453,0.7863027323364876,1.4604710752354197,-0.22476830985123478,0.256728786028704,-0.032812508998826644,1.2067015094656146
FRB20190822A,0,False,,0,1.9576149363472084,0.6842656650302639,-0.7379952516999186,-0.6889058328100571,0.3714109480132584,-0.014597446611208978,2.168765811249715,-0.46050164646067976
FRB20190823A,0,False,,0,1.7599534205946095,0.6992255180722784,-0.43535172232675934,-0.20205158311515942,-0.2059335134309334,0.25966070603184926,0.9929029056040461,1.3237919233244106
FRB20190824A,0,True,FRB20190117A,0,-0.3513370188579737,1.3702091200337336,-0.42781749497284255,0.4192963703665937,-0.18295694401963325,0.25757735740292964,2.0785269184694033,0.9314363260080945
FRB20190824E,0,False,,0,0.24424677528589273,0.015958390328219517,-0.40100313605076254,0.21195293978036778,-0.2420084454868209,0.2675094588018065,-0.518849212057226,1.1302846077893478
FRB20190824D,0,False,,0,2.5172125317513054,-0.013582338304456609,0.26010963830134765,-0.03917193552797088,-0.2368891907970386,0.2792699393007817,0.6003637220096916,1.3237919233244106
FRB20190824I,0,False,,0,0.28737131684000977,-1.0834522002366416,1.7223819558272522,1.0103508763556008,-0.23569997267935663,0.26325047112639505,-0.3140570581641305,1.1477454589788174
FRB20190824C,0,False,,0,-0.4299036734846475,-0.7037935020271879,0.47005454351256004,-0.14370486153816028,-0.2016780462244699,0.25730606776802395,1.0382730155852582,1.3237919233244106
FRB20190824B,0,False,,0,-0.3465469190622592,0.9160088722957123,-1.0702059673292341,-0.16557402926638312,-0.23515210873034956,0.26572652068075536,-0.21078365864888524,1.3237919233244106
FRB20190825G,0,False,,0,0.42448646505784227,-1.2930259953352907,-0.22370350792172258,-1.142339381963409,-0.20362621728435268,0.2516889063830021,0.6189128277478667,1.3237919233244106
FRB20190825A,0,True,FRB20180916B,0,-0.5584411117583478,0.42317923161372434,1.560550855504869,1.6081228903524587,0.4197575351229461,-0.2001928023138676,0.8966480866383807,-0.8228656640868482
FRB20190825A,1,True,FRB20180916B,0,-0.5584411117583478,0.2895750372973911,1.560550855504869,1.6081228903524587,-0.07757655276408144,0.07321019608028045,-0.008498140666353854,-0.48330346389634
FRB20190825B,0,True,FRB20180916B,0,-0.5602785725760293,-0.7732060788061158,-0.8314897449756442,-0.44698217338682567,-0.1574499294197092,0.07848953232427565,-0.503308069411728,-0.8054048128973786
FRB20190825B,1,True,FRB20180916B,0,-0.5602785725760293,0.42670099995990696,-0.8314897449756442,-0.44698217338682567,0.0885071122902539,-0.0934842071274946,0.11883896359030778,-0.8405319370550175
FRB20190825E,0,False,,0,-0.1406873626421736,-1.0970626005489936,0.7987549270765301,-0.27649003085100926,-0.10595217022326944,0.21156320835989165,1.7193259924855528,0.5136084281330227
FRB20190825C,0,True,FRB20180916B,0,-0.5542361971953419,0.294313552173018,-0.1903956132894702,-0.2652969171905676,0.17624369978863483,-0.029952543470091443,0.8369901519669526,-0.5482167459654269
FRB20190825D,0,False,,0,0.6065897133307623,1.8829271189508303,-0.8190185106525225,-0.42814398707388823,-0.08880384930483548,-0.098110236893473,-0.5376489813864576,-1.0539651651239454
FRB20190826B,0,False,,0,-0.7355100047549504,-0.6152564554496913,2.726452251917682,1.5478660980681667,-0.16280312145479162,0.040798712953069756,-0.6191146484797942,-0.9839163385873676
FRB20190826A,0,False,,0,2.5328293351487803,0.24558686957813602,0.008368393364378078,1.1360049293051206,-0.18729980365718915,0.24600802524213913,0.9648285834057271,1.310439507708934
FRB20190827A,0,False,,0,0.5817296783383787,1.1958107886049032,-0.4533575395095975,0.28278924284295603,-0.25427465469391014,0.28971882186038095,-1.0610345595122637,1.3237919233244106
FRB20190829B,0,False,,0,1.7117416538096846,0.4198885976339581,-0.6473133349008288,-0.9291005564270285,-0.22420544943612467,0.233956034414956,-0.4451541162866384,0.1070787280864311
FRB20190829C,0,False,,0,-0.19861106702866546,-0.7535159002398215,-0.30647068131731287,-1.0904859903223005,-0.2540371326045789,0.2627070136277501,-1.0610345595122637,0.06003714076421307
FRB20190829A,0,False,,0,0.7388637525121263,-0.058461906950121004,0.937912200755579,0.3436426536144497,0.09773428209804831,0.08839280441384847,1.5365922346054224,0.0581883447559163
FRB20190901B,0,False,,0,0.7194763996127537,-0.8525377364015121,2.604836510946293,1.1975056713175447,-0.24574806290059842,0.277999136935092,-0.44540477987769483,1.3237919233244106
FRB20190901A,0,False,,0,-2.1548745981058772,-1.3003670000743526,-0.5696795263996267,-1.0699365340255056,-0.1861883220402847,0.05549982570484211,-0.7171241125828547,-1.056635648247041
FRB20190902C,0,False,,0,0.8873524007954914,-0.9324839140884089,-0.1573472472977252,-0.7929022895994746,-0.23588109831155524,0.2793191728149894,0.7322127709053688,1.3237919233244106
FRB20190902D,0,False,,0,-1.6591965365582173,-0.5298489213029068,-0.14675435466662182,-0.8148067949601884,-0.235029934249499,0.15561233813832598,-0.9046204786930573,-1.0017880333342364
FRB20190902B,0,False,,0,0.7097981255245451,0.21468166418043544,-0.37422122636013067,-0.6200181750486911,-0.23961021740934635,0.191591362676479,-0.9031164971467187,-0.8290283174478374
FRB20190902E,0,False,,0,1.9928168126548738,-2.5797981121931257,0.2725780125179755,-0.04850651799958685,-0.23788160488352234,0.2632213949682362,-0.41607713972409366,1.00846949302046
FRB20190902A,0,False,,0,0.2651317216754619,-0.3767485552509804,-0.516730383332911,-0.45326409399324946,-0.22482639114045158,0.20317246276124637,-0.6755139564674889,-0.5024076893154067
FRB20190903D,0,False,,0,0.5959550493028517,-1.0841584671512225,-0.5728418522907761,-1.2675866171712127,-0.22392718625140898,0.2712888990300002,0.8723337183059079,1.3237919233244106
FRB20190903C,0,False,,0,0.9479512920592291,-0.5943520899279403,0.799194775766212,0.1386575067852785,-0.2014150212543063,0.2608769959566084,1.346839896175712,1.3237919233244106
FRB20190903A,0,False,,0,-1.3664234833159328,-0.6377572360866839,2.5399301257790903,1.1850065915323849,-0.2683605126103897,0.3016097180226774,-1.0610345595122637,1.3237919233244106
FRB20190903B,0,False,,0,0.7859090761793236,-1.0203875477878865,-0.5025077603935364,-0.8932325724266195,0.47885222281079454,-0.08384724110836238,1.9862827169606407,-0.40811909289227105
FRB20190903E,0,False,,0,0.16515036506148686,0.014128624067566457,0.8776333547134676,0.326334599591036,0.41332229229262135,-0.008882055776329506,2.550275796837587,-0.7201547747370273
FRB20190904A,0,False,,0,1.0014425106866285,-0.38424223398587004,-0.029986018156089374,0.5447244339401803,-0.23511236377488068,0.24816026980615097,-0.5634673312652689,0.25847457898806725
FRB20190905B,0,False,,0,-1.0867789511825678,-2.904047662019573,0.22428913117390087,0.2056522171267133,-0.11895344049403359,0.05626487560785404,-0.33937408086082893,-0.6860547594728866
FRB20190907C,0,False,,0,-0.11478470335933315,-0.31256886300006964,2.088269677854914,1.6359931405015111,-0.22669073424317335,0.2676387574282215,0.3674972459182769,1.3237919233244106
FRB20190907B,0,False,,0,0.37825945504660824,0.07895726775339272,0.11153084879978171,0.05092601116510864,-0.17782330019455905,0.244713257809896,1.2500837500279336,1.1339821998059414
FRB20190907A,0,True,FRB20190907A,0,-0.7572535557426158,0.390813748082977,-0.82700614679775,-1.5970279542801287,0.27693615389430193,-0.10294666803504662,0.8525312946124507,-0.6905740386042788
FRB20190907A,1,True,FRB20190907A,0,-0.7572535557426158,-0.3042541230187433,-0.82700614679775,-1.5970279542801287,0.4466848181637638,-0.1597709236500156,1.219252128327994,-0.7018722364327591
FRB20190910B,0,False,,0,1.2397694753119104,-0.6723666488984129,-0.31254657328339025,-0.7892134997169292,-0.12836173712115084,0.22188444244487754,1.6165539201524204,0.6621283741328637
FRB20190912F,0,False,,0,0.2563731687314015,-4.352012135064283,-0.37858433184403534,0.06821390444038893,1.3006337691212972,-0.7038919917846992,1.242563842296241,-1.1369555637186008
FRB20190912F,1,False,,0,0.2563731687314015,-0.12410162032035414,-0.37858433184403534,0.06821390444038893,1.1394912905081889,-0.6699885394959986,1.0400276607226533,-1.1501025575553778
FRB20190912F,2,False,,0,0.2563731687314015,0.5834973489011545,-0.37858433184403534,0.06821390444038893,1.1791136726337064,-0.9466430998851744,0.5449670683862227,-1.318753837867784
FRB20190912A,0,False,,0,-1.3767778494085061,-1.1805132989599543,0.32788114294763915,-0.3513481784058756,0.27438295786028294,0.015051163039602432,1.8962944877713859,-0.2294021454235825
FRB20190912E,0,False,,0,0.28337663864443247,-1.212419122924629,0.039577879076195005,-0.414021986455541,-0.2481577954526278,0.2652600544220325,-0.850226479433814,0.529425905092895
FRB20190912B,0,False,,0,-2.185789283242131,-1.3601612117467827,1.7846650707752971,1.2934908542946724,-0.0369642956178541,0.10360515584563404,0.5226580087822013,-0.1883177896836541
FRB20190912D,0,False,,0,0.7690028869982044,-0.10286733668550452,-0.47245536622210865,-0.8607371861501828,-0.2266204542265511,0.23573904832719508,-0.4815003369898194,0.09475342136445257
FRB20190912C,0,False,,0,-0.6138407658067081,-0.34603823977801174,-0.4880291491018044,-0.5787055992955301,-0.16710820983354607,0.09454601428187571,-0.5201025300125082,-0.7881493834866087
FRB20190913D,0,False,,0,1.2954925240705235,0.8089992400064079,-0.37262227579641916,0.5269362062544829,0.17890610005589339,0.08780334453683615,2.3289398459347677,-0.3929178812684975
FRB20190913A,0,False,,0,-1.272786949700974,-0.8459786720093377,0.017308563772372648,0.0998886888433517,-0.243260166756043,0.28684592950151366,1.3779221814667082,1.3237919233244106
FRB20190913B,0,False,,0,-0.5698668764608374,0.2987954165003905,-0.9824937589794608,-0.6982409893078212,-0.14950037707214098,-0.03344228448535293,-0.6715033390105861,-1.1246302569966222
FRB20190913E,0,False,,0,0.8971879836142966,0.27913628264645857,-0.47069394766373923,-0.3166229022441877,-0.23780441071640257,0.2888825679010183,3.045587052765074,1.3237919233244106
FRB20190914B,0,False,,0,0.1398543711261145,1.0138574063614192,-0.045681344222089554,0.5690803305287309,-0.16544949185835722,0.23885230138188684,1.3603757300927586,0.993062859617987
FRB20190914A,0,False,,0,-0.0468626114749687,0.505563830918572,0.777138991262167,0.33773495154702365,0.03803614137158053,-0.008659603167914802,0.24316810475429237,-0.6488734175282515
FRB20190915F,0,False,,0,-1.3022716317855616,-0.36715912267045886,0.2812852193770213,-0.20171613689568324,-0.21671144073015222,0.24806777668777483,0.009549637889708425,0.9606062185834436
FRB20190915E,0,False,,0,-0.4633852391668749,-0.6229134098126797,1.205649004443999,1.3584882423180706,-0.047587760954830444,0.17984964123387523,1.736120453086333,0.30715954053988237
FRB20190915E,1,False,,0,-0.4633852391668749,0.03266089518436198,1.205649004443999,1.3584882423180706,-0.1022059933645719,0.2133394974028077,1.8937878518608215,0.42199031483298227
FRB20190915E,2,False,,0,-0.4633852391668749,0.561475116016649,1.205649004443999,1.3584882423180706,-0.043913472984414295,0.18889335148630845,2.1286596366806876,0.10831125875862894
FRB20190915D,0,True,FRB20190915D,0,-0.008735319931690614,1.3044817256940362,0.1999049781878755,1.2842040771023027,-0.21593382178083698,0.2565886273225014,0.3331563339435473,1.3237919233244106
FRB20190915A,0,True,FRB20190907A,0,-0.7595498667222871,-0.23696237217858832,-0.4820819154622345,-0.7426790259831046,1.1220950258214168,-0.47184077688060544,1.696766269290475,-0.9350259552568527
FRB20190915B,0,False,,0,1.1260554713372595,-0.875400077278094,-0.1595778294699339,-0.8370204779575707,-0.2509344643036765,0.28091010956310847,-0.8534851061175475,1.3237919233244106
FRB20190916A,0,False,,0,1.29686550350226,-0.03945576658520798,0.021092083070974293,-0.46229465630795463,-0.24645135495117,0.2829256759560009,-0.2067730411919825,1.3237919233244106
FRB20190918F,0,False,,0,0.7324642525923197,-1.9038128312164813,-0.623620785948593,-1.3414472783072995,-0.198934221219317,0.12803397235793304,-0.657716841502483,-0.8401210934976182
FRB20190918E,0,False,,0,0.15839729984610482,0.36877865622438877,-0.3291735623369413,0.43910400581126147,-0.25890443059289836,0.29221921907309195,-1.0610345595122637,1.3237919233244106
FRB20190918D,0,False,,0,0.5166973497863467,-0.8907599821519725,0.30258189139488006,-0.31808575491597446,-0.25642686743029236,0.26590736185154684,-1.0610345595122637,0.07770341373238229
FRB20190918C,0,False,,0,-0.07496774084529179,0.7278618218340709,-0.14674907634611534,1.6564351318655963,0.02987164045960566,0.10601868949957101,1.1618501659760736,0.033332309533259614
FRB20190918B,0,False,,0,-0.01915395665011329,0.6145557608097771,-0.9433483493629656,-0.4780586999511805,-0.18519939080123424,0.040635716884791576,-0.733417246001522,-1.0952549426425735
FRB20190918A,0,False,,0,1.6965293121893936,-0.5873249141391096,0.17673470658844748,-0.5369148136550357,0.13272928227187486,0.1035049396497987,2.1823016451667616,-0.2552852895397374
FRB20190919D,0,False,,0,-0.3077759106332247,0.2585540196363708,-0.12490335100175466,-0.1144375462397517,-0.1866049712017227,0.255835073629681,1.6910010066961774,1.0933086876234124
FRB20190919C,0,False,,0,0.47672866268515957,-0.6622935862448153,0.12355731187337123,0.4723591482105202,-0.23104384067198094,0.2637958781743941,-0.07041204765728973,1.3237919233244106
FRB20190919B,0,False,,0,2.030186252123132,-0.6065476194968434,0.0792981306545491,0.3798137745094628,-0.24303658181384225,0.26332032738625,-0.6454343255407184,0.7042398387662904
FRB20190919A,0,False,,0,1.3371108261058715,-0.7117543686081657,0.41778742408402514,0.28750931168855903,-0.2608460715124624,0.28760688858661826,-1.0610345595122637,1.3237919233244106
FRB20190920A,0,False,,0,0.8811444866779078,0.15114137422869145,2.3268826703464627,1.8405996113034577,0.10868502951460092,0.06790455461361408,1.3338053894407782,-0.10142437729370554
FRB20190922A,0,False,,0,-1.4763309017192976,-0.5848558088173026,0.7850581347827548,-0.19351030753060228,-0.2640219883874513,0.2608500966034367,-1.0610345595122637,-0.42722331831133775
FRB20190923A,0,False,,0,0.10340823853953973,0.23917391070192032,-0.8563243947193971,-0.4149534171699667,-0.17670707726357984,0.11849363929310396,-0.5143372674182105,-0.7224144143027232
FRB20190924A,0,False,,0,0.02073908125535369,-0.8579091925220315,0.16580789975037857,-0.18285366638063494,0.12611779003431406,0.04896631111925756,1.2352945981556047,-0.20721659332402118
FRB20190925C,0,True,FRB20180910A,0,0.5557460357420074,-0.7403486248589551,1.0963301006673634,0.9352392910011517,-0.02108581019167257,0.0669259407186513,0.33867093294678857,-0.40175101775258215
FRB20190925B,0,False,,0,0.6306775657120137,-0.3464223669171857,3.9065011701775254,2.5371133703757516,-0.26377816104086954,0.29902405076269917,-1.0610345595122637,1.3237919233244106
FRB20190925A,0,True,FRB20190907A,0,-0.756222747804697,0.7011037567832101,-1.0024564276937789,-1.3556811649841245,-0.14673623533149777,-0.0310253178197642,-0.6574661779114266,-1.10881278003675
FRB20190925E,0,False,,0,-0.4750650862454235,-0.3838534935567032,-0.8041721195217355,-1.3839630715321387,-0.28183082317390135,0.3058383463466062,-1.0610345595122637,1.3237919233244106
FRB20190926D,0,False,,0,1.1762280737217485,-0.08433903281594349,-0.43228422397587934,-0.8449268563620477,-0.24890414658641322,0.2821456111667177,-0.5860270544603468,1.3237919233244106
FRB20190926C,0,False,,0,0.6084536399549058,-0.2623131051228275,-0.25609245325209257,-0.8127820042072117,-0.23081423957772243,0.25381522833566855,-0.3366167813592083,0.7091699614550818
FRB20190926A,0,True,FRB20181119A,0,-0.48220391376305055,1.5312968940460354,-0.8515357038848814,-0.5862502538808002,-0.1477985364796111,0.22600132214285945,1.2716408188587858,0.9041152294410421
FRB20190927D,0,False,,0,1.160755258220404,-0.566302501819464,0.7427082561618106,-0.005001699153403088,0.09034722046148329,0.09322926037362265,1.545365460292397,0.08653655021646689
FRB20190927C,0,False,,0,0.1610207366800535,-0.7814701278168852,0.42827794180243056,-0.19197007784026,-0.2595279621440438,0.28531976295079065,-1.0610345595122637,1.3237919233244106
FRB20190927B,0,False,,0,1.1358275076156747,0.7828242767212733,-0.3601465038406083,-0.5319831651502176,-0.22449191682524253,0.27201611375685364,0.9071759574627504,1.3237919233244106
FRB20190927A,0,False,,0,-0.40110805235634506,-1.0105254707227047,0.8974603508879194,-0.4561005399178312,-0.2508915767454982,0.28581951917624915,-0.6933110714324947,1.3237919233244106
FRB20190928A,0,False,,0,-2.0177996394728726,-1.5508975382794772,-0.32346969503888423,-0.6701303979120742,-0.21930564998129293,0.10437751287498796,-0.8459651983858548,-1.0905302417324818
FRB20190929A,0,True,FRB20190417A,0,1.6878837950576622,0.3518563086477887,-0.3798969509336907,-0.1833119103354407,0.7811961713174458,-0.19482214440479215,2.3590194768615382,-0.7653475660509484
FRB20190929E,0,True,FRB20190929E,0,0.06948952251440703,0.49787419570787406,-0.5074520161344049,-0.0656126438002724,-0.1089400544890003,-0.22178274228467237,-0.7191294213113061,-1.2978008164404204
FRB20190929D,0,False,,0,0.06412866221674127,-0.7618368567009481,0.42074328992965654,-0.4578669063427335,-0.25067039123098567,0.27146443852747015,-0.9316921465271507,0.8422832740524498
FRB20190929C,0,True,FRB20180814A,0,-1.5650944488802183,0.6272678208577286,-0.28858353549443955,0.21032353399015224,0.5934229189999597,-0.4266566101552347,0.5793079803609523,-1.086421806158489
FRB20190929C,1,True,FRB20180814A,0,-1.5650944488802183,0.2848362031458542,-0.28858353549443955,0.21032353399015224,32.81754703474174,-39.08619003266267,0.052413111960356334,-1.9245426632530283
FRB20190929B,0,False,,0,-0.43349327368338725,-0.657128896996189,0.36332888656921214,-0.4321427905334381,-0.2204089422042282,0.26099426752900995,0.33466031548988584,1.3237919233244106
FRB20191009A,0,False,,0,0.7770895649812563,0.1449100668025652,-0.5386762912155979,-1.1430215385233202,0.04910540014038697,0.11333441723748115,1.4746783276144864,0.1804143030822033
FRB20191010B,0,False,,0,0.19648219521335156,-1.702288314276971,0.30384486912170144,-0.2772658746883956,0.07321982291118882,0.060412293905695164,0.9648285834057271,-0.24152203036686137
FRB20191010A,0,False,,0,1.485697199030649,0.058616902967337244,-0.43288135823162954,0.08826546176784532,-0.2398089239784968,0.28252052765846847,0.7540205033272774,1.3237919233244106
FRB20191012B,0,False,,0,0.36429204523656755,-0.4238175067204502,-0.5177699171240641,-1.277161361891203,-0.2407963175385484,0.26923981468162583,-0.4070532504460625,1.3237919233244106
FRB20191013D,0,True,FRB20191013D,0,0.10494878658616255,1.4187157358367528,0.22078194692020592,1.0888428821308227,0.1782798744416783,0.05941238361449078,1.7942744062114226,-0.08704485278473059
FRB20191013C,0,False,,0,-1.2479686646611323,-0.5692665829037575,0.14772651896490205,-0.31316239048939354,-0.17472357254984372,0.15178195932206695,-0.35541655068843986,-0.450025135746998
FRB20191013C,1,False,,0,-1.2479686646611323,-0.1406763368081908,0.14772651896490205,-0.31316239048939354,-0.18422408781217167,0.15582203857357504,-0.4278583285037454,-0.5081594991189967
FRB20191013A,0,True,FRB20190303A,0,-1.2783910054182102,1.7655678726808808,-0.9934683947524477,-1.0755640271703748,0.0756904880853179,-0.06932180759822362,0.1544331935203195,-0.7926686626180008
FRB20191014B,0,False,,0,-0.9308038707560479,-0.7776714916575689,-0.1622965941562234,-0.44342238559334063,0.015969409138131246,-0.9390970457084772,-0.7968351345387964,-1.5369117668468038
FRB20191014A,0,False,,0,1.5012331132141565,0.31167981071434697,-0.6722326560869438,-0.31463809489919975,-0.18920706474020113,0.24307407463234518,0.7560258120557287,1.3237919233244106
FRB20191015B,0,False,,0,-0.6086675027749838,0.6462640473523025,-0.33808180328306914,-0.05785878304895967,-0.2166805628222345,0.2628174086868062,0.6359579519397033,1.3237919233244106
FRB20191017A,0,False,,0,1.0176017556034254,-0.3806183598539802,-0.5535654010597924,-0.9507256936154045,-0.2705165893287129,0.2978244312505167,-1.0610345595122637,1.3237919233244106
FRB20191019E,0,False,,0,0.6369144790779121,0.0940119589968557,-0.34817102723217425,-1.3433781791577943,-0.15665120479978986,0.23411530380941142,1.395719296431714,0.9158242708269216
FRB20191021B,0,False,,0,-0.8296153563244402,-0.6964865040058077,1.123566141572458,0.4954986292315253,-0.09666607054410578,-0.03487820103366838,-0.46144724970530576,-0.9259873969940685
FRB20191021A,0,False,,0,-0.38349088020115496,-1.1012527765593074,3.150001510218686,1.3599595442263173,-0.24692564693366312,0.277516145787281,-0.5684806030863974,1.3237919233244106
FRB20191024B,0,True,FRB20190430C,0,-0.33032757232359916,1.1491287747713037,-0.7782720506341877,-0.46132146984165684,-0.03059403221677174,-0.018633820549005028,-0.13182462746611276,-0.7663746749444467
FRB20191025C,0,False,,0,-1.4526305800702506,-1.960055833994787,-1.0128556158676731,-1.492932282253419,-0.2082315263014309,-0.05088025365807548,-0.9053724694662265,-1.3631249420669067
FRB20191025B,0,False,,0,-0.07379420395521895,0.9838411104833673,-0.270143808351386,0.4095069399428669,-0.23418216579616297,0.2736585035735576,0.26898645463310367,1.3237919233244106
FRB20191029A,0,True,FRB20180814A,0,-1.546465449213639,0.8793202303295938,-0.4177834190576047,-0.05923024678169814,0.7977775772250811,-0.24556587283240672,2.0040798319256465,-0.6628420984798271
FRB20191029D,0,False,,0,0.8587735358151622,-0.0015897581730780093,-0.6166956531198075,0.36314683608682835,-0.23240221895236898,0.2717212258465067,0.25996256535507256,1.3237919233244106
FRB20191029C,0,False,,0,-1.3162921630008997,0.40978826723722156,-0.8620096606141535,-0.7911522615748282,0.4956872417048649,-0.08181517196329884,2.1005853144823683,-0.48741189947033287
FRB20191030A,0,True,FRB20180916B,0,-0.5565175445931951,0.8692134231462887,-0.9668722899348459,-1.082172378980577,-0.1060796128240475,0.06419068461743964,-0.2335940454350195,-0.5812896523360692
FRB20191030B,0,True,FRB20180916B,0,-0.5603078255709797,1.0916773002793057,-0.7581188244474079,-0.17022464581109326,-0.08622272351569436,-0.281094472617535,-0.7055935873942594,-1.311358653834597
FRB20191030E,0,False,,0,0.49249182839509886,1.6864459086813053,-0.8968422393798872,0.042159614993155244,1.1749845869602107,-0.4584421693213757,1.9005557688193448,-0.891887381729928
FRB20191030C,0,False,,0,-0.6119105429132914,-1.3494673670020145,0.08852787152627282,-0.07659402027277874,0.18126106279138574,0.037584215076375424,1.5092699031802725,-0.17229489094508202
FRB20191101E,0,False,,0,0.6015468747746124,0.30254084234451034,-1.0176926593897164,-1.1376504668612755,-0.18058235813717483,0.12697640487298037,-0.5155905853734926,-0.6994071750883634
FRB20191101D,0,False,,0,0.7502386349593829,-3.6963333526076814,0.16062446032027394,-0.28256129614669934,-0.19759565551355482,0.25633218359733506,1.1696207372988225,1.3237919233244106
FRB20191101C,0,False,,0,1.3836452814521663,-0.04162511502362596,-0.26841195495867165,-0.5615778483925137,-0.255119264174517,0.29222662153218937,-1.0610345595122637,1.3237919233244106
FRB20191101B,0,False,,0,-0.13171362561568908,-0.3241374573467278,-0.9382674303592603,-1.6672481389417657,-0.1255228750014191,0.004977339911617416,-0.5073186868686307,-0.9247548663218706
FRB20191101A,0,False,,0,0.4217640033643813,-0.06449968570573762,1.9849489857184393,1.3389700792710122,-0.25683640628442345,0.27780009803196787,-1.0610345595122637,0.9223977677453101
FRB20191102C,0,False,,0,1.337264833964906,0.8696146001671728,-0.221631420588548,1.245040302439779,-0.2545952089208918,0.2915683561169717,-1.0610345595122637,1.3237919233244106
FRB20191102B,0,False,,0,0.3149696267654737,0.5418266687240085,-0.637272045122333,-1.053412895985655,-0.2765928281166968,0.28388178260028385,-1.0610345595122637,-0.2511768539657446
FRB20191102A,0,False,,0,1.3282408924279199,1.0641491928030755,-1.2642271066154007,-1.2200142525796673,0.06913835502395059,-0.1412808386901381,-0.09121712571497263,-0.9541301806759195
FRB20191103F,0,False,,0,-0.5046174336824134,-1.282283437569033,-0.4730761373781174,-1.2642097667027448,-0.21038919876582182,0.22097301840142652,-0.303027860157648,0.08550944132296869
FRB20191103E,0,False,,0,-0.5255496557745469,1.4747589155835445,-0.6588426244908293,-0.2633001980718981,-0.24879304047495795,0.24125047264579208,-0.9645290769555418,-0.37894920031692186
FRB20191103D,0,False,,0,-0.15247008364844714,-0.7570254686991492,-0.7727075264420954,-0.675387320939926,-0.11877354712640398,0.05477469943349408,-0.34338469831773166,-0.6924228346125756
FRB20191103C,0,False,,0,-0.6544762118814896,-0.9596062735129127,-0.6483329626204685,-1.4264047004708946,-0.19883254527932373,0.26399813239403824,1.85819362193081,1.2177942855153954
FRB20191103B,0,False,,0,0.9625954578005081,1.028654260151191,-0.30570234247989775,0.5548457426884086,0.6689474784607061,-0.23752438377487,1.5802076994492396,-0.7345342992460022
FRB20191104E,0,False,,0,-1.346302414217991,-1.022568857146562,-0.03754055882588713,-0.9690115235026672,-0.18595841710366032,0.08672414087772452,-0.661226131777273,-0.9448862006344356
FRB20191104C,0,False,,0,0.1484427988106278,-0.886028053384081,-0.3337746925175891,-0.8233397131888922,-0.20818968336489904,0.18180196193938306,-0.5592060502173097,-0.5198685405048763
FRB20191104B,0,False,,0,0.652164891261323,-0.7227816875798496,-0.5525660737806884,-1.1033759738469318,-0.266662856513344,0.29541396187183816,-1.0610345595122637,1.3237919233244106
FRB20191104A,0,False,,0,0.746682076938135,-0.18266041976406544,-0.6461639868783874,-1.474405219016678,-0.24048628448165527,0.2566368654349362,-0.6349064547163488,0.4279475464152719
FRB20191105A,0,False,,0,0.628156354751239,-0.5943933912350507,1.2483396452040023,0.8781135551152564,-0.23432543792634627,0.2517580603371009,-0.4915268806320762,0.44828430250653645
FRB20191105A,1,False,,0,0.628156354751239,-0.19650875204961918,1.2483396452040023,0.8781135551152564,-0.23915297963087945,0.27396105388490793,-0.10274765090356797,1.3237919233244106
FRB20191106C,0,True,FRB20191106C,0,-0.6397391036216066,1.4402755451003422,-1.0939984833657914,-0.8458783491651246,0.10340877542554931,0.07926479406478903,1.447606659780393,-0.014941808461156255
FRB20191106B,0,False,,0,0.5867107424562726,1.6026765502814868,-0.783442046579078,-0.1764769325929635,-0.1676445902366686,0.24046987738461245,1.3756662091472003,1.0053881663399655
FRB20191106A,0,False,,0,1.5097080826851028,-0.4593685630437113,-0.8175973856668529,-0.9370078084844168,-0.27406590903269856,0.2875931394844912,-1.0610345595122637,0.15843417276134159
FRB20191107A,0,True,FRB20180814A,0,-1.530312906055354,2.2367122143330027,-0.8897436976513793,-1.2593257388295926,-0.2807718966467602,0.19958917218040945,-1.0610345595122637,-1.2604140527170857
FRB20191107C,0,True,FRB20190110C,0,-1.2981934357485312,0.0011158798769893255,-0.42383194802397195,-0.48519396752156224,0.11739943252398066,-0.29413114230193105,-0.24988717885368683,-1.1361338766038023
FRB20191107C,1,True,FRB20190110C,0,-1.2981934357485312,0.13709395634864346,-0.42383194802397195,-0.48519396752156224,0.030851237393648243,-0.5584786392526565,-0.6506982609529033,-1.3514159006810271
FRB20191108D,0,False,,0,-0.6629414034357788,0.8841447428845653,-0.8129069391107585,-0.7865797121971947,-0.11665650818234895,0.04977093736654173,-0.3473953157746344,-0.7049535631132537
FRB20191108C,0,False,,0,-1.257944612215958,-0.6595495909545608,-0.9994718174308853,-1.6943261341554137,0.3831642612735349,-1.1122170744500688,-0.49403351654264044,-1.4861725875079923
FRB20191108B,0,False,,0,-1.0465490179586232,-1.0702302638715777,0.1829183629585167,-0.7438288417910748,-0.0772105386068819,-0.23388100428102915,-0.6501969337707905,-1.2398718748471216
FRB20191109C,0,False,,0,0.32812528832450577,-0.030579090236446355,-0.5375389772040663,-1.1567572955323202,0.00014657168123738239,-0.06219169040351453,-0.13332860901245128,-0.8481325428669042
FRB20191109B,0,False,,0,0.18923251451219456,-0.5850387488193786,-0.8840900670460027,-1.213777480344916,-0.19604671725971143,0.1813889317056583,-0.4155758125419808,-0.36991064205413765
FRB20191110D,0,False,,0,1.7354334512594993,0.12133263463243918,-0.25959433866074,-0.36427252452357534,-0.23027725197432386,0.2788077790203455,1.3598744029106458,1.3237919233244106
FRB20191110C,0,False,,0,-0.6132755417623024,-1.021881405941662,-0.3684190539073782,-1.3134097597908965,0.6478858841511276,-0.15378051111204832,2.13968883468717,-0.5771812167620765
FRB20191110A,0,True,FRB20190303A,0,-1.304137315474208,0.27076368957554037,0.1066283942241671,1.281101115025904,2.012341008662736,-1.149405034673201,1.264622238309206,-1.2871188839480392
FRB20191110A,1,True,FRB20190303A,0,-1.304137315474208,0.5567507097321284,0.1066283942241671,1.281101115025904,0.5116507862543286,-0.29100169238613793,0.8023985764011665,-0.9395452343882449
FRB20191110A,2,True,FRB20190303A,0,-1.304137315474208,-0.44825020618433686,0.1066283942241671,1.281101115025904,0.8880925078428512,-0.6757372261313763,0.582065279862573,-1.218302588083659
FRB20191110A,3,True,FRB20190303A,0,-1.304137315474208,-0.19880954604998913,0.1066283942241671,1.281101115025904,0.952797295299148,-0.8286332885494633,0.4156246554011097,-1.2988279253339188
FRB20191110A,4,True,FRB20190303A,0,-1.304137315474208,-0.7260940405473956,0.1066283942241671,1.281101115025904,0.6058210193428174,-0.5969884208339526,0.24266677757217953,-1.2330929561500332
FRB20191111A,0,True,FRB20180814A,0,-1.5632377180067456,0.8176672769946056,-0.5843622350555999,-0.09518369039381695,0.7432439722141019,-0.4293510324497751,0.9227171001082485,-1.0313687694669849
FRB20191113D,0,False,,0,0.25484866929530187,-1.0368028457422818,-0.4561481187363147,-0.9736264997251451,-0.28249358676693753,0.30404630832778773,-1.0610345595122637,1.3237919233244106
FRB20191113C,0,True,FRB20191113C,0,0.37360509095538685,0.07049529294803569,-0.843029632902183,-1.0626558454450505,0.8195382432585442,-0.27721899270928235,1.8617029122055997,-0.7285770676637126
FRB20191113B,0,False,,0,0.7817419037756104,-1.283298957498357,-0.47724352568152384,-0.6473276131525936,-0.266824780973301,0.28876545758016653,-1.0610345595122637,1.3016063712248493
FRB20191113A,0,True,FRB20190303A,0,-1.29896524560894,0.8124366754439636,-0.47934965151790854,0.7785508614370586,0.7424060102810349,-0.4594574873057004,0.8254596267783573,-1.067523002518122
FRB20191113A,1,True,FRB20190303A,0,-1.29896524560894,0.8613816724201229,-0.47934965151790854,0.7785508614370586,0.9602136926596825,-0.7640450566675862,0.5326845524244581,-1.2604140527170857
FRB20191114E,0,False,,0,1.0322238898557363,-0.2960753224451793,0.7715234793958754,0.830963227628439,-0.2480206643246101,0.273249849642223,-0.7519663517396972,1.2804479280187862
FRB20191114F,0,False,,0,1.3456198252059413,1.7629398379559038,-0.7896420459709915,0.17867778942479454,0.28573742119836815,0.03371691850290565,2.2702845656275654,-0.46009080290328047
FRB20191114D,0,False,,0,0.10187687894049414,-0.11097335315644737,1.6350132962248558,2.263580627620297,-0.19908427038698204,0.22413891158320348,-0.028551227950867494,0.43780779179285473
FRB20191114C,0,False,,0,0.6950423742386941,-0.2324486985093267,-0.5146422590517447,-1.1888027539193484,-0.12691635242931715,0.14362506742954637,0.06043434687416179,-0.12052860271277224
FRB20191114B,0,False,,0,0.8335192322871482,0.7182149776395246,-0.8465729816026829,-0.7881217581372881,-0.14723165519448636,0.23835129492431567,1.9842774082321895,0.6327530597788149
FRB20191114A,0,True,FRB20191114A,0,0.19084190339780394,0.6843820509545196,-0.7118731338435522,0.10915254178178925,0.2581988232021685,-0.6149302515062254,-0.34438735268195736,-1.3282032396879675
FRB20191115B,0,False,,0,0.7337509901471443,-1.1830846351272006,0.9069527020322946,0.17834727154106245,-0.24853683854045658,0.2741102001418745,-0.7720194390242108,1.3237919233244106
FRB20191117B,0,False,,0,-1.1048473588933916,-0.9818226174646149,-0.09829842518528113,-0.9493582749490985,-0.28030682696703435,0.30886668164933095,-1.0610345595122637,1.3237919233244106
FRB20191117A,0,True,FRB20190303A,0,-1.304740000165091,-0.00512295958306904,-0.7045646844683471,-0.09441042120013372,-0.007092935796252692,-0.48481693925367464,-0.6727566569658683,-1.3466911997709354
FRB20191118B,0,False,,0,-0.4992146827017978,1.6344970324354284,-0.5726243916019582,1.5993959131083364,-0.1589909718657289,0.09592606410681435,-0.4609459225231929,-0.7261120063193168
FRB20191118A,0,False,,0,-0.32398162179720696,1.9881495933011044,-0.5842915928631733,0.18334860038000278,0.040079116552222974,-0.01933930927027938,0.20230993941209582,-0.6833842763497913
FRB20191202C,0,False,,0,1.0860067020166337,-1.054666021341237,-0.05067453556427581,-0.6775247438650097,-0.15503966896784224,0.13123587665986397,-0.28447875441947285,-0.4520793535339944
FRB20191202D,0,False,,0,1.3147884957977003,-3.0985512356253415,-0.560915341185802,-0.7946756702410488,-0.24719120306433415,0.2731294036997447,-0.7003296519820745,1.3237919233244106
FRB20191202B,0,False,,0,0.5585274632428264,-0.45532681549236426,2.3725439342663024,0.9650898999110246,-0.1830676018115041,0.24210228703063166,0.9217144457440227,1.2814750369122845
FRB20191205D,0,False,,0,-0.11570611150424485,-0.15055202105085638,0.23141969767339649,0.21392342939471454,-0.24784973259249202,0.2746835738087505,-0.7146174766722905,1.3237919233244106
FRB20191205A,0,True,FRB20181119A,0,-0.48793506440091644,1.4683102209559062,-0.88996914028244,-0.5307723861249662,-0.006662075298685947,0.0994105311864088,0.7412366601834,-0.13819487568094146
FRB20191205F,0,False,,0,0.2600161717471232,-1.4877368167948561,-0.8842292003412879,-1.298226043955076,-0.2271858270607812,-0.03665325396987379,-0.9682890308213881,-1.4101665293891248
FRB20191205G,0,False,,0,1.0471776666466086,-1.1421341757035215,-0.6411993931262996,-0.44757360040504435,0.05689666383118622,0.11900988328493661,1.6666866383637045,0.13111307619428922
FRB20191206D,0,False,,0,-0.5953069661978173,-1.0402380193768075,-0.4437870985780094,-0.6538940938871711,-0.029566819204065557,-0.008146198650328893,-0.09096646212391621,-0.733507190352504
FRB20191206C,0,False,,0,-0.6760418097698876,0.27877698796427935,-0.2846587840772628,0.14228987483042282,-0.2533045079043055,0.2831638945921539,-1.0610345595122637,1.3237919233244106
FRB20191206A,0,False,,0,-0.448502995806846,-1.151150236113547,0.6059731635067033,0.07618780829630485,-0.16184716403987395,0.0305753307304506,-0.6323998188057846,-1.0116482787118193
FRB20191207B,0,False,,0,0.2693220426405238,-0.7966401056212729,-0.6891830829240974,-0.4564671163735009,-0.24906022282090504,0.2729765550886101,-0.8219014936444384,1.1467183500853193
FRB20191207A,0,False,,0,0.4793327116711828,-0.5042041767574835,1.1797005016832214,0.19203348034049536,-0.25482222547647876,0.28455457901599146,-1.0610345595122637,1.3237919233244106
FRB20191208A,0,False,,0,1.1819346805454638,0.35207816152048593,-0.4422538653356932,-1.0947092625850439,-0.1714878258537558,0.0648632776348014,-0.6193653120708507,-0.9450916224131353
FRB20191209D,0,False,,0,2.7005686564316798,-0.37537493331025124,-0.9546131344937905,-0.5967865401345439,-0.27941807148907266,0.28218038987404853,-1.0610345595122637,-0.46358297314117436
FRB20191209C,0,False,,0,-0.8386679902527748,1.186540498373529,-0.9454810487899893,0.19237218709844553,-0.12321039231387958,0.1211765502784612,-0.07091337483940256,-0.297396754173164
FRB20191209B,0,False,,0,1.0095882637420435,-0.45554467295246875,-0.2675324826867717,-0.5566722614319398,-0.22789969027853765,0.27613621595165333,1.144805041784237,1.3237919233244106
FRB20191209A,0,False,,0,1.1449465659687912,-0.2373688675398993,-0.5576522662417769,-0.3652072706258088,-0.25942943667495033,0.27839867612098745,-1.0610345595122637,0.7196464721687635
FRB20191211A,0,False,,0,-0.6901464423538074,-0.5093745037232337,-0.3530885183721838,-1.0859878317052476,-0.18904376715430962,0.16774017510641842,-0.41532514895092437,-0.44180826459901235
FRB20191212E,0,False,,0,-0.22909352667227545,-0.19268195709898453,-0.5581800879677775,-1.1168725968943927,0.04515976015561151,0.11397768754156128,1.4443480330966596,0.174251649721214
FRB20191212F,0,False,,0,0.6089074602130279,-0.10504736923466729,0.8438921222860726,1.2554510615242187,-0.17029529757146353,-0.06992775691060409,-0.7848032821680883,-1.2647279100697781
FRB20191212D,0,False,,0,0.15228658861513475,0.13449143125677365,-0.20230700235414772,-0.03403953016973967,-0.23140959750307988,0.274323314064648,0.5645188284886234,1.3237919233244106
FRB20191212C,0,False,,0,-1.9819177824226442,-0.5597308257086985,0.41281493437853606,-0.2550475181532298,0.2673434578806441,0.01900425461989344,1.8998037780461756,-0.2259099751856886
FRB20191212B,0,False,,0,1.0032830099478478,0.16629534414610062,-0.8857731068155809,-0.23145335375905554,-0.2807435112236379,0.29809032586158357,-1.0610345595122637,0.5772891795299117
FRB20191212A,0,False,,0,0.7481649694257145,-0.9978930510320363,-0.900035161762618,-1.416983481564952,-0.2565988427763361,0.24645493050319844,-1.0610345595122637,-0.49912094085621245
FRB20191213C,0,False,,0,0.24675805010910193,0.26999696149722124,0.5154299027738249,1.8065959461174084,-0.2388730163187628,0.26872187765327304,-0.31255307661779197,1.3237919233244106
FRB20191213D,0,False,,0,0.6929974105497057,0.07562868544047316,-0.666112769083805,-1.2298698502646106,-0.18778169271822617,0.02210244056251028,-0.7685101487494209,-1.1548272584654697
FRB20191214B,0,False,,0,0.6663965502624788,-0.8967535626522801,2.285238423644624,1.2530339623692746,-0.26771894502688454,0.2913642138237962,-1.0610345595122637,1.3237919233244106
FRB20191214A,0,False,,0,0.52068688609923,-2.248149886665089,-0.7350442318542956,-0.9781779972679369,-0.22904560842721086,0.23548178253328814,-0.5406569444791346,0.021007002811281095
FRB20191215C,0,False,,0,-1.0385506504426565,-0.39381580308655467,-0.5670910174815665,-1.2051050820231275,-0.17580908608425053,0.24993553454622236,1.7005262231563214,0.9716989946332243
FRB20191215A,0,True,FRB20190303A,0,-1.2964594577103021,-0.2771376706926351,-0.8381844839992615,-0.6626611004470805,8.577181963017567,-8.540571666638455,0.2963087860582535,-1.783007057728975
FRB20191215A,1,True,FRB20190303A,0,-1.2964594577103021,0.9559817249937349,-0.8381844839992615,-0.6626611004470805,-0.024628688320584773,0.06785671844662539,0.3206231543907263,-0.40380523553957853
FRB20191215B,0,False,,0,0.15147040807635156,-0.32794216865377546,-0.10126965700605195,-0.762754644574642,-0.1486142307822082,0.09840634485229292,-0.3802322462030255,-0.6400402810441669
FRB20191216A,0,False,,0,0.40525019743373497,-4.056336470494109,0.9502146424825598,0.6120538423368298,-0.24255931248194834,0.26287739919044817,-0.6311465008505025,0.7005422467496968
FRB20191217E,0,False,,0,-0.20094359648256388,0.15865741606002426,-0.4512871807161304,-0.4637183151626966,-0.2584972254202933,0.282976792059331,-1.0610345595122637,1.3237919233244106
FRB20191217D,0,False,,0,1.5271396526969083,-0.2584310286662198,-0.7105914110703917,-1.2978026148669537,-0.24924536823745502,0.29087460574432267,1.9727468830435941,1.3237919233244106
FRB20191217A,0,True,FRB20190212A,0,-0.7974723123751162,0.9558281574633006,-0.22251498278958068,0.40672582287411085,0.13426605442856054,0.010354780212595834,0.9079279482359196,-0.42537452230304096
FRB20191217A,1,True,FRB20190212A,0,-0.7974723123751162,-0.3073710250929988,-0.22251498278958068,0.40672582287411085,0.4526636050004376,-0.45903937672025685,0.20180861222998298,-1.1685905176383458
FRB20191217B,0,False,,0,1.7465672008020137,0.28377424771441767,-1.0432483228661442,-1.3495613532168458,-0.27139008508368956,0.3010883767565198,-1.0610345595122637,1.3237919233244106
FRB20191218A,0,True,FRB20180916B,0,-0.5587579177969604,0.8713730766241348,-0.7561689293480348,-0.7427328944760071,-0.19572800406711607,0.18921804697946998,-0.35867517737217336,-0.2606262557859281
FRB20191218A,1,True,FRB20180916B,0,-0.5587579177969604,0.6819108632474071,-0.7561689293480348,-0.7427328944760071,-0.16653361578537162,0.033789927525120333,-0.6501969337707905,-1.024384428991197
FRB20191218B,0,False,,0,-0.44847208192262916,-2.140999197855698,-0.9317908418641377,-0.41156338173738644,-0.10506681735964712,0.02676743737144676,-0.35416323273315775,-0.7476812930827793
FRB20191218E,0,False,,0,1.5825329596974231,-0.19374180412849118,-0.6244497990417194,-1.0755149500134698,-0.27986183918898644,0.31129583557250184,-1.0610345595122637,1.3237919233244106
FRB20191220E,0,False,,0,-1.207098853607949,-0.8719473123753312,0.14942241419448127,-0.7545955367936626,0.2502641080001414,0.060745479188928114,2.46254353996784,-0.5428757797192362
FRB20191220C,0,False,,0,0.8790773654903532,-0.13173772261813982,1.3974377162915605,1.6769599139820943,-0.2637932674558769,0.290677865488919,-1.0610345595122637,1.3237919233244106
FRB20191220B,0,False,,0,0.435741774298803,0.522094724205346,-0.547033285135656,0.7511533789049605,0.148198481409513,0.09569924815300973,2.1775390369366896,-0.2717190318357088
FRB20191223A,0,True,FRB20190117A,0,-0.36401948110754045,1.4023148528476366,-0.7519715032455083,-0.22177855257275933,0.29990007402822455,-0.22178216537923584,0.4143713374458276,-0.9436536699622378
FRB20191223E,0,False,,0,0.5346605949629974,-4.646885208003837,0.07243994239988907,-0.4667129392901299,-0.24051023244665662,0.2766707421013784,-0.045847015733760516,1.3237919233244106
FRB20191223C,0,False,,0,0.3397915831879205,-0.6277424619165887,1.9583489599096118,0.8488185745698302,-0.21021852497222115,0.2584172107908107,0.6908532783810595,1.3237919233244106
FRB20191224B,0,False,,0,0.8836748314257915,0.7772487932910999,-0.843243396782258,-0.6194787361254166,-0.2471716816934819,0.24304995954166497,-0.9216656028848939,-0.2930828968204715
FRB20191224A,0,False,,0,-0.21812774858447878,-1.0193005280626077,0.8539492656210953,-0.3140348152635327,-0.22569980661098785,0.2452220087061633,-0.3300995279917414,0.47026443282739816
FRB20191225A,0,False,,0,0.5410950416439103,-0.7737871990465798,2.917254713023204,1.3208438903352873,-0.03880251132155127,0.09955544786637743,0.4685146731140144,-0.22529370984958966
FRB20191226D,0,False,,0,1.965473947442541,-0.4627967158195076,0.24250861843433263,-0.5085319430439954,-0.21864604064550802,0.2672345280491631,0.859299211570974,1.3237919233244106
FRB20191226C,0,False,,0,0.15561567948450425,-1.161588436336065,0.33142142186633156,0.08950563835104483,-0.20820381294349133,0.26629815945910235,1.486459516394138,1.3237919233244106
FRB20191226B,0,False,,0,1.9210309087439061,0.5161351435454691,-0.45301212438607524,-0.4767816269680576,0.20642986028402033,-0.043535713085279995,0.8991547225489449,-0.5638288011465997
FRB20191226A,0,False,,0,1.2768410949881321,-0.548597855078537,0.15242523490932236,-0.26581850528000245,-0.20210087243779776,0.24668271608816608,0.46049343820020894,1.3237919233244106
FRB20191227D,0,False,,0,1.2735306642821669,-0.29403023775337256,-0.5750658864972863,1.3257042462037694,-0.28496962294882,0.3083387847342125,-1.0610345595122637,1.3237919233244106
FRB20191227C,0,False,,0,0.15992955523990507,-0.0869993648470817,-0.4355470233178262,-0.9460331215758141,0.051646426224159964,0.010684460604003418,0.4228938995417459,-0.5535577122116175
FRB20191227B,0,False,,0,0.7563378573163683,1.4495789179977614,-0.816955210440986,0.05868582451691674,-0.11221931637684539,0.20372558787688375,1.2821686896831554,0.7251928601936538
FRB20191227E,0,False,,0,0.017734917985656955,-0.7868104509389678,-0.5357628381196635,-1.263729058367477,-0.2396350949537615,0.21482808063188025,-0.8552397512549424,-0.6001884559764363
FRB20191227A,0,False,,0,-0.9443978257036546,-1.095677251711849,-0.5224452725506938,-1.1640495372156183,-0.07756677338767537,0.039897148759961885,-0.16115226761971396,-0.6334667841257783
FRB20191228D,0,False,,0,-0.4604834800314684,-0.7810316756226903,1.1611704731500228,2.643238031911635,-0.2169898901361002,0.2605119838777205,0.47879188034732767,1.3237919233244106
FRB20191228C,0,False,,0,-0.3831055355934524,0.45456438419052136,-0.4151986811808668,-0.24256161713735197,-0.25390109603505573,0.2890530096195154,-1.0610345595122637,1.3237919233244106
FRB20191228B,0,False,,0,1.6430383770230035,0.010481930963745834,-0.7313187618430788,-0.9316642325622055,-0.24219898051913777,0.27877283917218487,-0.05236426910122745,1.3237919233244106
FRB20191229B,0,False,,0,1.058811948445384,-2.110416827037987,-0.5580390001535324,-1.3559453869740623,-0.045378650214573,0.03619844026896173,0.0067923383880878,-0.596901707517242
FRB20191229A,0,False,,0,1.1140902534204085,0.3638018746648755,-0.42583144636939296,-0.8388530524352682,-0.0919858163419038,0.07783418047100511,-0.08144124566377223,-0.4884390083638311
FRB20191230D,0,False,,0,1.3865184265752177,0.24679170738951273,0.07738679270040513,1.5057219083861033,-0.22150309283833913,0.2681701936026161,0.7485059043240362,1.3237919233244106
FRB20191230C,0,False,,0,-0.40334678870626695,-0.7844537591976622,0.4028411368586611,0.15153910643469365,-0.24017769710112855,0.25303971636648054,-0.6652367492341756,0.26895108970174897
FRB20191230B,0,False,,0,1.681152655256389,-0.6511799612249386,1.7363343662658541,1.0444656447321183,-0.20187457537918868,0.25212435632224034,0.7121596836208551,1.3237919233244106
FRB20191230A,0,False,,0,0.2366098062547113,-0.4651227808326465,2.7736724001146844,2.410399426339904,-0.22927839097527544,0.2523761684752918,-0.3120517494356791,0.6925307973804108
FRB20191231B,0,False,,0,0.5865495770433965,-0.4256047119642358,0.3175887940739149,-0.19397433612293605,-0.27375010393935617,0.2942948116018636,-1.0610345595122637,1.2348442931474657
FRB20191231A,0,True,FRB20190303A,0,-1.301963896154647,-0.3288107770137137,-0.7745375876644113,-0.4783354645251948,2.956792402928772,-1.7423861288229894,1.2764034270888578,-1.4054418284790329
FRB20200105A,0,False,,0,1.0391857054475475,-0.7923676822604842,1.571145658076657,1.4255116916014499,-0.24062856893497286,0.274535687133473,-0.18546663595218674,1.3237919233244106
FRB20200106C,0,False,,0,0.7091076375524432,-0.16747343394689265,0.25650347698047904,0.05555380447293535,-0.26248652495665664,0.2925741035652226,-1.0610345595122637,1.3237919233244106
FRB20200106E,0,False,,0,-0.5839886011982278,-0.5708117752802885,-0.13226138129831613,-0.873480322339074,-0.24992162100716778,0.28614766795856955,-0.48350564571827076,1.3237919233244106
FRB20200106A,0,False,,0,0.1545901571497543,-1.3724618281400085,1.7989149136702298,0.8702881565544687,-0.2260335096914757,0.26320344838900667,0.15894513815933506,1.3237919233244106
FRB20200107B,0,False,,0,1.417148540198808,2.244590387409085,-1.0131015078398256,0.15456289911574392,-0.17524359285287197,-0.2498227825365287,-0.889580663229672,-1.4676846274250244
FRB20200107A,0,False,,0,-2.2009818748552226,-0.9670714087957536,1.0239697426874237,-0.49313932160666973,-0.23687483065402043,0.2669592028718562,-0.2604150496780565,1.3237919233244106
FRB20200109F,0,False,,0,0.021173382722645847,-0.09378202615396897,0.04100877462975929,-0.3009489150801813,-0.21043711962215772,0.14114380424515474,-0.7183774305381369,-0.8610741149249816
FRB20200109E,0,False,,0,1.7030869166406515,1.2831517697665853,-0.6534763789028678,0.6298457190052875,-0.009971048508200566,0.08631276569907058,0.5800599711341216,-0.25056058862964564
FRB20200109B,0,True,FRB20190224D,0,0.6818615142859584,-0.16748385367900953,-0.09547218876081864,0.662544597982672,-0.20411836256759816,0.24895674705746196,0.47854121675627126,1.3237919233244106
FRB20200109A,0,False,,0,0.8178762904861114,1.5926844312122568,-0.9454691432859227,-0.22789177328776333,-0.20456511162439864,0.2641197076355555,1.4837022168925176,1.3237919233244106
FRB20200110B,0,False,,0,0.01488655347548895,-0.0011444486502269241,-1.305884453817278,-1.9238930404356627,-0.22674255935782528,0.2752331590810789,1.123999963726554,1.3237919233244106
FRB20200110A,0,False,,0,0.2723669065669608,-0.7258066741657799,-0.3685899727821118,-1.1876636966868992,0.08116335733837719,0.12191567086856588,2.0115997396573393,-0.09053702302262451
FRB20200111D,0,False,,0,0.13148909575399287,-0.11400973057646038,-0.03628059126591024,1.9660042648874791,-0.2628721576775551,0.2781707872653235,-1.0610345595122637,0.3839872857735485
FRB20200111A,0,False,,0,0.2739106182770053,-1.4540329243021872,-0.6059841947824252,-0.4135837689121985,-0.25506960736396106,0.2490226721228431,-1.0610345595122637,-0.4009293306377836
FRB20200112E,0,False,,0,1.0148471955041225,-0.7749277786052963,-0.1850838670679023,-0.5011677468320339,0.016188061950994963,0.018511386448764554,0.26773313667782156,-0.5743053118602814
FRB20200112D,0,False,,0,0.9221217037401731,-0.04729781418826463,-0.44378642595287604,-0.15374141788235038,-0.0942053265679903,0.11915864662203297,0.16496106434468916,-0.2275533494152857
FRB20200112C,0,False,,0,0.7487296989006363,0.48996463296965576,-0.571564859037057,-0.4678004570821966,-0.1185054786591108,0.13209933925104705,0.04790116732134077,-0.19632923905294014
FRB20200112A,0,True,FRB20190303A,0,-1.3043400977758604,1.0312830335067693,-0.9244842260172852,-1.1354209976066607,0.07599652223668757,-0.4075085841047933,-0.47122312975650615,-1.2503483855608033
FRB20200112B,0,False,,0,0.9302664985195328,0.38113567175259755,0.6545517093487917,0.39658902442844185,-0.25805045605439647,0.27968102859418253,-1.0610345595122637,1.0236707046442337
FRB20200113C,0,False,,0,1.7563200082080153,0.062495547504748214,-0.40595921227325976,-0.5274199498339445,-0.2505363650137968,0.28254244607359635,-0.7710167846599851,1.3237919233244106
FRB20200113B,0,False,,0,-0.44504765363087084,-1.002354260078018,0.23350139583460502,-0.6427326301888473,-0.21706274674236758,0.20551318686936934,-0.5486781793929401,-0.3448491850527813
FRB20200113A,0,False,,0,0.4144097648369313,-0.5677121394486854,-0.5377622671416102,-1.022680030131838,-0.22648329829662156,0.247431824936159,-0.3153103761194126,0.5442162731592692
FRB20200114C,0,False,,0,1.6525945895412344,0.1338803552581815,0.12846368344959613,0.02595306902240509,-0.20118032558905857,0.25147853905017614,0.7073970753907832,1.3237919233244106
FRB20200114B,0,False,,0,0.5459915034192623,-0.28331137880563323,-0.8013486321545655,-1.001277086315956,-0.11435078283792055,0.055530630844740414,-0.3150597125283562,-0.663458363815926
FRB20200114A,0,False,,0,0.5685060494957872,-0.9779269434850613,2.0945625234117844,1.217155169126167,-0.2477932350219301,0.2794754920736332,-0.5775044923644285,1.3237919233244106
FRB20200115D,0,False,,0,-0.43346396661696573,-0.3373752392242635,-0.587662721149694,-0.9620419613236157,-0.2706335090106181,0.29371894718393954,-1.0610345595122637,1.3237919233244106
FRB20200115C,0,False,,0,0.7332062641630347,-1.9879928502700805,-0.06209613839636307,0.7141024440457173,-0.2660542563967898,0.3004665199613138,-1.0610345595122637,1.3237919233244106
FRB20200115B,0,False,,0,-0.546590964472339,-0.5155055709233485,-0.037717857814939,-0.6765865504005644,-0.2111576324251844,0.26938767422505167,1.6727025645490587,1.3237919233244106
FRB20200116D,0,False,,0,1.3255068247509232,0.2764734981849057,-0.4167956408110532,-0.8375352718646577,-0.14222126249589853,-0.14732228160231856,-0.7549743148323742,-1.2910218977433323
FRB20200116B,0,False,,0,-0.662839192851884,-0.5601189019012097,2.2185625241564626,3.124090754743715,0.3082984506801549,0.0004005441423959479,1.9386566346599208,-0.2793196376475955
FRB20200116B,1,False,,0,-0.662839192851884,-0.636709403698533,2.2185625241564626,3.124090754743715,-0.1635479477837608,0.2319721848241479,1.0823898076111882,1.073382775089547
FRB20200116B,2,False,,0,-0.662839192851884,-0.3609642409492043,2.2185625241564626,3.124090754743715,-0.15509739881553086,0.21349065870341785,0.675061472144505,0.9240411419749073
FRB20200116B,3,False,,0,-0.662839192851884,-0.5220189230411693,2.2185625241564626,3.124090754743715,1.3556689360638978,-1.0166286575865084,0.6655362556843609,-1.3236839605565753
FRB20200116B,4,False,,0,-0.662839192851884,0.0839807169698834,2.2185625241564626,3.124090754743715,0.535865802826296,-0.28242214679928873,0.9084292754180324,-0.9116078724850936
FRB20200116B,5,False,,0,-0.662839192851884,-0.14454161917494995,2.2185625241564626,3.124090754743715,1.0821497699179958,-0.9594279062055091,0.4013368307108937,-1.3407339681886457
FRB20200116B,6,False,,0,-0.662839192851884,0.13699621741919027,2.2185625241564626,3.124090754743715,0.4693382070512319,-0.39283803936912703,0.38103307983532364,-1.0966928950934711
FRB20200116B,7,False,,0,-0.662839192851884,-0.33230664369282553,2.2185625241564626,3.124090754743715,-0.08625829303670851,0.09733015641712471,0.07196487206275713,-0.3629263015783498
FRB20200116B,8,False,,0,-0.662839192851884,-1.700448804371803,2.2185625241564626,3.124090754743715,0.10975318237656866,-1.1552532073965065,-0.7564782963787127,-1.5252027254609242
FRB20200116A,0,False,,0,-0.47637598637256706,0.5872154440842505,-0.8148098376663355,-0.47102260901089094,-0.2573343789460849,0.2736991226476605,-1.0610345595122637,0.4832060048854756
FRB20200116E,0,False,,0,-1.7273866730819292,-0.8760151840489514,1.6311590735198287,0.9047337970754432,-0.11693156880158906,-0.046456665292901385,-0.5627153404920997,-1.0336284090326808
FRB20200116E,1,False,,0,-1.7273866730819292,-0.5564557285203723,1.6311590735198287,0.9047337970754432,-0.14360591136086556,0.10018394765748657,-0.3378700993144904,-0.5934095372793481
FRB20200117C,0,False,,0,0.979407035851735,0.27891055601948533,-0.5052387840653756,-0.6081574682969416,0.019855894982245503,0.16035049860036368,2.2291757366943123,-0.0983430506132109
FRB20200117B,0,False,,0,0.11767183639758365,-2.4656840970498908,0.4428266188963308,0.9283903650894438,0.0007866149148813184,0.06418810777725473,0.471271972615635,-0.37258112517723296
FRB20200117B,1,False,,0,0.11767183639758365,0.8612475504881882,0.4428266188963308,0.9283903650894438,-0.2575575565691529,0.26754536865949213,-1.0610345595122637,0.09290462535615579
FRB20200117A,0,False,,0,-1.3640030884857268,-1.07212235927441,-0.4980174872605374,-1.6013603832140457,-0.07786981516177119,-0.17224214119792203,-0.5948002801473214,-1.156470632695067
FRB20200118F,0,False,,0,0.014121583816710602,-1.1596283435716541,-0.6851886178450293,0.014530552114308532,-0.24333983890308017,0.25705864852113675,-0.7319132644551835,0.3182523165896631
FRB20200118E,0,False,,0,1.0879330544324977,0.5201017837849715,-0.747749781847666,-0.6991164959668538,-0.24067718312806874,0.28829313255537514,3.045587052765074,1.3237919233244106
FRB20200118D,0,True,FRB20200118D,0,0.3943511605777206,-0.008080194168056963,-1.1357299823671192,-1.2485189262582501,-0.09136416125822662,-0.11715606323316198,-0.5714885661790744,-1.0997742217739657
FRB20200118D,1,True,FRB20200118D,0,0.3943511605777206,0.8460843341478133,-1.1357299823671192,-1.2485189262582501,-0.23113122810803727,-0.000839520472379494,-0.9728009754604037,-1.3789424190267792
FRB20200118C,0,False,,0,-0.7621391615143779,-1.1823885580090048,-0.6516828056562062,-1.4431367193939095,-0.15822642893236347,0.048834303241037255,-0.5792591375018235,-0.9325608939124571
FRB20200118B,0,True,FRB20190226B,0,0.41313259182368195,0.028067793126577333,-0.32960906614024854,-0.14061306187151904,0.05307287897594148,0.03664105902989199,0.6096382748787792,-0.42722331831133775
FRB20200118A,0,False,,0,1.02554807253537,-0.9194981837628474,-0.10043223928328524,-0.6960770895707857,-0.23882881040407813,0.2642830065254563,-0.43537823623543803,1.0417478211698021
FRB20200119D,0,False,,0,1.0683269988129307,0.16435491485684733,-0.33488801541402713,-0.35316311327260713,-0.20272811141203226,0.20697193828535893,-0.3133050673909612,-0.07369243716925386
FRB20200119C,0,False,,0,0.9153924913858735,1.3886873882469992,-0.7240094469424321,0.5981789084446717,-0.009706236619162183,0.16483875080851396,1.901307759592514,0.1325510286451867
FRB20200119A,0,False,,0,-1.1180032750553606,0.6166203999691175,-1.0236751333918024,-0.7156860923670345,-0.26249385703130945,0.11045473466758798,-1.0610345595122637,-1.3505942135662286
FRB20200121A,0,True,FRB20181017A,0,1.5693119371271536,1.3955159985559649,-0.5745779737129898,0.09157647487313625,0.11399727621495766,0.08701473254135755,1.6671879655458175,0.053874487403223814
FRB20200122L,0,False,,0,-0.33626216607365994,-1.2314787911862564,-0.6318038553795895,-1.1207282695535024,-0.09717012564524541,0.20646643308636575,1.7090487852522396,0.4817680524345781
FRB20200122K,0,False,,0,0.4088667630046021,-0.016908330277013238,-0.5773755665696335,-0.6191818902412637,-0.22167743321462544,0.2738086192181505,1.408252475984535,1.3237919233244106
FRB20200122A,0,True,FRB20181030A,0,-2.548442994007979,0.636186356329585,-0.49713057989262033,-0.7587981465762028,-0.2599260853208753,0.22391255449986677,-1.0610345595122637,-0.8655933940563738
FRB20200122A,1,True,FRB20181030A,0,-2.548442994007979,0.3052973192672391,-0.49713057989262033,-0.7587981465762028,-0.2691562849918107,0.2636346238221913,-1.0610345595122637,-0.5404107183748404
FRB20200122B,0,True,FRB20181030A,0,-2.5489282095345773,-1.5746805183622157,-0.25579010492515813,0.04137417651976331,-0.26150724905503026,0.2419193447860791,-1.0610345595122637,-0.6981746444161655
FRB20200122B,1,True,FRB20181030A,0,-2.5489282095345773,-4.231427156911738,-0.25579010492515813,0.04137417651976331,-0.29135355750760933,0.22522356136960817,-1.0610345595122637,-1.2723285158816648
FRB20200122C,0,True,FRB20181030A,0,-2.5488824149805804,0.8810700006672892,-0.8495018274804463,-0.8646909184307181,-0.2750610635027154,0.2558254601882027,-1.0610345595122637,-0.829850004562636
FRB20200122D,0,True,FRB20181030A,0,-2.547502549083781,0.16951238699955573,-0.9415886131887291,-1.4198964144385675,0.057683569259491446,-0.44940090521261067,-0.5394036265238525,-1.2842429790462442
FRB20200122E,0,True,FRB20181030A,0,-2.5505044829793535,0.7442058261364668,-0.7013286713269594,-1.3311109982915437,-0.08412067145056229,-0.07809819766200082,-0.49077488985890694,-0.9937765839649504
FRB20200122F,0,True,FRB20181030A,0,-2.5478202719163865,0.3213812724027188,-0.5081288048926709,-0.9248176725350763,-0.18855856524616707,0.20036021141896393,-0.15638965938964197,0.04031665000904744
FRB20200122G,0,True,FRB20181030A,0,-2.5475824364758286,-0.7798844949060454,-0.35956601182451886,-0.666102578235951,-0.16339839200496542,0.16635138798482052,-0.13984586237991822,-0.16099669311660172
FRB20200123A,0,False,,0,0.2521363343786349,-0.5099944613148936,-0.3387582075081276,-0.31754935187786615,-0.2334933375666721,0.2656032959027875,-0.12806467360026644,1.3237919233244106
FRB20200124E,0,False,,0,0.4569209213803599,0.39420192036567026,-0.90876572749242,-1.673200526230398,13.282083980477791,-6.301304005789621,2.2138852576398707,-1.637157594852229
FRB20200124D,0,False,,0,2.782595620251904,-1.5208380440385565,0.11121070875083974,0.7963411386536003,0.13296203509922352,-0.04919080402170265,0.5013516035424055,-0.6722915003000106
FRB20200124A,0,True,FRB20190208A,0,0.2714299793369743,0.1252677076625117,-0.3960615577005346,0.1684883586711639,0.1317427464500433,-0.009569210845754446,0.7389806878638921,-0.5235661325214699
FRB20200124A,1,True,FRB20190208A,0,0.2714299793369743,0.5579141993715016,-0.3960615577005346,0.1684883586711639,-0.08490806995260461,0.04996967953964403,-0.16315757634816533,-0.604913156886528
FRB20200124A,2,True,FRB20190208A,0,0.2714299793369743,0.16018450878719995,-0.3960615577005346,0.1684883586711639,-0.23425449255814285,0.02731722560868144,-0.9775635836904756,-1.3503887917875288
FRB20200124B,0,True,FRB20190417A,0,1.690157894178454,1.2605412543929497,-0.7799726594868795,-0.7023654487456571,1.3818070084935712,-0.5418689657184048,2.0183676566158626,-0.9329717374698563
FRB20200125E,0,False,,0,-0.5469233024217216,-0.07729147918199865,-0.2556301989656718,-0.8907616804468008,-0.24172883997967115,0.26736570290826844,-0.5075693504596871,1.1362418393716376
FRB20200125D,0,False,,0,1.549412671880965,0.1685039806465805,-0.6892974937639522,-0.39546092077538575,-0.15560607991573894,-0.03284166247277517,-0.6948150529788333,-1.1461995437600847
FRB20200125C,0,False,,0,-0.1618259278067138,1.5319748160972035,-0.8125952996824302,-0.681098427552428,1.4142931042818572,-4.019639484323193,-0.5815151098213311,-1.7308299259392659
FRB20200125C,1,False,,0,-0.1618259278067138,1.325171474653449,-0.8125952996824302,-0.681098427552428,0.36552752573551067,-4.004202232372002,-0.8888286724565028,-1.7521937909240286
FRB20200125C,2,False,,0,-0.1618259278067138,-0.2263244534946303,-0.8125952996824302,-0.681098427552428,-0.16396812618165496,-0.23274372599476317,-0.8574957235744501,-1.430708707259089
FRB20200125B,0,False,,0,0.0688007443840307,-0.562655209079782,1.7015336768562237,0.7132364524270081,-0.21552567663692787,0.27354255712129194,1.9895413436443743,1.3237919233244106
FRB20200126D,0,False,,0,1.2349674768413463,0.5434630909670276,-0.5076456832151807,0.35197035584367214,-0.2402782524177552,0.2649731324916473,-0.4887695811304556,1.0088803365778594
FRB20200126C,0,False,,0,-0.5860493957372962,0.3985853775727053,-0.5812910402660512,-0.23320839772708904,-0.29564659621435163,0.28706178231984236,-1.0610345595122637,-0.9376964383799481
FRB20200126B,0,False,,0,1.9076537046717965,-0.14752109266265268,-0.4776885148326618,-0.6344689873427939,-0.1840949799327061,0.25068906766735843,1.3851914256073443,1.1555514865694039
FRB20200126A,0,False,,0,0.2427152553219134,-0.4753597883293014,-0.7598228083716668,-1.1668070497906633,0.3604178045195467,-0.02829961669544042,1.9198568653306893,-0.3023268768619554
FRB20200127C,0,False,,0,-1.9401986101040403,-0.9930379451732112,-0.14330229314800302,-0.801039345469559,-0.2504387288342393,0.2618202354008189,-0.963526422591316,0.20527033830485997
FRB20200127B,0,True,FRB20200127B,0,-0.548712646936131,-0.8001445018142864,1.8055162869174974,0.21167455634587293,-0.24477444341999213,0.2669587328975593,-0.6707513482374169,0.8802863031118836
FRB20200127A,0,False,,0,2.2830393992002813,-4.742158706972058,-0.25607896402400354,1.1786354281136608,-0.2327832304429278,0.2625665686689782,-0.19724782473183852,1.2675063559607087
FRB20200128B,0,False,,0,1.0155425263810152,-0.6258917362843738,1.8917160585454427,0.9270168336036277,-0.23672203906369155,0.278500660078244,0.5148874374594522,1.3237919233244106
FRB20200128C,0,False,,0,-0.33234641781805696,0.1533976108526671,-0.5684302942782927,1.0539193626570726,-0.25526105126486226,0.28302668577815193,-1.0610345595122637,1.3237919233244106
FRB20200128A,0,False,,0,-0.18209544401636912,0.3720494621264829,0.7264891489325993,0.5623215016513333,-0.2649802317496415,0.2939170972505399,-1.0610345595122637,1.3237919233244106
FRB20200129B,0,False,,0,2.1175734072128995,-0.6156570765464732,-0.572817181879987,-0.24588522300728896,-0.26151591946598013,0.2931651349510692,-1.0610345595122637,1.3237919233244106
FRB20200129A,0,False,,0,0.6871939784689862,-0.12948613187894856,0.1682265242848064,-0.12492425154900617,-0.20956666796932147,0.2572227351397373,0.6517497581762578,1.3237919233244106
FRB20200130B,0,False,,0,0.9982307508602913,-4.603542050232968,-0.3306374039506128,-0.8042125011380407,-0.27914576702469684,0.2721914168139051,-1.0610345595122637,-0.6930390999486745
FRB20200130A,0,False,,0,0.052828968481177484,-0.6093483045955803,4.147583845401452,2.0819996504323797,-0.23194593958341503,0.27037341121767805,0.20105662145681372,1.3237919233244106
FRB20200131A,0,False,,0,1.664949625097396,0.04641443119571135,0.5115403047541154,-0.08000382853553721,-0.2441421960050548,0.26347760076262133,-0.6915564262950998,0.6500084891895849
FRB20200131B,0,False,,0,1.5571155588571393,1.4260573162678352,-0.5690894293975245,-0.3298369333684684,-0.0827001105375265,-0.10733357078061596,-0.530129073654765,-1.0539651651239454
FRB20200201A,0,False,,0,-0.49736213838625715,-1.0446834342807723,-0.320050528645538,-1.3319229191353943,-0.25820097348141496,0.28928356658604304,-1.0610345595122637,1.3237919233244106
FRB20200202A,0,True,FRB20200202A,0,0.6312586468275811,1.5470847892845199,-0.8814012333110899,0.7560043161861822,0.29072902596630595,-0.16149358003622055,0.6128969015625126,-0.8310825352348339
FRB20200202A,1,True,FRB20200202A,0,0.6312586468275811,1.543338765384204,-0.8814012333110899,0.7560043161861822,0.2044659612144355,-0.17987450506088987,0.24692805862013867,-0.930301254346761
FRB20200202B,0,False,,0,-0.32443688247033264,-0.4464975417391723,4.072032618890812,2.026310094130581,-0.2277582333983312,0.26029419442260576,-0.041836398276857784,1.3237919233244106
FRB20200203A,0,True,FRB20180916B,0,-0.5563253305499906,0.24242127883195025,-0.7754838111983803,-1.0694952974125331,0.7655409451159663,-0.21419687683106026,2.122393046904277,-0.6063511093374255
FRB20200203D,0,False,,0,-1.6429254302034406,0.10046507181782148,-0.4436671722085245,-0.7252080628715002,-0.14782931649007164,0.04907561962809346,-0.522358502332016,-0.8768915918848541
FRB20200203C,0,False,,0,-1.0096658673838073,-0.22827010927087862,-0.633111576921009,-0.56581733381216,-0.16996343355182916,0.2438650525728217,1.4997446867201285,0.9832026142404042
FRB20200203E,0,False,,0,0.20202075186554166,-0.24987415500588656,-0.18827827491579646,-0.6457737432794433,-0.23613721851588212,0.2663724423409795,-0.2408632895756557,1.3237919233244106
FRB20200203B,0,False,,0,0.6793034554238961,-0.37038501725545797,0.5723112264942976,1.0677146325606308,-0.09623271379199994,0.11526301444819025,0.11708431845291284,-0.26370758246642273
FRB20200203H,0,False,,0,1.443650733292637,-0.3517214679471224,-0.4591542997760383,-1.0140247841462098,-0.2376024531906734,0.27588164660408404,0.15668916583982728,1.3237919233244106
FRB20200204A,0,False,,0,-0.46084087196858425,-1.2461567073861606,-0.49885526774495587,-1.1036104082726803,-0.08978115101674888,-0.02198800343488904,-0.405549268899724,-0.8588144753592856
FRB20200204B,0,True,FRB20180916B,0,-0.5576308379397089,1.1058847468118473,-0.6087552063997286,0.3021195890481452,-0.2008727618542325,-0.10860912800425421,-0.9058737966483393,-1.4074960462660293
FRB20200204B,1,True,FRB20180916B,0,-0.5576308379397089,1.1278766649575775,-0.6087552063997286,0.3021195890481452,-0.018799231315261775,-1.6286685809575068,-0.9156496766995398,-1.69981123735562
FRB20200204C,0,True,FRB20180916B,0,-0.5552508676910449,0.2142791605210006,2.567037161114557,1.6789123577959104,0.3205965706625659,0.013936328974504857,2.2226584833268452,-0.4582420068949837
FRB20200204D,0,True,FRB20180916B,0,-0.5566187306762267,0.3731124822141442,-0.5288127849778127,-0.5255887470390326,0.4916008782467022,-0.09723272906160015,1.9170995658290686,-0.4397540468120159
FRB20200204E,0,True,FRB20180916B,0,-0.5608307818037337,-0.7946191752237115,-0.39771253075902746,-0.9391617437114275,1.2569167706113753,-0.49938611803516153,1.9110836396437145,-0.9206464307478778
FRB20200204I,0,False,,0,0.8091069582194473,-0.10976758382191308,0.14575807385354392,1.323550094458172,-0.23778555181957656,0.277541784933064,0.29054352346395584,1.3237919233244106
FRB20200204H,0,False,,0,-0.7970411218509886,1.1667074036361258,-0.8763137007265289,-1.1215268211767613,-0.20232189199821582,0.25971295489751883,1.1919297969028442,1.3237919233244106
FRB20200204K,0,False,,0,-0.29082812798601526,0.896381548630449,-0.5781219367815166,-0.4266877106566748,-0.2209073005641088,0.26235594321401406,0.38103307983532364,1.3237919233244106
FRB20200204G,0,False,,0,-0.12077102163962398,-0.01904391112562871,0.14826655730673982,-0.12253717632594835,-0.23640023356874967,0.25670839214389424,-0.4850096272646093,0.6237145015160307
FRB20200204F,0,False,,0,-0.2536501977201327,-0.32605508483203366,2.6127162077745862,1.4472722407176661,-0.26426688385154634,0.3015253029300763,-1.0610345595122637,1.3237919233244106
FRB20200205D,0,False,,0,0.9557908473391575,-0.9442539956291527,0.7787809312207643,0.09803501441970289,-0.24948683053389473,0.28402546135171947,-0.5654726399937203,1.3237919233244106
FRB20200205B,0,False,,0,1.063008420687154,0.6558592147423894,-0.693971649106564,-0.7522265016469885,-0.25117179765684955,0.2632386342322804,-0.9883421181059017,0.23690529222460482
FRB20200205A,0,False,,0,0.7597352931553933,0.3698273143079269,-0.826543480018488,-0.4386481933090735,-0.041978229899293305,-0.2276697645630342,-0.5569500778978019,-1.1507188228914769
FRB20200206B,0,False,,0,-0.37869520576372623,0.182068537556408,-0.6575288154314632,-0.17162295185838544,-0.2602928077069876,0.25960179829420793,-1.0610345595122637,-0.32245821117452034
FRB20200206A,0,False,,0,-0.6420676563136289,-0.3779970824678443,1.8340852335935685,0.9932105370227828,-0.23212714913925794,0.25992852688780915,-0.2448739070325584,1.0713285573025506
FRB20200207A,0,False,,0,0.050863450100036386,-0.3669649777135004,3.025553509914296,1.53200783934207,-0.25329087061352407,0.28083680933560545,-1.0610345595122637,1.3237919233244106
FRB20200207A,1,False,,0,0.050863450100036386,-0.7009747685721356,3.025553509914296,1.53200783934207,-0.248624844985158,0.2734602699559071,-0.7878112452607653,1.248402130541642
FRB20200208A,0,False,,0,0.07626488674564716,0.23625673649103834,-0.30600095380754844,-0.5611187383397873,-0.17579467110954908,0.029048532747890536,-0.7030869514836952,-1.082313370584496
FRB20200210B,0,False,,0,1.2782367643845143,1.9769888481901001,-0.39036744958010916,0.7008030347363111,-0.05118038792832648,0.1141516132078939,0.5028555850887441,-0.14024909346793787
FRB20200210B,1,False,,0,1.2782367643845143,0.2567985149540659,-0.39036744958010916,0.7008030347363111,0.07895288132033365,-0.1872069298220688,-0.164160230712391,-1.0225356329829003
FRB20200212A,0,False,,0,-1.6965794103871963,0.006577657504008087,2.6520802346474306,1.2873547346000065,-0.25454605972984035,0.2833730746958218,-1.0610345595122637,1.3237919233244106
FRB20200213E,0,False,,0,0.2729721586906328,-0.48053707500335213,0.22877347242851595,-0.6452438251687739,-0.2083803381236199,0.2512445522191088,0.4123660287173762,1.3237919233244106
FRB20200213D,0,False,,0,0.22340440739457246,-0.7218930965087341,0.325637299636573,-0.30807358557032694,-0.2640447854662138,0.29442158057152257,-1.0610345595122637,1.3237919233244106
FRB20200213C,0,True,FRB20190915D,0,-0.008470136775877764,1.023478527822461,-0.9084601168265886,-0.6288221050983274,0.02661876484707028,-1.1710599864058961,-0.8309253829224696,-1.5915539599809085
FRB20200213B,0,True,FRB20190915D,0,-0.0010022184073750684,2.2155522534975463,-0.9101541798715606,-0.1609026423753803,0.024432356265094345,-0.12389138188865796,-0.2007571150066284,-0.955568133126817
FRB20200214C,0,False,,0,-1.3210493767865032,0.13369004203179433,-1.0078318794285779,-1.3909203277105502,0.12059326460067986,0.09040857099825043,1.7902637887545199,-0.022131570715643725
FRB20200214B,0,True,FRB20190915D,0,-0.007257291476434922,1.3632407909400879,-0.4827605817605285,1.1242312379483619,-0.1134122685705311,-0.06053016424120388,-0.5704859118148486,-1.0539651651239454
FRB20200214A,0,True,FRB20190915D,0,-0.01060372393383981,1.7172112382129778,-0.8007195989075817,1.3258420884615372,0.016387909713730442,-0.08354655363750636,-0.12931799155554854,-0.8818217145736454
FRB20200215B,0,False,,0,-0.7459769112031925,1.144787631143023,-1.0475885599059565,-0.8766149070416129,-0.09595007328590127,0.007472948329635095,-0.3619338040559068,-0.7817813083469198
FRB20200215A,0,True,FRB20191106C,0,-0.6457634438008683,1.2911941437751604,-1.268490925741837,-0.9155042445186086,-0.21882061064340314,-0.34124980605400596,-0.9973660073839329,-1.600387096464993
FRB20200216B,0,False,,0,1.6168548646170051,0.27823156914237096,-0.2701780887174068,-0.5104153330050626,-0.23056598948785126,0.23118859299121708,-0.6110934135659888,-0.12936173919685684
FRB20200217A,0,False,,0,-1.0022897973490104,0.8780253885160944,0.36164119640998005,2.84621114665333,-0.24546778473052477,0.2758603724977753,-0.5058147053222922,1.3237919233244106
FRB20200218D,0,False,,0,-1.6712093097665421,-0.9106402392409788,-0.5393376246300151,-1.1255474436186168,-0.28499247924860993,0.2962420212084926,-1.0610345595122637,-0.18277140165876377
FRB20200218C,0,False,,0,0.3333577299089682,0.031188128900898688,0.17304449587630255,1.0070003844578244,-0.1702222204563973,-0.02077808631195229,-0.7394331721868761,-1.1766019670076318
FRB20200218A,0,False,,0,0.8443738629760138,0.6292702774290426,-0.7859050397808326,-0.9259173798165728,0.4102208700902908,-0.4235522756015762,0.18225685212758216,-1.1505134011127771
FRB20200219C,0,False,,0,-0.3352127928964283,-1.0094942234210993,-0.054627049936621236,-0.5382855474042382,-0.2354619046048222,0.2748689208348759,0.2612158833103546,1.3237919233244106
FRB20200219B,0,True,FRB20200127B,0,-0.5490421386883008,-1.256326929857715,1.6738777282115882,0.16426645220029454,-0.19824607818754078,0.23702872961742605,0.26798380026887797,1.0010743089872731
FRB20200220A,0,True,FRB20180916B,0,-0.5547974622433952,1.2313949227435297,-0.962005998435501,-0.7087828113167776,-0.08457820656425794,-0.006940478769175621,-0.3461419978193523,-0.7969825199706934
FRB20200220G,0,False,,0,-0.7358081670246901,-1.018614485550197,-0.31460601747048234,-0.9759515898788985,-0.24441961806245538,0.2670797691579874,-0.6511995881350161,0.915618849048222
FRB20200220F,0,False,,0,-0.4061161960049816,-0.5993668158316462,-0.6118517557820311,-0.9638171197478425,-0.22826238138723892,0.23132464351765375,-0.5612113589457611,-0.06917315803786174
FRB20200220E,0,False,,0,1.82670275803501,-0.2125023447001466,0.12936050070118704,-0.3653165377355246,-0.23789693009128599,0.27590358598239956,0.13212413391629807,1.3237919233244106
FRB20200221A,0,True,FRB20180916B,0,-0.557663199378995,0.9946898589957007,-0.4804711263145223,0.13186201519508292,0.2888189449942821,-0.7602813754152759,-0.4108132043119088,-1.3883918208469626
FRB20200221A,1,True,FRB20180916B,0,-0.557663199378995,1.0338324887479338,-0.4804711263145223,0.13186201519508292,0.0013852037057738309,-1.7536770173516283,-0.9126417136068627,-1.704330516487012
FRB20200221B,0,False,,0,0.18456380666672195,-0.4062972242216609,-1.0719392357619029,-1.699093431246884,0.40442341473509774,-0.002955883360732311,2.5816087457196395,-0.7337126121312036
FRB20200222E,0,False,,0,0.21664311990405216,-0.39554149259304955,0.44531676299534434,-0.6213505206532108,-0.23275638999513748,0.26678679665710797,-0.03958042595735,1.3237919233244106
FRB20200222D,0,False,,0,-1.5714921186008441,-1.053319772983714,3.3167954725329367,1.3656592118323185,-0.2733231298327358,0.28356867138899194,-1.0610345595122637,-0.05540989886498573
FRB20200222C,0,False,,0,-0.0010664759677843161,-0.13769190879889723,-0.3579504744790536,-0.8187629365940383,-0.2221252871203143,0.2401877772576138,-0.3120517494356791,0.37946800664215635
FRB20200222B,0,False,,0,-1.1964756429342704,0.5498373997383252,0.12653249013254095,0.4750728653176548,-0.24811957501421578,0.27962041594689363,-0.6040748330164091,1.3237919233244106
FRB20200222A,0,False,,0,0.84423930743,-1.8310715997996494,-0.6596534327015333,-0.5409487471839172,-0.08975656898882312,-0.6303027118636716,-0.848471834296419,-1.536295501510705
FRB20200223E,0,False,,0,-1.2000257062725361,-0.8377158904112216,2.6826611010503676,0.7033924225983003,-0.09741514546028951,0.08991125228577293,-0.05537223219390449,-0.4344130805658252
FRB20200223D,0,False,,0,-1.1778941657622826,-0.6932638041446083,2.9063415396056613,1.3400130349510682,-0.20828904996560188,0.2398629889178074,0.05918102891887969,0.8143459121492985
FRB20200223C,0,False,,0,1.2659463870929528,0.37786924068461397,-0.7645488836186501,0.6085605706079309,-0.12767127711440643,-0.06550240261309885,-0.6296425193041639,-1.1143591680616403
FRB20200223B,0,True,FRB20200223B,0,-1.4566677114463886,0.37804026491030546,-0.7160264186663654,-0.9393270135779656,2.351846372028396,-0.9748368255066658,2.2186478658699427,-1.1174404947421348
FRB20200223A,0,False,,0,-0.5029116332426978,-0.22053140123332118,-0.3751874171980414,-1.029190110410286,-0.25888576677640784,0.2898198386878152,-1.0610345595122637,1.3237919233244106
FRB20200224A,0,True,FRB20180814A,0,-1.5699368730851504,0.5120563701777416,-0.8199645095424992,-0.6944588116444264,-0.08906904153220098,-0.6006116979068641,-0.8401999357915572,-1.5233539294526275
FRB20200224D,0,False,,0,-0.15377251786666152,-1.2896062931167975,-0.993100140609804,-1.4599579259216209,-0.09765478963587228,-0.48703019626758987,-0.8206481756891564,-1.4808316212618016
FRB20200225B,0,False,,0,1.792714691096666,1.2114329224204596,-1.1516009658240276,0.1466171709524397,-0.1632591014198665,0.23862125940468581,1.4230416278568638,0.9544435652224543
FRB20200225A,0,False,,0,-0.029411381065030308,-0.34227785109474207,0.5175618625725363,2.090051866137763,-0.04471786590539444,0.16495049689501012,1.372407582463467,0.4739620248439917
FRB20200225A,1,False,,0,-0.029411381065030308,0.9222275142672631,0.5175618625725363,2.090051866137763,-0.24682601144592728,0.27592833815118417,-0.6095894320196503,1.3237919233244106
FRB20200227C,0,False,,0,-1.3405209914026153,-0.6802359214699356,-0.4738069780619849,-0.05934840102470263,-0.09071291267933344,0.19525121284488167,1.4370787889560233,0.5777000230873109
FRB20200227A,0,False,,0,0.36420530886119495,-0.6646050779343594,0.22117509507950936,-0.818816755088226,-0.09381293522605855,0.20078812456323136,1.5636639024395158,0.5329180753307889
FRB20200229D,0,False,,0,0.7770863751503391,0.32004755923963796,-0.7740482205787795,0.2694237965060632,-0.19732876077205094,0.03034820552221133,-0.8046057058615455,-1.1788616065733277
FRB20200229C,0,False,,0,2.0814495623206772,-0.1788211206298838,-0.704980781796914,-0.11794369627746955,-0.2803136249841132,0.3072454443264299,-1.0610345595122637,1.3237919233244106
FRB20200229B,0,False,,0,0.8468687657989054,-0.6223785641765168,0.22376551065598946,-0.3771261216700297,-0.20416096430116112,0.24901325689319243,0.4792932075294405,1.3237919233244106
FRB20200229A,0,False,,0,0.6007888559400779,-0.9582139865824112,-0.7651874368085538,-0.5047462771273775,-0.1665044697784074,0.10048030345861739,-0.49804413399954317,-0.7526114157715706
FRB20200301A,0,False,,0,1.5671033496528977,0.29217113868913364,-0.4433679549733745,0.2317659662655764,-0.21321851184448276,0.253683965180689,0.32262846311917764,1.3237919233244106
FRB20200302A,0,True,FRB20180814A,0,-1.531155703760604,1.7859012510858117,-0.7154340607286226,-0.34932797526543347,-0.15251994514293166,0.077602819398817,-0.4752337472134089,-0.7793162470025241
FRB20200302A,1,True,FRB20180814A,0,-1.531155703760604,0.5261695794022394,-0.7154340607286226,-0.34932797526543347,6.464995407995984,-7.898736177115384,0.023085471806755135,-1.7862938061881692
FRB20200302E,0,False,,0,0.5087465031156061,0.8653894819867208,-0.2638833211535692,0.6032495362860539,-0.24411239812541444,0.2659531345054318,-0.6544582148187496,0.8398182127080541
FRB20200302F,0,False,,0,2.0428195178300057,0.20774328150176397,-0.7319231530338542,0.3397958393063553,-0.2594062063929127,0.26241080228668223,-1.0610345595122637,-0.2024918924139294
FRB20200302G,0,False,,0,1.0420106540820349,1.5264123322815293,-0.6508785490019725,0.13625944934306872,-0.2112428851077132,0.24113188128220234,0.005037693250692856,0.7779862573194618
FRB20200302C,0,False,,0,-0.4205023295294727,-0.48446255284044204,0.19928100961394168,-0.12232755923286555,-0.13594662169079888,0.02088182017602494,-0.5238624838783544,-0.9200301654117788
FRB20200302C,1,False,,0,-0.4205023295294727,0.35075889914606084,0.19928100961394168,-0.12232755923286555,-0.18210245572739342,0.12901857619243784,-0.520603857194621,-0.6983800661948651
FRB20200302B,0,False,,0,-0.739719850337373,-0.9330555960689636,-0.3970670416579114,-0.33707549629682226,-0.18318504991143197,-0.5152825153605168,-0.9585131507701876,-1.6118907160721732
FRB20200302B,1,False,,0,-0.739719850337373,0.12676768095865057,-0.3970670416579114,-0.33707549629682226,-0.2060383689750479,-0.29771607732126715,-0.9667850492750496,-1.5572485229380684
FRB20200302H,0,False,,0,0.25704981832161916,-1.1794156751062899,-0.47013450491087905,-1.2268661113505264,-0.236386214261093,0.2714746274026833,-0.03857777159312432,1.3237919233244106
FRB20200304B,0,False,,0,-0.29461279433529225,-0.16710758280374943,-0.23961072244255738,-0.2631203091768277,-0.17431157159550925,-0.04713748896162483,-0.7805420011201291,-1.2411044055193194
FRB20200304A,0,False,,0,0.07448741630254532,0.8240051959397593,-0.2170891154130208,0.5951224401868483,-0.22986085735966488,0.26955943013748457,0.2887888783265609,1.3237919233244106
FRB20200305B,0,False,,0,0.6020404101171529,-0.8332368534092911,4.150399888547831,2.152261599240786,-0.1427734383193381,0.15554676774021584,-0.0022315508899433396,-0.06958400159526103
FRB20200305A,0,True,FRB20191113C,0,0.3763952584574963,0.7850479852813633,-0.6699766240536644,-0.5465029024888464,0.23265647015277888,0.06794641530238248,2.443242443456495,-0.5149384178160848
FRB20200306A,0,False,,0,-1.001058189634628,-1.231439966371102,0.10345854807624698,-0.5249925113372856,0.2854798177214198,0.008578021471123923,1.8877719256754675,-0.23268889388277678
FRB20200306B,0,False,,0,-0.37177488656616414,1.0402964987276069,-0.39670970456883214,2.4128670586703733,-0.2004816642566539,-0.1275102391362708,-0.9118897228336934,-1.4253677410128982
FRB20200306C,0,False,,0,-0.6157926602582883,-0.499061828269462,1.8729741153231885,0.9665844482520909,-0.27446539660322894,0.29890530209407723,-1.0610345595122637,1.3237919233244106
FRB20200307C,0,False,,0,-0.32708090867742495,-0.2656781095717889,1.5368956017892774,0.6559389785711891,-0.18834390887982777,0.25444799081577935,1.4784382814803327,1.1762990862180678
FRB20200308D,0,False,,0,-1.7665794841986437,-2.5731978958940895,0.12770456068199854,-0.10779642854881898,-0.21599181357708083,0.16559735906699005,-0.705342923803203,-0.7544602117798674
FRB20200308C,0,False,,0,-0.8756831523238564,-1.6254572292310057,1.4812269661355537,-0.24050094159487884,-0.2171000141726183,0.221378434259079,-0.42710633773057616,-0.049863510840095396
FRB20200308B,0,True,FRB20200308B,0,-1.3307783993470665,0.9185370838985989,-0.17004739044206912,0.21391515880827075,-0.22291758212276624,0.2620359303698868,0.2614665469014111,1.3237919233244106
FRB20200308A,0,False,,0,-0.19067843582563995,-1.323464276729201,0.09384353476339238,0.12782910891745825,-0.2779573237462821,0.29579498987198843,-1.0610345595122637,0.6643880136985598
FRB20200310A,0,False,,0,0.095925495430328,0.08915778726443725,-0.22147814346700942,-0.35351685515673165,-0.2336665137154913,0.2691117030534752,0.01631755484823178,1.3237919233244106
FRB20200311E,0,False,,0,-0.6249651000053484,1.2763494193271132,-0.3009548027559585,1.5672059516402153,-0.15419970701144126,0.0679370021525651,-0.5120812950987027,-0.8341638619153285
FRB20200311B,0,False,,0,-0.7200255044079783,-0.40926654028303866,0.03308570619811287,0.26332831695934944,-0.10163944544325465,0.08320887771786539,-0.12029410227751741,-0.4806329807732447
FRB20200311A,0,False,,0,0.8412395486376665,-0.9107048538973345,0.21085761398608593,0.24220693009599803,-0.24092634350545858,0.2728677668040242,-0.28623339955686783,1.3237919233244106
FRB20200312A,0,True,FRB20190915D,0,-0.009108138901965464,1.0377976167059262,-0.8096567456635981,-0.3940774186642918,-0.005914705405757692,-0.02327603430823556,-0.03356449977199591,-0.7513788850993728
FRB20200313C,0,True,FRB20190915D,0,-0.007597807071453378,1.631320305935376,-0.6206265721988042,1.2023295112399552,0.02302925459458659,0.07540079181127043,0.7344687432248767,-0.2499443232935467
FRB20200313C,1,True,FRB20190915D,0,-0.007597807071453378,1.3204008499201505,-0.6206265721988042,1.2023295112399552,-0.05538163244574909,0.06653782557350282,0.10254583017164044,-0.4734432185187572
FRB20200313A,0,False,,0,-1.2819713021507928,-0.053068994910955736,-0.08568475163085679,0.5536778448804255,-0.16114263838512247,0.23472308548400103,1.2839233348205503,0.9871056280356975
FRB20200314H,0,False,,0,1.3596974303734468,0.8337740112538198,-0.8667722113359401,-1.1830816708896434,-0.14216863997431148,-0.03882173408060838,-0.6496956065886775,-1.1090182018154495
FRB20200314F,0,False,,0,0.6531900683621453,-0.7527383635964946,0.1272764483464853,-0.42355089581240635,-0.25354576221162206,0.27875035842175544,-1.0610345595122637,1.3237919233244106
FRB20200314E,0,False,,0,1.1012320631121213,-0.522642202975343,0.3259761249537832,-0.104443774503575,-0.1292503638748748,0.028301092276787416,-0.4739804292581268,-0.8612795367036813
FRB20200314D,0,False,,0,0.43937678973443695,-0.8199531682107083,-0.2078810115130771,0.36473204695215894,-0.19593066011424548,0.25793794133916254,1.38619407997157,1.298319622765655
FRB20200314A,0,True,FRB20190208A,0,0.2712362603987579,-0.10693753127789314,0.2652639548097056,1.2973287714641553,0.3651182437184393,-0.13763536666644532,1.0217292185755344,-0.7098836858020451
FRB20200314A,1,True,FRB20190208A,0,0.2712362603987579,0.11942823277606866,0.2652639548097056,1.2973287714641553,0.23896925944899944,-0.10132548891601355,0.698373186112752,-0.7222089925240237
FRB20200314A,2,True,FRB20190208A,0,0.2712362603987579,-0.02280395692941753,0.2652639548097056,1.2973287714641553,0.0028121939227698373,0.020143908197287168,0.20105662145681372,-0.5878631492544578
FRB20200314A,3,True,FRB20190208A,0,0.2712362603987579,0.5756371018114552,0.2652639548097056,1.2973287714641553,-0.16753702377363106,0.030392356275731742,-0.66072480459516,-1.0393802188362709
FRB20200314B,0,False,,0,0.2490591262940016,-0.5045191163324388,-0.04815198470903436,-0.5022589766569252,-0.21726247959914555,0.2642517235067873,0.7033864579338804,1.3237919233244106
FRB20200315D,0,False,,0,2.713037132874435,-0.19287431004361702,0.605278052662037,0.3725740903830903,-0.07857238703358699,0.20168798524610074,1.9276274366534383,0.31434930279436984
FRB20200315A,0,False,,0,-0.17873399330085513,-0.11980807180335427,1.6181460134031103,2.7051860182763736,-0.25063025188316024,0.2540807821687163,-0.989094108879071,-0.10881956132689265
FRB20200315A,1,False,,0,-0.17873399330085513,0.30424189072855135,1.6181460134031103,2.7051860182763736,-0.25181626792414324,0.27808435637371043,-0.9665343856839931,1.3237919233244106
FRB20200316C,0,False,,0,-0.2367585121389063,-0.38613262678886745,-0.2430242957513649,-0.851065623400917,-0.10152549325021883,0.09056541049014269,-0.08144124566377223,-0.43995946859071555
FRB20200316B,0,False,,0,-0.9192337798024937,-0.10407497455137081,-0.6062394716835515,-0.19540399438319864,-0.24677275482672664,0.2522251504707527,-0.8772981472679074,-0.021926148936944084
FRB20200316A,0,False,,0,1.8763346153969211,0.32240902174219377,-0.698994192726722,-0.6239788050472007,-0.10478893286304512,0.1944288722620468,1.1475623412858575,0.7535410656542044
FRB20200317G,0,False,,0,0.7051620787448702,-0.3094719854502983,-0.5458258228308315,-1.1061849654722886,-0.15124485036246982,0.12953482650220316,-0.26091637686016933,-0.43359139345102665
FRB20200317F,0,False,,0,0.5857464989129894,-1.2231320875760576,0.8988720224235234,0.7864299703779588,-0.2442084311873415,0.2624618593347776,-0.7070975689405978,0.5779054448660106
FRB20200317H,0,False,,0,1.3737602117468344,-0.03168894199076186,-0.799312208476776,-1.2292511374697477,-0.2546832862571489,0.2848457444595976,-1.0610345595122637,1.3237919233244106
FRB20200317E,0,False,,0,1.2106513885262162,0.3165389108359978,-0.670315052082954,-0.8787365392624241,0.022921341380754474,0.14499241287944484,1.8318739448698858,0.10132691828284111
FRB20200317D,0,True,FRB20191106C,0,-0.6379073340614575,1.4329326144504955,-1.142966407403655,-0.4753036027431251,-0.09825955826209477,0.1847018605586905,1.0134573200706727,0.6348072775658113
FRB20200317C,0,False,,0,-0.9115444284236623,0.3043892010778842,0.3693270415988687,0.18379306557050765,-0.22915758785909127,0.043925071160776145,-0.9472332891726487,-1.298622503555219
FRB20200317C,1,False,,0,-0.9115444284236623,-0.038523221871156935,0.3693270415988687,0.18379306557050765,-0.2510580285969372,0.1630462653588999,-1.0437387717293707,-1.1174404947421348
FRB20200317B,0,False,,0,-1.340935440318268,-0.7727073756079498,4.972163996158048,2.9143863019414975,-0.23201533686535447,0.26391317810541076,-0.11477950327427616,1.3237919233244106
FRB20200317A,0,False,,0,0.5727210414761508,0.02444538715416823,-0.3528870187540273,-0.1816199514169076,-0.1840282692808819,-0.04608971728219039,-0.8153842402769715,-1.2733556247751632
FRB20200318B,0,False,,0,-0.9850346207007984,-0.2573337935914561,2.3377033704312065,2.030632551611811,-0.07547043338426622,0.13418565256643677,0.48606112448796385,-0.0278833805192337
FRB20200318B,1,False,,0,-0.9850346207007984,-0.2838486762493659,2.3377033704312065,2.030632551611811,-0.06188188735024508,0.11466298012064018,0.411614037944207,-0.16798103359238956
FRB20200318B,2,False,,0,-0.9850346207007984,-0.01746377082941132,2.3377033704312065,2.030632551611811,0.01824919426443734,-0.03923181814447763,0.018322863576683144,-0.7700722669610403
FRB20200318B,3,False,,0,-0.9850346207007984,1.3224151547159808,2.3377033704312065,2.030632551611811,0.3689145510402211,-0.17904458047531172,0.8166864010913826,-0.8121837315944669
FRB20200318A,0,False,,0,0.13005157229208592,-0.5873227926579208,-0.03892432521687833,-0.6821260675993963,0.01377091609121424,0.03276847741194926,0.33741761499150646,-0.5149384178160848
FRB20200319B,0,False,,0,0.6089460386828022,-0.6210079024562294,0.17738377532768235,-0.026149950854409396,-0.24372215427916039,0.281125304929568,-0.01651937558015931,1.3237919233244106
FRB20200319A,0,False,,0,0.3473840882484393,-1.0954797881049418,0.25803602933736863,-0.4970984246115451,-0.20683401742789778,0.24577685225652973,0.26798380026887797,1.2118370539331058
FRB20200320E,0,False,,0,0.47663643662843574,-0.28620846747020423,0.39778538227661653,-0.24609516798477607,-0.22973902948152003,0.253957079808989,-0.29550795242595534,0.7662772159335822
FRB20200320D,0,False,,0,0.28311291239791075,-0.28428654174751944,-0.5194024540144966,-1.3486397654160722,-0.18103867445357164,0.09234344776953396,-0.6176106669334558,-0.8898331639429315
FRB20200320C,0,False,,0,-1.2054563584137605,0.5908434289797467,-0.5286292645165138,0.606351444908239,-0.15361852842350918,0.12861362526790113,-0.28598273596581136,-0.46193959891157726
FRB20200320B,0,False,,0,0.29575399098102545,-0.4920538334040896,0.9376940305678831,0.48406521895123455,-0.22601332569629295,0.253306367592632,-0.1764427466741556,0.8942549840634593
FRB20200320A,0,False,,0,0.31246064471918156,-0.004668118707883321,4.818923011526421,4.01289317284843,-0.2403842316711142,0.2658894501010584,-0.4732284384849575,1.0863243471476245
FRB20200321G,0,True,FRB20190113A,0,-0.2316874133340667,1.055570164350771,0.6942279045236,0.5240911629189658,0.04232983869323747,0.004764098176503337,0.3364149606272808,-0.5919715848284506
FRB20200321F,0,False,,0,1.3683838111069873,0.447427394391761,-0.915048106424593,-1.5752185207232647,-0.23298218847142066,0.22776025316316242,-0.6840365185634072,-0.261242521122027
FRB20200321E,0,False,,0,0.8012789010479047,0.87070756138163,-0.5532012442712383,-0.5283145590609022,19.31222987142653,-13.506998029844413,0.9896442789203127,-1.8084793582877305
FRB20200321E,1,False,,0,0.8012789010479047,0.5634261007699862,-0.5532012442712383,-0.5283145590609022,0.5344280202418671,-0.18513765212862054,1.4072498216203093,-0.699612596867063
FRB20200321D,0,False,,0,-0.3886460008606472,0.13863038841784045,0.0216687006110508,0.6539554065420095,-0.1929715780361959,0.07683118440503267,-0.7218867208129267,-1.0239735854337977
FRB20200321C,0,False,,0,1.1331790590183568,-0.5808876674874082,-0.12382385654570531,-0.5291599399670577,0.1700441688794115,0.01653661121461713,1.192431124084957,-0.3308805041012057
FRB20200321B,0,False,,0,1.9749420577035286,1.2823141450582236,-0.7375388871935192,-0.20296481962843538,-0.20661348711411034,0.2590065532517741,0.9096825933733146,1.3237919233244106
FRB20200322C,0,False,,0,0.4899333243808576,-1.6328401448496668,-0.37336876045787093,-0.7407319724838004,-0.27913235112301066,0.30049422648010543,-1.0610345595122637,1.3237919233244106
FRB20200323G,0,False,,0,0.4012434236401815,-0.1839970833566901,-0.33612275732392244,0.08979361452031237,-0.2723638756397901,0.29748847085444696,-1.0610345595122637,1.3237919233244106
FRB20200323F,0,False,,0,-0.38161334634399136,0.16934589727137817,0.26252379827696876,-0.09721287475666876,-0.06553199110899567,0.04027832638249479,-0.09096646212391621,-0.6125137626984148
FRB20200324H,0,False,,0,1.4459581724607427,0.07101157969587465,-0.22649492457545167,-0.28801318728590214,-0.2429780236737087,0.26904406782421764,-0.5358943362490627,1.2192322379662928
FRB20200324G,0,False,,0,1.5281944955068518,0.38258365811329603,-0.08572800484943785,-0.24938757541828854,-0.2505814146145349,0.2657723564080626,-0.9552545240864542,0.41315717834889765
FRB20200324F,0,False,,0,0.1523084464942767,-0.35341492567767063,-0.5008521919670462,0.23276251248974772,-0.21337675514574556,0.11301001571929806,-0.7943284986282322,-1.0184271974089074
FRB20200324E,0,False,,0,-0.1938169810675496,-0.2490312274816909,-0.5138593290919014,-0.9524825835049524,-0.14212312443091538,-0.1947833004761633,-0.7855552729412575,-1.3458695126561369
FRB20200324A,0,True,FRB20180916B,0,-0.5574139175622778,0.9940676794275896,-0.5823334448492125,-0.2337769676756055,-0.12050876362789842,-0.2485134555884144,-0.7637475405193489,-1.3512104789023274
FRB20200325A,0,False,,0,0.6671019073743114,0.3192799036830723,-0.548063886679375,-0.8629356597940863,-0.25407138485979114,0.2722599193736948,-1.0610345595122637,0.6296717330983204
FRB20200327G,0,False,,0,-0.041090274615810336,-0.07657470643479108,-0.4811839224001748,-0.8547549637957621,-0.2722734509252496,0.2930084525558753,-1.0610345595122637,1.2219027210893882
FRB20200327F,0,False,,0,0.4018185826176008,-0.4147264323013205,-0.32505913181552604,-0.5005769457630882,-0.24189095057255267,0.2276385625510363,-0.8564930692102245,-0.4607070682393794
FRB20200327E,0,False,,0,-1.4051670712876623,-0.16980461795506102,1.3755352656008653,0.3095812436290429,-0.27070255257563003,0.2846791887012562,-1.0610345595122637,0.22807215574052023
FRB20200327D,0,False,,0,0.6698755706714304,-0.2981669071028932,2.3294977008970994,1.105164051857151,-0.2107278840014257,0.26420047366416016,1.0951736507550658,1.3237919233244106
FRB20200327C,0,False,,0,1.1753171347652966,1.4383211789525012,-0.7717902550951281,-0.3016556916489378,-0.18175643657764232,0.056289374759234255,-0.6920577534772127,-1.0309579259095856
FRB20200327B,0,False,,0,0.07289152900921136,-0.8653465230353863,2.927581174401427,1.282035792250432,-0.2250383979018855,0.2725355792564266,0.9214637821529663,1.3237919233244106
FRB20200327A,0,False,,0,0.11295385758738313,-0.15208235746249169,-0.10554308368224363,0.21909139647935785,-0.2359562249632779,0.27124303714189024,-0.02153264740128772,1.3237919233244106
FRB20200328C,0,False,,0,-0.6301499619507014,-0.6846164570478738,2.832385819835222,1.2848312323232711,-0.2527957381122628,0.28762960320605896,-1.0169177674863337,1.3237919233244106
FRB20200328A,0,False,,0,0.9902577092460092,-0.40532088605198296,1.5601660724026576,0.6280751662833032,-0.2391635744408727,0.2728700299457649,-0.16140293121077037,1.3237919233244106
FRB20200329A,0,False,,0,-1.6119812183987559,-0.6752446642830141,0.8810743880796088,0.14469574933333204,-0.01986533678954575,0.01828216140479269,0.06645027305951588,-0.6291529267730859
FRB20200330B,0,False,,0,0.566050570135143,-0.612999734724656,-0.0034951463241851893,-0.5809303893617005,-0.24195103641262192,0.26664735610552853,-0.5348916818848369,1.0495538487603886
FRB20200401B,0,False,,0,0.4824059061995683,-0.7858700118770618,3.1587829882348633,2.6928297792390974,-0.2520301091519454,0.2699596553982128,-1.0116538320741488,0.6048156978756637
FRB20200401A,0,False,,0,1.3906893177103743,0.9516709024519949,-0.3830580651487462,0.5364593129218612,-0.24412002686586978,0.2568769289085304,-0.7609902410177283,0.27408663416924006
FRB20200401A,1,False,,0,1.3906893177103743,0.4461737644478298,-0.3830580651487462,0.5364593129218612,-0.1951837654694716,0.19095723920774724,-0.3381207629055469,-0.22714250585788645
FRB20200402A,0,True,FRB20190905A,0,-1.2311854770175559,-0.1588855789843303,3.106400997443732,1.709146020163957,-0.16766326252059852,0.1401886893924705,-0.3499019516851986,-0.4880281648064318
FRB20200405B,0,False,,0,-0.32906636129898414,0.14739637037188405,1.0906987782189477,1.0421354032959076,-0.25236527541323667,0.2888724924735663,-0.870530230309384,1.3237919233244106
FRB20200412D,0,False,,0,-0.5504915936437087,-0.9009659640329264,0.12369650430335148,-0.6683149687190935,-0.2714463860273272,0.286985675991907,-1.0610345595122637,0.3628288425674854
FRB20200412C,0,False,,0,-0.4174385774766145,-0.6206629659657319,0.2740130323244783,0.13916073598645656,-0.09248233771546041,0.06341332065538395,-0.15237904193273924,-0.5597203655726068
FRB20200412B,0,False,,0,-0.2598654801624846,-1.141178262110217,1.3891308337948463,0.8428622916773573,-0.2579109626110457,0.2769403865138207,-1.0610345595122637,0.7186193632752653
FRB20200412A,0,False,,0,0.8762832633471709,0.1831386562064726,-0.6430899498775833,-0.8181621177955463,-0.044687098825569496,0.046165040091406664,0.05943169250993611,-0.552736025096819
FRB20200415B,0,False,,0,-1.0763096884941357,-0.3126885859700408,0.6553765505649481,-0.3931377183309798,-0.26370562714479345,0.2910200472873129,-1.0610345595122637,1.3237919233244106
FRB20200415A,0,False,,0,0.6352560990673826,0.18054258326549785,-1.1361496731549587,-1.8000847822666255,-0.19919684548158165,-0.010197488544353754,-0.8474691799321934,-1.268836345643771
FRB20200416D,0,False,,0,0.33409616210353293,-0.6190426302819583,-0.23795273992163402,0.46378336213198673,0.2917716149814238,0.0019695298286543602,1.8449084516048195,-0.21153045067671364
FRB20200416C,0,False,,0,-0.391464468961882,-0.5748345431418254,0.4882707655510132,-0.4275573730357604,-0.25705010718849924,0.2778772362292451,-1.0610345595122637,0.9086345085724342
FRB20200416B,0,False,,0,0.2746407535371579,-0.9809397356262283,1.9550714443124089,0.508042092509177,-0.20802348699167444,0.2565241799187562,0.6835840342404232,1.3237919233244106
FRB20200416A,0,False,,0,0.15019004146365172,0.261081390772675,-0.001671488561435181,0.8620287825387802,-0.05697260071997071,0.0878339417733807,0.2291309436551328,-0.3536823215368659
FRB20200417C,0,False,,0,0.19695781608175866,-0.8219004263819499,0.07518666593850935,-0.6816401070493563,-0.08883357835417816,0.007200749202846382,-0.32834488285434643,-0.7614445522556553
FRB20200417B,0,False,,0,0.8974802876914109,-0.38359561505994755,0.12969497979983466,-0.4064873725914399,-0.2437505924459014,0.27413571050229046,-0.4376342085549458,1.3237919233244106
FRB20200418B,0,False,,0,1.738992802636013,-0.6551970264333686,0.24168705593684425,-0.24986031991638885,-0.2169563601023086,0.2616163309149227,0.5447164047951663,1.3237919233244106
FRB20200418A,0,True,FRB20191114A,0,0.1971675522276838,1.1089776439574026,-0.1268870522181838,0.4936280727723348,0.5431260024163284,-0.5251772192463458,0.25519995712500054,-1.196527879541497
FRB20200419C,0,False,,0,-0.5773281810308725,0.021111561135573158,0.31398925534236255,1.5230065866373745,-0.16667383036373354,0.038115697837065296,-0.6436796804033235,-1.0118537004905188
FRB20200420C,0,False,,0,-0.14575273036457617,0.21255980261587878,-0.504050835102763,-0.7966588104803255,-0.26898164482474274,0.29334092018327107,-1.0610345595122637,1.3237919233244106
FRB20200420B,0,False,,0,-0.54310255849262,0.29514921307666275,0.6701727516937019,0.7554927937215793,-0.2619320636345989,0.30127872603460926,3.045587052765074,1.3237919233244106
FRB20200420A,0,True,FRB20200420A,0,0.5131611205899944,-0.23863066796797822,-0.6202705437621384,-0.8489865568788718,0.5613719160081116,-0.6185947118669136,0.13312678828052374,-1.2591815220448879
FRB20200420A,1,True,FRB20200420A,0,0.5131611205899944,0.41492851728206964,-0.6202705437621384,-0.8489865568788718,0.15976714096956232,-0.2580123241431956,-0.08068925489060297,-1.0747127647726094
FRB20200420A,2,True,FRB20200420A,0,0.5131611205899944,-0.7158655999824455,-0.6202705437621384,-0.8489865568788718,-0.08513957775320052,-0.16845588878189469,-0.6110934135659888,-1.1696176265318439
FRB20200421C,0,False,,0,1.1906957660386306,-0.16281385623226585,0.12124363761960087,-0.2940148049115882,-0.2727637269198836,0.2873128616256648,-1.0610345595122637,0.2590908443241662
FRB20200421B,0,False,,0,1.060976525918069,-0.3205635020693471,-0.8109002976544047,0.31658495802533154,-0.25850610537029556,0.28508887279141937,-1.0610345595122637,1.3237919233244106
FRB20200421A,0,False,,0,-1.012847548526611,-0.2618753683885399,0.8028671241393883,-0.1234184041448902,-0.23132507916117945,0.24888040924611085,-0.4396395172833972,0.4300017642022683
FRB20200422D,0,False,,0,0.23775266791266988,-1.257290239225814,-0.7995324721004363,-1.2168845418805163,-0.1819103552379902,0.03927500799102099,-0.7186280941291933,-1.082929635920595
FRB20200422C,0,False,,0,-0.13052137371483347,-1.268171784838219,-0.7588551370753496,-1.3096747136932931,-0.03724478208813735,0.06913012598933821,0.24166412320795383,-0.42270403917994565
FRB20200422B,0,False,,0,0.11068992323752355,0.49075422753830833,-1.0084022315868417,-1.6583505465640762,-0.13671564153102475,-0.0985429989922522,-0.6973216888893975,-1.204539328910783
FRB20200422A,0,True,FRB20190208A,0,0.2710994143758163,0.17966173953562747,-0.5525181730059084,-0.646696018856436,0.47909104656458246,-0.09954236338011904,1.830369963323547,-0.46440466025597293
FRB20200423E,0,False,,0,0.4903693288675214,0.7205731681539451,-0.8583434159906784,-1.3803002559570854,-0.2972601806015133,0.3162090626089322,-1.0610345595122637,1.3237919233244106
FRB20200423D,0,False,,0,0.49200874933357364,-0.18167467997562417,0.76747638363029,0.2899006491156588,-0.20359074442007546,0.2742130936380023,3.045587052765074,0.8730965408573961
FRB20200423C,0,False,,0,1.1674878122519774,1.7444432802389853,-0.6832520853348967,-0.06760788515647152,-0.24078397575767913,0.27169819728399075,-0.32358227462427447,1.3237919233244106
FRB20200423B,0,True,FRB20180916B,0,-0.5606196359164793,-0.7245582688005506,0.345319515789803,-0.6254123312507132,0.1394544235380248,-0.029640086766410226,0.646485822764073,-0.5948474897302456
FRB20200424A,0,True,FRB20180916B,0,-0.5580380770846597,-0.019462557020754154,-0.06960376307652469,-0.7841851652867049,0.47852162334796156,-0.19117885134109,1.1565862305638888,-0.7589794909112596
FRB20200427C,0,False,,0,0.18769556179535504,0.10286048378604615,0.1870387371032301,0.5060896807446592,-0.25263914352292527,0.12888490270117617,-1.0585279236016996,-1.2439803104211142
FRB20200427B,0,False,,0,0.26123546930368374,0.07402320452781995,-0.7955818914732442,-0.9571556042014844,-0.15483007423103412,0.09386846931467581,-0.43938885369234076,-0.7094728422446458
FRB20200427A,0,False,,0,-0.758820787376807,-0.2580837065377151,2.1883526851057384,1.3750221588456235,0.06146282027936373,-0.013855737781426153,0.33666562421833723,-0.6367535325849726
FRB20200427A,1,False,,0,-0.758820787376807,0.5637673111417857,2.1883526851057384,1.3750221588456235,9.77724046395932,-3.268782040030929,3.045587052765074,-1.9818553395102283
FRB20200428E,0,False,,0,-0.0708666825392998,-2.437908981121892,-0.6116609166719255,-0.6613621170468464,-0.17151483673318305,0.0665152403152705,-0.6161066853871172,-0.9391343908308456
FRB20200428C,0,False,,0,1.3913737973772506,-0.49205490648846567,-0.8066511602460671,-1.3003306053977155,-0.21467418931050875,0.26479070287473594,0.9019120220505655,1.3237919233244106
FRB20200428B,0,False,,0,0.4685019611603296,0.11190189668026126,-0.7516521114030944,-1.047320930729359,-0.2491126414153375,0.2786465657240725,-0.7268999926340551,1.3237919233244106
FRB20200428A,0,False,,0,1.4502619337999865,0.2663248155977292,-0.7930107795060917,-1.0851171815674754,-0.25879120300057756,0.2880604246749872,-1.0610345595122637,1.3237919233244106
FRB20200429D,0,False,,0,0.7244717499707267,-0.9668439085293594,0.466500278220148,-0.2825452868278016,0.17729167889845057,0.04330420717453941,1.553637358797259,-0.1384002974596411
FRB20200429C,0,False,,0,0.8902507140973274,0.3614644767724401,-0.23525850071110732,0.21913494096893596,-0.18479743594572165,0.2486505984851108,1.2162441652353169,1.212864162826604
FRB20200429C,1,False,,0,0.8902507140973274,-0.2582573242460029,-0.23525850071110732,0.21913494096893596,-0.25414287397430785,0.2846323657161007,-1.0610345595122637,1.3237919233244106
FRB20200429B,0,False,,0,0.5278266792525057,-0.2263175453147973,1.2857433165781775,0.626310906074576,-0.22962368085704082,0.29099091699645063,3.045587052765074,1.0581815634657736
FRB20200429A,0,False,,0,-0.9883961411686369,0.09966310170344483,-0.5649345747819953,-0.7729203577883135,-0.28601864855548664,0.32396775561889035,3.045587052765074,1.3237919233244106
FRB20200430D,0,False,,0,0.8881649002684955,1.5355567356730733,-0.8566805075478586,-0.46656288735681267,-0.0046937812556599795,0.062301250211476575,0.41863261849378675,-0.3951775208341936
FRB20200430C,0,False,,0,0.0401287900487248,0.13896591929546098,-0.8778399142033062,-0.9188422940445573,-0.136393965818022,0.20833954798347554,0.9239704180635305,0.951773082099359
FRB20200430C,1,False,,0,0.0401287900487248,-0.08396132239452772,-0.8778399142033062,-0.9188422940445573,-0.2964548495318757,0.3282807660416508,-1.0610345595122637,1.3237919233244106
FRB20200430B,0,False,,0,0.7938503248570387,0.685607069288886,0.6481720153738347,2.385785622576401,-0.2545856628271104,0.2806626473767829,-1.0610345595122637,1.3237919233244106
FRB20200501C,0,False,,0,-1.576267576526399,0.6294565141660369,-0.7596165458599373,-0.6060829170132866,-0.24816079243321426,0.25990150556037916,-0.8853193821817129,0.22766131218312094
FRB20200501B,0,False,,0,1.3496044728195622,0.8728909431902184,-0.5599130715785078,-0.08503361785128367,0.15310542347074937,0.10330216880335337,2.406645559162258,-0.4068865622200732
FRB20200501A,0,False,,0,-0.07584391895172496,0.24724728704822696,-0.6901232367788276,0.1035580855207843,-0.2892263090138195,0.2744263917627583,-1.0610345595122637,-0.9342042681420542
FRB20200502A,0,False,,0,-0.28786137685156743,-0.4977022622884815,0.5698616312312305,0.7180973000884037,-0.14774034909619066,0.1249103772156391,-0.2556524414479845,-0.44304079527121015
FRB20200503B,0,False,,0,0.5177457819475106,-0.609261566868532,-0.20754039736572275,-0.8202143042847984,-0.151532335634492,0.0424871934360515,-0.5569500778978019,-0.9208518525265774
FRB20200503A,0,False,,0,0.7962893785393549,-0.7398098729459069,-0.5176108412558476,-0.42172755946279483,-0.26857574915834775,0.2880199308988326,-1.0610345595122637,0.8554302678892269
FRB20200505B,0,False,,0,0.7156442317830191,-0.9144804083164585,-0.291987632842262,-0.9242067005243503,-0.22624721544005208,0.0003664377081322071,-0.9524972245848335,-1.3579893975994157
FRB20200505A,0,False,,0,0.5885051058995024,0.4096221629203209,-0.18294170380241673,0.2742140582522942,0.04954086667834177,0.11796768886970214,1.5646665568037414,0.19643720182077537
FRB20200506E,0,False,,0,1.5196407384547013,0.7162966513478017,-1.1971462034132296,-1.6549771131235544,-0.25044514125154854,0.28995786162584913,0.13187347032524163,1.3237919233244106
FRB20200506D,0,False,,0,1.147615643596103,0.2431393970269964,-1.0952477164014869,-1.4649278528713818,0.5819270910982225,-0.29114362428919144,1.010700020569052,-0.9011313617714118
FRB20200506C,0,False,,0,1.3140831596244256,-0.606466076146321,-0.7601870937158786,-1.4084546542190541,-0.1458612722878747,0.22873007357966074,1.4531212587836342,0.8246170010842806
FRB20200506B,0,False,,0,1.5672414344530439,-0.3406993173819786,-0.4874822558577798,-0.5025358642548347,-0.24457506712827792,0.2873587482436034,1.215742838053204,1.3237919233244106
FRB20200506A,0,False,,0,0.7044689168044262,0.42379802204610884,-0.5649135858117744,0.10188251211652581,-0.25719746116880143,0.2889634988122963,-1.0610345595122637,1.3237919233244106
FRB20200507A,0,False,,0,-1.7666694663124258,-0.42627007497770975,1.9364317737865926,0.7728477057004648,0.017008348358449908,0.15156951775108227,1.9226141648323098,0.06578895056780305
FRB20200508E,0,False,,0,-1.0302768633299872,-0.2443230467309819,-0.4405478515575221,-0.8181190481745875,-0.22370504691106907,0.26609030884172574,0.4489629130116136,1.3237919233244106
FRB20200508D,0,False,,0,-0.018926292002132614,0.22509781969313453,-0.16664364893299508,0.07334545139211293,-0.22858090012307675,0.257698843430889,-0.15889629530020616,1.0846809729180273
FRB20200508C,0,False,,0,-0.03988860434771343,-0.3643429729945575,-0.08808938417779369,-0.6483488138078823,-0.23661822795542167,0.2447159353617399,-0.6416743716748721,0.08016847507677799
FRB20200508B,0,False,,0,-0.015392068988097264,-0.8850306776118376,-1.111311493099971,-1.814571739598681,-0.2672681073703678,0.28948798288016087,-1.0610345595122637,1.3237919233244106
FRB20200509C,0,False,,0,1.225183007926277,0.7528897743650236,-0.096310280657839,0.6824548807872194,-0.2250448473487569,0.24778686840259218,-0.26442566713495924,0.6163193174828436
FRB20200509B,0,False,,0,-0.5531835660406792,1.2856526912669364,0.19411644956815605,1.4587325562570121,-0.2954850269658859,0.3075244372886196,-1.0610345595122637,-0.37833293498082293
FRB20200509A,0,False,,0,0.925823602759551,-0.47908781841636366,-0.5201803772526215,-0.2510759318987639,-0.2682760399114754,0.292331326893686,-1.0610345595122637,1.3237919233244106
FRB20200510A,0,True,FRB20200510A,0,-0.8576809736292665,-0.3385905518357983,1.9663327470355472,1.8841053994360843,-0.2623719588033818,0.28777931768523074,-1.0610345595122637,1.3237919233244106
FRB20200511C,0,False,,0,2.1560246857921714,1.005164527155998,-0.7789287808556431,-0.2155224541800805,0.35277204822785785,-0.010842793438922313,2.093316070341732,-0.4025727048673807
FRB20200511B,0,False,,0,0.2414446139083355,0.7621062280366383,-0.8325914319525258,-0.49956007549026626,0.14628131116507642,0.08747604893452966,1.9892906800533179,-0.16346175446099742
FRB20200511A,0,False,,0,-1.0295539062812278,-1.4232308864833756,-0.4464446478583689,-0.8771389909516113,-0.1716053582629665,0.14554798324950247,-0.35867517737217336,-0.47755165409275
FRB20200512E,0,False,,0,-0.270457127686654,0.6754493656204367,-0.4517429622271222,0.27222695893205956,0.37328023636656515,-0.02256926584160217,2.0742656374214445,-0.4040106573182782
FRB20200512D,0,False,,0,0.6067966926735648,0.24585716709939415,-0.6602066549455595,-0.905035615509231,-0.11743473190771601,0.18667485015894028,0.747252586368754,0.5436000078231703
FRB20200512C,0,False,,0,-0.7325918949204321,-0.7339372505838277,-0.405699575228593,-1.4997594366031537,1.3783878412792316,-0.6080634102475773,1.7213313012140041,-1.0188380409663067
FRB20200512A,0,True,FRB20180916B,0,-0.5553088069007456,1.0077939206279753,0.35052171686543143,0.8670288422400702,0.6634567129496959,-0.14523029458862333,2.2976068970527153,-0.6842059634645898
FRB20200513B,0,True,FRB20190208A,0,0.2703717797012671,-0.04062975430882855,0.04695083616438748,-0.8106110096031792,0.2013566057528912,0.08246600846702007,2.4439944342296647,-0.48330346389634
FRB20200513B,1,True,FRB20190208A,0,0.2703717797012671,0.662408861422158,0.04695083616438748,-0.8106110096031792,-0.20783591738786938,0.2092425604546289,-0.37572030156400993,-0.1213502898275708
FRB20200513A,0,True,FRB20180916B,0,-0.5570521658494155,0.8436723771709536,-0.7208231386770952,-0.5459375218593461,-0.12155783339749891,-0.19098521509467845,-0.7296572921356758,-1.2920490066368306
FRB20200514E,0,False,,0,0.4587675965209602,0.5750228704206877,-0.11623116855683555,0.6436419255838699,-0.2536686837288905,0.27232779404831864,-1.0610345595122637,0.6687018710512523
FRB20200515A,0,True,FRB20191013D,0,0.10032777536478335,0.8693668792206958,0.5646457682584338,1.8887318312646073,-0.24589004961153468,0.27287932817752447,-0.6211199572082456,1.3237919233244106
FRB20200516H,0,False,,0,0.9149372686744213,1.2501997036466161,-0.4827120010595816,0.7883790124090869,-0.24404777542406217,0.2489640502440918,-0.8146322495038023,-0.03075928542102869
FRB20200516G,0,False,,0,-1.2864654842015102,-1.1485553928716368,0.15039986300740452,-0.4262285141035833,-0.26203442614332856,0.25809039561853087,-1.0610345595122637,-0.42393656985214345
FRB20200516E,0,False,,0,1.143120980614747,-1.5272710493622417,0.389142618690582,0.7854021221609929,-0.2507845516017905,0.28602392362412415,-0.6614767953683294,1.3237919233244106
FRB20200516D,0,False,,0,0.5386876227729066,-0.4336488216464344,-0.2788166632266087,-0.7982932167030011,-0.07183707524098729,0.10889119480257355,0.2734983992721192,-0.2435762481538578
FRB20200516C,0,False,,0,-0.773428622911121,-0.5516981962022078,-0.4603359802515388,-0.7439001883199517,-0.08519928776509636,-0.027540641689113632,-0.3982800247590878,-0.857992788244487
FRB20200516B,0,False,,0,-1.3312764361667404,-1.464824666232375,0.43995353574250373,-0.2233445490247385,-0.1982915043434114,0.20060964052927469,-0.3025265329755351,-0.11662558891747904
FRB20200518B,0,False,,0,-2.5619504653386493,0.6705766689317767,-0.12828235980046537,-0.9482530155658216,-0.23032057773235823,0.27710693308665996,1.0355157160836377,1.3237919233244106
FRB20200519C,0,False,,0,-0.06263918403753031,-0.17855762415658,-0.2102671204127431,-0.7035831773509689,-0.27527023091660946,0.2945619604184299,-1.0610345595122637,0.9439670545087726
FRB20200519B,0,False,,0,0.016969213472458607,-0.6842472658479387,2.082942587655007,0.432534312945862,-0.2271752222661409,0.25689995749163014,-0.12480604691653298,1.095157483631709
FRB20200519A,0,False,,0,0.22437960236315865,-0.8373066487643702,2.33852359864456,1.1857726966327142,-0.23428569763949136,0.2836761882262926,2.2043600411797266,1.3237919233244106
FRB20200520B,0,False,,0,-0.5483208568497601,-0.7305396431687335,0.3070778189281934,-0.7569274457351597,-0.16869136812933497,0.13102201599164837,-0.40203997862493407,-0.5718402505158857
FRB20200520A,0,False,,0,0.41156379484514277,-2.3646366436708752,-0.3629126324426666,0.07244338912890498,-0.22024442496417046,0.2610006386924218,0.3431828775858042,1.3237919233244106
FRB20200521C,0,False,,0,0.9742739495483961,-0.8125219466087731,0.918665927042121,0.8704341433678489,-0.24675123249709263,0.26844494118368184,-0.749459715829133,0.8702206359556011
FRB20200521D,0,False,,0,0.46679040144002903,0.35378027165170534,-0.12066734272272693,1.211687898019156,-0.25481589506264846,0.28265586711372837,-1.0610345595122637,1.3237919233244106
FRB20200521B,0,False,,0,0.26865882966468996,0.018505196655452732,0.6899945066995168,1.1002760152613629,-0.23670560344785468,0.26959515186370525,-0.14987240602217503,1.3237919233244106
FRB20200521A,0,False,,0,-0.7266875579031834,-0.17043867688648973,0.10700224755399357,-0.3565352528506369,0.17581121051852963,0.04971154532023456,1.6295884268873544,-0.09135871013742308
FRB20200522B,0,False,,0,1.7138478382965534,0.9669655342501765,-0.25279081047723717,1.0281606396694012,-0.24633120725058033,0.26009312269669593,-0.8153842402769715,0.3277017184098466
FRB20200522A,0,False,,0,0.343098119116334,-0.9959434045438306,2.3356730711850737,0.830593692667107,-0.2211947627343165,0.26147628117607236,0.3201218272086135,1.3237919233244106
FRB20200523E,0,False,,0,0.215489764547672,-1.305584905135231,-0.2933203117840583,-1.0425526744629048,-0.24419565298002532,0.2696490509178916,-0.5905389990993624,1.1884189711613466
FRB20200523D,0,False,,0,1.7423816146061262,-0.22460091662827333,-0.379970358594622,-0.11312944667495098,-0.22411651812057015,0.2677487028849162,0.5397031329740378,1.3237919233244106
FRB20200523C,0,False,,0,-0.5387595784002003,-0.21850915287050124,-0.4246390288569123,-1.3182162404635986,-0.19244379172868084,0.15981366885781256,-0.49077488985890694,-0.5564336171134125
FRB20200523B,0,False,,0,-0.1435422099621735,-0.20827147236946156,1.1817411244003853,1.156889973620456,-0.2046534413486287,0.20075373741528418,-0.3965253796216928,-0.2176931040377029
FRB20200524A,0,False,,0,0.6141588521312787,0.006122065252851849,0.4196036759022916,0.25007222405349855,-0.12105233695040939,-0.6031165700004519,-0.8845673914085436,-1.563822019856457
FRB20200525C,0,False,,0,-0.6041864016543615,-0.609136798267712,-0.1226592051320808,-0.8857215902144256,-0.2514435592482327,0.24363710587696985,-1.0241870116269698,-0.4050377662117764
FRB20200525B,0,False,,0,-1.1484917498455873,2.359702301155352,-0.25901348749476777,0.653328388170132,0.42972489938496855,-0.921953657584135,-0.3458913342282959,-1.4251623192341987
FRB20200525B,1,False,,0,-1.1484917498455873,-0.3400274758951871,-0.25901348749476777,0.653328388170132,0.24535976761639308,-0.7244568164249002,-0.4441514619224127,-1.3818183239285742
FRB20200525A,0,False,,0,-0.06800384201833228,-0.007418319253004682,0.9917559442634657,0.5231142681564761,-0.2632747821270064,0.27543514253804313,-1.0610345595122637,0.1643914043436312
FRB20200530A,0,False,,0,-0.6813292166252358,0.7904717598444616,-0.7600410956520574,-0.8491203409080793,-0.23033998390170646,0.2523532559272717,-0.3488992973209729,0.6456946318368925
FRB20200530B,0,False,,0,-0.014552193695678454,-0.31146346226597144,-0.7920649746073198,-0.5840494739275662,-0.26118326387422863,0.2824420777749855,-1.0610345595122637,1.0232598610868344
FRB20200530C,0,False,,0,-0.6011183292776173,0.0878076616728328,-0.3013820243178401,0.5422666853195053,-0.2156545217268902,0.2484526083970311,0.05517041146197696,1.0281899837756259
FRB20200603B,0,False,,0,-0.8341222051760298,-0.8631620581884216,0.8355996487002604,1.0673823660498327,-0.289668074420758,0.29623300664831886,-1.0610345595122637,-0.5104191386846928
FRB20200603B,1,False,,0,-0.8341222051760298,0.5380250868870512,0.8355996487002604,1.0673823660498327,-0.2692238478767451,0.28653111825693045,-1.0610345595122637,0.5622933896848378
FRB20200603B,2,False,,0,-0.8341222051760298,1.0090915282182986,0.8355996487002604,1.0673823660498327,-0.29228030659485077,0.2865684861323498,-1.0610345595122637,-0.8501867606539006
FRB20200603A,0,False,,0,1.4035031780072165,0.007978870146369284,-0.5387286878914167,0.7024369767164921,-0.22866350083530654,0.2608501785371467,-0.06339346710770995,1.3237919233244106
FRB20200606B,0,False,,0,-0.20199061031786303,-0.3400171553694066,-0.6930310373560024,-0.19032453667775195,0.16322664218149244,0.07554687257596383,1.9308860633371718,-0.14928765173072212
FRB20200606A,0,False,,0,0.632368268273763,0.09546601753227503,0.5118954460015991,1.5037099105208784,-0.2457095116434774,0.2779041807475333,-0.4461567706508641,1.3237919233244106
FRB20200607E,0,False,,0,-1.3135102011278144,-0.7308511572439155,-0.9320635984183135,-1.5368992771766072,-0.04463940107035946,-0.09588259579590411,-0.3814855641583076,-0.9576223509138134
FRB20200607B,0,False,,0,-0.22640488905100117,-0.23255303885465242,-0.7094956726329109,-0.5347414312400828,-0.2407277211772809,0.26536063382510394,-0.5020547514564458,1.0140158810453506
FRB20200608A,0,False,,0,0.5926531925548754,-0.8589482570486331,-0.2767070627032584,-0.8685639317746794,-0.23187288254358232,0.26703270942367624,0.02183215385147303,1.3237919233244106
FRB20200609D,0,False,,0,0.9813195395284573,-0.38339368381719946,0.057849193493358306,-0.5308231329226569,-0.2670197169697271,0.2822185908990172,-1.0610345595122637,0.35625534564909683
FRB20200609C,0,False,,0,-0.37851043907429854,1.8315225194882316,-0.7452047498873807,0.4570742883480477,-0.2236708105676328,0.24891067142991605,-0.19774915191395134,0.7295067175463463
FRB20200609B,0,False,,0,-0.6738636704336483,0.31670360924267543,-0.788917580974041,-1.38761138654946,-0.18028791952669623,0.255636270275958,2.012602394021565,0.9201381281796142
FRB20200609A,0,False,,0,-0.04245558460610466,-0.891736661347441,3.6412749067047057,1.7755233040106415,-0.2689554100351982,0.27664510371989814,-1.0610345595122637,-0.12936173919685684
FRB20200610C,0,True,FRB20191106C,0,-0.6445912772608461,1.1443964861245297,-1.2982725506686514,-1.3430944494627848,-0.2303486509133341,0.16636800566109863,-0.845463871203742,-0.8974337697548183
FRB20200610B,0,False,,0,1.0751079472632807,-1.0266207872070816,-0.5114636026954638,-0.5495031992492646,-0.2568116141726767,0.2777066185011314,-1.0610345595122637,0.9139754748186248
FRB20200610A,0,False,,0,0.42644848480912895,-0.8997684900388732,-0.3941183355438401,-0.9043918914439303,-0.0979907242564552,0.08463316303220994,-0.08770783544018274,-0.4652263473707715
FRB20200612A,0,False,,0,0.5963872283565497,2.122050618498795,-0.5835902881263599,1.1154280595098882,-0.059791748072375764,-0.15379645052610597,-0.5208545207856774,-1.0767669825596058
FRB20200613C,0,True,FRB20190303A,0,-1.296146146965457,1.2018258302218765,-1.0551748507823626,-1.314423969701765,0.11744393707716519,-0.6355961536040322,-0.5652219764026638,-1.3684659083130974
FRB20200613B,0,False,,0,0.05072497961531879,1.2510970210714008,-0.33228403613082497,0.5768050686962405,-0.10471084839535794,0.17973082226291848,0.8051558759027871,0.4858764880085709
FRB20200613A,0,True,FRB20180916B,0,-0.5600011057532548,0.5518755169275826,-0.1426028440717984,-0.08504445329361542,-0.20913693941055256,0.07716239511864212,-0.8153842402769715,-1.1157971205125377
FRB20200614A,0,True,FRB20180916B,0,-0.5607719297405515,-0.5138101775001679,0.5783942856885255,0.5663333530884126,0.7775320643943793,-0.4304671751205705,1.0019267948820774,-1.0188380409663067
FRB20200614A,1,True,FRB20180916B,0,-0.5607719297405515,1.1257893138823911,0.5783942856885255,0.5663333530884126,0.13802973253390208,-0.017633202215617264,0.71742361903304,-0.5490384330802255
FRB20200615D,0,False,,0,-0.6287368374754393,0.4929780484982188,-0.6071332914793083,0.49476662835492463,-0.1917549269554362,-0.08424319999273072,-0.8660182856703685,-1.352648431353225
FRB20200615C,0,False,,0,-0.7081685283763295,1.1594208220737232,2.0242734638832216,2.578604262107092,-0.012796139401688455,-0.033831046333976024,-0.10099300576617302,-0.7891764923801069
FRB20200615C,1,False,,0,-0.7081685283763295,0.7848003585890695,2.0242734638832216,2.578604262107092,-0.00598724559028684,-0.12276091739068201,-0.3010225514291966,-0.9759048892180815
FRB20200615B,0,False,,0,0.7600464529443479,-0.7622995965109062,0.2606921818526276,-0.4325350919864528,-0.257476757955189,0.28855820271769866,-1.0610345595122637,1.3237919233244106
FRB20200615A,0,False,,0,-1.3784207174507808,-1.597813434084479,-0.21019531870413952,-0.2786943964203445,-0.23180944554033073,0.012490614060288804,-0.9715476575051215,-1.3627140985095074
FRB20200616B,0,False,,0,0.6888227386137858,-0.8595209774209152,0.7469201459535606,-0.09557110589617882,0.27775992388542164,0.013275206063535227,1.8962944877713859,-0.2318672067679782
FRB20200617C,0,True,FRB20191106C,0,-0.6417255021094955,1.5326995595862472,-1.1482724535616216,-0.6891095337632644,-0.17531438809883343,0.07546873261261118,-0.6196159756619071,-0.9259873969940685
FRB20200617B,0,False,,0,0.31989453772459514,-0.9965248683310237,-0.3785540896432611,-0.9094219789704628,-0.24796087865083113,0.2760749775574842,-0.6930604078414383,1.3237919233244106
FRB20200617A,0,False,,0,-0.05294738507846611,0.10674701906944077,0.5708048019204066,0.5107951886356615,0.09503758927082996,0.047860742058799935,0.9949082143324975,-0.28014132476239406
FRB20200618A,0,False,,0,0.5110883285720845,-0.5639697417869487,-0.4912382915276917,-1.0401597511539538,0.2418175217794803,0.029358769206118615,1.8551856588381328,-0.17927923142086985
FRB20200619A,0,True,FRB20200619A,0,-0.18128614072786972,0.23618285904402572,-1.0220552023914182,-1.6561020132788766,-0.05718541242841353,-0.26457305350585003,-0.6276372105757125,-1.2328875343713337
FRB20200620D,0,False,,0,0.3689789121380946,-0.5534637620890442,-0.3241072069530373,-0.9138953727343984,-0.10232766569672584,0.08623676172025763,-0.10976623145314775,-0.46584261270687044
FRB20200620C,0,False,,0,-0.4753753264765192,-0.38544687794102145,-0.8993060210145872,-1.0322487700647305,-0.22648661290022068,0.27820385167427514,1.7288512089456969,1.3237919233244106
FRB20200620A,0,False,,0,1.7987621513867273,-0.04124621030694928,-0.742190221971772,-1.1215943932845203,-0.1653443519971467,0.2467617566391026,1.9058197042315297,0.8044856667717156
FRB20200621D,0,True,FRB20180910A,0,0.5706145482290543,0.24647182126924375,0.2501061469734257,1.1672117007959986,-0.23560526895347478,0.2732455229709557,0.12585754413988756,1.3237919233244106
FRB20200621C,0,True,FRB20181119A,0,-0.49022058884536635,0.007731556311961839,-0.5625847184187459,-0.534857970876855,1.5130969377307364,-0.5738270764351732,2.1828029723488744,-0.9286578801171639
FRB20200621B,0,False,,0,0.4336384343926595,0.0011827293195756704,0.32610673802981316,0.9581903274466173,-0.25286951531078816,0.28579122359604064,-1.04098147222775,1.3237919233244106
FRB20200621A,0,True,FRB20200619A,0,-0.18181273099390702,-0.4239605409250789,-0.501464218400627,-0.7903197999805637,-0.03569771355871408,0.10036934576032154,0.5023542579066312,-0.2107087635619151
FRB20200622A,0,True,FRB20190303A,0,-1.2916035917999038,0.586535708350754,-0.8692659508409655,-1.208492802566297,2.469304945215108,-0.9760059117841396,2.4124108217565556,-1.093816990191676
FRB20200623A,0,False,,0,1.1321694995118128,-0.5066237969596004,0.6168353560554156,0.4852450251798936,-0.20311133997073566,0.2315201982676128,0.013810918937667574,0.6000909969655719
FRB20200624D,0,False,,0,-0.6891168934428814,-1.0770296751599462,0.1724304333290782,-0.7031593105903212,-0.24783084695647573,0.2779330262845638,-0.6334024731700102,1.3237919233244106
FRB20200624C,0,False,,0,-0.32377102385313106,-2.270682220340243,-0.3433903470660271,-0.85433437440547,-0.264543200853834,0.2879756414036834,-1.0610345595122637,1.3237919233244106
FRB20200624B,0,False,,0,-1.1385187070006781,-0.46226790139065965,0.12383151973946889,-0.6971609222493625,-0.23262263466753877,0.27853613440954167,1.00593741233898,1.3237919233244106
FRB20200624A,0,False,,0,1.1841388138629372,-0.08881365478935953,0.17863630055733967,-0.3224791077010892,0.5334322137032645,-0.04770221838024051,2.7758730287883653,-0.9298904107893617
FRB20200625A,0,False,,0,1.0159456861284324,1.8051246292467025,-0.5050482500947838,1.642828331973777,-0.2683187357529328,0.2834488778101764,-1.0610345595122637,0.3429029300336201
FRB20200626B,0,False,,0,2.058382165152792,-0.05472827659434095,-0.5198319885561454,-0.5595100967959002,0.30091594325352267,-0.10601299564491869,0.9390102335269157,-0.6763999358740035
FRB20200626A,0,False,,0,1.9113244724155058,0.42247095461685463,-0.713057311526136,-0.7729164025843472,-0.2536776443248652,0.2929968942197305,-1.0610345595122637,1.3237919233244106
FRB20200627E,0,False,,0,-1.3352169326744485,-1.069282251165434,1.9015210186627798,0.7020046242458409,-0.2304888775142266,0.2728318334804686,0.49784231326761563,1.3237919233244106
FRB20200627D,0,False,,0,-1.455189992971737,-1.1539287601610864,-0.6173425672995114,-1.3406085972844777,-0.20938788310106257,0.06806587594685576,-0.8271654290566233,-1.1433236388582897
FRB20200627C,0,False,,0,1.367314425489769,-0.9761400688319314,-0.862465588726906,-1.3763922864153217,-0.2272929390954119,0.2374456612551739,-0.4787430374881988,0.12844259307119385
FRB20200627B,0,False,,0,1.4383340100176436,-0.589009496699782,-0.427552545358846,0.7005451157908916,-0.19292059942647355,0.17946466386770843,-0.38975746266316946,-0.3536823215368659
FRB20200627F,0,False,,0,0.8492127803525339,0.006425501118117861,-0.8774030478086265,-1.6351218362973932,-0.21476440367524824,-0.003978150341642907,-0.9071271146036215,-1.319370103203883
FRB20200628D,0,False,,0,-0.2780045899989064,-1.9927313010674754,0.1045149609539025,0.3002661383762564,-0.25948645753738253,0.2746140420260957,-1.0610345595122637,0.38460355110964745
FRB20200628C,0,False,,0,0.427127893336851,-2.348887809700767,-0.7819239447280758,-0.41356821993459963,-0.2462671770042008,0.27594699813978696,-0.5657233035847767,1.3237919233244106
FRB20200628B,0,False,,0,-1.0930572759333526,-1.2990059551372233,-0.5511078806896369,-1.0038702051796193,-0.1804862743036237,0.03439990054732613,-0.7183774305381369,-1.0897085546176832
FRB20200628A,0,True,FRB20190905A,0,-1.1329921995283607,-0.1682053082821502,-0.5781575681782117,-0.5664172521928433,-0.17514626780617606,0.10650699003064755,-0.5404062808880782,-0.7801379341173227
FRB20200629E,0,False,,0,0.6115852725249556,-0.17057313010061412,-0.18531187498183896,-0.5394964948521053,-0.2599945354404373,0.2800825386746391,-1.0610345595122637,0.8500893016430362
FRB20200629D,0,False,,0,1.2513411407695152,-0.13410691959901924,-0.5115769973261679,-0.7392442732010629,-0.23063203506635171,0.28114826364454676,1.9343953536119618,1.3237919233244106
FRB20200629C,0,True,FRB20190804E,0,-0.49118514282757003,0.8324156761455821,-0.6524795284795454,-0.49402557700888994,-0.03170159896618283,-0.02428989582080541,-0.15513634143435986,-0.7838355261339163
FRB20200629B,0,False,,0,0.9571540508438561,0.43355005951014963,-0.2794120804027658,-0.5545825967812128,-0.23319687212232276,0.26317247708019836,-0.19774915191395134,1.300579262331351
FRB20200629A,0,False,,0,1.4020142947674887,2.4401284226790376,-0.283353347526267,2.0555096196877964,1.0663442130552305,-0.3252644291463616,2.388848444197252,-0.8625120673758792
FRB20200701H,0,False,,0,1.8323248623282407,-0.6975472377703091,-0.9635816150558084,-1.310046630322307,-0.1231672030251662,0.0341491192115902,-0.4278583285037454,-0.8082807177991737
FRB20200701G,0,False,,0,-0.5768231119137323,0.9624952426361116,-1.2404273889142778,-1.5926269739021854,-0.18573033790221516,0.17287798476753197,-0.3473953157746344,-0.3450546068314809
FRB20200701F,0,False,,0,0.251971256375259,-0.8884678637659419,-0.9651749926506171,-1.128077831244592,-0.09473579929277463,0.015990219743397736,-0.3326061639023056,-0.7421349050578889
FRB20200701E,0,False,,0,1.47862044437669,-0.18858977050444597,-1.2465852065540148,-1.7873661807297412,1.0079552375125373,-0.29086998403871717,2.4444957614117775,-0.8859301501476383
FRB20200701D,0,False,,0,0.1625097284863878,-0.3490139055461912,-0.7222313406558817,0.022376476887883967,-0.249966069706213,0.2553539405895747,-0.965281067728711,-0.039387000126413656
FRB20200701C,0,False,,0,0.9839081445937041,1.2115850791594747,-0.00029346584017689325,1.9984879520151797,-0.25212299978921,0.2743614558993646,-1.0056379058887948,1.0123725068157534
FRB20200701A,0,True,FRB20200118D,0,0.39484268349474044,0.20373095333439192,-0.5464310653563698,-0.33010595971337875,0.6987151539886206,-0.22480814252615033,1.7762266276553604,-0.6798921061118974
FRB20200701A,1,True,FRB20200118D,0,0.39484268349474044,-0.35647295344216384,-0.5464310653563698,-0.33010595971337875,0.18919396164381014,0.0013783353341499701,1.1671141013882584,-0.3828522141122151
FRB20200701A,2,True,FRB20200118D,0,0.39484268349474044,0.21838001147487265,-0.5464310653563698,-0.33010595971337875,-0.11329779422351957,0.07445046359237337,-0.23760466289192222,-0.5517089162033207
FRB20200702D,0,False,,0,-0.7029033588529567,0.2873171529251791,0.44397641707433216,0.0969426937677688,-0.249620962046346,0.1809443625350315,-1.0256909931733085,-1.0188380409663067
FRB20200702C,0,True,FRB20200223B,0,-1.4451920343324207,0.8003568081875566,0.6140655363065505,0.8912103680896238,0.6870633509266908,-0.1961686097717875,1.9444218972542184,-0.6065565311161252
FRB20200702B,0,True,FRB20180916B,0,-0.5600137149577143,0.805350364925918,-0.5191486484548029,0.4837170871149348,-0.09886941091919664,-0.2785364786884637,-0.73216392804624,-1.334776736606356
FRB20200702A,0,False,,0,-0.8135503178823014,-0.884743270737509,0.12416526373891361,-0.8857232445737594,-0.21601433256216873,0.23343928543641432,-0.26141770404228215,0.3129113503434724
FRB20200703A,0,False,,0,1.1684633794704464,0.3544205539706159,-0.7405006822585299,-0.11911942110120886,-0.2604687562065777,0.24558769566840305,-1.0610345595122637,-0.6190872596168033
FRB20200704A,0,False,,0,1.389557296493877,-0.3220570861552693,0.06281474173444403,0.509750586753691,-0.2616831799164197,0.28775521465849024,-1.0610345595122637,1.3237919233244106
FRB20200705D,0,False,,0,-0.4856072092877318,0.6327313021716371,-0.020309071980843987,0.10402171355802492,-0.2668044787965341,0.34165536711455297,3.045587052765074,-1.1677688305235472
FRB20200705C,0,False,,0,1.3213197322323036,0.1635059956470499,-0.7604302057821765,-0.7743387514217009,-0.18027659448401243,0.24248774178649765,1.0377716884031454,1.221491877531989
FRB20200705A,0,False,,0,1.5033062547658025,-0.6482265553363388,-0.6172470189743643,-1.2654478654134602,-0.227745762023778,0.16235342316543003,-0.8276667562387362,-0.8955849737465215
FRB20200706A,0,False,,0,-0.3381283422410707,-0.582597244273662,0.4093241890085538,1.1539068140527171,-0.10977948033755833,0.22117331600776363,2.102089296028707,0.3669372781414782
FRB20200706A,1,False,,0,-0.3381283422410707,0.34658744532765495,0.4093241890085538,1.1539068140527171,-0.16088824164322046,0.2349532615541583,1.3037257585140076,0.9782724915516128
FRB20200706A,2,False,,0,-0.3381283422410707,1.4006418966039178,0.4093241890085538,1.1539068140527171,-0.2130557578048909,0.26139902046581304,0.7374767063175537,1.3237919233244106
FRB20200706A,3,False,,0,-0.3381283422410707,0.6230148261616686,0.4093241890085538,1.1539068140527171,1.3920278626889955,-0.5173150858698461,2.1675124932944327,-0.8929144906234262
FRB20200707A,0,True,FRB20200308B,0,-1.3293462548717336,0.4009238004309042,0.3119336203447201,0.8051571217431552,-0.2318107895876247,0.26570418016534214,-0.034065826954108744,1.3237919233244106
FRB20200707A,1,True,FRB20200308B,0,-1.3293462548717336,0.5074624457366661,0.3119336203447201,0.8051571217431552,-0.24457947551990775,0.23819961396206404,-0.8762954929036817,-0.3282100209781103
FRB20200708D,0,False,,0,1.1730844395341191,-1.5256272758990626,0.451507354683858,0.5426247778241602,0.000902958135647726,0.15647502657870305,1.8233513827739674,0.14898477094115806
FRB20200708C,0,False,,0,0.14833683173116688,1.4904657701975987,-0.3232762204154641,0.1755540122916888,0.47003652672584506,-0.13618650133092472,1.4786889450713891,-0.6092270142392205
FRB20200708B,0,False,,0,-0.23626036438550657,0.40503674456428845,-0.6317802164634663,0.0949473596099101,-0.22508596469044173,0.26977761049813787,0.6374619334860419,1.3237919233244106
FRB20200708A,0,False,,0,0.8822492895967518,1.1189774974479236,-0.6433693979262943,1.3503995755508706,-0.12122272605802738,0.21979704072385853,1.709299448843296,0.587971112022293
FRB20200709C,0,True,FRB20190804E,0,-0.4891919744365054,1.3552199447600688,-1.0099438254595654,-0.7502064803884162,-0.15438495649847206,-0.13462046501696923,-0.7812939918932984,-1.3078664835967029
FRB20200709B,0,False,,0,-0.6169072302554391,-0.40958628877529196,-0.5030721485889807,-0.9455931901851343,-0.13931124652268265,-0.08827967136163281,-0.6958177073430589,-1.1952953488692992
FRB20200710C,0,False,,0,0.9295183602072573,-0.6649037641649573,-0.7274882613598626,-0.4271406525563252,-0.2590826626055596,0.2798637198833229,-1.0610345595122637,0.926506203319303
FRB20200710B,0,False,,0,-0.5513038188055954,-0.02041786758647476,-0.6496792881812806,-0.09366528990289141,-0.27564924813365443,0.2842257517244781,-1.0610345595122637,-0.17681417007647415
FRB20200710A,0,False,,0,0.10612458982532713,-0.8147473932153977,-0.269240948496364,0.39676748266101103,-0.24024159061051684,0.27930953155349736,0.2108325015080141,1.3237919233244106
FRB20200710D,0,False,,0,0.35074687499282053,-1.1835842052432668,2.387466244902862,1.6815789080337493,-0.2223545476305424,0.26433544108906964,0.41662730976533535,1.3237919233244106
FRB20200711F,0,False,,0,0.11670329848678322,-0.6182003197676496,3.2991453418353514,1.9237710891697681,-0.2587688764776946,0.28798210787948236,-1.0610345595122637,1.3237919233244106
FRB20200711E,0,False,,0,0.5594024876846734,1.0671433333065068,-1.2059899784954848,-1.2167937956698032,0.4108002075172288,-0.03740165589775727,2.124899682814841,-0.45762574155888475
FRB20200711D,0,False,,0,-0.19154380169472077,-1.280438044766538,0.4168672686107127,-0.21293752669049898,-0.17299134122425835,-0.07054125167788335,-0.7945791622192886,-1.2743827336686613
FRB20200711C,0,False,,0,1.8783075334363162,-0.5762545649759508,-0.6857431351707206,-1.2598950458580835,-0.20664921833978991,0.2507300981950807,0.4572348115164755,1.3237919233244106
FRB20200711B,0,False,,0,1.653742896262082,-0.2856656024192626,-0.4954730319211269,-0.06901413478084559,-0.23718677267724847,0.27907108437997863,0.5366951698813608,1.3237919233244106
FRB20200711A,0,False,,0,-0.019381317707049015,-0.8475034277504637,-0.2189547064329541,-0.6819130870196032,-0.27104756059590057,0.29424398585558265,-1.0610345595122637,1.3237919233244106
FRB20200712A,0,False,,0,1.710848680063166,-0.3314628537179448,-0.7141508286698807,-0.30924959783681416,0.23330476455003374,-0.10550330655809546,0.6527524125404836,-0.7394644219347936
FRB20200713B,0,False,,0,1.1231353202058205,-0.053339533350635925,0.27189125998683367,1.3795673959870993,-0.23314657708015593,0.26877149553619706,0.03110670672056059,1.3237919233244106
FRB20200713C,0,False,,0,-1.4518886340225068,-1.0003410975340634,0.9527158357857424,-0.155580694036682,-0.2321426999880435,0.2528418701168792,-0.40128798785176484,0.5953662960554801
FRB20200713A,0,False,,0,1.1844921126487211,-0.41547916816490477,-0.849802941034643,-1.4593523579307475,-0.2362784127506138,0.26475939057123804,-0.29901724270074526,1.2560027363535289
FRB20200714C,0,False,,0,-0.08420979215556565,1.0471199395361788,-0.8444128246745808,-0.5016366673677339,-0.22840757248616575,0.25536977975135616,-0.21379162174156227,0.9209598152944127
FRB20200714B,0,False,,0,1.854719860588471,0.2603734660446893,-0.8426436942536226,0.39051548754208026,-0.01336000804715984,0.15382064802932827,1.5526347044330333,0.3149655681304688
FRB20200714A,0,False,,0,-0.13370158094347429,-0.09822904622037215,1.4021575848159804,0.8385323116119417,-0.2590474469940629,0.2626903463997705,-1.0610345595122637,-0.17763585719127273
FRB20200715C,0,False,,0,-1.54720222637919,0.1411070282518083,-0.85053635774219,-0.5893908747130477,0.03261220327112403,0.07156175057547717,0.7703136367459448,-0.2548744459823381
FRB20200715B,0,False,,0,0.4664853837357734,-0.6654267013594853,0.37342931555363756,-0.4180953718516784,-0.12620056715707115,-0.01466186131461277,-0.5476755250287144,-0.9865868217104629
FRB20200715A,0,False,,0,0.4547870406089959,-0.5730232590743104,3.125242821668323,1.6290932846330821,-0.2811618115259365,0.3046271891511819,-1.0610345595122637,1.3237919233244106
FRB20200716A,0,False,,0,1.141935294062082,-0.6050056500403794,2.4932106019767364,1.2622783524184873,-0.2387297559043265,0.25935622839139166,-0.5293770828815957,0.6723994630678458
FRB20200717D,0,True,FRB20180916B,0,-0.5554914691119259,1.0789605408093128,-0.45673474072154197,-0.3848407177963191,-0.21711192467165372,-0.12560157412223885,-0.959265141543357,-1.468506314539823
FRB20200717C,0,True,FRB20180916B,0,-0.5575522971349852,0.5279103641230255,-0.6990725774217648,-0.8868053690446103,0.05205876796533588,-0.19571673880466464,-0.2591617317227744,-1.0506784166647511
FRB20200717B,0,False,,0,-0.8338697826981225,-0.47734001268692267,3.649826736936845,1.9252463569500768,-0.23696987854232585,0.2599393829464213,-0.44766075219720264,0.8051019321078146
FRB20200717A,0,False,,0,-0.6124539715564625,-0.3427234699963153,0.32562600579697093,0.2700044312575893,-0.20756221829055407,0.17781975892521368,-0.5704859118148486,-0.5535577122116175
FRB20200717E,0,False,,0,-0.13343865430238022,1.9821050049436604,-0.9578348946939403,-0.01454079436107812,0.6909025982911056,-0.1867140509557678,2.0384207439003763,-0.5732782029667832
FRB20200718D,0,False,,0,-1.9785722374970194,0.7284234401026659,-0.8195379487508564,0.2278189603122791,0.6717046559162413,-0.23911788965724184,1.5802076994492396,-0.7365885170329985
FRB20200718C,0,False,,0,-1.6617556549465202,-0.786384509280935,-0.8746494588083679,-1.7639130999796118,-0.1676650084850732,-0.01284353682437991,-0.7201320756755317,-1.1496917139979788
FRB20200718B,0,False,,0,-0.5006578427455303,-0.6598748073566478,-0.7596377658757246,-1.3794493228203226,-0.23557203956822104,0.27681128159229296,0.43718172423196183,1.3237919233244106
FRB20200719B,0,False,,0,0.5908225388119783,0.42992451056513653,-0.9653894412300178,-1.131161959816371,-0.14958911268660635,0.035187430620623995,-0.5622140133099868,-0.9368747512651495
FRB20200720B,0,False,,0,0.501048331952079,0.590085316938688,-0.7198945535780512,-0.022275739162273857,-0.2489355473088635,0.2424421005982161,-0.9655317313197674,-0.3577907571108587
FRB20200720A,0,False,,0,0.8186698911567182,0.6707010716760157,-0.7828208563429577,-0.7721149963012632,-0.22429961778230226,0.10835130110761212,-0.8745408477662868,-1.109839888930248
FRB20200721D,0,False,,0,1.3284884943900703,-1.3364743359758058,-0.22182067834403893,-0.5091011131789969,-0.2075963894675817,0.23224746182028333,-0.08043859129954654,0.5031319174193408
FRB20200721C,0,False,,0,-0.22043021426166487,-1.2062065909321769,0.21796396299331192,-0.7937608787290094,-0.2671876533805165,0.29486912501288143,-1.0610345595122637,1.3237919233244106
FRB20200721B,0,False,,0,-0.00785957457607707,-1.0441391226448453,-0.20951359540184566,-0.945640727801244,-0.27027340773620107,0.30639668388040026,-1.0610345595122637,1.3237919233244106
FRB20200721A,0,False,,0,2.0697373652518545,-0.3024539830877212,-0.7942294082306183,-0.7199030176368373,-0.10279304712786283,-0.49369468413034057,-0.8309253829224696,-1.4917189755328826
FRB20200721E,0,False,,0,0.4355250891605776,0.18435036013863432,-1.1787214709609615,-1.6779939445943033,-0.22798542414905146,0.2616250294617189,-0.0039861960273382836,1.3237919233244106
FRB20200722C,0,False,,0,0.9553433907682001,-0.35034464861386627,-0.1504765461856304,-0.3516605857667691,-0.09957834577218189,0.19843527897621832,1.3661409926870562,0.6405590873694014
FRB20200722B,0,False,,0,2.4208755534671504,-0.4132730735466933,-0.17267215482709147,-0.4577512745824028,-0.23969851271820153,0.2832981576734504,0.9543007125813574,1.3237919233244106
FRB20200723B,0,False,,0,-1.1450138879000749,1.510912445193069,2.1158226069319253,6.3645098919869,-0.25056259795961056,0.273724773964297,-0.9091324233320728,1.0916653133938152
FRB20200723A,0,False,,0,-0.7603101122003515,-0.271672656508838,0.0874674344120014,-1.128609683200104,-0.043029566734502485,0.07026555799996263,0.2093285199616756,-0.4284558489835356
FRB20200724C,0,False,,0,-1.3866492085031945,-0.14139997614164304,-0.5335690128827044,-0.30444311141920305,-0.16389095042530777,0.060983594800109966,-0.5845230729140083,-0.9177705258460829
FRB20200724B,0,False,,0,-1.11167053062714,1.185319902834412,-1.3037753297154897,-0.7208517121649598,-0.261707610968327,0.2667528630477511,-1.0610345595122637,-0.15524488331301173
FRB20200724A,0,True,FRB20190212A,0,-0.7997806277667198,0.23932776431090974,-1.328902133858827,-1.9631723081920944,0.053444457381313495,-0.4202987823702046,-0.5246144746515238,-1.266576706078075
FRB20200725B,0,True,FRB20190212A,0,-0.7936463861720466,0.835193022080351,-1.2935987513506886,-1.680158711114233,-0.23229298513779392,0.10927730082092846,-0.9266788747060223,-1.1599628029329607
FRB20200725A,0,False,,0,0.5205422726252336,0.8887771867794039,-0.39967936275495,0.40391696229591945,-0.25933619244753603,0.2788558496532569,-1.0610345595122637,0.7786025226555607
FRB20200726F,0,False,,0,-1.342821173320346,1.0146168751367706,-0.6212566668010674,0.4561712934492194,-0.27723699859678513,0.29416636555149966,-1.0610345595122637,0.5062132440998355
FRB20200726E,0,False,,0,0.1588640123155818,-0.5874975556411953,-0.06577506264098876,0.33515330861549625,-0.194707163910882,0.21798679302900872,-0.037575117228898634,0.3478330527224115
FRB20200726D,0,True,FRB20190417A,0,1.6882347629035206,0.12728119260821993,-0.22627565331731553,0.4503386103280331,1.0701989255569448,-0.40324940852880187,1.9010570960014577,-0.847105433973406
FRB20200726B,0,False,,0,0.23227393331722182,-0.8921153628933461,-0.6758061191633602,-1.1971087906940105,-0.03802645381453161,0.16208732396751374,1.4014845590260117,0.443970445153844
FRB20200727A,0,False,,0,1.566219733973085,0.2680190849396363,-1.1847747819002143,-1.5142944622103829,-0.17582609347605271,0.2512329513219716,1.8108182032211464,0.9361610269181861
FRB20200729B,0,False,,0,-0.7196104741032279,0.04259134097118928,-0.31413160799894424,-0.5320422475813464,-0.2590631314075874,0.2834540068829231,-1.0610345595122637,1.3237919233244106
FRB20200729A,0,True,FRB20190907A,0,-0.7570860360408339,-0.045142950903190475,0.3267708267406047,0.5317353879882976,0.2645593368962643,0.003742103317892279,1.681225126644977,-0.24090576503076244
FRB20200729A,1,True,FRB20190907A,0,-0.7570860360408339,-0.07019538368579804,0.3267708267406047,0.5317353879882976,0.04906589320688319,0.09259824037083497,1.1515729587427603,-0.04144121791341007
FRB20200729A,2,True,FRB20190907A,0,-0.7570860360408339,0.7689415720818239,0.3267708267406047,0.5317353879882976,-0.13681798354309604,0.1574073979729941,0.07948477979444975,-0.015968917354654465
FRB20200801C,0,True,FRB20171019A,0,-0.11178877296092544,2.2226360619759977,0.19349507459653004,1.490175799765374,-0.23196584623824326,0.06960752013017547,-0.9492385979011001,-1.2606194744957853
FRB20200801B,0,False,,0,0.7623697202904243,-0.8005294883319415,0.5248532227679392,-0.41161408152647233,-0.12796699984129759,0.12340094715787749,-0.09723305190032672,-0.29472627105006866
FRB20200801A,0,True,FRB20180916B,0,-0.5565100890999545,0.8772829629965924,-0.8057915737437428,-1.0288765412945355,-0.07873597336292847,-0.6228449480386822,-0.8316773736956389,-1.5200671809934332
FRB20200801D,0,False,,0,-0.533609690059971,1.8265656335498555,-0.7610852805947483,-0.15601893516114773,-0.037192292169784404,-0.15398783055678417,-0.4534260147915003,-1.046159137533359
FRB20200804A,0,False,,0,-0.07242688709001771,-1.1609793407307574,1.8292197260395162,0.19358043275682052,-0.1765814532239607,0.21135631365626484,0.20105662145681372,0.5374373544621811
FRB20200805A,0,False,,0,-0.20839727175193196,-1.0211703358310933,-1.002698621283579,-1.713421802152726,-0.22513118326320597,0.24697029783291208,-0.2824734456910215,0.5723590568411202
FRB20200806B,0,False,,0,2.8273240413516083,0.7874285516387663,-0.72961744510597,0.20092012233743534,0.5568239199539422,-0.08481371436979726,2.4101548494370477,-0.711116216474243
FRB20200806A,0,False,,0,-1.3525015964447518,-0.7154866710430597,-0.72974202388537,-0.4682401785733426,-0.21478193777682048,0.2757441239899816,2.617704302831764,1.3237919233244106
FRB20200806A,1,False,,0,-1.3525015964447518,1.5712612118490608,-0.72974202388537,-0.4682401785733426,-0.1534951884538223,0.23425636482678655,1.5052592857233698,0.8546085807744284
FRB20200807C,0,False,,0,0.7326151916786537,-0.9113590238193254,-0.17437384155841626,-0.9515276648641454,-0.23172946645244916,0.2581476644001862,-0.27445221077721604,0.9534164563289561
FRB20200807B,0,False,,0,1.1828505907573792,0.6291274578901681,0.015745731721600695,0.27079260342014183,-0.2343721384529787,0.26379984675083384,-0.23459669979924516,1.2866105813797755
FRB20200807A,0,False,,0,-0.37534362204486493,0.6457727781482689,-0.5091992764860139,0.7511391638866539,-0.2596302026692219,0.10121857752484481,-1.0610345595122637,-1.3514159006810271
FRB20200808B,0,False,,0,0.7574768402305475,-0.8817283354929734,0.6193472592940531,0.39465501672975073,-0.23993463858073533,0.27304437977080576,-0.20827702273832102,1.3237919233244106
FRB20200808A,0,False,,0,-0.18552756554159558,-1.0037467314370905,0.4294737912567783,-0.4527507248815085,-0.26059386748910135,0.28081273968622206,-1.0610345595122637,0.8724802755212971
FRB20200809G,0,True,FRB20190303A,0,-1.2999352504771324,0.4532670818246217,-0.1460201518659258,-0.03846512914840341,1.317551551533254,-0.6962051173565774,1.2964565143733715,-1.12586278766882
FRB20200809F,0,False,,0,1.516389452856652,0.07863284646241091,-0.6493905052761778,-0.7930713921451145,-0.2370699381841755,0.2847239327660484,2.040175389037771,1.3237919233244106
FRB20200809E,0,True,FRB20200809E,0,2.0338823223735534,0.8657157913495106,-0.6709136629084687,-0.697546092206797,-0.24749249918046454,-0.05146030368338245,-1.0424854537740886,-1.4933623497624797
FRB20200809D,0,False,,0,-0.32893648686215576,1.4127954168547474,-0.7337873825398389,0.13635386208132083,-0.16375775368731327,0.03739800421826577,-0.6301438464862767,-0.99973381554724
FRB20200809C,0,False,,0,0.45611014817149126,-1.070230427306829,-0.0235607472405881,-0.9724781074681367,-0.2705325312948621,0.29483514155078167,-1.0610345595122637,1.3237919233244106
FRB20200809B,0,False,,0,-0.48312020544068035,-3.003698448044549,-0.34422685223314897,-0.6035418611153072,-0.23475678763969077,0.2567024375365488,-0.42384771104684266,0.7021856209792939
FRB20200809A,0,False,,0,0.31965774934447005,-1.3529527920670392,-0.834366441306676,-1.2048033661731414,-0.18825613550101483,0.07900711585437016,-0.6900524447487613,-0.9886410394974593
FRB20200810B,0,False,,0,0.2556203295366298,0.6426849193179569,-0.7121934163410665,-0.9308573840660874,-0.11083641124232055,0.21460032743607585,1.7346164715399945,0.5283987961993968
FRB20200810A,0,False,,0,1.0280620087382304,0.1276370360444314,-0.6883969139648123,-1.0519736789013197,-0.25624731856358257,0.2935657550445865,-1.0610345595122637,1.3237919233244106
FRB20200811A,0,False,,0,1.7652954911206822,-0.19182880679349856,-0.8577488399688593,-0.6225703099428891,-0.12707556088552863,0.03332685086874198,-0.45041805169882326,-0.8312879570135335
FRB20200812B,0,False,,0,0.6323555592120076,-0.09843742930568655,-0.7393269871658662,-0.12062687507784636,-0.2514685368319691,0.2845884091203596,-0.8381946270631058,1.3237919233244106
FRB20200812A,0,False,,0,-0.340330828119824,1.2744301567046674,-0.6002122038821088,0.9109717025865968,-0.2560597410149119,0.255843842627775,-1.0610345595122637,-0.26637806558951804
FRB20200813D,0,False,,0,-1.5477739635619567,-0.7396668113556916,1.7597913186802878,0.6857068357093296,-0.1842846046200629,0.20804760780068637,0.009048310707595585,0.2909312200226107
FRB20200813C,0,False,,0,-0.026684824573679735,1.6481672795834486,-0.8225538967179856,-0.17038616376714366,-0.05861925548001189,-0.8052670369734238,-0.8482211707053626,-1.564849128749955
FRB20200813B,0,False,,0,-1.3067479481902253,-0.5928346391036753,-0.5312370268734758,-1.095847286794204,-0.1415884026680044,0.12201984208507712,-0.21980754792691637,-0.4157196987041578
FRB20200813A,0,False,,0,-0.17053641571792538,-0.8667003568179603,-0.0577792430879782,-0.9097378420412641,-0.229106368472255,0.25922222321557686,-0.1360859085140719,1.1814346306855588
FRB20200814G,0,True,FRB20190609C,0,-0.020008329000038048,0.7947916041124572,-0.7076061190368732,-0.5072616826968689,-0.25535621937606623,0.2870868318991613,-1.0610345595122637,1.3237919233244106
FRB20200814F,0,False,,0,-0.26196907209578224,0.9547951274021513,-0.7600680779150223,-0.9201433493489765,-0.08456339725716976,-0.08287497584321263,-0.5000494427279946,-1.006512734244328
FRB20200814E,0,False,,0,-0.35142068667050375,-0.5375922013440013,0.11207158049877634,0.7870031528167729,-0.16059631842354077,0.07980486788705089,-0.5193505392393389,-0.8185518067341557
FRB20200814D,0,False,,0,0.4699952899389311,-0.12473574549265982,-0.49334817448151635,-1.2783857697026746,-0.2524689629264471,0.2898961218133329,-0.8457145347947984,1.3237919233244106
FRB20200814C,0,False,,0,0.800891676681202,-0.06615530277342421,-1.0006118507797692,-1.0472863321032218,-0.27083431470911973,0.23038520564797688,-1.0610345595122637,-0.991106100841855
FRB20200814B,0,False,,0,1.0573432376256247,-0.7107681841725026,-0.31312511454402703,0.07227159218704256,-0.05177307640745138,0.09617906328013988,0.33340699753460373,-0.2844551821150866
FRB20200814A,0,False,,0,1.4403064686785048,-0.7364853034373485,1.1526673107340435,0.3104900989311822,-0.2125417599209917,0.2647754457496038,1.0340117345372992,1.3237919233244106
FRB20200816B,0,False,,0,1.1162668093357437,-0.6200109089774749,0.9907309427909369,1.0431107982869405,-0.24210407709165763,0.2778937510755438,-0.10901424067997849,1.3237919233244106
FRB20200816A,0,False,,0,-0.8999844785545879,0.3349808755757074,-0.7180824055045123,-0.3263961069988166,-0.10928046331461808,0.08705373844689272,-0.1541336870701342,-0.4765245451992518
FRB20200817A,0,False,,0,-0.013613230857186732,-1.0728729485401403,-0.5696974841766295,-1.0675518832913513,-0.23200071112808898,0.2611141340593127,-0.2057703868277568,1.1804075217920604
FRB20200819A,0,False,,0,-0.16254685653612663,-0.783752148145663,0.7540610282599304,-0.355812828510152,-0.2141985320104515,0.19594418376868744,-0.5634673312652689,-0.43461850234452487
FRB20200822A,0,False,,0,1.228215536122861,-0.9424628543268175,-0.19244936121819856,-0.7047729684444025,-0.23997141897392288,0.2812195391157613,0.4928290414464872,1.3237919233244106
FRB20200823B,0,False,,0,0.15035513431399894,-0.9531982829113976,1.1168822884983005,-0.12693898353191307,0.15484679893887254,0.06744452023230149,1.7190753288944964,-0.02048819648604659
FRB20200823A,0,False,,0,0.43474732672568306,-0.6129219886639345,-0.12671208326596844,-0.6957104855203896,-0.024601609898849342,0.06822360153086927,0.32338045389234693,-0.40175101775258215
FRB20200824D,0,False,,0,0.8607930941553879,-0.23143254745497424,-0.5119612126807366,-0.8249658756291119,-0.2333491504707042,0.2570839379798753,-0.3626857948290761,0.7958579520663307
FRB20200824B,0,False,,0,1.6633668024310468,0.17600338878616376,-0.4515308263676532,-0.42625506199382646,-0.18200936814015603,0.261311464623573,2.6500399060780424,0.7403940718174273
FRB20200824A,0,False,,0,1.261102313419734,-0.3270023909060917,0.03627276893812853,0.05765248118034506,-0.14311198210064566,-0.1285151072346872,-0.7434437896437789,-1.2684255020863717
FRB20200825A,0,False,,0,0.527476439795906,-0.05002193431395245,-0.4792168242940154,-0.5321880544465356,-0.26995064807314717,0.29134525756439017,-1.0610345595122637,1.2991413098804536
FRB20200826C,0,False,,0,0.6961289512651057,-0.22227103554752575,-0.1933434309445577,-0.8783462600810401,-0.2686059232066923,0.28978162016357883,-1.0610345595122637,1.1902677671696433
FRB20200826B,0,False,,0,1.0397503861977455,-0.43247712707452324,-0.39361978178158274,-0.7325336287155003,-0.12573986001831153,0.04586867254000454,-0.4098105499476831,-0.7723319065267363
FRB20200826A,0,False,,0,0.25822459304009515,-0.36673635401225074,-1.0263595845153888,-1.2458095877485635,0.02075994821717723,-0.5078103584204553,-0.6396690629464208,-1.3284086614666673
FRB20200828E,0,False,,0,-0.2708907357772315,0.07323650797316832,-0.7249164629850717,-0.40403178418066854,-0.12939109813434757,-0.0067380436956287456,-0.547424861437658,-0.977342841668979
FRB20200828D,0,False,,0,1.8441180169570293,-0.43049563809769276,0.5107591244754923,1.6198805714264681,-0.24695711101927445,0.27731964356550826,-0.5777551559554849,1.3237919233244106
FRB20200828C,0,False,,0,0.5817959567777319,1.2025816792571236,-0.42862761588151255,1.4890357102663283,0.7758398798013763,-0.225160006029946,2.07526829178567,-0.6217577427398987
FRB20200828B,0,False,,0,1.2378704838658463,-0.0627778751516448,-0.6940755743330398,-0.3517756938301973,-0.2713549752864268,0.30103466295625797,-1.0610345595122637,1.3237919233244106
FRB20200828A,0,False,,0,0.21797641720975747,0.9926473835673477,-0.45622456558568736,-0.28227066955048247,-0.22745290440703914,0.2693016274818544,0.43342177036611557,1.3237919233244106
FRB20200830B,0,False,,0,0.25670799152368046,-0.5084812596505947,-0.20339692970909373,0.6598908947667241,-0.2398116323025183,0.26446782366119176,-0.4777403831239731,0.9947062338475842
FRB20200830A,0,False,,0,-0.8412675068765264,-0.3386321336931655,-0.33268482496903956,-1.543175778043982,-0.2320669879583238,0.16359222915049842,-0.8667702764435378,-0.9311229414615596
FRB20200831A,0,False,,0,1.1239817603001048,0.7966845233386235,0.10442859177312311,1.5403573066542544,-0.25214723241844744,0.27344250219665645,-1.009899186936754,0.9094561956872327
FRB20200831A,1,False,,0,1.1239817603001048,-2.1124995960972637,0.10442859177312311,1.5403573066542544,-0.18158258888596954,0.22475622055471647,0.3742651628768003,0.9055531818919396
FRB20200901A,0,False,,0,-0.774723494301265,1.562061400485423,-0.7809815649280213,0.10877100280484743,-0.22308693404685048,-0.7419372351295616,-1.027194974719647,-1.7150124489793934
FRB20200902C,0,False,,0,1.9681604207257697,1.555856950506272,-0.8407779212200353,-0.15578835673695715,-0.23371076207256403,0.22175632335473291,-0.7301586193177886,-0.3877823368010065
FRB20200902B,0,False,,0,1.9440800632092228,-0.04973045331410135,-0.287110276224484,-0.5454705075227412,-0.22288549663853968,0.26089475936017265,0.20907785637061918,1.3237919233244106
FRB20200902A,0,False,,0,-0.5053316398964992,0.0008614201041860292,-0.0881579149692241,0.2376535072396696,-0.23266587704712308,0.2719362629431027,0.25595194789816983,1.3237919233244106
FRB20200903D,0,False,,0,1.5630188914539578,-0.7246560311052015,-0.6270505504323939,0.010853784269784669,-0.24718639106723364,0.2804470076337042,-0.471724456938619,1.3237919233244106
FRB20200903C,0,False,,0,0.24655795306097067,-0.2547570601486119,-0.5520357443352452,-0.9635005337226753,-0.1143663969205232,-0.18120414719479688,-0.7033376150747516,-1.2624682705040822
FRB20200903B,0,True,FRB20180916B,0,-0.5557146962800146,0.8407947398806951,-0.5658466672932297,-0.3317530106699598,0.19247746787680203,0.00022738448456594498,1.1766393178484025,-0.3836739012270136
FRB20200903A,0,True,FRB20180814A,0,-1.5316239318019946,1.5217156172476296,-0.8009019384761967,-0.27679700676738744,0.7370057638667911,-0.24377376661638883,1.7887598072081814,-0.7018722364327591
FRB20200904C,0,False,,0,0.33131169748821515,0.6527862030385115,-0.3828537607414341,1.1888625149864813,-0.025601860701321574,0.017032467566030655,0.029602725174222067,-0.642299920609863
FRB20200904B,0,True,FRB20180916B,0,-0.5579032715698803,0.08942778077182763,0.22298422496125855,-0.11028395699846447,1.0579696705660497,-0.31620216777495697,2.4277013008109973,-0.8867518372624369
FRB20200904A,0,False,,0,-0.24838192311714985,-0.9116530475764829,1.2313092334865121,-0.09192353672343082,-0.25008744073618466,0.2578393127296711,-0.9625237682270904,0.04812267759963384
FRB20200905A,0,False,,0,1.3840201854460048,-0.855872860077482,-0.43924145134053594,-1.1242738147989144,-0.28828999172149034,0.2964771456465583,-1.0610345595122637,-0.41633596404025675
FRB20200905B,0,True,FRB20200905B,0,-0.7776369851564242,0.75106967105232,-0.06242345278442376,0.6381345162784858,0.478081748193514,-0.4031659408708052,0.3762704716052517,-1.1047043444627571
FRB20200905B,1,True,FRB20200905B,0,-0.7776369851564242,0.6205031653862875,-0.06242345278442376,0.6381345162784858,0.14523043612846603,-0.29780360369776954,-0.1887252626359202,-1.1279170054558165
FRB20200905C,0,True,FRB20200905B,0,-0.7724919225075927,0.5876209370239804,-0.4193653089255463,-0.22013349903122056,0.9780209295475708,-0.38672055993376797,1.7225846191692864,-0.8631283327119781
FRB20200908B,0,False,,0,0.9639029017689297,-0.7480792578006764,0.3208702053788119,-0.36332185381073895,-0.17280431189903656,0.24500969446625864,1.4638997931990603,1.0201785344063399
FRB20200908A,0,False,,0,1.3442634592884886,-0.3058065750204986,-0.1632247409198966,0.473224305325933,-0.25638490452175106,0.2807320825375973,-1.0610345595122637,1.3237919233244106
FRB20200909C,0,False,,0,-0.2837542387499569,-0.35259766120649244,0.153919051681172,-0.3653364714643913,-0.14214593881766238,0.07490861523454759,-0.4188344392257143,-0.7291933329998115
FRB20200909B,0,False,,0,-0.008325725282291536,0.3544478949336909,1.8499511745644277,2.580872188466415,-0.26380670339143886,0.2926319592873771,-1.0610345595122637,1.3237919233244106
FRB20200909A,0,True,FRB20190303A,0,-1.2971527147906365,0.958545101740082,-0.9447677719219625,-0.8302194024485975,0.07085327753162575,-0.9340624231116383,-0.7394331721868761,-1.4855563221718933
FRB20200910B,0,False,,0,0.5412152610983411,-1.9881328292747094,-0.4317923403065461,-0.36130026539416443,-0.26553906896382373,0.2765399975662205,-1.0610345595122637,0.07626546128148479
FRB20200910A,0,False,,0,2.0326531974343753,-0.2740069507845918,-1.1248925445271918,-1.7508328572177054,-0.09747907906993554,-0.0389929322911089,-0.47272711130284467,-0.9409831868391424
FRB20200912A,0,False,,0,0.5500560721622227,-1.2515856012501219,-0.23065623245710773,0.14723945211738051,-0.19550214062166818,0.2116210183359381,-0.14034718956203104,0.16213176477793514
FRB20200913C,0,True,FRB20200913C,0,0.2641252923539001,-0.9403740106955795,-0.42344063710416663,-1.0284607714353347,-0.09565339240124529,0.05327319545461576,-0.21354095815050586,-0.6092270142392205
FRB20200913B,0,False,,0,0.031210188981490642,0.6922192839342456,-0.29048039695288774,-0.8593976110640993,-0.22956601842051866,0.2566808542163869,-0.22532214693015762,0.9567032047881504
FRB20200913A,0,False,,0,-0.7936312154385371,-0.46430927596049737,1.3391513208370212,0.45449879828693474,-0.2377728491764448,0.28260446182633847,1.1202400098607077,1.3237919233244106
FRB20200914C,0,True,FRB20200913C,0,0.25909995288214055,-0.8331355384720597,-0.2782392895943605,-0.6616060396351009,-0.24127587401576409,0.28006058388542615,0.1717289813032125,1.3237919233244106
FRB20200914B,0,False,,0,2.0414154838892205,0.3067460621673828,-0.7614769854147286,-0.6260764142382926,-0.2778301806595119,0.29484546332342754,-1.0610345595122637,0.518538550821814
FRB20200915C,0,False,,0,0.9582098900899814,-0.4526170776585507,-0.5875960666190349,0.020213185211243268,-0.2347288046891111,0.24861800892295208,-0.5464222070734324,0.2911366418013103
FRB20200915B,0,False,,0,1.4730872379430808,1.883689749424862,-0.8721892316940658,0.11360843047594177,-0.2787949707418897,0.30863362911591136,-1.0610345595122637,1.3237919233244106
FRB20200915D,0,False,,0,0.7098427683848082,-1.107328908609761,-0.622341969893996,-0.6995055047549626,-0.26053374256960155,0.28055140493021935,-1.0610345595122637,0.8465971314051423
FRB20200916C,0,False,,0,0.7498466968048684,-0.8076451426917369,-0.25995850417735034,-0.8730251645066348,-0.024388399442014187,0.07916324795272596,0.40735275689624784,-0.3339618307817003
FRB20200916B,0,False,,0,-0.6075980729322654,-0.9845801966524872,0.04378034707624174,-0.7358619610533084,0.20156215837537983,-0.01214854882342856,1.1189866919054257,-0.4329751281149277
FRB20200916A,0,False,,0,2.5507529908927653,1.552034195515791,-1.0209471008209183,-0.6578621356575857,-0.06266680597528052,-0.056933590929541866,-0.3704563661518251,-0.8955849737465215
FRB20200917C,0,False,,0,1.5518641833234985,0.4826005682950285,-0.6486821957173633,-0.7527006491955502,-0.21837631608524805,0.20574574141031304,-0.5672272851311152,-0.36313172335704946
FRB20200917A,0,False,,0,0.9597202380033628,0.04392210954543736,-0.16279156045998108,0.37623415290274836,-0.10732450341452189,0.06972634602081386,-0.21880489356269067,-0.558487834900409
FRB20200917B,0,False,,0,1.4576131600304516,0.47058389765751446,-0.4256538809490811,0.31494498640783525,-0.14007998437083052,0.0943152486886015,-0.3363661177681519,-0.6061456875587259
FRB20200918A,0,False,,0,-0.7302217398843279,-1.0691427006506597,0.28318433210975746,-0.9665804965884189,-0.16239324554033072,0.07110312082055209,-0.5526887968498428,-0.8682638771794691
FRB20200919C,0,False,,0,0.5333279914555306,-1.015355509204992,0.6930608708087347,0.14382113846894948,-0.007588199309583131,0.14889475607330915,1.5165391473209087,0.32112822149145803
FRB20200919B,0,True,FRB20180916B,0,-0.5567140661702553,1.543718182366028,-0.7159549613485079,0.0441753164603721,-0.11426074461977692,-0.56119161319927,-0.8660182856703685,-1.538555141076401
FRB20200919A,0,False,,0,-0.41355602786367673,0.4401983256197732,-0.9289527765545538,-0.8240694030358524,-0.0742003904927318,-0.05526726711154142,-0.4120665222671909,-0.9029801577797086
FRB20200920B,0,False,,0,1.2741838662797849,-0.4420013195201038,-0.30792228951053013,-0.0986709507449262,-0.23591409140262423,0.2790311585044839,0.6838346978314797,1.3237919233244106
FRB20200921C,0,False,,0,-0.5216886599572754,-0.6987720869426922,-0.5740418624785267,-1.2389257933637692,-0.15452832851873788,0.12272245941959797,-0.32257962026004877,-0.5171980573817809
FRB20200921B,0,False,,0,1.9133244851612665,-0.8772760468659779,1.5197095673996623,0.4667015447417993,-0.19886680005605495,0.25148996233019033,0.802649239992223,1.3237919233244106
FRB20200921A,0,False,,0,-0.08914794727397171,-0.6283297020886933,1.5978761624637556,0.5562954151809252,-0.20092935283921512,0.2657403288530364,1.9461765423916135,1.2303250140160735
FRB20200922C,0,False,,0,0.0225364670013094,-1.0923638776383366,0.7717438456017449,-0.5643732385703769,-0.256862599163813,0.2874470470675688,-1.0610345595122637,1.3237919233244106
FRB20200922B,0,False,,0,-0.17723340906148816,0.9102150882819195,-0.3017361301275807,1.273443055125268,-0.23467307061403908,0.2694960992844773,-0.027548573586641815,1.3237919233244106
FRB20200922A,0,False,,0,-0.2693592076303458,-0.18526264908893247,-0.4028213472340639,-0.40069464669339694,-0.2558084390280196,0.2843084768504794,-1.0610345595122637,1.3237919233244106
FRB20200923C,0,False,,0,0.5624252725197592,-0.6977471530236731,-0.2679345391578017,-0.653690177342961,-0.1728936766532268,0.022877140057156613,-0.6978230160715103,-1.0856001190436904
FRB20200923B,0,False,,0,1.7903635543978351,0.6902968293761119,-0.8957610163581639,-0.28931370092346315,-0.01068195400787526,0.17384883254827668,2.180797663620423,-0.005492406640972723
FRB20200924A,0,False,,0,2.156218143338239,-0.8437956304767951,-0.8367243931581446,0.36880507829953457,-0.231036242950748,0.25236148496464295,-0.37221101128922,0.6163193174828436
FRB20200925B,0,False,,0,0.6556251937639777,-0.2965240510773146,-0.5026142979430887,-1.1332532880219897,-0.2574151225955971,0.2805404736655261,-1.0610345595122637,1.2305304357947733
FRB20200925A,0,False,,0,0.15673272930410867,-0.9494212616174016,-0.31955806100814177,-1.1499618580136752,-0.18192892569355265,0.0978916294325049,-0.6103414227928196,-0.8703180949664655
FRB20200926A,0,True,FRB20200926A,0,0.7105440794971212,0.26265591579921066,-0.9581764825952389,-0.28571134997871256,0.1759630472761177,-0.5585489291323072,-0.4253516925931812,-1.3173158854168865
FRB20200926A,1,True,FRB20200926A,0,0.7105440794971212,1.1033915296787333,-0.9581764825952389,-0.28571134997871256,-0.08927470723585983,-0.375526983099498,-0.7634968769282925,-1.398046644445846
FRB20200927D,0,False,,0,-0.6701930399147027,1.4433308188722263,-0.45288990776766647,0.5556594349531642,-0.24902568301655564,0.2820791332098279,-0.6038241694253527,1.3237919233244106
FRB20200927C,0,False,,0,1.6939895851593936,-0.2363418014343292,0.4904167409514194,-0.16754898626197862,-0.21366999911797807,0.2623722848876068,0.7720682818833396,1.3237919233244106
FRB20200927B,0,False,,0,-0.4546463464896997,-0.6214741531405663,-0.26257740033622473,-0.7802822832702674,-0.23623997487518592,0.2696141387880711,-0.12004343868646099,1.3237919233244106
FRB20200927A,0,False,,0,1.6877074103614171,0.38039576371249795,-0.7300970114709149,-0.752260710916522,-0.2385903549986835,0.2709969853991535,-0.20877834992043387,1.3237919233244106
FRB20200928B,0,False,,0,2.0225230903856075,-0.07627621714829377,0.43959406225060044,-0.05275796939795074,0.9180373930123347,-0.346731680952172,1.7611868121919751,-0.8199897591850532
FRB20200928A,0,False,,0,1.9653614165392068,-2.0917940855343846,0.7919873790208033,0.19619360027611155,-0.18143336665811982,0.2491778598543647,1.3932126605211497,1.1251490633218568
FRB20200929B,0,False,,0,-1.2077669904692592,-1.0462212237781277,-0.3097450664409389,-1.267783612965747,-0.24091584135876146,-0.02960658656340554,-1.0169177674863337,-1.4500183544568552
FRB20200929C,0,True,FRB20200929C,0,-0.2821689040875576,0.7059631245039617,-0.4754092703325745,0.8839957727965426,1.270396903747531,-1.4432951021804294,0.10881241994805095,-1.4775448728026073
FRB20200929C,1,True,FRB20200929C,0,-0.2821689040875576,0.36890543776956136,-0.4754092703325745,0.8839957727965426,0.31109178836351836,-0.46161307602897783,-0.08319589080116717,-1.2164537920753622
FRB20200929C,2,True,FRB20200929C,0,-0.2821689040875576,-0.10063292537460014,-0.4754092703325745,0.8839957727965426,0.14424134748919262,-0.38799298656922476,-0.3163130304836383,-1.212550778280069
FRB20200929C,3,True,FRB20200929C,0,-0.2821689040875576,1.4609917135191617,-0.4754092703325745,0.8839957727965426,-0.10658826323653789,-0.2651897520851184,-0.7414384809153275,-1.3378580632868506
FRB20200929A,0,False,,0,0.8407954071794577,-0.12822642741614887,-0.26893471797355245,-0.5999128212162452,-0.20332379710685838,0.2571606876372191,0.9465301412586083,1.3237919233244106
FRB20200929E,0,False,,0,1.7329495732747375,0.9293325123747496,-0.7215588580239837,-0.0684972013070552,-0.22342077562431528,0.20070452619667037,-0.6667407307805142,-0.5118570911355902
FRB20200930A,0,False,,0,0.899886237938521,-1.0514102850719063,-0.25452756168998797,-0.7352423021721031,-0.2689023625006643,0.2710171173503477,-1.0610345595122637,-0.338686531691792
FRB20201001B,0,False,,0,1.2365900358799606,-1.2350567262448686,-0.5619321292950645,-1.2420027049449585,0.002537092110293245,-0.04224937695408626,-0.06138815837925859,-0.7953391457410962
FRB20201001A,0,False,,0,1.2114728790076483,0.33019404169886013,-0.7149149062881581,-1.301774054503379,-0.26428592654201627,0.2894461745226861,-1.0610345595122637,1.3237919233244106
FRB20201002B,0,False,,0,-0.5580815237297406,-1.05030421115704,0.1752153826293812,-0.9717384769376599,-0.05381597658270703,0.1006446269933004,0.3542120755922867,-0.2571340855480342
FRB20201002A,0,False,,0,0.5135542272860452,0.13851274692031953,-0.5751122731310222,0.487287541657407,-0.25933651882805525,0.2728372538726234,-1.0610345595122637,0.27470289950533894
FRB20201003B,0,False,,0,-0.13067139548347168,-1.1939808811025874,0.6684083252577664,0.7886042527680784,-0.22965859913087747,0.2660117411529141,0.09878587630579413,1.3237919233244106
FRB20201003A,0,False,,0,0.08122191856921301,0.34804693976141493,-0.3981210065845648,-0.02431262594744964,-0.16776841850822816,0.1483555659632525,-0.30728914120560713,-0.413870902695861
FRB20201004B,0,True,FRB20190226B,0,0.41794339434157385,1.5133832729112902,-1.0373129944080945,-0.5405072700089871,-0.007695939312255872,-0.00016912186548523667,0.04865315809451003,-0.6794812625544981
FRB20201004A,0,False,,0,1.3315575710564898,-0.7487415139787489,0.5207010352750134,0.7726629282402493,-0.1848769197384697,0.2446216190495466,0.9821243711886201,1.2812696151335847
FRB20201007A,0,False,,0,-0.13515235112698593,0.08688501653741781,-0.4093077708300815,-0.9814829777446722,-0.11561113931974591,0.06864978191911124,-0.2752042015503853,-0.6001884559764363
FRB20201008A,0,False,,0,-0.861264781103349,-0.8003365335593751,4.263760011623089,2.460095090260701,-0.26152707540717446,0.27708331483944076,-1.0610345595122637,0.4094595863323041
FRB20201009A,0,False,,0,1.0589007738855007,-0.47794541341363606,0.7607837977792573,0.032737017800216504,-0.25819551948600983,0.28947552349169264,-1.0610345595122637,1.3237919233244106
FRB20201010D,0,False,,0,1.555125410311634,0.406882944586333,-0.9117889812574163,-0.8313657115392585,-0.24977826459914912,0.2834461866484255,-0.6381650814000822,1.3237919233244106
FRB20201010C,0,False,,0,1.986630223020154,0.347600705167459,-0.6451486087915452,-0.16828179629547163,-0.15967747869732962,0.23176078087556912,1.1874178522638286,1.010318289028757
FRB20201010B,0,False,,0,-1.0665317780081256,-0.025268183891504346,3.019776288877324,2.2842190010794696,-0.25791433054385066,0.279768681790317,-1.0610345595122637,1.0520189101047843
FRB20201010B,1,False,,0,-1.0665317780081256,1.0248932538172055,3.019776288877324,2.2842190010794696,-0.22891816299859438,0.15438149438922705,-0.8519811245712089,-0.9518705411102234
FRB20201010A,0,False,,0,1.6341215363749242,2.7866736783036665,-0.8151101596311962,1.2385836719991532,0.0520321605558242,0.07030416426183984,0.9076772846448632,-0.2187202129312011
FRB20201011A,0,False,,0,-0.798554964609405,-1.9141163890492634,-0.09074604416300733,-0.7447007557476731,0.17625348582320696,-0.4528999571788845,-0.3270915648990643,-1.2513754944543014
FRB20201014B,0,True,FRB20200202A,0,0.6396425906086675,0.041417720659827455,1.3244382289474743,2.0705398273632025,0.3805166063614233,-0.013001787130837746,2.253991432208898,-0.5180197444965795
FRB20201014B,1,True,FRB20200202A,0,0.6396425906086675,-0.5251385768953855,1.3244382289474743,2.0705398273632025,0.30816360149052957,0.008181970451567632,2.044937997267843,-0.3427949672657849
FRB20201014B,2,True,FRB20200202A,0,0.6396425906086675,-1.7726017957276412,1.3244382289474743,2.0705398273632025,0.7428622429117079,-0.25753771218321764,1.7185740017123836,-0.7320692379016065
FRB20201014B,3,True,FRB20200202A,0,0.6396425906086675,-1.2592881708569703,1.3244382289474743,2.0705398273632025,0.433463651238123,-0.10736468502270557,1.5360909074233096,-0.5455462628423315
FRB20201014B,4,True,FRB20200202A,0,0.6396425906086675,0.45182920464118015,1.3244382289474743,2.0705398273632025,0.19753343479809077,0.02821009331095877,1.5117765390908366,-0.20536779731572438
FRB20201014B,5,True,FRB20200202A,0,0.6396425906086675,0.1546299112265539,1.3244382289474743,2.0705398273632025,0.1706060046639638,0.02866082064710577,1.3252828273448598,-0.25507986776103775
FRB20201014B,6,True,FRB20200202A,0,0.6396425906086675,-0.21703015693880368,1.3244382289474743,2.0705398273632025,0.021431007478459,0.08715870444523449,0.8447607232897016,-0.16407801979709635
FRB20201014A,0,False,,0,0.0416185768704338,-0.5257134370189622,-0.3448204978689646,-1.0943057637480669,0.00021825228260646725,0.0993079502200114,0.8003932676727152,-0.11970691559797367
FRB20201015B,0,False,,0,-1.7003904877625968,-0.7242317072334697,5.67933642750165,3.5951140602651908,-0.25298218345586465,0.2815040329282649,-1.0602825687390944,1.3237919233244106
FRB20201015A,0,False,,0,-0.7624269015415139,-2.1501477606866404,-0.781114394341098,-0.5743761271457983,0.9199358852760362,-0.2553938079669136,2.399626978612678,-0.8331367530218303
FRB20201015A,1,False,,0,-0.7624269015415139,0.27187709065905663,-0.781114394341098,-0.5743761271457983,0.6251329707363983,-0.11307091999830415,2.4515143419613574,-0.7674017838379449
FRB20201016A,0,False,,0,-0.2521860423408206,-0.17842320775128276,-0.8022999920587142,-1.2575776890153805,-0.22406561515440615,-0.08707010776014773,-0.9707956667319523,-1.453510524694749
FRB20201017G,0,False,,0,0.6475635076174544,0.019885308589852838,0.8034643496079124,0.2702233360833926,-0.20874855116507474,0.26212492624898254,1.0320064258088477,1.3237919233244106
FRB20201017F,0,False,,0,-0.21612497448124257,0.4741121140774042,-0.30169212795758404,-0.2692049558491373,-0.24171631420553014,0.2764258152942419,-0.168922838942463,1.3237919233244106
FRB20201017E,0,False,,0,0.8116612142973378,-0.12896115446535134,0.5782286687300712,-0.18849072208777054,0.3581489041211102,0.018295644094501694,2.5893793170423884,-0.7065969373428509
FRB20201017D,0,False,,0,-0.9727014071107847,-0.02527844176082482,-0.12821454763133114,-0.2003035945115282,-0.2720048203972987,0.295002948365761,-1.0610345595122637,1.3237919233244106
FRB20201017C,0,False,,0,0.6524381407357771,0.5993592725256566,0.09667226683883619,0.536198185224764,-0.15953624137579953,0.2418350271754374,1.7656987568309908,0.8051019321078146
FRB20201017A,0,False,,0,0.7430128130583242,-0.7634406714003349,-0.10251743231972356,-0.8830457686715901,0.09502813284092032,0.11712529063942083,2.0642390937791877,-0.1394274063531393
FRB20201018D,0,False,,0,0.8256686723543465,0.2670374991527462,-0.22432156992215835,-0.6493683937978669,-0.25040300412383903,0.20036759569912674,-1.0281976290838726,-0.907294015132401
FRB20201018C,0,True,FRB20200809E,0,2.0340337526446013,0.5245611868082971,-0.14353232330839427,-0.30090301225716526,-0.002662073561653963,0.009292273838393025,0.11708431845291284,-0.6386023285932694
FRB20201018B,0,True,FRB20191113C,0,0.3813437663622124,0.8021112850524782,-0.8249327669579947,-0.8073410646710641,0.2511590819438544,0.014003954052277603,1.7160673658018195,-0.19838345683993655
FRB20201018A,0,False,,0,0.8936350671617302,-3.0843071491060714,0.07494442439357961,0.7091487313588375,-0.2674328969218924,0.25850417003658893,-1.0610345595122637,-0.5890956799266557
FRB20201018A,1,False,,0,0.8936350671617302,-1.1563404596635822,0.07494442439357961,0.7091487313588375,-0.2209611796786937,0.25408367074657595,0.033613342631124796,1.187597284046548
FRB20201109B,0,False,,0,0.5508039636580875,-0.2206239124887837,0.42363251504545846,-0.08439550547441255,-0.20424701026294656,0.24503978849297622,0.3288950528955882,1.2654521381737123
FRB20201109A,0,False,,0,0.6964696173087378,-0.8348017508009731,-0.2575091366088792,-0.7094843790502371,-0.25286532310692983,0.2818203008431256,-1.0477493891862735,1.3237919233244106
FRB20201110B,0,False,,0,0.7262700374704812,-0.08371697693728596,-0.9654793076751074,-0.6229735049492171,-0.2474827561046079,0.2574117635327646,-0.8745408477662868,0.14693055315416165
FRB20201110A,0,False,,0,1.3805661240837055,0.1891729854087837,-0.8619054436636263,-1.1660121867752915,-0.09585150140326874,-0.21394221377421513,-0.6807778918796737,-1.2585652567087888
FRB20201111B,0,False,,0,-0.24017431376020495,-1.0912300485851743,-0.07672759476541359,-1.1252735311290423,-0.11412087950291366,0.08240269088478386,-0.20902901351149028,-0.5108299822420921
FRB20201111A,0,True,FRB20181226F,0,-1.1599505551771878,-0.7910199740876604,0.05980206111559669,-0.6955257487647463,-0.23132738803318156,0.2714552109749518,0.3196205000265006,1.3237919233244106
FRB20201112B,0,False,,0,2.0582029986275887,-0.7810260504376578,-0.3753590981895531,0.003440574966766863,0.4800851732374424,-0.23437437964330643,0.9417675330285363,-0.854500618006593
FRB20201112A,0,False,,0,-0.6977870873138858,0.2764126688344176,-0.36220130902586234,-0.2541871256273394,-0.21752038813012647,0.25795409665322333,0.3243831082565726,1.3237919233244106
FRB20201113B,0,False,,0,-0.44505443338746975,-0.5382574925953311,0.6837273887767672,-0.18442289200049594,-0.23471801793830666,0.25755994778008323,-0.405549268899724,0.7592928754577944
FRB20201113A,0,False,,0,-0.42843478847828054,1.4388650923288437,-1.0527974162515146,-0.5521543393091016,-0.23370574384418236,0.27237957851006067,0.21008051073484485,1.3237919233244106
FRB20201114A,0,True,FRB20201114A,0,-0.6966194497850846,0.6380057278681838,-0.45201217931707505,-0.02338073846711793,1.7827819271147236,-0.7956393354538339,1.8393938526015783,-1.0952549426425735
FRB20201114A,1,True,FRB20201114A,0,-0.6966194497850846,0.4195810587457686,-0.45201217931707505,-0.02338073846711793,1.141127987579845,-0.5141733573894905,1.5594026213915566,-0.9859705563743639
FRB20201114A,2,True,FRB20201114A,0,-0.6966194497850846,0.19677796640909848,-0.45201217931707505,-0.02338073846711793,1.2594593992122827,-0.6861730568115646,1.2172468195995425,-1.1322308628085092
FRB20201115B,0,False,,0,0.7207548714912543,1.1265819247013629,-0.17275948281561473,0.39798837886158206,-0.2507577146140922,0.2914116026624289,1.3150056201115465,1.3237919233244106
FRB20201115A,0,False,,0,-0.7806599192310855,-0.3801492385502764,0.4138851847025293,0.6148388274354015,-0.28186275882659984,0.28459784718632575,-1.0610345595122637,-0.5026131110941063
FRB20201116A,0,False,,0,-0.5837833881851724,-1.1793475242772193,1.1250729410608633,-0.13607605641296522,-0.2344023909352304,0.2743888943059967,0.3110979379305823,1.3237919233244106
FRB20201117A,0,False,,0,1.6200589989293155,-0.6631200858937145,-0.5118675590157061,-0.8481384317096067,-0.2598231562513775,0.2806864659256773,-1.0610345595122637,0.946637537631868
FRB20201118B,0,False,,0,-0.26742118582517965,-1.046711707193813,1.5016656010199527,0.49192580940914477,-0.23151168681775666,0.258530055782509,-0.2561537686300973,0.9938845467327856
FRB20201118C,0,False,,0,0.9453961147925051,0.13060794752233407,-0.8610991801922218,-1.2353435735754317,-0.14287890475927228,0.23636358469208243,2.0023251867882514,0.595982561391579
FRB20201118A,0,False,,0,0.009159861865620204,1.1874100257419906,-1.027382163426126,-0.6745091497677279,-0.2280290964273762,0.2761931332272033,1.140042433554165,1.3237919233244106
FRB20201119A,0,False,,0,0.6213267694146815,-1.2097484820973443,-0.5265439763466401,-1.1991632940352779,13.551389357422678,-6.565156368018956,2.130664945409139,-1.6494829015742076
FRB20201120C,0,False,,0,-0.9555200023878154,2.050493042849294,1.7890658896122535,3.881393962896661,-0.26069913773812253,0.28038063935637414,-1.0610345595122637,0.8075669934522103
FRB20201120B,0,False,,0,1.020489389762141,-4.544612450922955,-0.7538033983001654,-0.18321824139568707,-0.27658163100184824,0.2758871353822731,-1.0610345595122637,-0.5211010711770742
FRB20201120A,0,False,,0,-0.8555221284828076,0.1360593311553599,1.331164365444325,0.821624817666735,-0.25466556173352983,0.2867337969123838,-1.0610345595122637,1.3237919233244106
FRB20201121A,0,False,,0,0.9917531789932467,-0.013745965788279418,-0.05419901615253733,0.10263395971737246,0.37695107580269643,-0.019908199052565932,2.1336729085018162,-0.4426299517138109
FRB20201122A,0,False,,0,0.930117621704877,-1.031664174885965,0.23712330307379856,-0.46776315517313927,-0.21870178362038742,0.26139993157852637,0.44194433246203385,1.3237919233244106
FRB20201123D,0,True,FRB20180916B,0,-0.5597385095926913,-0.35408260827210924,0.3099900444694342,1.0800073221026683,-0.1588473680747172,0.025274433338172878,-0.6268852198025433,-1.0137024964988157
FRB20201123D,1,True,FRB20180916B,0,-0.5597385095926913,0.8626836369196781,0.3099900444694342,1.0800073221026683,0.05214246799947807,-0.07663616801642983,0.031858697493729854,-0.8335475965792296
FRB20201123F,0,False,,0,-2.2940369807777876,0.08638775965603764,-0.9539970476529736,-1.739553410938975,-0.27135543514643884,0.28710090463101806,-1.0610345595122637,0.38419270755224816
FRB20201123C,0,False,,0,-0.006993463699682207,-0.8283933340834684,-0.31971900232412737,-1.1178352999125587,-0.2585756369399724,0.25872829665584857,-1.0610345595122637,-0.2811684336558923
FRB20201123B,0,False,,0,0.4415261935730017,-1.7908561518250166,-0.7034384050881399,-1.50589173778481,-0.25650053801962286,0.28366128134079455,-1.0610345595122637,1.3237919233244106
FRB20201123E,0,False,,0,1.3016556815777494,-1.6037056116706832,-0.5832247138244397,-0.18904492379462423,-0.03478752931999728,0.04347341586818511,0.10530312967326107,-0.5478059024080276
FRB20201124A,0,True,FRB20201124A,0,-0.28394781482677955,2.0520854723731747,-0.9622865407759462,0.4452595254214512,-0.009441517072220277,-0.1668386642902101,-0.39000812625422593,-1.0469808246481576
FRB20201124B,0,True,FRB20201124A,0,-0.29016462714068314,1.0375205413336268,-0.8085705194020084,0.5598790369233957,-0.022060222237429573,0.09861923216022159,0.6003637220096916,-0.18749610256885554
FRB20201124B,1,True,FRB20201124A,0,-0.29016462714068314,0.8150030633666804,-0.8085705194020084,0.5598790369233957,1.0560137004703336,-0.45631917114549253,1.5975034872321325,-0.9397506561669445
FRB20201124E,0,True,FRB20190907A,0,-0.7568562633466867,-0.16914032052858796,-0.9781274242597856,-0.3047426280836387,1.152738416338697,-0.5123922442332998,1.5944955241394554,-0.9793970594559754
FRB20201124E,1,True,FRB20190907A,0,-0.7568562633466867,1.3431702172917583,-0.9781274242597856,-0.3047426280836387,-0.021677150847804822,0.10010713246059814,0.6189128277478667,-0.17434910873207846
FRB20201124E,2,True,FRB20190907A,0,-0.7568562633466867,0.07663129512150385,-0.9781274242597856,-0.3047426280836387,-0.2153572153046848,0.13490379028370367,-0.7717687754331544,-0.935436798814252
FRB20201124D,0,False,,0,-1.044472327605043,-1.153783497834685,2.676634227226537,2.0922181550523358,-0.2564446065447685,0.27715046313253394,-1.0610345595122637,0.88809233070247
FRB20201125A,0,False,,0,1.3690918984343705,0.2159827770388295,0.05459811037488652,-0.18375706424796404,-0.22722116417703425,0.27124093842424196,0.6096382748787792,1.3237919233244106
FRB20201126C,0,False,,0,-0.698892033800121,-0.6190078425600203,5.928373487742932,3.4269212802039584,0.4835423599530451,-0.038769633489586085,2.578350119035906,-0.7791108252238245
FRB20201126B,0,False,,0,1.117274743547346,-0.5855942402409536,0.13000130179131522,-0.5831633881126048,-0.2547823653567942,0.28320310455081693,-1.0610345595122637,1.3237919233244106
FRB20201126A,0,False,,0,0.39505681797029135,-0.5544860165547174,-0.36152587574533973,-0.39139144672870674,-0.24430668683692602,0.2519499512543277,-0.8041043786794326,0.06229678032990914
FRB20201127C,0,False,,0,1.2110430945582356,2.1134591819189317,-0.9534082506148222,-0.3129653038990901,-0.10833170040054804,-0.12422365339884273,-0.6334024731700102,-1.1626332860560562
FRB20201127B,0,False,,0,0.5134708972022599,-1.9435565322373587,-0.5677828080121388,-1.5508095695472737,-0.261193873478705,0.2784118486192529,-1.0610345595122637,0.5516114571924564
FRB20201127A,0,False,,0,-0.657378002255113,-1.0106539945919022,-0.8040573706271185,-0.7091927315681745,-0.24633578058479044,0.2633999903712992,-0.7868085908965397,0.5168951765922168
FRB20201128E,0,False,,0,-0.45975942151668703,-0.5660121478710872,1.383250056744747,1.0625827916855508,-0.25342623673989056,0.2837209309771924,-1.0610345595122637,1.3237919233244106
FRB20201128D,0,False,,0,-1.857778771718217,-1.1135127013103625,2.6008910640648653,1.639177052413918,-0.2751446679486782,0.2937407923395296,-1.0610345595122637,0.7880519244757443
FRB20201128C,0,False,,0,-0.2632400269794617,-0.9982571333326341,0.004024427765999891,-0.6519090108355888,-0.24683026362407484,0.24450070345119262,-0.9088817597410164,-0.24809552728524992
FRB20201128B,0,False,,0,-0.8173313775624488,-0.9800760793488971,2.4501381443049715,1.1478162924506161,-0.23267954754318612,0.27229678961960446,0.2815196341859247,1.3237919233244106
FRB20201128A,0,False,,0,-0.47058982451446835,0.6580568230465687,-0.5777284845795729,-0.3310403150680435,-0.2651110927886226,0.30265114525442005,-1.0610345595122637,1.3237919233244106
FRB20201129A,0,True,FRB20200120E,0,-2.8167098551556347,-0.8755712003136829,-0.002189737962954102,-0.6716410164488639,-0.2536001807800363,0.2750737539890257,-1.0610345595122637,0.9445833198448715
FRB20201129B,0,False,,0,-0.7892298349754753,-0.10120735135268388,0.30909711485698715,0.10677042451456724,-0.24306077986625083,0.23003434349706087,-0.8712822210825534,-0.4465329655091041
FRB20201130B,0,False,,0,0.22606836840212327,-0.22670181708856532,-0.3583040675192135,-0.5832219531253977,-0.12291160503325835,0.04910686398480153,-0.3847441908420411,-0.7425457486152882
FRB20201130A,0,True,FRB20201130A,0,-0.87261817090092,0.9012244729270504,-0.2785950357570393,0.5869443587550953,0.06103577894076982,0.10362835019456629,1.4305615355885564,0.10748957164383037
FRB20201201A,0,True,FRB20191106C,0,-0.6355998904806499,2.188716961949943,-1.1456809174087383,0.015818684507798463,-0.2131833536865351,0.06524580514066493,-0.8507278066159268,-1.171261000761441
FRB20201201B,0,True,FRB20190804E,0,-0.49557129292472113,0.2730108169585404,-0.8358967966772388,-1.0999557249681857,-0.09089027366703727,-0.05052362011326306,-0.4682151666638291,-0.9477621055362305
FRB20201202C,0,False,,0,1.100958534623942,-0.611695809206,-0.5238352220005099,-0.8717758805991492,-0.2901228840938565,0.31547703996579823,-1.0610345595122637,1.3237919233244106
FRB20201202D,0,False,,0,1.0819039589255195,1.0573079421794058,-1.0128644692219477,-1.6219705346581914,-0.26447040609475303,0.2677522701302666,-1.0610345595122637,-0.24768468372785063
FRB20201202B,0,False,,0,1.3402446904903502,0.980904311348906,-0.9542062557006944,-1.6258363538821632,0.52466041260368,-0.1427945867918001,1.6709479194116637,-0.5792354345490728
FRB20201202A,0,False,,0,-0.2963176005960672,-0.09971477125108723,1.222366395946951,0.6347659744097435,-0.24027803807546674,0.2789941326161557,0.17373429003166388,1.3237919233244106
FRB20201203C,0,True,FRB20200929C,0,-0.28206114790694004,0.41613519161787665,-0.5123514001328203,-0.8122022601092195,-0.0848839181042651,-0.1295439300543628,-0.566475294357946,-1.1036772355692588
FRB20201203B,0,False,,0,0.4837277023927047,1.4827964106070275,-0.45043392672418786,1.3065770300364885,-0.2530430173769146,0.28149642701293237,-1.0610345595122637,1.3237919233244106
FRB20201203A,0,False,,0,0.356436458463175,-0.8261770776008416,-0.9927886371581912,-1.5085205032082063,-0.17658231328930016,-0.3208730292333842,-0.9123910500158063,-1.5157533236407408
FRB20201204C,0,False,,0,0.8890524409594179,-0.605320170353591,-0.14315904807876206,-0.8363024507756356,-0.2284789939415746,0.2774105934163442,1.3034750949229512,1.3237919233244106
FRB20201204B,0,False,,0,-1.2379501348199946,1.1259474934850344,-0.2412981256048678,0.26621988590275236,-0.26125265121987673,0.25641301930916643,-1.0610345595122637,-0.4364672983528216
FRB20201204D,0,True,FRB20181119A,0,-0.4909158349232863,0.5620497885210837,-0.5653499623538487,-0.7309168630886094,0.1371802166944102,0.08368886941636135,1.8301192997324907,-0.06383219179167104
FRB20201204A,0,False,,0,-0.05490525945370587,0.718522350010463,-0.5994467682639165,0.8320822493753385,-0.2766877862260652,0.3023855480160613,-1.0610345595122637,1.3237919233244106
FRB20201205B,0,False,,0,0.19191506990442062,-0.029210674451407175,-0.4099194966728325,-0.8151534624083335,-0.19054884447005352,0.2398079439548019,0.582065279862573,1.3237919233244106
FRB20201205A,0,False,,0,0.9594263122345988,1.8008697323064966,-0.6409504275891579,1.0068928787253624,-0.2544713968829139,0.2857165869174521,-1.0610345595122637,1.3237919233244106
FRB20201205C,0,False,,0,0.016231998955147462,0.6382278373675517,-0.9936543250077949,-1.7870254561036614,-0.08719354627620733,-0.7748745800990174,-0.8747915113573432,-1.5841587759477214
FRB20201205D,0,False,,0,0.9420290749570048,0.38292396369184334,-0.7298209976091102,-0.5076370068754235,-0.14790685049612923,0.06034727888070856,-0.4950361709068661,-0.8310825352348339
FRB20201206E,0,False,,0,-0.6110353875516942,-1.006272538141845,-0.08895322071404506,-0.339015364990076,-0.270289270468175,0.292758098828071,-1.0610345595122637,1.3237919233244106
FRB20201206B,0,False,,0,0.009568669248196628,-0.06808188658236276,-0.9258166400104935,-1.587486063833135,-0.24682497359170655,0.2643019772586302,-0.7993417704493606,0.546681334503665
FRB20201206C,0,False,,0,-0.6470206220103206,-0.7175602558096398,-0.27342641161723125,-0.425417570536024,-0.16085370711361138,-0.16199852459109043,-0.8163868946411972,-1.3569622887059174
FRB20201206C,1,False,,0,-0.6470206220103206,0.007306936006941881,-0.27342641161723125,-0.425417570536024,-0.15552491759475803,-0.20061063354395947,-0.8226534844176078,-1.3832562763794716
FRB20201206D,0,False,,0,-0.5351387967624359,0.24941051978267828,-0.5464929662862917,-0.5882977032488692,0.15611844166552982,0.10783582879863157,2.5570437137961104,-0.49542334883961886
FRB20201207E,0,False,,0,0.2955789580766605,-0.5038657623796784,0.20076655773279375,-0.7395513028897397,-0.10749192844039299,0.13151259829207548,0.1461612950154576,-0.1648997069118949
FRB20201207D,0,False,,0,0.46143348147547736,-1.0993733838203026,0.6148707080532821,0.11997190425228924,-0.23745170883683597,0.2654202291668812,-0.3386220900876597,1.2426503207380521
FRB20201207B,0,False,,0,0.2143495171583223,-0.4645489672277772,1.0105284385238429,0.25574682447370184,-0.23665755744785968,0.27882378066831687,0.5652708192617928,1.3237919233244106
FRB20201207F,0,False,,0,1.647736294189316,0.7114518359816021,-0.9504723415313208,-0.9587702600419298,-0.2591588311431719,0.2913700992898291,-1.0610345595122637,1.3237919233244106
FRB20201207A,0,False,,0,-1.0754712683589887,1.3224843670225641,-0.7135375983252842,0.2212677785191916,-0.14849136143703134,-0.24464117541866529,-0.8266641018745104,-1.4072906244873298
FRB20201208A,0,False,,0,0.5935205928892657,1.2492418079148042,-0.5247874589731075,0.9658801735306807,-0.22510105559744886,0.26213879584165073,0.15719049302194013,1.3237919233244106
FRB20201209A,0,False,,0,0.6980523562491269,-3.8148164858112645,0.09522194630867903,0.4654570870753605,-0.25210236969709227,0.27146560102870776,-1.0121551592562616,0.7237549077427564
FRB20201210D,0,False,,0,0.40245601270702214,-0.9375659138135987,0.5814283584939022,-0.2106940166667561,-0.24507339268522438,0.28411045754815023,0.1584438109772222,1.3237919233244106
FRB20201210C,0,False,,0,-0.9245000315739907,-1.0659321807774464,1.5175323786990136,0.6520818116030341,0.015127296427357238,0.12351743596342314,1.2886859430506223,0.18308478620529864
FRB20201210A,0,True,FRB20201124A,0,-0.2923749093614413,0.2893226542920543,1.0917681348331862,1.9944413520278181,0.7588286191452126,-0.20700983111609342,2.154477986559499,-0.625044491199093
FRB20201210A,1,True,FRB20201124A,0,-0.2923749093614413,1.0057313126780403,1.0917681348331862,1.9944413520278181,0.6045195676174591,-0.18873904591030405,1.662174693724689,-0.6527764313235447
FRB20201210B,0,True,FRB20200926A,0,0.7103416106774824,0.43658751026394876,-0.8486663628625641,-1.0063808639932332,0.1307540496546817,-0.1902076992251443,-0.014764730442764367,-0.9954199581945475
FRB20201212E,0,False,,0,0.5823356091816935,-3.9631221274468733,-0.11927405930750239,-0.9263182044523186,-0.2599550319619131,0.2812854145560071,-1.0610345595122637,1.0127833503731527
FRB20201212D,0,False,,0,0.7980842802199667,-0.9215117831635508,-0.3871687512291437,-1.3252622151472986,-0.1114392131954717,0.10040357998947846,-0.10049167858406019,-0.4050377662117764
FRB20201212C,0,False,,0,0.11571150865501584,-1.2801094503130408,0.12237726810960277,-0.2993138103401466,-0.25400229043064926,0.2767898981298904,-1.0610345595122637,1.1093315863619844
FRB20201212B,0,False,,0,0.3220257880375849,-0.3387465595246499,0.3749197404178655,0.3549272839566325,-0.2647458825280372,0.2855908641775188,-1.0610345595122637,1.024081548201633
FRB20201212F,0,True,FRB20190303A,0,-1.295102431634396,0.625934574336936,-0.6478366797420759,-1.0354316673488677,0.6665946758907144,-0.2834461461394124,1.3107443390635873,-0.8378614539319221
FRB20201212A,0,False,,0,-0.728367901309599,0.21146575128016679,-0.5465365832083251,-0.4972472118956223,-0.1849632902178201,0.04149091647533053,-0.7309106100909578,-1.0917627724046797
FRB20201213A,0,False,,0,1.0974005274767367,0.8924096768390685,-0.5655326146167043,-0.6428238711620321,-0.25620273098685165,0.26091760258766283,-1.0610345595122637,-0.11313341867958512
FRB20201214B,0,False,,0,0.8923696175440219,0.293066111614244,0.008871067583881965,0.3364924312443228,-0.18702423732034976,0.24596798731533054,0.9728498183195325,1.305303963241443
FRB20201214A,0,False,,0,-0.4944311359767781,-0.8281003776465009,-0.4443064153575861,-1.1853178880604978,0.31579610944361064,-0.06489507087522517,1.3002164682392177,-0.5143221524799859
FRB20201215D,0,False,,0,-0.3050557384739516,0.6037435428377447,0.07562267912631523,0.08864899964671731,-0.23736870370127822,0.2847357980711466,1.9702402471330298,1.3237919233244106
FRB20201215B,0,False,,0,0.4591938217104981,0.14768150015129494,-0.29941852533447477,0.4211200300311023,-0.05084387322768865,-0.014133020914311371,-0.21103432223994165,-0.7772620292155277
FRB20201215A,0,False,,0,0.5428541428779635,-2.2777254870083428,1.402081809139308,0.6498293867634141,-0.21865251085779588,0.27373814276289526,1.7010275503384342,1.3237919233244106
FRB20201215E,0,False,,0,-1.7101555871743053,-0.35050763126135825,-0.48896761360451996,-0.939835292783138,-0.24483722769838825,0.28068233456098923,-0.19148256213754083,1.3237919233244106
FRB20201216E,0,False,,0,-0.0005908302441493303,1.8559818792053997,-0.8871527707494422,-0.21976929278873308,0.23338778896548085,-0.8175593678041775,-0.5135852766450413,-1.4194105094306086
FRB20201216D,0,False,,0,-0.2939991486663761,-0.13903638084562298,-0.3289473941938645,-0.894285252141469,-0.22739643342075383,0.25071133603034584,-0.2822227820999651,0.6779458510927362
FRB20201216C,0,True,FRB20190417A,0,1.6926545832477726,0.8946330767964793,-0.5397326290149811,-0.15830515777350482,0.9937049152656051,-0.3352385774564203,2.0727616558751056,-0.7532276811076696
FRB20201217A,0,False,,0,0.4139710203649512,-0.023261415654818953,0.2959583498655094,1.3564664751799154,-0.2598877503481349,0.2774756955159991,-1.0610345595122637,0.585095207120498
FRB20201217B,0,False,,0,0.6507674320172465,-1.3737908277119784,-0.6883443625403928,0.9331595533188901,-0.20917516150197996,0.16274351984787738,-0.6461863163138877,-0.705364406670653
FRB20201218B,0,False,,0,0.5656027978626402,-0.7952293861636008,1.5120562364067898,0.5837506293793238,-0.1401352073988957,0.22845999498120176,1.6100366667849535,0.7301229828824453
FRB20201218D,0,False,,0,-0.6574278831937288,0.30698452371011986,-0.8839526886402314,-1.323790514072993,-0.2296880998313843,0.28247334705229216,2.65229587839755,1.3237919233244106
FRB20201218C,0,False,,0,0.09929982203629595,0.12349246194646617,-0.7165392958389503,-1.1573632340063116,0.007547745630323288,0.04328661128535635,0.3662439279629948,-0.47467574919095507
FRB20201218A,0,False,,0,0.6558444193515761,0.045878019091817115,0.0021227152366828546,-0.2842859304149023,-0.06483930690484667,0.12974930150711472,0.5424604324756584,-0.036100251667219384
FRB20201219B,0,False,,0,1.2488467147487923,-0.386171558856576,-0.19023757807179612,-0.5979047414144113,0.36476399472958165,0.0037429607491753624,2.394112379609437,-0.5929986937219488
FRB20201220C,0,False,,0,1.4188538123886114,-0.5906505150679648,1.0849691111245823,1.0226814082554014,-0.23643516651565727,0.26566583269146277,-0.2794654825983445,1.3237919233244106
FRB20201220B,0,False,,0,0.15440373054266987,-1.2326165771287143,0.5875108078388168,-0.32370757044620047,-0.1841267621195002,0.09830861575587822,-0.6241279203009227,-0.8828488234671437
FRB20201220A,0,False,,0,-0.3167831309760026,0.32263034373266664,-1.2091517866696173,-1.4330487456931476,-0.2336764188900868,0.19659419467323358,-0.818642866960705,-0.705980672006752
FRB20201221B,0,True,FRB20201221B,0,0.0622915025817359,0.170706443821656,-0.6364610627047312,-1.085274625271102,-0.19826673136752473,0.15742531741714957,-0.5584540594441405,-0.6365481108062729
FRB20201221A,0,False,,0,0.23444923077929394,1.2307447162285161,-1.0602067256203824,-1.2033922430749362,-0.26964252319908716,0.2664573954412732,-1.0610345595122637,-0.49316370927392283
FRB20201222A,0,False,,0,-0.3373064375524777,-0.5606112950625961,-0.3487785103240744,-0.815955565777657,-0.1958889324751877,0.047644283632713856,-0.7785366923916778,-1.1289441143493149
FRB20201223C,0,False,,0,0.8050104961995271,0.48026679672271866,-0.28303718012240575,-0.18061671809352478,-0.13326497234324483,0.23800067716848483,2.497135115533626,0.33674027667263084
FRB20201223B,0,False,,0,-0.6755363394302,-0.4034837722590805,0.2139549354567521,-0.029528942994918338,-0.20674476673368758,0.23599815911600636,0.014061582528723995,0.6816434431093298
FRB20201223A,0,True,FRB20200926A,0,0.7112432909406076,0.8283516673645509,-1.0957891980520875,-1.4816881960353372,-0.09480606116764732,-0.06446469175854218,-0.5073186868686307,-0.9978850195389433
FRB20201224B,0,False,,0,1.3228360573824196,-0.10084859765549306,0.7011481754699206,0.8930484358521272,-0.22980780421868144,0.248124875914411,-0.40504794171761116,0.45239273808052927
FRB20201224B,1,False,,0,1.3228360573824196,-0.7369363619542157,0.7011481754699206,0.8930484358521272,-0.24558255449339356,0.26694818530731845,-0.7108575228064442,0.8233844704120827
FRB20201224A,0,True,FRB20181201D,0,-0.1668556812893596,-0.37449955769751553,1.4238123936540086,0.6514211652145816,-0.2149822632907984,0.2701764889655342,1.4674090834738502,1.3237919233244106
FRB20201225E,0,False,,0,0.8135010836720297,0.4122293618245929,-0.7026138148734814,-0.8887708987472057,-0.2577288101660931,0.2901883250049028,-1.0610345595122637,1.3237919233244106
FRB20201225G,0,False,,0,0.6752259764775017,-1.3525653670871571,-0.82007257248975,0.20867180154194698,-0.26310327644757897,0.2845353778293747,-1.0610345595122637,1.088378564934621
FRB20201225C,0,False,,0,1.6169117018806183,1.8098705392364347,-0.7858856180923421,0.8447197920450445,-0.22193358676295724,0.25979764554270346,0.20531790250477286,1.3237919233244106
FRB20201225F,0,False,,0,-0.13894058434380177,-0.7700240059819166,-0.7537539810295992,-0.8325354595580939,-0.21318435564392388,0.23210125970462994,-0.21504493969684438,0.3443408824845176
FRB20201225B,0,True,FRB20190804E,0,-0.49598514811935873,-0.4048717337916275,-0.3877930950564477,0.015028030924629357,-0.03388878172626304,-0.18678879982810073,-0.4885189175393992,-1.0882706021667856
FRB20201225B,1,True,FRB20190804E,0,-0.49598514811935873,-0.49976094975051794,-0.3877930950564477,0.015028030924629357,-0.21027655888861216,-0.35999100175715293,-0.9835795098758298,-1.593608177767905
FRB20201225A,0,False,,0,-1.9904493480707384,-0.46425405213675747,1.8426644991228507,0.6207094430043243,-0.29733555225887737,0.24878163484044988,-1.0610345595122637,-1.2443911539785135
FRB20201226C,0,False,,0,1.1311424342366647,1.0671740684363826,-0.6169856170311585,0.7635156244180855,0.38887373035816175,0.018789538507259135,2.8508214425142353,-0.8877789461559351
FRB20201226B,0,False,,0,-0.8899639132096435,2.1634925663393108,-0.5928158568300133,0.7389075752392447,-0.10081178635401951,-0.23133250773512087,-0.7060949145763722,-1.2902002106285337
FRB20201226A,0,False,,0,0.26510988013389514,-0.9555420668060467,-0.2882364135653008,-0.48699918277952703,-0.24912696124381387,0.28272275016570647,-0.5862777180514032,1.3237919233244106
FRB20201227A,0,True,FRB20171019A,0,-0.10386929240559951,2.4250685759602444,-0.5225855324934173,0.09800300542436631,-0.334882451894408,0.3574815332042688,-1.0610345595122637,1.3237919233244106
FRB20201228E,0,False,,0,1.3393003908207861,0.5791879062694926,-0.6644225503446627,-0.7728524667008937,-0.09042877040978402,0.06682549907980373,-0.12405405614336372,-0.5399998748174412
FRB20201228D,0,False,,0,0.7893036511570813,1.7953269468423991,-0.4551927886749036,-0.5200533215343602,-0.2047425431989274,0.21723229305781264,-0.23935930802931715,0.11262511611132142
FRB20201228C,0,False,,0,0.8716789068413959,0.5255173927333424,-0.8883735726299207,-0.8764522114966071,-0.2727036402714275,0.2843963267307286,-1.0610345595122637,0.040727493566446726
FRB20201228A,0,True,FRB20190804E,0,-0.4950165954292837,0.4899706787244665,-0.5405160076625148,0.25470887899809114,0.6145212188621989,-0.3313339663044517,0.9407648786643107,-0.9512542757741245
FRB20201228A,1,True,FRB20190804E,0,-0.4950165954292837,1.0206348469270519,-0.5405160076625148,0.25470887899809114,0.11551110116696896,-0.05104800109804328,0.409859392806812,-0.6979692226374659
FRB20201228A,2,True,FRB20190804E,0,-0.4950165954292837,-0.5902207495998496,-0.5405160076625148,0.25470887899809114,0.04211655620092205,-0.1382360544165359,-0.17393611076359142,-0.9678934398487955
FRB20201229C,0,True,FRB20200929C,0,-0.27896296157521017,0.2866674751334017,-0.5020918228309483,-0.13844285562862327,1.2436443516639017,-0.614220536898992,1.4120124298503813,-1.0679338460755212
FRB20201229C,1,True,FRB20200929C,0,-0.27896296157521017,0.736906385290814,-0.5020918228309483,-0.13844285562862327,0.024840158873723532,0.05747604136776822,0.5860758973194756,-0.3633371451357491
FRB20201229D,0,False,,0,0.3848530044244307,-0.159993942832099,-0.8937015473881559,-0.8867449080053893,-0.22704669770929864,-0.006884147181072255,-0.9582624871791312,-1.371547234993592
FRB20201229A,0,False,,0,-0.1396711251772791,-3.8125201013192815,-0.882157321004218,-0.8828920190634373,-0.01658805383848426,-0.5104425457192986,-0.7008309791641874,-1.3783261536906801
FRB20201230E,0,False,,0,1.0858748479658298,-0.30673723624020116,-0.6746653683612986,-0.2595893946156308,0.2215963909515785,0.07959214912306786,2.588376662678163,-0.5882739928118571
FRB20201230D,0,False,,0,0.702401452807025,-0.3901487515997306,-0.6353637053038883,-1.2756844676482966,-0.2607855054097423,0.2797901326974011,-1.0610345595122637,0.7305338264398445
FRB20201230C,0,False,,0,0.5482340664283885,-0.04438055498519521,-0.6375040579460836,-0.9042342533560533,-0.2340587896788613,0.2625674728482403,-0.2569057594032666,1.187597284046548
FRB20201230B,0,False,,0,-1.066170216872063,-0.46540448721293,2.0200576485742143,1.0988158532348435,0.14675452294916688,0.0542872899438044,1.4608918301063833,-0.12155571160627045
FRB20201230A,0,False,,0,0.7806495360487764,-1.8109079426025612,-0.3383138237075692,-0.8762302510241765,-0.22220116286004635,0.26779591423968363,0.6695468731412637,1.3237919233244106
FRB20210101E,0,False,,0,0.9174168462816806,0.14073466056108244,0.11138824692430267,0.5318647709497671,-0.22704290651571257,0.23879353272770426,-0.4569353050662902,0.17918177241000544
FRB20210101E,1,False,,0,0.9174168462816806,-1.6862852449634886,0.11138824692430267,0.5318647709497671,-0.11036212562981162,0.18648194447815547,0.8567925756604098,0.5889982209157912
FRB20210101D,0,False,,0,0.958795392942824,0.252058790997167,0.13400524822165635,0.7026987565855426,-0.2534619258776081,0.2819994994559968,-1.0610345595122637,1.3237919233244106
FRB20210103C,0,False,,0,-0.48108337906970944,1.6285081934439198,-0.256146932903492,0.5183908668087331,0.31010628931063966,-0.13077908434751231,0.835987497602727,-0.7394644219347936
FRB20210103A,0,False,,0,0.68361135001919,-0.24347501635876215,-0.409643129265142,0.469028210840172,-0.22610645440173047,0.2707058049709399,0.6452325048087909,1.3237919233244106
FRB20210104F,0,False,,0,1.347971449939468,-0.024963388280646072,-0.534011630286422,-0.8151463034000016,-0.2704169754644512,0.28851283465940425,-1.0610345595122637,0.6670584968216552
FRB20210104E,0,False,,0,0.9193193586896421,-0.747226864956113,0.7098627311651481,0.31236715760015243,-0.22955062881909236,0.2580336431411293,-0.18897592622697665,1.059619515916671
FRB20210104D,0,False,,0,1.2722362281323987,-0.8017574515864976,-0.698328489471219,-1.2148115333379934,-0.2307339858497324,0.274106030301236,0.6016170399649737,1.3237919233244106
FRB20210104C,0,False,,0,-0.11992601536605464,1.1328736822217689,-0.5988766772651982,-0.3660357260717954,-0.1803411792422724,-0.007419423383568641,-0.7672568307941388,-1.1889272737296104
FRB20210105G,0,True,FRB20201130A,0,-0.8748828086340635,-0.033617233100305545,0.41787391110819955,0.2671527130736935,-0.021937800276625227,0.10550199854369542,0.6738081541892228,-0.1291563174181572
FRB20210105F,0,False,,0,1.4598728920624269,-1.3989823232626377,0.29344819311312,1.3132202541977624,0.6983518740962057,-0.19404350996719313,2.009093103746775,-0.5903282105988535
FRB20210105F,1,False,,0,1.4598728920624269,0.671906586985086,0.29344819311312,1.3132202541977624,0.2570329916646287,-0.00107254440341972,1.574442436854942,-0.28383891677898765
FRB20210105E,0,False,,0,0.13135678240608492,-0.7588375157100452,0.16429940266896628,-0.322211534596895,-0.2763721723008056,0.29122656768337973,-1.0610345595122637,0.254571565192774
FRB20210105C,0,False,,0,-0.8563067195602522,-1.0272535202534838,1.0534325247962955,0.3243737441892091,-0.2560557258448446,0.26471706282181956,-1.0610345595122637,0.043808820246941355
FRB20210105B,0,False,,0,-0.23437478800341072,-0.010530889327868356,-0.07090081326804529,-0.24759921111805716,-0.24165909626926943,0.15910903932051176,-0.960518459498639,-1.0463645593120587
FRB20210105A,0,False,,0,2.641982244196326,0.5795147708184468,-0.7749796590303792,-1.0347593038459484,0.7488110113724169,-0.22562628317971706,1.9644749845387321,-0.6441487166181596
FRB20210106C,0,False,,0,0.8594717124543741,-0.7084278950341956,0.23022338348509266,0.9863966133856981,-0.23736421649274758,0.2587819388975078,-0.4855109544467221,0.7054723694384882
FRB20210106B,0,False,,0,-1.0238968604147605,-0.7389404333312776,-0.42493556943447897,-1.1698891573766375,-0.27967291543859707,0.28988892857613263,-1.0610345595122637,-0.15093102596031926
FRB20210106A,0,False,,0,1.6187317784310717,0.7816041586491602,-0.3952605577561735,0.21057055057361226,-0.2517421953310294,0.2667227112291288,-1.0046352515245691,0.39939391917602163
FRB20210107A,0,False,,0,-0.659749343920415,0.15539729286260334,-0.4090511417214035,-0.34505976133963123,-0.19992433954749872,0.2510609322394937,0.7369753791354408,1.3237919233244106
FRB20210108A,0,False,,0,-1.286439334359314,0.07210421114195345,0.5845611327305359,1.3260060428106255,-0.2613613487964233,0.29220407780584223,-1.0610345595122637,1.3237919233244106
FRB20210109B,0,False,,0,-0.0035532830404780185,0.045164843146655934,-0.021204150348075546,0.48992969454465984,-0.23365883251813355,0.2761639831108035,0.5547429484374231,1.3237919233244106
FRB20210109B,1,False,,0,-0.0035532830404780185,-0.07820099755696872,-0.021204150348075546,0.48992969454465984,-0.20350852244421638,0.24432992658107952,0.3291457164866446,1.2467587563120448
FRB20210109A,0,False,,0,1.5182782877463483,0.5825836260874355,-0.9052592961930639,-0.8244570192307997,-0.22232415911652142,0.2524697258081401,-0.06489744865404848,1.0060044316760646
FRB20210110C,0,False,,0,0.8057692313664497,-0.2756251338193851,-0.22403936507907776,-0.6371302529259036,-0.197376537135402,0.24729930775982076,0.6547577212689348,1.3237919233244106
FRB20210110B,0,False,,0,-0.3134773363386016,-0.09415892632702753,-0.4081866181086588,-0.5134877841115622,-0.21259486673623434,0.26524925867897703,1.0746192362884393,1.3237919233244106
FRB20210110A,0,False,,0,1.5725575624224994,-0.521186680600613,-0.3678968980842929,-0.843551294525372,-0.20655000889464267,0.23910363479207034,0.089761987027763,0.8342718246831637
FRB20210111F,0,False,,0,0.35961072316037834,-1.0364599611085537,-0.3932516249652408,-0.08902936327912449,-0.23897686638271012,0.2508392032804287,-0.6501969337707905,0.22334745483042845
FRB20210111E,0,True,FRB20180916B,0,-0.5577922965750564,0.7653711912903911,-0.2757545087130949,-0.4409642966961214,-0.07819532336528243,0.09791619947911895,0.13814006010165217,-0.3390973752491913
FRB20210111D,0,False,,0,0.9735060600058074,0.2796953627279459,1.2054822068262658,0.9066635663777247,-0.004721823598957563,0.060655537013412364,0.40635010253202214,-0.40442150087567746
FRB20210111C,0,False,,0,1.8259029933556237,2.0428150032818135,-0.8864845261313413,-0.18901735502256695,0.1282766058279703,-0.22026454108480686,-0.0897131441686341,-1.0414344366232673
FRB20210112B,0,False,,0,-0.22318069783519554,0.00271339597306489,-0.8263367862388528,-1.9601230847785387,-0.21012378406093324,0.23233704015303655,-0.13934453519780537,0.4363698393419572
FRB20210112A,0,False,,0,-0.0057027139672126415,-1.131257138190824,-0.5132608732377734,-0.16997221515090988,-0.14918241250957595,0.03340672463776662,-0.5637179948563253,-0.9409831868391424
FRB20210113D,0,True,FRB20190609C,0,-0.03888717545330551,-0.546830598742354,-0.7232048759861072,-1.2569337364422337,-0.13066591366821412,0.04300007397002844,-0.44440212551346914,-0.8107457791435694
FRB20210113C,0,False,,0,-1.671503541666995,-0.1404757738281723,1.1328133550800916,0.9651114487980063,0.44572949490087554,-0.05927057215089731,2.07175900151088,-0.444273325943408
FRB20210113C,1,False,,0,-1.671503541666995,0.5413996404649017,1.1328133550800916,0.9651114487980063,-0.2460944364265742,0.28953731330718036,2.3316971454363884,1.3237919233244106
FRB20210113B,0,False,,0,0.880168733110791,-0.8300990025254694,0.7843598177460541,0.6574993102635768,-0.2379582170993948,0.23490453991997579,-0.7449477711901173,-0.227964192972685
FRB20210113B,1,False,,0,0.880168733110791,-0.42970677722649686,0.7843598177460541,0.6574993102635768,-0.2304224529745291,0.25628206077300936,-0.2684362845918619,0.8858326911367739
FRB20210113E,0,False,,0,0.6913875077159116,0.6565271252655697,0.8999564274807189,2.552360474742655,-0.24591029435816386,0.26900424946934093,-0.6968203617072847,0.9858730973634996
FRB20210113A,0,False,,0,1.929154809983762,0.37006180701017205,-0.4710430171610782,0.43220450359286416,-0.24095727017678553,0.2736745441578651,-0.25289514194636387,1.3237919233244106
FRB20210114C,0,False,,0,-0.1290892096200231,-0.9319338195694221,1.4594544975856938,0.36357305328673223,-0.26843374732075165,0.295026535771547,-1.0610345595122637,1.3237919233244106
FRB20210114D,0,False,,0,0.2996308000562502,0.23113022268793992,-0.18134713178138534,-0.3561876008485123,-0.20705560109433557,0.2598069126859345,0.9442741689391005,1.3237919233244106
FRB20210114B,0,True,FRB20201130A,0,-0.8723726237162235,0.5391684752253839,0.24487267346310723,0.08697425868745588,-0.06083670502249219,0.14095174866616766,0.7271994990842404,0.10481908852073503
FRB20210115C,0,True,FRB20200223B,0,-1.4604979138053915,0.8943439339438464,-0.4285199579895297,-0.1451428183882206,1.7408934995160807,-0.8722059981347176,1.5285709996916168,-1.1675634087448474
FRB20210115D,0,False,,0,2.286535354356107,0.041904836181826416,-0.6857890630706209,-0.7587026456300107,2.9326867564908645,-1.4236720750003524,1.81056753963009,-1.2914327413007316
FRB20210115B,0,False,,0,0.700683372897594,0.7577085067507421,-0.9017525043505884,-0.7210876379017772,-0.1417925566910108,0.03561073331901457,-0.5211051843767338,-0.8966120826400197
FRB20210115A,0,False,,0,0.75220924491033,-1.4885236800076587,1.9757620811560666,1.2233647415249835,-0.25774351733788164,0.295863361229334,-1.0610345595122637,1.3237919233244106
FRB20210116B,0,False,,0,1.722453726913958,1.4499553253714355,-1.235210616534304,-1.2700321724708836,-0.2240254854926558,0.14166075592526733,-0.8299227285582439,-0.9734398278736858
FRB20210116A,0,False,,0,-1.3270085025917466,2.259371084667864,-0.8182715242872803,0.0855695959738546,0.03871461366368291,-0.6967505158204295,-0.7003296519820745,-1.4159183391927146
FRB20210117F,0,True,FRB20200223B,0,-1.4630597040683828,0.32935223912434086,-0.4425462736176491,-0.5988606714970246,0.9560665950830268,-0.4813432905867562,1.2480784412994823,-1.0137024964988157
FRB20210117D,0,False,,0,-0.9400632457652431,-0.6285521299852949,-0.4866254571605426,-0.633823666098908,0.0013394861852628964,0.052308632316416616,0.3872996696117342,-0.43893235969721733
FRB20210117D,1,False,,0,-0.9400632457652431,-1.1345385875392562,-0.4866254571605426,-0.633823666098908,-0.10544018850844901,0.1173482038533958,0.05416775709775128,-0.27459493673750374
FRB20210117B,0,False,,0,1.0455678557291652,0.2684184360425418,-0.6974189055954433,-0.30842309709841104,-0.24726394899653642,0.2762961378159122,-0.6334024731700102,1.3237919233244106
FRB20210118B,0,True,FRB20201130A,0,-0.8701011371866382,1.1182821267679164,0.016002085891249723,-0.2529153502620724,-0.08716140094014282,0.16127792850546394,0.7194289277614914,0.2646372323490565
FRB20210118A,0,False,,0,0.24423987597959051,0.5909916826772788,0.03126743626495037,0.7504477933672818,-0.23984466737900806,0.2780777271881931,0.1313721431431288,1.3237919233244106
FRB20210119B,0,False,,0,-0.17867832484217835,0.5577424606789234,-0.5607914970629531,0.1772408626505662,-0.15491858739951242,-0.5002542649073598,-0.913393704380032,-1.56772503365175
FRB20210119B,1,False,,0,-0.17867832484217835,-0.5323823694337375,-0.5607914970629531,0.1772408626505662,-0.3622082268124161,0.3694127216269368,-1.0610345595122637,1.3237919233244106
FRB20210119B,2,False,,0,-0.17867832484217835,-0.21403809754090874,-0.5607914970629531,0.1772408626505662,-0.25431559395048275,0.09297043651863383,-1.0610345595122637,-1.3366255326146528
FRB20210119B,3,False,,0,-0.17867832484217835,0.054874437161240366,-0.5607914970629531,0.1772408626505662,-0.2447919485156919,-0.23886884037184625,-1.0429867809562015,-1.6042901102602865
FRB20210119A,0,False,,0,-0.8638415244971421,-0.1201776930019685,-0.7128934863137523,-1.5173907942753055,-0.24033619345946625,0.19600288705993468,-0.9048711422841137,-0.8031451733316826
FRB20210120A,0,False,,0,1.2437573173009895,-0.4877201373232363,-0.8015375801128684,-0.5471344303758933,-0.2259994216369772,0.2625846731025587,0.13237479750735448,1.3237919233244106
FRB20210121A,0,False,,0,-1.2695878980320945,-1.3432025702807695,2.1159781992977678,0.7354344154223101,-0.23666927093894471,0.2677110706182175,-0.2228155110195934,1.3237919233244106
FRB20210122B,0,False,,0,-0.4651707315798633,-1.4303028427654811,-0.5128841898840144,-0.6951540710743633,-0.14969338237738003,-0.16274685599785496,-0.7863072637144267,-1.3292303485814658
FRB20210123D,0,False,,0,0.7681890120703502,0.9295315539068827,-0.5736078653097317,-0.38839951601137573,-0.12772916288429634,0.04849173990220415,-0.41331984022247303,-0.7715102194119378
FRB20210123E,0,False,,0,-2.512833462671887,0.127446844268291,-0.916718373529298,-1.3511463219154352,-0.2108674535570219,0.25919312357722696,0.7066450846176139,1.3237919233244106
FRB20210123C,0,False,,0,-1.53417921285958,-1.2968169460853352,1.2269028578094905,0.2851405069261245,-0.11921620198710164,0.11585008974072449,-0.07116403843045899,-0.32430700718281713
FRB20210123B,0,False,,0,-1.1128126853443587,0.816270742458932,-0.36126611527051417,1.2352410208505136,-0.2616289706558399,0.29166477910108324,-1.0610345595122637,1.3237919233244106
FRB20210123A,0,False,,0,2.2799729596043714,-0.8673249238394792,-0.6901218180792795,0.42125768255774476,-0.24031123554398012,0.27182599576374517,-0.28723605392109347,1.3237919233244106
FRB20210124D,0,False,,0,0.7016763147007533,1.3489183525118829,-0.9230521803045272,-0.37750939715124937,0.2399118049343464,-0.013805282770500143,1.332552071485496,-0.38264679233351545
FRB20210124B,0,False,,0,1.1477190819175898,1.104300026070942,-0.3636085023540927,2.0172852566204877,-0.2701201032304247,0.2637348389405021,-1.0610345595122637,-0.5699914545075889
FRB20210124C,0,False,,0,-0.4848467667663303,-1.4219089213487501,-0.6101053411787545,-0.989119412214182,0.5713733057448152,-0.0890393605853812,2.4414877983191006,-0.7374102041477971
FRB20210125E,0,False,,0,0.046263498067430624,0.5482155212964696,-0.38137405278326547,-0.305964652024955,-0.25833447662054954,0.2499588914644802,-1.0610345595122637,-0.48186551144544254
FRB20210125D,0,False,,0,0.6719947326698147,-0.9518311554717824,-0.4986083579976709,-0.5870093076511707,-0.21058079288759746,0.20014479518999417,-0.4875162631751735,-0.3214311022810221
FRB20210125C,0,False,,0,0.2918382553909917,0.4821725993294424,-0.5271080330606354,-0.14433116383245997,-0.22189974621026737,0.2515080709136977,-0.07567598306947455,0.960400796804744
FRB20210125B,0,False,,0,-0.5766424323514373,1.0844378791901315,-0.33092786578471695,1.6823197071058547,-0.25963241422683137,0.28494355845380354,-1.0610345595122637,1.3237919233244106
FRB20210125A,0,True,FRB20210125A,0,-0.10990745474473457,0.20842193016504487,-0.6012227326068819,-0.7873680130890555,-0.17023014712453047,0.1357461530699198,-0.3940187437111286,-0.5482167459654269
FRB20210126B,0,False,,0,-1.9160281518605295,-0.7874444370877067,-0.7546695402131389,-1.5561476580723448,-0.2601743474568428,0.28898406918875186,-1.0610345595122637,1.3237919233244106
FRB20210126A,0,False,,0,-0.4491759826484359,-0.7495465306470865,0.3277611292970275,-0.24392290984596937,-0.25675339817608034,0.2801244640452351,-1.0610345595122637,1.2527159878943346
FRB20210126A,1,False,,0,-0.4491759826484359,0.8514421233194645,0.3277611292970275,-0.24392290984596937,-0.24030860620785893,0.2504048713115162,-0.6948150529788333,0.1555582678595466
FRB20210127E,0,True,FRB20180916B,0,-0.5598191315426605,0.16969460462480446,-0.0990220327082309,-0.10147200367219537,0.05034384755484558,0.11477720920911857,1.513781847819288,0.20280527696046427
FRB20210127D,0,False,,0,-0.4905103536214389,-1.4236754957507627,-0.26595326190278656,-0.6797528642512815,-0.2213463912654609,0.25486652863522274,0.043890549864438036,1.2303250140160735
FRB20210127D,1,False,,0,-0.4905103536214389,-0.8295363338584579,-0.26595326190278656,-0.6797528642512815,-0.2402513281116459,0.2752792025264461,-0.11352618531899406,1.3237919233244106
FRB20210127C,0,False,,0,-0.9565199640810826,-0.9911739008998992,1.9188020861750148,0.3488820379195727,-0.16339600857005707,0.061969297374741786,-0.5795098010928799,-0.9111970289276943
FRB20210127B,0,False,,0,0.23768381906675023,-0.8756948755542531,0.977884625795241,0.09486812641626184,-0.2197491059305458,0.24699875496371815,-0.11503016686533257,0.7779862573194618
FRB20210128B,0,True,FRB20200809E,0,2.033376957190056,0.7418189533175433,-0.8928113426249505,-0.5679573503634875,0.03153449129395213,-0.3366198634866882,-0.4950361709068661,-1.2111128258291717
FRB20210128A,0,False,,0,1.0814259765157332,-0.13541462218190942,-0.2576663359206146,-0.44596639214801514,-0.23294602887429675,0.26995054236659716,0.10806042917488169,1.3237919233244106
FRB20210129E,0,True,FRB20180916B,0,-0.548533056523887,1.4347622743583823,-0.7135429506139783,-0.09395190628058163,0.21566534556808703,-0.02753818976256969,1.0696059644673108,-0.48453599456853785
FRB20210129D,0,False,,0,-0.050426943641233436,-0.18934019618106063,-0.06569188616177726,-0.6615139200026134,-0.2269680609176956,0.25645168246145417,-0.12931799155554854,1.071123135523851
FRB20210129C,0,True,FRB20180916B,0,-0.5529821239473862,1.16207215258841,-0.6186689209137004,-0.1846630101920063,0.7797320329897166,-0.19683461225575258,2.333953117755896,-0.7485029801975779
FRB20210129B,0,False,,0,-0.5020903883891532,-0.8297689918066323,-1.0139570063189611,-1.7258501399905466,-0.26122773238347546,0.27323035246324456,-1.0610345595122637,0.17096490126201974
FRB20210129A,0,False,,0,0.4123617031276068,-1.7450762592527023,-0.653086639112712,-0.9393206079736366,-0.2562229211369618,0.17049317273189704,-1.0610345595122637,-1.136750141939901
FRB20210130I,0,True,FRB20180916B,0,-0.5582278400700933,1.1577446596501566,-0.40373596524657973,0.2726711761615872,-0.057482666052603194,-0.06151601750269301,-0.3599284953274554,-0.9007205182140126
FRB20210130H,0,True,FRB20180916B,0,-0.558856677322926,0.7102559169262285,-0.12587160958810656,0.525948409529352,1.2885103709087493,-0.9244068741383868,0.7289541442216354,-1.2887622581776363
FRB20210130H,1,True,FRB20180916B,0,-0.558856677322926,0.7659966071811356,-0.12587160958810656,0.525948409529352,0.4959748732674262,-0.5228035153357208,0.17072632693898682,-1.2082369209273767
FRB20210130G,0,False,,0,0.8943881359431607,-0.021641495689627976,-0.13695142001757982,-0.636116175843284,-0.23925021223261217,0.28261500246267973,0.8678217736668923,1.3237919233244106
FRB20210130F,0,False,,0,1.9051287660009963,-0.8380852633944661,0.9768228562732622,0.1550390537424047,0.27508831065407147,0.022820616738405124,2.012853057612621,-0.2988347066240615
FRB20210130E,0,True,FRB20200619A,0,-0.1796019423749977,0.7004368675104173,-0.8271397365744686,-0.796769706126384,-0.14636883258453026,-0.017670407324868152,-0.6379144178090258,-1.0761507172235067
FRB20210130D,0,False,,0,-1.6790653813504197,0.3278261619468909,0.6069284369572694,1.2213042302413846,-0.2078733703775475,0.16879271641673388,-0.6113440771570452,-0.641683655273764
FRB20210130C,0,False,,0,0.5988700248277735,-0.9167657316107407,0.46293518335492817,0.8045404657732963,-0.10535469786477414,0.21393356382291917,1.842151152103199,0.4581445478841193
FRB20210130C,1,False,,0,0.5988700248277735,-0.7396833557989964,0.46293518335492817,0.8045404657732963,-0.24300357984657678,0.28440454099119605,0.5988597404633531,1.3237919233244106
FRB20210130B,0,False,,0,-0.29355943071194746,-0.14752857299091557,0.07755369147020348,-0.3932092679070256,-0.22250992060571761,0.12809697342802753,-0.8381946270631058,-1.0227410547615998
FRB20210130B,1,False,,0,-0.29355943071194746,0.2554101157460985,0.07755369147020348,-0.3932092679070256,-0.08904319080551377,-0.7028424150643432,-0.8632609861687479,-1.562589489184259
FRB20210130A,0,False,,0,-0.430272995314749,-0.46373090884601836,-0.18315078012738362,-0.7767979405987638,-0.17822095772772226,0.24430121765058235,1.210980229823132,1.1500050985445136
FRB20210131A,0,True,FRB20180916B,0,-0.5583103237388689,0.8580072122500664,-0.44564449650039445,-0.07549257825497493,-0.11668509223647372,-0.011708556067234912,-0.5008014335011638,-0.9385181254947467
FRB20210131B,0,False,,0,-0.18548428937036796,-1.1332110266370763,-0.09094859810626957,-0.8161287776543596,-0.2375605309283187,0.27095605361752584,-0.1433551526547081,1.3237919233244106
FRB20210201A,0,False,,0,0.0572293099680149,0.10343231842942495,-0.12154338104006998,0.28940635529897457,-0.027521244189799968,0.18001998221206003,2.1018386324376506,0.07606003950278516
FRB20210202C,0,False,,0,0.8042518659541404,-0.6367043058275871,-0.4150651438374686,-0.06018540328779496,-0.23855521312610564,0.2580957249706471,-0.5431635803896988,0.602350636531268
FRB20210202B,0,False,,0,0.4317862989737756,-0.14403345194357245,-0.2614115385504205,-0.8487917911265465,-0.26090560250022005,0.2795681443747493,-1.0610345595122637,0.6939687498313083
FRB20210202A,0,False,,0,-0.6503250063541834,0.21595508804350041,2.6528982458111003,2.9832434034130295,-0.21127939825204478,0.2483364908301826,0.20080595786575728,1.2040310263425194
FRB20210203E,0,False,,0,0.19136288142686406,1.302699330542416,-0.6598137743464538,-0.08870190176321827,-0.2823402267077723,0.2987535767776048,-1.0610345595122637,0.39918849739732204
FRB20210203C,0,True,FRB20190303A,0,-1.2992975343301205,0.33881541170611024,-0.29663829111491025,-0.433688187107902,13.210860981530027,-6.2321340305692035,2.2366956444260047,-1.6336654246143352
FRB20210203D,0,False,,0,0.9689806976267727,-0.757315889523395,0.647474119801608,0.11439393995363435,-0.23134735888970148,0.2717623184698911,0.3411775688573528,1.3237919233244106
FRB20210203B,0,True,FRB20190208A,0,0.2717714514226164,0.18005927415031636,-0.36898538639572276,-0.4979606877492772,0.4057131616938279,-0.03722518775038409,2.0950707154791273,-0.43626187657412197
FRB20210203A,0,False,,0,1.0356509462901573,0.2366805617131068,0.0055571965019001295,-0.15462635356745122,-0.23561405801744947,0.26917593852158944,-0.10124366935722945,1.3237919233244106
FRB20210204B,0,False,,0,0.20917139739542195,0.0028403335088193703,-0.4608253205451753,-0.46222773653819677,0.14009286013912856,0.07982735222359898,1.7900131251634634,-0.0445225445939047
FRB20210204D,0,False,,0,0.9701951954323467,-0.040707816727289896,-0.6888513354871656,-1.2745432602541573,-0.02255725379460518,-0.1558963272415757,-0.4120665222671909,-1.0395856406149706
FRB20210204A,0,False,,0,1.100985353729298,-0.15470173307685048,-0.5430929100728715,-0.6749751670497081,-0.2075987375872538,0.027046694697184712,-0.8557410784370553,-1.2328875343713337
FRB20210205C,0,False,,0,0.9633265173020247,0.15160670637484452,-0.7850973861273105,-0.9608370941635881,-0.045730145117840355,-0.2303986143167351,-0.5689819302685102,-1.1634549731708546
FRB20210205B,0,False,,0,0.9132916486092816,-0.1901371833517897,-0.2247803735825978,-0.6711941861538404,-0.16414080094581698,0.08904791646522767,-0.5163425761466619,-0.7963662546345944
FRB20210205A,0,False,,0,0.23709285325137736,0.6366865941325794,-0.5440342977772894,0.8974128226960023,-0.25946198161170914,0.28496333893406117,-1.0610345595122637,1.3237919233244106
FRB20210206B,0,False,,0,1.4822518910259972,-0.7931205569302272,0.3622578587362696,-0.29116816125288597,-0.19925764942098464,0.2315089046993578,0.10755910199276886,0.7085536961189829
FRB20210206A,0,False,,0,-0.5028576637966403,0.3638690848693641,0.9466907069063464,1.906723530129921,-0.2658847504795419,0.2795371413509985,-1.0610345595122637,0.24224625847079553
FRB20210206A,1,False,,0,-0.5028576637966403,-3.1530492683287688,0.9466907069063464,1.906723530129921,-0.2230434493193364,0.2628019792948335,0.2938021501476893,1.3237919233244106
FRB20210206A,2,False,,0,-0.5028576637966403,-0.916326479444683,0.9466907069063464,1.906723530129921,-0.24981201398575423,0.2744480020286429,-0.8529837789354346,1.2576461105831258
FRB20210206A,3,False,,0,-0.5028576637966403,-1.0915263117466343,0.9466907069063464,1.906723530129921,-0.24714949525309088,0.2727244213289564,-0.705342923803203,1.296676248536058
FRB20210207G,0,False,,0,0.8346532753396609,0.4195091564461981,-0.2874713154192186,-0.6988411390146154,-0.19443419691167269,0.21668579851157654,-0.05186294191911461,0.3164035205813663
FRB20210207F,0,False,,0,1.918346687891206,0.0745819031802346,-0.6502966926828799,-1.0725866235349808,-0.23771669542379356,0.26584605480579715,-0.3396247444518854,1.2683280430755073
FRB20210207E,0,False,,0,-0.04160813684030922,-1.0539631365084667,-0.5720844227486038,-0.9130604336647498,0.09306057161953436,0.1185682545036508,2.0747669646035574,-0.14250873303363393
FRB20210207D,0,False,,0,-0.1868352929951294,-1.1353597147083654,-0.9820131417729469,-1.4749842436537102,-0.14584769683912305,0.09149771992444057,-0.3867494995704924,-0.6624312549224278
FRB20210207C,0,False,,0,-0.6471786315683321,0.08678606266957462,0.6096891075654166,2.415712724885629,-0.1336941598078252,0.21122631967203123,1.0683526465120288,0.9059640254493389
FRB20210207B,0,False,,0,0.4797339709819167,-0.8626369333083783,-0.30221469897506487,-0.9340149384129152,-0.24209439958988915,0.275234044730875,-0.2654283214991849,1.3237919233244106
FRB20210207A,0,True,FRB20190303A,0,-1.3011595213112959,-0.12478576618623882,-0.15364802334823333,-0.6148704634260409,7.670489834239562,-3.4753153659952676,2.3204172838388493,-1.4984978942299707
FRB20210208B,0,True,FRB20200809E,0,2.0341756350691735,0.7612773858616815,-0.5050461546207538,0.47547633446139953,0.9675379004888928,-0.4016699359400875,1.6170552473345332,-0.8937361777382247
FRB20210208B,1,True,FRB20200809E,0,2.0341756350691735,0.10333591098631088,-0.5050461546207538,0.47547633446139953,0.9715044094941434,-0.6133847822478455,0.87358703626119,-1.147226652653583
FRB20210208B,2,True,FRB20200809E,0,2.0341756350691735,0.7589658240044637,-0.5050461546207538,0.47547633446139953,0.003006918530228108,0.02720750118400142,0.24066146884372816,-0.5574607260069108
FRB20210208D,0,False,,0,1.0861498996892114,0.6243396391070671,-0.7585442499238382,-0.344685506887428,-0.2512896151166421,0.2847881312680919,-0.8046057058615455,1.3237919233244106
FRB20210208C,0,False,,0,0.9962239879413863,-2.162651030772924,-0.7021173069870426,-0.7745807971951052,-0.08728106105415648,0.11075318898577058,0.1584438109772222,-0.2725407189505073
FRB20210208A,0,False,,0,0.5091419516808415,-0.38283260770007216,-0.7246149395741116,-1.3898364140424242,-0.1377977929625787,-0.29065117417050274,-0.8229041480086642,-1.422697257889803
FRB20210209D,0,False,,0,-0.39828380369152533,-0.3386981188337387,0.5535131003961822,-0.15660569904269298,-0.2045646248516191,0.14552851334580938,-0.6567141871382574,-0.7830138390191177
FRB20210209C,0,True,FRB20210209C,0,-0.4102016263260399,0.0769542320304828,-0.49614830249414194,-0.38502261858681625,0.3108571711177329,-0.2100664724013095,0.48957041476275376,-0.9161271516164857
FRB20210209C,1,True,FRB20210209C,0,-0.4102016263260399,0.37314397861925347,-0.49614830249414194,-0.38502261858681625,0.23872612993293957,-0.20696214843872462,0.2717437541347243,-0.9559789766842163
FRB20210209C,2,True,FRB20210209C,0,-0.4102016263260399,-0.1909378222472621,-0.49614830249414194,-0.38502261858681625,0.030399778697873234,-0.02723629440935283,0.12084427231875915,-0.7207710400731262
FRB20210209B,0,True,FRB20190303A,0,-1.3009597341698667,-0.17615264844423328,-0.2130828498392626,-0.500453459422719,0.5010809777189482,-0.12797917491495758,1.6844837533287105,-0.550476385531123
FRB20210210A,0,False,,0,-0.3288492685087687,0.18932491237255875,-0.9498535371898914,-1.1969778976238767,-0.17436036773757163,-0.007825228375107124,-0.7424411352795531,-1.1657146127365507
FRB20210211E,0,False,,0,1.287863274295379,1.5184572294902752,-0.9279355745407127,-0.7337407233094073,-0.18970085685284663,0.07307957476217815,-0.7088522140779928,-1.0182217756302079
FRB20210211D,0,False,,0,-0.3494998191097012,1.6451231027993451,-1.0261460624949215,-0.5147565878918499,-0.2676799347198976,0.2771989928440221,-1.0610345595122637,-0.026240006289636564
FRB20210211C,0,False,,0,-0.7247939260690791,-2.4373176048660348,-0.6176384627503793,-0.5519009928480161,-0.11925915719254902,0.07136908590632511,-0.28773738110320635,-0.6071727964522241
FRB20210211B,0,False,,0,1.3045193676375801,0.8066803064081964,-0.4947300401279449,-0.13538872708446117,1.1231754818796607,-0.4702043812202209,1.7070434765237883,-0.9321500503550578
FRB20210211A,0,True,FRB20190417A,0,1.6889966141959087,1.5704809416940169,-0.3897862133691544,1.6124858457119473,0.2124399199488534,-0.15111678880448287,0.3730118449215182,-0.8678530336220698
FRB20210211A,1,True,FRB20190417A,0,1.6889966141959087,1.554630936294975,-0.3897862133691544,1.6124858457119473,0.08003145341649723,-0.22955218911402409,-0.24061262598459926,-1.0798483092401003
FRB20210212E,0,False,,0,-1.4561022506365897,-0.263812357133728,0.9904995623268483,0.1913676828384046,-0.21702100942396035,0.24147330477071483,-0.15112572397745713,0.5990638880720737
FRB20210212D,0,False,,0,-0.005944995441802407,0.23950456017110422,0.1615868188161412,0.850774393075108,-0.23456764661368884,0.2748408718368712,0.3364149606272808,1.3237919233244106
FRB20210212F,0,False,,0,-0.29677452305760127,-0.8518156724658202,-0.9059726395859222,-1.4162695359742858,-0.20095620605730907,0.12982500167480124,-0.6689967031000219,-0.8462837468586074
FRB20210212C,0,True,FRB20191106C,0,-0.6443485249897496,1.0680684006995136,-1.2912702141973555,-1.2396031829765997,-0.16296177637300407,0.044705618434955914,-0.6125973951123274,-0.9715910318653891
FRB20210212B,0,False,,0,0.09748428084577833,0.05590502986198857,-0.060434989198177635,0.6033798746931388,-0.27888365431991863,0.3026371725096565,-1.0610345595122637,1.3237919233244106
FRB20210212A,0,False,,0,0.8976842244325542,-0.6211831006120141,-0.14383054769527134,0.031027702498849372,-0.2288157788990146,0.28443057610796996,3.045587052765074,1.3237919233244106
FRB20210213G,0,False,,0,0.43784404036376995,0.47397950822141716,-0.7657598930841172,-0.821096005144435,-0.24008139344208967,0.2891609372875329,3.045587052765074,1.3237919233244106
FRB20210213E,0,False,,0,1.2592576245877944,-0.853200969967132,-0.1273283825744898,-0.23164424949896026,-0.24337182820906997,0.2795351451145097,-0.1165341484116711,1.3237919233244106
FRB20210213D,0,False,,0,-0.547839040932118,1.092319157345101,-0.46324028032040787,1.7255716275480426,-0.25557833966613497,0.22969372173863947,-1.0610345595122637,-0.72426321031102
FRB20210213C,0,False,,0,1.3319881291225824,-0.08960393665073475,-0.7014090677208152,-0.9979037138585337,-0.19585241967845404,0.12011929901024905,-0.6539568876366367,-0.8588144753592856
FRB20210213B,0,False,,0,0.6279492724268617,-0.05460941898079791,-0.48542337564599797,-0.8182269193476597,-0.2442684643824604,0.2823871044463897,0.048151830912397185,1.3237919233244106
FRB20210213F,0,True,FRB20190417A,0,1.6883396556742112,-1.2680841791522086,-0.8513463946398214,-0.3638638883406266,0.20120725757525923,-0.18100774881326873,0.2326402339299227,-0.9344096899207538
FRB20210213H,0,False,,0,0.40009178699301323,-0.23151404475643933,-0.5555522804402638,-0.0029709195901720152,-0.25273579892695824,0.28359749670466694,-1.0286989562659854,1.3237919233244106
FRB20210214D,0,True,FRB20180916B,0,-0.5551867498400683,1.0255222917742268,-0.7278890234853513,-1.0791414372553314,0.5970147235684885,-0.1801399777518154,1.6945102969709673,-0.6336722059044779
FRB20210214C,0,False,,0,-1.1553247204707067,0.4436413492476028,-0.7898372137549309,-1.2401596975810347,-0.2674341822660077,0.2952333410061001,-1.0610345595122637,1.3237919233244106
FRB20210214F,0,False,,0,1.302416393769322,-1.0844447364690892,-0.7170162110074805,-1.3249889561753496,-0.2645689310922144,0.29077669303760995,-1.0610345595122637,1.3237919233244106
FRB20210214B,0,False,,0,-1.4918095924289692,-1.13575203931181,1.8060614772248327,0.37820313498692687,-0.20044666625143415,0.09939753437001803,-0.7296572921356758,-0.9857651345956643
FRB20210214E,0,False,,0,1.4354695647612663,-0.68871764155961,-1.149510229113897,-1.6370319481539743,-0.20771636159177642,0.2677365706600464,1.7113047575717475,1.3237919233244106
FRB20210215B,0,False,,0,1.2349007783245989,-0.19928947232851732,-0.656673202223719,-1.7597618265540313,0.1534285043221773,0.10048771580340327,2.342726343442871,-0.37114317272633546
FRB20210215A,0,False,,0,-0.023494028155636497,-1.1062291765406636,0.631963333256069,-0.22528782774093087,-0.26048670395580065,0.3009246874721585,3.045587052765074,1.3237919233244106
FRB20210216F,0,False,,0,1.4788236178693759,0.7502227454798858,0.26664970101419694,0.5239243752827007,-0.17826792041393721,0.002877827036564517,-0.7474544071006816,-1.158114006924664
FRB20210216E,0,False,,0,0.9750509825082108,-0.2927927102443747,-0.4492951642320261,-0.11035467429057308,-0.2341337476683257,0.27051307741906516,0.06118633764733106,1.3237919233244106
FRB20210216D,0,False,,0,-0.3428353841728992,-0.8114693692596388,3.4397624312558066,1.5877093044696424,-0.2195766934237429,0.26304587079953956,0.4918263870822615,1.3237919233244106
FRB20210216G,0,False,,0,1.0913711593056041,-0.8804486198718727,-0.6708421689656016,-1.0589465244563177,-0.26917499451805127,0.2669532667406309,-1.0610345595122637,-0.463788394919874
FRB20210216C,0,False,,0,0.1201683022078037,0.1368563849673646,-0.9362408274524281,-0.909493993711469,-0.13037870260469156,-0.09481659132150043,-0.6727566569658683,-1.1786561847946282
FRB20210216B,0,True,FRB20190212A,0,-0.7984070018370023,-0.5830607032008933,-0.5842857189550987,-0.42222126450314934,-0.0051611690597079506,-0.3084686974915057,-0.5479261886197708,-1.2014580022302885
FRB20210216A,0,False,,0,0.5404957216783589,0.5659334107032791,-0.5988734034741902,-1.0966571629736361,-0.18338703014399527,0.2469135317574367,1.1658607834329764,1.2132750063840032
FRB20210217C,0,False,,0,0.12243707436245757,-0.5785803271535853,-0.2848931167516674,-0.5884720865501972,-0.24369250576907714,0.28856694655334975,2.5136789125433494,1.3237919233244106
FRB20210217B,0,False,,0,1.333831907128876,-0.4093345313981155,-0.550057482927243,-0.8514333135256967,-0.21909383336790064,0.2656096782693541,0.6951145594290186,1.3237919233244106
FRB20210217A,0,False,,0,-0.5547560165049477,-0.8367634433624948,0.8003916066417833,-0.13923035292738548,-0.12245016092360997,0.0377123371722658,-0.41457315817775514,-0.7899981794949055
FRB20210218C,0,False,,0,0.6647436012970931,-1.1581480919767997,0.8301013676152009,0.09389740738901824,-0.22220800945406963,0.25439159967444736,-0.004738186800507545,1.1506213638806124
FRB20210218B,0,False,,0,1.299205529489957,-0.5317326583062929,-0.07424662343730258,0.31672709174459845,-0.26078141181835524,0.28621872877697596,-1.0610345595122637,1.3237919233244106
FRB20210218G,0,False,,0,0.9188053663190858,-0.25548644790334085,-0.9213728041803344,-0.6990872258591867,-0.27347302978390364,0.27742629884246406,-1.0610345595122637,-0.3374540010195942
FRB20210218F,0,False,,0,0.7976044716789397,-0.04417309139650961,-1.2581162009895481,-1.7677592368127486,0.06600010625875133,-0.9852933470135528,-0.7577316143339948,-1.5077418742714546
FRB20210218A,0,False,,0,-1.431686844290141,0.4407942097323114,-0.22097255328548468,-0.3483381467989437,-0.24910249123095576,0.20744796892263653,-1.0073925510261896,-0.8325204876857314
FRB20210219B,0,False,,0,0.43491665849056427,1.4018018754577142,-0.8645099416885181,-0.8118541471672482,-0.23281082604430794,0.2307331071148969,-0.6614767953683294,-0.19427502126594373
FRB20210219A,0,False,,0,0.5663751508054209,-0.36820105004059234,-0.6926614814861968,-1.0894357631831317,-0.25418918615899705,0.2742936087509418,-1.0610345595122637,0.8051019321078146
FRB20210219C,0,True,FRB20210219C,0,0.11022161149964382,-0.3993069917243213,-0.49198778207647564,-1.1138475208533547,-0.23603099501916894,0.24719871077261152,-0.6008162063326755,0.18822033067278968
FRB20210220E,0,True,FRB20201130A,0,-0.872572075799009,1.6421450320917486,-0.4029517771358207,0.14015421399563016,-0.2570652573672883,0.1587340156103309,-1.0610345595122637,-1.1881055866148118
FRB20210220A,0,True,FRB20201124A,0,-0.26412776113602915,1.7203469779010971,-0.9225330121275969,0.29504790601599673,0.17661183439313888,-0.023082378360794072,0.8886268517245752,-0.5190468533900777
FRB20210220D,0,False,,0,0.18460462315973838,-0.9258350896255575,-0.530998764546799,-1.5497928252257729,-0.22497093477540617,0.22279032709754737,-0.5637179948563253,-0.1872906807901559
FRB20210220C,0,False,,0,1.6980916546861928,0.255749801496041,-1.0428116948289978,-1.3987435202846652,-0.13555775847181825,0.22821836667674464,1.7356191259042202,0.6541169247635777
FRB20210220B,0,False,,0,1.3259880463798122,-0.4441106010834426,-1.27253724276895,-1.447606980454867,-0.02881996037233501,-0.29901973177914365,-0.5917923170546444,-1.2141941525096662
FRB20210220B,1,False,,0,1.3259880463798122,-0.5861322467345947,-1.27253724276895,-1.447606980454867,-0.05386959245287593,-0.37914824844934025,-0.6983243432536231,-1.339912281073847
FRB20210220B,2,False,,0,1.3259880463798122,-0.1498110221531347,-1.27253724276895,-1.447606980454867,-0.19806422007055988,-0.10698773063159331,-0.8968499073703082,-1.3978412226671462
FRB20210221C,0,False,,0,-0.7068293511715654,-1.0893319025677293,0.5329853368377034,-0.507029544108575,-0.2189203926711523,0.23498679284900534,-0.3082917955698328,0.2847685666616214
FRB20210221B,0,False,,0,-0.6617954690484206,-1.15878476656322,-0.05641777953253929,-1.1206204775036186,0.08027969575431719,-0.08674310108871498,0.10981507431227663,-0.8319042223496325
FRB20210221A,0,False,,0,-0.5591783165664431,-0.535693588808567,2.008310915491719,0.6788710106900141,-0.21893053448057745,0.22457395032099908,-0.4316182823695917,-0.014941808461156255
FRB20210222B,0,False,,0,-0.5531716964836857,0.47784856294322864,0.668380598087214,1.6058619714740106,0.26854188907459076,-0.23772886059230966,0.2704904361794422,-0.9884356177187597
FRB20210222B,1,False,,0,-0.5531716964836857,1.4559258780782511,0.668380598087214,1.6058619714740106,8.10351380237847,-6.100185194929102,0.7981372953532074,-1.7096714827332027
FRB20210222B,2,False,,0,-0.5531716964836857,1.4699920613575597,0.668380598087214,1.6058619714740106,0.045924152330541784,-0.03988682583014383,0.14064669601221635,-0.7413132179430904
FRB20210222C,0,False,,0,-0.4309352780846686,0.7260339864484963,-0.7235617075958223,-1.2615013442276675,-0.29117326937148374,0.32535697953364817,3.045587052765074,1.3237919233244106
FRB20210222A,0,False,,0,0.05707725836470702,0.295456233367329,-0.30377820359023217,-0.49002810858344803,-0.22899199302920806,0.26584726796372166,0.12786285286833893,1.3237919233244106
FRB20210223C,0,True,FRB20190417A,0,1.6895075051506663,0.7702869343038585,-0.8010632272636687,-0.6078450461403951,1.4850926611881676,-0.7082001883706959,1.5761970819923368,-1.0917627724046797
FRB20210223A,0,False,,0,0.12712636091638482,-0.743959848528884,1.1876619446034424,0.09232898354011712,-0.2644064637750026,0.2814018052399394,-1.0610345595122637,0.529425905092895
FRB20210224B,0,False,,0,-0.5408651355911177,-1.9523398895319874,-0.14313928360865266,-0.6254681727299382,-0.294347782433048,0.30620266685570213,-1.0610345595122637,-0.3596395531191555
FRB20210224C,0,False,,0,1.0371718852316567,-2.2245993162525703,-0.6875666778911189,-0.18744373881462892,-0.22642349069399656,0.25104242002050287,-0.24261793471305063,0.7371073233582331
FRB20210224A,0,True,FRB20201221B,0,0.06134229287444011,0.33381845962421625,-0.8622927577577459,-0.15240725169041527,-0.03712759565568921,-0.28621401466067126,-0.5995628883773935,-1.2162483702966627
FRB20210224A,1,True,FRB20201221B,0,0.06134229287444011,2.4405541107873883,-0.8622927577577459,-0.15240725169041527,-0.1399878020190168,-0.2947732540821441,-0.8291707377850747,-1.43009244192299
FRB20210224A,2,True,FRB20201221B,0,0.06134229287444011,0.5373171031359599,-0.8622927577577459,-0.15240725169041527,-0.08801419916685595,-0.8743473074351503,-0.8918366355491798,-1.613123246744371
FRB20210225B,0,False,,0,1.6247800485028792,1.0824485421547854,-0.7395282658500407,-0.7987783438128938,-0.23642156276515283,0.2832033489739706,1.5543893495704282,1.3237919233244106
FRB20210225A,0,False,,0,-0.38691507879980325,0.08718134809085303,2.0434041626730375,2.0228593476909884,-0.25835836667252193,0.292410279596511,-1.0610345595122637,1.3237919233244106
FRB20210226C,0,True,FRB20201221B,0,0.06302936358334323,0.41377940347660475,-0.8985610991569346,-0.3108394225070935,0.05285252995976383,-0.8027898911209189,-0.7201320756755317,-1.4506346197929543
FRB20210226B,0,True,FRB20190303A,0,-1.293719250702246,1.0919679608501487,-0.8973718240559657,-0.7033526827475347,0.0875389412008735,-0.19367968403297525,-0.15212837834168283,-1.0268494903355927
FRB20210226A,0,False,,0,-0.4186669778649421,-1.0963747233216325,3.787208467080547,1.679536142737438,-0.2369749518065274,0.2828152282148985,1.3232775186164085,1.3237919233244106
FRB20210227B,0,False,,0,0.9792163905917618,-0.525700102958466,-0.744313082053086,-1.0259243843456447,-0.23554840776843552,0.2755904968216165,0.3171138641159364,1.3237919233244106
FRB20210227A,0,False,,0,1.397006607045447,0.10546163997805971,-0.6690853963356647,-1.1527392935816638,-0.26368668483754315,0.2886472523039414,-1.0610345595122637,1.3237919233244106
FRB20210228A,0,False,,0,1.3018274743642664,0.9031357566301517,-0.7494008609165046,0.1058131419020856,-0.03275804383496999,0.02447659015696747,0.024088126170980818,-0.6244282258629941
FRB20210301A,0,True,FRB20201124A,0,-0.27255326517943645,1.9067367414305503,-0.6616117314515195,1.155712607408626,0.3684924245196071,-0.3305290158002839,0.29229816860135077,-1.066290471845924
FRB20210301D,0,False,,0,0.6582161176855981,0.21763791008209252,-0.5904005803565133,-0.4995382591412956,0.5708236523282647,-0.12657452566877547,2.0301488453955145,-0.4769353887566511
FRB20210301C,0,False,,0,-1.5950133891001887,0.600340514061828,0.39259057648386847,0.7414043791003538,-0.13881547588569929,0.07795262201291145,-0.3877521539347181,-0.6926282563912752
FRB20210301C,1,False,,0,-1.5950133891001887,-0.03437286496262808,0.39259057648386847,0.7414043791003538,-0.13141815672644946,0.05797563369496067,-0.4065519232639497,-0.7487084019762774
FRB20210301B,0,True,FRB20180916B,0,-0.5604051297955429,-0.2694797741379093,-0.5590807612130687,-0.9570204921414752,-0.26706897095674986,0.2439278795768671,-1.0610345595122637,-0.7963662546345944
FRB20210302J,0,False,,0,0.8986336968828857,1.2687522215078755,-0.7578350851551151,0.016183171563138147,-0.1384768314090134,0.050690570453843876,-0.466961848708547,-0.8201951809637529
FRB20210302F,0,False,,0,-0.394836247483959,-0.029346875784190835,4.090652847577809,2.5836070204667547,-0.24225189766419114,0.2829574577036621,0.4391870329604132,1.3237919233244106
FRB20210302E,0,True,FRB20201221B,0,0.06307817178768253,1.620494103254028,-0.688143242758769,0.3761809974682093,10.769271877094093,-17.290402867909208,-0.2556524414479845,-1.8768848105947114
FRB20210302E,1,True,FRB20201221B,0,0.06307817178768253,0.5464663986320135,-0.688143242758769,0.3761809974682093,-0.058499938685188144,-0.1837570936215914,-0.5531901240319557,-1.1246302569966222
FRB20210302E,2,True,FRB20201221B,0,0.06307817178768253,1.805153136890664,-0.688143242758769,0.3761809974682093,4.0240911496095215,-10.25562234230833,-0.5566994143067455,-1.8419631082157721
FRB20210302D,0,False,,0,-0.020341175349133576,0.042956436748774876,-0.7283159226557214,-1.1257522132434554,-0.2315871877660174,0.2587173560731659,-0.2543991234927024,1.0041556356677677
FRB20210302C,0,True,FRB20190303A,0,-1.3000996476335291,0.46343252556574743,-0.7676760219874795,0.3769087149514974,0.8098687769243155,-0.6806587921786006,0.44219499605309026,-1.2402827184045209
FRB20210302B,0,False,,0,-0.8004151472074992,-0.9907119137834028,-0.020654406341911343,-0.86740684390174,-0.23611787791089534,0.2545701029562175,-0.5093239955970821,0.515662645920019
FRB20210302H,0,False,,0,0.896714989262469,-0.12003045263035941,-0.8215694039258091,-1.6646057172724589,-0.06948711497880508,-0.0007281748270845153,-0.2581590773585487,-0.7606228651408568
FRB20210302A,0,True,FRB20180916B,0,-0.5575376131597185,0.7259610563557058,0.154834075135516,0.49467093746399404,-0.18702863666860262,0.047110105579325524,-0.7336679095925784,-1.0860109626010896
FRB20210302G,0,True,FRB20180916B,0,-0.5581828848925345,0.5347815982066939,-0.9187142917111649,-1.1549275354135389,0.0599577378978636,-0.1492509230829447,-0.14059785315308748,-0.974466936767184
FRB20210303I,0,False,,0,1.0437061109312786,-0.21231271848655622,0.19391877075584124,-0.22570486620438707,-0.22174932032462077,0.2735100225151829,1.3536078131342353,1.3237919233244106
FRB20210303H,0,False,,0,-0.4187896423970192,-0.9350765055165083,-0.18180267125486568,0.23559872517993605,-0.2528306938393382,0.26960834033675374,-1.0530133245984583,0.5191548161579129
FRB20210303G,0,False,,0,1.1898353154877954,0.0688000433798891,-1.2526888101284248,-1.33258788883497,-0.2539207144027944,0.2635675627391483,-1.0610345595122637,0.1042028231846361
FRB20210303K,0,False,,0,0.6150356099421341,0.06414375471678163,-0.886759931029585,-1.1136536655453,-0.08547386719458333,0.06435419489808694,-0.10400096885885007,-0.5422595143831372
FRB20210303J,0,False,,0,0.740071297564826,-1.3777409501501185,-0.67455579260999,-0.794922815840039,-0.2526982251844025,0.27314965073978636,-1.0437387717293707,0.8289308584369731
FRB20210303F,0,True,FRB20201221B,0,0.06449542954432123,1.3854599115598334,-0.6103584907343327,0.8292671535446404,-0.1622403256447831,-0.09241760375321426,-0.7752780657079442,-1.2731502029964634
FRB20210303E,0,False,,0,0.3493949881087698,0.24751568336636712,-1.194643957304635,-1.3540744980240658,-0.23428675056204237,0.2263138670795046,-0.7176254397649675,-0.3185551973792271
FRB20210303D,0,False,,0,0.8391264410381495,0.8228167296329328,-0.6022385095217426,-0.14124725163175594,-0.23711072507242942,0.269980548525678,-0.1581443045270369,1.3237919233244106
FRB20210303C,0,False,,0,-0.5622876765650807,0.5037822339348256,-0.5192217082669488,-0.38408101920913335,-0.2358493226621785,0.2456619455035462,-0.6115947407481016,0.13830283844877667
FRB20210303B,0,True,FRB20180916B,0,-0.5585780609436404,1.0239010985331645,-0.46644353676335654,-0.4567660714457573,-0.054500747350761415,-0.15605510036247125,-0.5080706776418,-1.066290471845924
FRB20210304F,0,False,,0,-0.2017546188281266,-0.4238785301696195,-0.2527620269787118,-0.8795263473230526,-0.23903703413599778,0.25851789273831877,-0.5549447691693506,0.6039940107608651
FRB20210304E,0,False,,0,1.3832610406089854,-0.025343687755927664,1.6003840305591448,0.9620148511057034,-0.22271883482016114,0.2605736010026164,0.20256060300315223,1.3237919233244106
FRB20210304D,0,False,,0,-0.2422649279814194,1.1011833403067586,0.03028078648526056,1.1910610236447867,-0.2503744183772161,0.2641600944074506,-0.95274788817589,0.3305776233116416
FRB20210304D,1,False,,0,-0.2422649279814194,1.6708211786926035,0.03028078648526056,1.1910610236447867,-0.23082882954782935,0.2115990069952609,-0.7281533105893372,-0.48905527369992996
FRB20210304H,0,False,,0,-1.3931519841972322,0.8340022439830589,-0.7821045094588208,0.1585369124540631,-0.2207499603887404,0.20213001184497392,-0.6221226115724713,-0.4524901970913937
FRB20210304C,0,False,,0,0.7658444457887614,-0.5053478991199462,-0.1950294003646865,-0.42692236062841477,-0.26533614212240675,0.2817115577869516,-1.0610345595122637,0.468621058597801
FRB20210304G,0,False,,0,-0.8515413913593841,-0.13735515791435712,-0.3567022319452804,-0.7070704711196849,-0.2580454253550716,0.29091695257363587,-1.0610345595122637,1.3237919233244106
FRB20210304B,0,True,FRB20190417A,0,1.6877378903083389,0.221819117038507,-0.6011086128470006,-0.1425164228364084,0.6369590238823544,-0.4728918265504444,0.5562469299837616,-1.1194947125291312
FRB20210304A,0,True,FRB20180916B,0,-0.5593790473916012,0.43185783784045995,-0.37681517465217734,-0.26613438754122487,-0.06321482601266441,-0.15482016128673132,-0.5323850459742727,-1.088065180388086
FRB20210305D,0,False,,0,1.6061883599033109,0.9600835765239134,-0.7049036960255499,-0.8160199911001638,-0.23501068272670494,0.2747976670220623,0.29405281373874576,1.3237919233244106
FRB20210305C,0,False,,0,-1.1539649052243266,-0.9811503830254306,-1.1047188526933622,-1.7362069632989905,-0.2857399237886946,0.30185868970140056,-1.0610345595122637,0.3120896632286738
FRB20210305A,0,True,FRB20210305A,0,-1.0791069241553295,-0.8198389979597517,-0.20907710256122478,-1.411740981509065,-0.09465279343593137,0.06237143629725961,-0.1704268204888015,-0.5683480802779918
FRB20210306A,0,False,,0,0.6301638372719903,0.14068297611592204,-0.08423623576512622,-0.29995034120657704,-0.054588950248651895,0.013529347220881399,-0.1370885628782976,-0.6957095830717699
FRB20210307C,0,False,,0,-0.4314396112338315,-0.18534348124943403,-0.7792390089893847,-0.6934427784556206,-0.2535856623874883,0.2894529545131592,-1.0610345595122637,1.3237919233244106
FRB20210307A,0,False,,0,2.906902859536506,1.380679120774488,-0.7735163002623885,1.010643188800809,-0.23091131421303754,0.2138366863003528,-0.7196307484934189,-0.4588582722310826
FRB20210307D,0,False,,0,1.4079281988096661,-0.5283067411654389,-0.8043967966398523,-1.3582993564679986,-0.13196638551412102,0.07817579293763798,-0.34338469831773166,-0.6482571521921525
FRB20210308A,0,False,,0,0.3714399055291861,0.007296868042374886,0.8078559128784152,0.3329835668813771,-0.20407602758444635,0.24719227146286674,0.4108620471710377,1.3237919233244106
FRB20210308C,0,True,FRB20190417A,0,1.6886050597033366,0.5470710989150304,-0.6984867811635155,-0.7770831016626598,0.813968047078192,-0.26709275971643565,1.9103316488705453,-0.7074186244576495
FRB20210308B,0,False,,0,-1.376811742947746,-1.1958610958670892,-0.8775937233859165,-1.4751937730984348,-0.1888806392552606,0.09271394867070747,-0.6674927215536834,-0.9385181254947467
FRB20210309E,0,False,,0,-0.32636828174570426,2.387737929118522,-0.28250802268993397,1.5141712265395393,-0.2163274200924902,0.26346583761549236,0.7006291584322598,1.3237919233244106
FRB20210309D,0,False,,0,-2.1248179900408353,-0.8152531832263747,2.541197076323663,1.2489075655243256,-0.25324089337774625,0.2898944736012855,-1.0610345595122637,1.3237919233244106
FRB20210309C,0,False,,0,0.33461906211958004,0.5526572726917839,-0.5361089759881242,0.4465706839760425,-0.17564160174735183,-0.43862062620125347,-0.9352014368019406,-1.5720388910044425
FRB20210309F,0,False,,0,0.1755438534650864,-0.4025952900692864,-0.5318295703210874,-1.337221975058647,-0.0933469034298487,0.004448946180610979,-0.35742185941689125,-0.7813704647895205
FRB20210309B,0,False,,0,0.2687521578586577,0.7527275294456219,-0.717928434511853,-0.39658891485901604,-0.22752792520366213,0.22425117360292,-0.6013175335147884,-0.21214671601281257
FRB20210309A,0,False,,0,0.41996574945332066,-0.6226376540528865,0.7566444172633935,0.3667507268320983,-0.24432347499501617,0.2771745877967684,-0.35641920505266556,1.3237919233244106
FRB20210310B,0,False,,0,0.7549728885665115,0.31623142851968117,-0.01529678320433905,-0.14705269748655078,-0.1723972940709657,0.0371287476926067,-0.6742606385122067,-1.042872389074165
FRB20210311C,0,False,,0,-0.5804181332244602,0.1606398989355392,0.11332843115429155,0.03810993120441315,-0.22701658462570207,0.28442031186370337,3.045587052765074,1.3237919233244106
FRB20210311B,0,False,,0,0.9699668768643568,-0.04712338508573811,-0.4072609546015257,-1.1335741742684071,-0.257093650878853,0.2616280908576597,-1.0610345595122637,-0.12771836496725972
FRB20210311E,0,False,,0,-0.83332570165753,0.012125496353664708,-0.6253227872825162,-0.5811169677593838,-0.015927257151247102,-0.02668587391798608,-0.09146778930602904,-0.7727427500841356
FRB20210311A,0,False,,0,1.5099972901193486,-0.14396549758311092,-0.7911262405153334,-0.32498226704537286,-0.13088161636479645,-0.07774656608066667,-0.6557115327740317,-1.1492808704405795
FRB20210312C,0,False,,0,0.26042901341957075,-1.0727175125413053,0.7170712955363603,-0.19884882016411456,-0.18800786247498552,0.22180291380932182,0.16596371870891483,0.6261795628604264
FRB20210312B,0,False,,0,-0.5165627924231223,-1.5552973397294976,-0.2352434279862903,-0.91563907169616,-0.2864493342938401,0.2993416230903621,-1.0610345595122637,-0.08992075768652559
FRB20210312A,0,False,,0,1.4784892629480686,-0.8438803497951305,0.06691120339813116,-0.5158271610206688,-0.21807494244762088,0.27045739535426105,1.2488304320726515,1.3237919233244106
FRB20210313D,0,False,,0,0.9727069760197748,-1.4399426824117862,1.5719753696339456,0.5821199581679828,-0.24349827112727515,0.22463074717559972,-0.8945939350508004,-0.541232405489639
FRB20210313E,0,True,FRB20201221B,0,0.06412905915542476,1.3608806658285422,-0.9724472066599668,-0.685754439524569,0.09110041540436765,-0.6281782896985971,-0.5985602340131678,-1.3707255478787934
FRB20210313C,0,False,,0,0.12550273341674945,-0.9115830994335421,0.12665904957795598,-0.727587891555883,-0.2398155995905036,0.2778683113790643,0.11532967331551788,1.3237919233244106
FRB20210313B,0,True,FRB20200929C,0,-0.2803813089352564,0.5778280230955822,-0.19062241939417485,0.14012970939608382,0.42375796534422316,-0.38050119155692563,0.3048313481541718,-1.101212174224863
FRB20210313A,0,False,,0,-0.32444533449581736,-0.45637527659534793,0.14490305254165337,-0.5953755725223089,-0.24309851878813357,0.2678634772934838,-0.5684806030863974,1.0852972382541264
FRB20210314D,0,False,,0,0.9309711011785804,-0.4252482616171213,0.3284897976719563,0.008023165454115118,-0.2513003433231086,0.28158024543465127,-0.8808074375426973,1.3237919233244106
FRB20210314C,0,False,,0,0.06305591501440015,-1.0511438718313693,0.6458335512866066,-0.1032167208684981,-0.24175239332101597,0.24234687650800704,-0.7913205355355551,-0.15031476062422033
FRB20210314F,0,False,,0,1.0411855395497462,-0.3162546315893734,-0.8390998833596778,-0.1509428482429726,-0.27175219594378575,0.29739462804089334,-1.0610345595122637,1.3237919233244106
FRB20210314B,0,False,,0,-0.028093380448551683,-0.9858849312677347,0.05728309970066742,0.033569705818808644,-0.17775268117530083,0.175546409227801,-0.2348473633903016,-0.2123521377915122
FRB20210314E,0,False,,0,-0.4533990400086389,1.7169864399663815,-0.5818185196351624,0.4066823565424688,-0.21867092412005162,0.21877482420864183,-0.47949502826136803,-0.13922198457443966
FRB20210314A,0,True,FRB20200929C,0,-0.28192081992567647,0.5447529118139125,-0.507156719308895,-0.5969892318796675,-0.07908001930251381,-0.11784148877119513,-0.5328863731563857,-1.0642362540589276
FRB20210315B,0,False,,0,0.11040237170364632,-0.25147439690008627,-0.28202005632547017,-0.6472948852190575,-0.2525674117993863,0.2784829721334289,-1.0264429839464777,1.3237919233244106
FRB20210315A,0,False,,0,0.6302633309731133,1.9162042678142677,-0.7427688932229003,0.2442598874306508,-0.17304965786213494,0.18034337428929664,-0.13658723569618475,-0.08047135586634205
FRB20210316C,0,True,FRB20191106C,0,-0.6418910950034532,1.8684943296174963,-1.2568014360823856,-1.3991014008893983,-0.1305936839281019,-0.1408906575215831,-0.7163721218096855,-1.2509646508969021
FRB20210316B,0,False,,0,0.4386343987746601,0.4232177918314654,-0.3582063262368117,-0.4901414052878618,0.02582065678344218,0.09310175540673848,0.9515434130797368,-0.10245148618720375
FRB20210316A,0,False,,0,0.9212390266991859,0.42091478308755786,-0.3937530301300873,0.05925353351415701,-0.27148919605870125,0.2921666183329876,-1.0610345595122637,1.173834024873672
FRB20210321A,0,True,FRB20201124A,0,-0.2868423298332421,1.3719215747862004,-0.7569409474194181,0.28300476540946695,-0.06151656531356168,-0.046665756786916396,-0.34313403472667525,-0.871756047417363
FRB20210321C,0,False,,0,0.6768896613672787,-0.031888766660610454,-0.6639390480147813,-1.0715266816255409,-0.27459477572238744,0.28694480657133875,-1.0610345595122637,0.06229678032990914
FRB20210321B,0,True,FRB20210209C,0,-0.4096855566296414,0.3937038739781666,-0.8336134749679427,-1.0697241043397034,-0.01971750435827854,0.1642019110561635,1.727096563808302,0.2420408366920959
FRB20210322A,0,True,FRB20201124A,0,-0.2862024176163004,1.1283667201546186,-0.7104139887997211,-0.25719764568111414,2.1756296487336924,-0.9430816462144627,2.031652826941853,-1.1293549579067141
FRB20210322D,0,False,,0,-1.8301477994250595,-1.1554318968366453,-0.00967513268973378,-0.7787179929489314,-0.2233786347407534,0.013110869542555085,-0.9349507732108842,-1.32676528723707
FRB20210322C,0,False,,0,-0.6796469485193446,-0.23756094361574773,-0.5673657862141654,-1.2987702531260312,-0.017767233635759386,-0.6697831150754882,-0.7642488677014617,-1.4683008927611234
FRB20210322F,0,True,FRB20190110C,0,-1.2988262471275307,-0.8830448273000936,-1.0082805090315947,-1.029793142803585,-0.0712327721226689,-0.2397672951152585,-0.6406717173106464,-1.2337092214861323
FRB20210322E,0,False,,0,0.9536280642411227,0.42118472877356466,-0.9279473861886234,-0.37397822020541344,-0.1393556775965521,0.13177241076871318,-0.14385647983682093,-0.30746242132944646
FRB20210323E,0,True,FRB20201130A,0,-0.8575202583243657,1.544068312867946,-0.5869142465218826,-0.6797095291120927,0.21457235442952424,-0.19058415466158857,0.245925404255913,-0.9428319828474392
FRB20210323A,0,True,FRB20201124A,0,-0.2878316661216326,1.2411181602877126,-0.5292878746260813,0.6353417302450952,0.7838172919025556,-0.2485789921685046,1.9296327453818898,-0.6811246367840953
FRB20210323C,0,True,FRB20210323C,0,-0.8715849987575169,-0.1307043891576435,-0.5655898549551209,-0.706753356322671,0.2795958221504508,-0.32381654505234464,0.08825800548142447,-1.0977200039869692
FRB20210323B,0,False,,0,0.40159977352899245,-0.8345067886715435,-0.02770930261402572,-0.5959704793327602,-0.2661981608773689,0.2892967517222005,-1.0610345595122637,1.3237919233244106
FRB20210323D,0,False,,0,0.7484752183442949,-1.3044031496875128,-0.5348889465321642,-0.858176100238658,-0.2548330483901083,0.2800553634127902,-1.0610345595122637,1.3237919233244106
FRB20210324A,0,False,,0,1.1018136887229768,1.178085955262498,-0.856874892170985,0.752498944445566,-0.26713937542821425,0.292094067559955,-1.0610345595122637,1.3237919233244106
FRB20210325B,0,False,,0,0.8986206329681561,1.3857943025885426,-0.9319162740211824,-0.3637002799134905,-0.23955383057954946,0.254430466766028,-0.6291411921220511,0.3589258287721922
FRB20210326A,0,True,FRB20201124A,0,-0.28236173330373576,1.3731871954946953,-0.6801159084185056,0.871363224540637,-0.19615156328309583,0.2120953790626179,-0.1458617885652723,0.16089923410573728
FRB20210326D,0,False,,0,1.2144124457631993,-0.46567453189460556,-0.11005184812482996,0.18375956267589513,-0.2501128590481181,0.28073392875112013,-0.7717687754331544,1.3237919233244106
FRB20210326C,0,False,,0,-0.8148395197804633,-0.8695736107353287,0.19505244836644062,-0.5582933862455678,-0.2129971457775082,0.28842769611698293,3.045587052765074,0.16952694881112226
FRB20210326B,0,True,FRB20200929C,0,-0.280609533878425,0.5112431472649902,-0.24270812503976205,-0.07548205744968683,0.1496206039153654,-0.2677280189053692,-0.12580870128075866,-1.0917627724046797
FRB20210326E,0,False,,0,0.17790953697206913,0.3390184401664407,-0.31533120574890666,-0.4610074298719185,-0.22612539076194824,0.26588885580628846,0.2938021501476893,1.3237919233244106
FRB20210327F,0,True,FRB20201130A,0,-0.8768775814862965,1.064091599301743,0.31195773558205775,1.11437551649538,-0.10852829688478527,0.12768065269982815,0.10505246608220464,-0.20146478352043118
FRB20210327A,0,True,FRB20201124A,0,-0.2703106314936942,1.3337183583262677,-0.5469832772792423,0.6981623202307446,0.6944854396884367,-0.20633720104910888,1.89529183340716,-0.6310017227813826
FRB20210327C,0,True,FRB20201124A,0,-0.27079196734780675,1.6088719773053517,-0.7720172179351261,-0.07264384346187247,1.3410034633846386,-0.532743527996149,1.961467021446055,-0.9356422205929517
FRB20210327E,0,False,,0,0.28513049225562637,-0.24524018867262187,-0.03948958289294079,-0.7724974582992337,-0.26369119445919653,0.2894279060210107,-1.0610345595122637,1.3237919233244106
FRB20210327D,0,False,,0,0.9238841057458185,-0.9966624209131232,-0.5890829553295351,-0.6980628152809332,-0.22668951174466093,0.2344414918451797,-0.4970414796353175,0.05469617451802238
FRB20210331A,0,True,FRB20201124A,0,-0.26654121759888405,1.6164782025028628,-0.6283488283488038,0.027934910693278147,1.771025909766443,-0.7638156867271022,1.930384736155059,-1.0687555331903198
FRB20210331B,0,True,FRB20201124A,0,-0.2730378572742719,1.6882843823018245,-0.4772254735222352,0.9602672750640435,0.5438654600638685,-0.08588314982244856,2.323425246931526,-0.650311369979149
FRB20210331B,1,True,FRB20201124A,0,-0.2730378572742719,1.7538142318709995,-0.4772254735222352,0.9602672750640435,0.2047538528078773,-0.04872391599933561,0.8547872669319585,-0.5858089314674614
FRB20210331C,0,True,FRB20201124A,0,-0.28475229260308216,1.3728693437699138,-0.8319167388020414,-0.34720876367213427,0.08533817952697188,-0.08840576983816466,0.1241028990024926,-0.8312879570135335
FRB20210331D,0,True,FRB20201124A,0,-0.2777205245767624,1.5074368942256147,-0.524211572915557,0.5866793966095367,0.06736370983141263,0.05128064081688513,0.8309742257815985,-0.3148576053626336
FRB20210331F,0,True,FRB20210323C,0,-0.8710590614374073,0.6691084558977113,-0.09232970920101292,0.5272800913493884,0.2215186453116432,-0.12834211927085454,0.49834364044972845,-0.8091024049139722
FRB20210331F,1,True,FRB20210323C,0,-0.8710590614374073,0.2205303642247084,-0.09232970920101292,0.5272800913493884,0.004272245738836707,-0.0710947310869135,-0.142101834699426,-0.8649771287202749
FRB20210331H,0,False,,0,0.4039659279898423,-0.9753663578070716,-0.50913497361623,-1.3171937140962962,-0.25889639552849214,0.29592858983254255,-1.0610345595122637,1.3237919233244106
FRB20210331G,0,False,,0,0.3086515078561803,-0.1678288883197372,-0.9605976156450521,-1.2964735899101563,-0.20084491222081804,0.21299727630253842,-0.21830356638057785,0.0900287204543608
FRB20210331E,0,False,,0,0.6077622972228263,0.3381676000410357,0.3627606318647718,0.11773738922752447,-0.23238999966154336,0.28157928455056164,1.7679547291504984,1.3237919233244106
FRB20210402G,0,False,,0,-0.06274774161292798,-1.3612788536590628,-0.8284571062113768,0.3261561142504367,-0.26545622833742516,0.2769002472859499,-1.0610345595122637,0.10255944895503896
FRB20210402F,0,False,,0,-0.4686713721520606,0.10141471177517394,-1.1627562829472493,-1.666749164095215,-0.29710715545062266,0.3095379153696508,-1.0610345595122637,-0.39846426929338785
FRB20210402E,0,False,,0,2.1989289903214866,-0.6527768125631062,0.32786118207879317,-0.26592348441358665,-0.18880358733091324,0.25219861412290107,1.2826700168652683,1.237514776270561
FRB20210402D,0,False,,0,0.6252852008233483,-1.4152524058633618,0.40171808987386465,0.2650612676431933,-0.25682123495250975,0.277091849365129,-1.0610345595122637,0.8426941176098491
FRB20210402C,0,False,,0,0.9957442964616068,0.2382633217415292,-0.5767709320862305,-0.7298071614355384,-0.21402664697743,0.26802241812878047,1.2668782106287138,1.3237919233244106
FRB20210402B,0,True,FRB20180916B,0,-0.5540428386697249,0.4543608415936808,-0.4120849275232205,-0.9461413219537247,1.2486566886649328,-0.4408881678052497,2.2013520780870497,-0.8288228956691378
FRB20210403E,0,False,,0,0.6432723219609113,-0.8823468341164721,-0.04249687599497567,-0.8746769729213992,-0.2611057304245234,0.2906808002706263,-1.0610345595122637,1.3237919233244106
FRB20210403D,0,False,,0,1.4679603552477831,-0.6446582849156032,-0.46582233289987096,-1.1985977785983275,-0.26314303928645505,0.2858289880114624,-1.0610345595122637,1.3237919233244106
FRB20210403C,0,False,,0,-0.48124198485478875,-1.0903048903740071,1.1474527570455504,-0.14338620357183848,-0.2318395982773382,0.24900364232611677,-0.4536766783825567,0.41603308325069266
FRB20210404A,0,True,FRB20201124A,0,-0.29261861365084246,1.1120332601347744,-0.8765896807664035,0.4525108538694997,-0.046025091533393195,-0.2213682788401921,-0.5607100317636483,-1.1511296664488762
FRB20210404E,0,True,FRB20190417A,0,1.6885121818340745,0.36613882029137407,-0.6109192046039372,-0.42491997980165885,0.9315428791162186,-0.3876522515644169,1.584719644088255,-0.8873681025985358
FRB20210404D,0,False,,0,-0.8333565835164572,-0.7697105106827759,1.1272527176239506,0.24412995762396195,-0.11074790109547898,0.10217900978428948,-0.08545186312067496,-0.39250703771109824
FRB20210405A,0,True,FRB20201124A,0,-0.28190570477950894,1.7301176049057894,-0.5660368897402726,1.0841020071908112,-0.0007551670704197473,0.06103668585152708,0.4364297334587926,-0.39435583371939503
FRB20210405B,0,True,FRB20201124A,0,-0.2845915215572717,1.2195964529383247,0.2566405197518566,1.6923736747582019,0.2060924041867242,0.02623561008882291,1.548874750567187,-0.2020810488565301
FRB20210406E,0,False,,0,-0.5304396081020668,-0.23511848206345962,5.301583877628648,3.25224446638166,-0.24268952091831825,0.2758135345120565,-0.28472941801052926,1.3237919233244106
FRB20210406F,0,False,,0,0.3347901925319932,0.1964779748712929,-0.4227907619013368,-0.6566019275613042,-0.22119256796064257,0.2712041743188496,1.0853977707038653,1.3237919233244106
FRB20210406D,0,False,,0,0.09370333059221955,0.3561603152629244,-0.4117704953521387,-0.5051344939786618,-0.23874574323256284,0.2600677575129324,-0.517595894101944,0.7186193632752653
FRB20210406C,0,False,,0,0.7714344150695722,-0.9216803082144699,-0.3622974180094925,-0.8933759475055599,-0.20789832701591907,0.24812335860790247,0.3110979379305823,1.3237919233244106
FRB20210406B,0,False,,0,0.32075717803013626,-0.7422453124096813,-0.656797123383754,-1.0100063536159902,-0.21717317044387752,0.26855934808307663,1.094672323572953,1.3237919233244106
FRB20210406A,0,True,FRB20201130A,0,-0.8735812241138174,0.04634793201011441,-0.25477340188817366,-0.7003435167070382,0.2271796522703077,-0.24287603904286462,0.1373880693284829,-1.0190434627450062
FRB20210408E,0,False,,0,0.1893198016571216,-0.3918124985253883,-0.19985847313501504,0.11467939298090969,-0.26330915285800227,0.2871926917176631,-1.0610345595122637,1.3237919233244106
FRB20210408G,0,False,,0,-0.12037348517506136,0.9689718248272661,-0.9919602489232273,-0.6890211641042981,-0.13560567461476425,0.07037968562825014,-0.39276542575584655,-0.7125541689251405
FRB20210408D,0,False,,0,0.5238480207810907,-0.17314028491873398,0.6029722588802774,1.237573266998681,-0.20187629486190675,0.2588459456404378,1.1450557053752934,1.3237919233244106
FRB20210408C,0,False,,0,0.5020311062309556,-0.5130963752746879,-0.30965162932096435,-0.8640927235037837,-0.257841527358938,0.28185382011375276,-1.0610345595122637,1.3237919233244106
FRB20210408B,0,False,,0,1.7526429703821422,1.0484897495428294,-0.3917843877554156,-0.13315303766375178,-0.20136923874387463,0.2214107887590698,-0.11879012073117888,0.29894266939189673
FRB20210408A,0,False,,0,0.0969254897563001,-0.9256145020932575,-0.3409736201213091,-0.1402456150445827,-0.25915176479794827,0.2641661207090695,-1.0610345595122637,-0.13038884809035506
FRB20210409D,0,False,,0,0.648383045201955,-0.13531300944819033,-0.8777710879179522,-0.4823944406209197,-0.10546607493029367,0.056610593702809645,-0.258911068131718,-0.6125137626984148
FRB20210409C,0,False,,0,0.08065952803047441,-0.5157983000468445,1.8884194768249347,0.6907310614790392,-0.20367341538134826,0.10274974743668969,-0.7451984347811738,-0.9935711621862507
FRB20210409B,0,True,FRB20210409B,0,0.5425350421248907,0.32075421466450227,-0.7747316080538889,0.06166904877355995,0.9979230072767653,-0.3104678094839416,2.2580020496658006,-0.7593903344686589
FRB20210410C,0,True,FRB20190212A,0,-0.7974917875791173,0.007755716865458777,0.14460692227917007,-0.1659219515862294,0.21562566781922238,-0.12185806282742745,0.5038582394529697,-0.7982150506428912
FRB20210410B,0,False,,0,-0.32060592605696075,-0.668073863618916,-0.47804522606151983,-0.8684731033605827,-0.2327282973701047,0.26859717018845697,0.048151830912397185,1.3237919233244106
FRB20210410A,0,False,,0,0.8707594072155124,-1.579334757853656,0.6818272540700275,-0.5431978315358146,-0.22815422765815221,0.2674876299057751,0.26698114590465233,1.3237919233244106
FRB20210411E,0,False,,0,2.4136610179579914,0.7454327978557903,-0.8965591717375349,0.4276432032859179,0.7268810646898644,-0.7874146397575772,0.15368120274715022,-1.3201917903186815
FRB20210411D,0,False,,0,1.4941928407561007,-0.18417448661197494,0.8857396475358,1.0268751018825326,-0.22514516191741893,0.15993367852906962,-0.8078643325452789,-0.8846976194754405
FRB20210411C,0,False,,0,0.413022087048775,0.9799505233425241,-0.41230324567465193,-0.36727423530958236,-0.06508557100721477,-0.1083803816664321,-0.4732284384849575,-1.0011717679981376
FRB20210411B,0,True,FRB20201124A,0,-0.2874885016558693,1.3187305096114017,-0.78037832905116,0.15628319959976808,-0.1338459192126163,0.05213716996392396,-0.43713288137283296,-0.7887656488227076
FRB20210412E,0,False,,0,1.9209773550514446,0.7803361193905755,-0.6609174545001267,-0.4491793480458602,0.0020817398587430675,-0.3134877587335007,-0.5366463270222319,-1.202895954681186
FRB20210412D,0,False,,0,1.8359381879461567,0.8602279061576766,-0.7852826715714174,-0.4057788258666646,-0.21656365301841293,0.2665733070826798,0.9382582427537465,1.3237919233244106
FRB20210412C,0,False,,0,-0.09417008259234899,1.0737189079826777,-0.616238617155218,-0.14401216981768217,-0.25879169541708946,0.2875586283823993,-1.0610345595122637,1.3237919233244106
FRB20210412A,0,True,FRB20201124A,0,-0.288644976522607,1.2057470277783469,-0.8830283629925233,0.18723435653223147,-0.18464737814719756,-0.020359283473360402,-0.7968351345387964,-1.2310387383630368
FRB20210412B,0,False,,0,1.088643479941048,-0.32298508563217593,0.35444269574826204,1.818645495070483,-0.22780290767119027,0.2684124386884781,0.34769482222481973,1.3237919233244106
FRB20210413E,0,False,,0,-0.7354088782208369,-0.49088908382822294,4.155861402225456,2.194066813987794,-0.251002650494842,0.27484501343452006,-0.9291855106165865,1.1855430662595516
FRB20210413D,0,False,,0,-1.9494180858298649,0.39212764434050484,-0.6954154948212414,-1.021777174580883,-0.271272103073593,0.2899779062132141,-1.0610345595122637,0.7654555288187836
FRB20210413C,0,False,,0,0.0567192660524366,-2.505850674881043,-0.6912627052921083,-0.9610062357748327,-0.21862886910704488,0.24348604412793937,-0.15664032298069838,0.6382994478037053
FRB20210413C,1,False,,0,0.0567192660524366,-0.552390740722017,-0.6912627052921083,-0.9610062357748327,-0.26238145589990597,0.26197083592416626,-1.0610345595122637,-0.3372485792408946
FRB20210413F,0,False,,0,-0.9349087067894671,0.1105287580988302,-0.15998916462053772,-0.6363850727470598,-0.20150583385223142,0.21069724519978222,-0.2554017778569281,0.025320860163973575
FRB20210414D,0,False,,0,0.737223467757058,-0.24564766563354704,-0.08466594163722922,-0.5387506389077272,-0.1995216348177304,0.25207929075962665,0.8076625118133514,1.3237919233244106
FRB20210414C,0,False,,0,0.9959673534339331,0.5713319518677994,-0.06812277442850437,0.9139829362836476,-0.2725191467398709,0.2941749900442786,-1.0610345595122637,1.3237919233244106
FRB20210414B,0,False,,0,0.30763076056363586,0.6373337698609172,-0.8406352183914808,-0.44461394943979277,-0.02866086496461212,-0.1461419927083814,-0.4155758125419808,-1.0291091299012889
FRB20210414A,0,False,,0,0.9443774536979423,-0.26660164513414186,-0.21567099648494356,-0.4995027068912035,-0.2212970024778034,0.27522732909419473,1.7052888313863934,1.3237919233244106
FRB20210415F,0,False,,0,0.21863751962042954,-1.0877833266643426,-0.6069735172277929,-1.2117665903990724,-0.25780616928801464,0.28638479112766024,-1.0610345595122637,1.3237919233244106
FRB20210415E,0,False,,0,1.4468660667507163,-0.41327826465871936,-0.36978108811681504,-0.04935608302581812,-0.07060912897679829,-0.09242397363403745,-0.4664605215264342,-0.9824783861364701
FRB20210415C,0,True,FRB20210219C,0,0.11251575732429994,0.2632959934222719,4.435575176171763,4.8727467823500366,-0.24322535952190077,0.26167104916574024,-0.6762659472406581,0.5816030368826041
FRB20210415B,0,False,,0,0.20190848959885163,0.5411657703495096,0.5362247790912742,2.110210510466104,-0.22902257768995513,0.19282862677317855,-0.7700141302957594,-0.6784541536609999
FRB20210415A,0,False,,0,0.8666902021976,2.3416774681088084,-0.3362618063456501,0.4381081363008307,-0.20347793984115461,0.10921042812225029,-0.73216392804624,-0.9654283785043998
FRB20210416E,0,False,,0,-0.03646220488100012,-0.09154785862213198,-0.6165614597866432,-0.7994156777680551,-0.23659161073481513,0.2740721391996186,0.10555379326431749,1.3237919233244106
FRB20210416C,0,False,,0,-0.3090988393415855,-0.7528048130227988,0.11061007117375343,-0.38704774388430163,-0.23330381637660433,0.25039713065771413,-0.4787430374881988,0.4240445326199787
FRB20210416D,0,False,,0,-1.429457990759853,-0.69408680907992,0.005656616245987198,-0.9569111476954928,-0.23530769191711842,0.2611250336027546,-0.3511552696404807,0.9877218933717964
FRB20210416B,0,False,,0,0.47357038074855284,-0.9168137521433641,0.577300399375767,-0.6089147290596008,0.02411307106889942,0.03930031274290235,0.44420030478154165,-0.4652263473707715
FRB20210416A,0,False,,0,-0.03988126775580317,-0.3180408817530123,-0.519878149696074,-0.4455727303416436,-0.23850106462526674,0.2711805568804527,-0.19499185241233072,1.3237919233244106
FRB20210417A,0,False,,0,-1.9581697980416761,-0.7695405477446198,1.4252167975785237,0.24314518726947046,-0.07871367079669671,0.19230074886405746,1.5716851373533212,0.4768379297457867
FRB20210418D,0,False,,0,1.6607315245422296,-0.27678892644454706,-0.4501219769933228,-0.8684329373895002,-0.22254763844497316,0.27716461202730525,1.9922986431459948,1.3237919233244106
FRB20210418C,0,False,,0,1.0020791393089155,0.7549887364654415,-0.6679042254276805,0.658193183217672,-0.2586012177433583,0.2899606261255681,-1.0610345595122637,1.3237919233244106
FRB20210418B,0,False,,0,0.9575650308223196,-0.49538822936258414,2.3719188193806073,1.177787541966635,-0.25889081211281223,0.2624511758502078,-1.0610345595122637,-0.17886838786347056
FRB20210418A,0,False,,0,-1.0635586392455567,-0.650018779147981,0.00538126238603495,0.4572240493076994,-0.11960010085578833,0.10137159694701914,-0.15664032298069838,-0.41900644716335206
FRB20210419B,0,False,,0,1.2352073260410168,0.35016178018614963,-0.8009136810747757,-0.18827923840938385,-0.16696467499740125,0.24785504042169054,1.9266247822892126,0.8118808508049028
FRB20210419A,0,False,,0,0.6250339108041875,-0.5461045780700715,0.39768857878508623,0.5613160950420413,-0.24050247029128882,0.27470154285770476,-0.1666668666229552,1.3237919233244106
FRB20210421C,0,False,,0,1.9786649089219186,0.5124791120335083,-0.9090850776458801,-0.7023919819983914,-0.23656369544439174,0.27303008488691427,0.038626614452253204,1.3237919233244106
FRB20210421E,0,True,FRB20200120E,0,-2.8180192715906753,-1.0996046132152457,-0.3758757925482954,-1.048464304693562,-0.23918245612423325,0.25524669914321113,-0.6063308053359168,0.41541681791459373
FRB20210421F,0,False,,0,1.4632768242593515,1.0693936956040162,-0.9507664076192199,0.09471502037336524,-0.19363400065589786,0.15214471706399324,-0.5348916818848369,-0.6334667841257783
FRB20210421D,0,False,,0,-0.9893777639796566,-0.48048270916258007,-0.9684402487689912,-1.725526323967803,-0.10717158698090408,-0.12127590544351236,-0.6263838926204305,-1.1542109931293707
FRB20210421B,0,False,,0,0.2563109761404814,0.10247292654942831,-0.2581179165801027,-0.17511084355183495,-0.25137268737865887,0.2877252777175972,-0.6702500210553041,1.3237919233244106
FRB20210422A,0,False,,0,0.17025975761075254,-1.6109024714210467,-0.49202029564801014,-0.7256116623484997,-0.14470424158056291,0.05198501340983568,-0.4982947975905996,-0.8485433864243035
FRB20210423H,0,False,,0,-0.5949884836576637,0.04444176393245711,-0.7254169383246479,-0.37589454487472024,-0.16699739729509078,0.060788739635344015,-0.6023201878790141,-0.9356422205929517
FRB20210423G,0,True,FRB20200120E,0,-2.818389532884473,-1.300890945965753,0.8629791613515626,-0.2413312894899994,-0.2573849223121632,0.2919639532547634,-1.0610345595122637,1.3237919233244106
FRB20210423F,0,False,,0,-0.39607853622343786,-1.119273302885913,0.43263919710677884,-0.13356986478068153,0.295898739122559,0.041946260732419714,2.504905686856375,-0.607789061788323
FRB20210423E,0,False,,0,-0.9544200962018015,-2.0210309612629294,-0.9465797723195081,-0.6535391799593365,-0.25091106077277037,0.26983142497927015,-0.9534998789490593,0.6789729599862344
FRB20210423D,0,False,,0,-0.8308743170511351,0.03304030294252867,-0.7644259199997638,-0.7278401149963936,-0.12008203546341883,0.037414077241999105,-0.40279196939810336,-0.7789054034451248
FRB20210423C,0,False,,0,0.7205423536641689,-0.9202891743930046,-0.009528025044400689,0.3214681161781026,-0.20961550972955426,0.2525692297765286,0.41988593644906885,1.3237919233244106
FRB20210423B,0,False,,0,1.691891730523373,-4.6661660684346,-0.6331036297337536,1.0370749313669894,-0.2547531496366576,0.26897979869446553,-1.0610345595122637,0.3429029300336201
FRB20210423A,0,False,,0,0.8289697087223681,-0.11160241124658919,0.6691320259637559,-0.07798364782372412,-0.19561616573317014,0.21681927243856405,-0.0724173563857411,0.29483423381790386
FRB20210424C,0,True,FRB20190417A,0,1.6877227044576624,0.27080962724393526,-0.8578642602590708,-0.7237766295686792,0.49935210265427327,-0.40455562941668544,0.42138991799540737,-1.0979254257656688
FRB20210424A,0,False,,0,1.1157903733740053,0.26312743419957485,-0.4582257572363595,0.8512629415737613,-0.15296429648531967,0.00210841459616952,-0.6369117634448002,-1.0529380562304473
FRB20210424B,0,False,,0,0.7447059010067119,-0.3322670924615751,-0.5454297062232392,-0.7675886996024642,-0.12011666993540283,0.19455744860412255,0.8755923449896413,0.7062940565532868
FRB20210425A,0,False,,0,1.0480496027946402,-0.4570978327229259,-0.11503860365040253,-0.6570736251192851,-0.22337454745636223,0.27226521137407084,1.0317557622177913,1.3237919233244106
FRB20210426B,0,True,FRB20210323C,0,-0.8729511461645288,0.07274693524881083,0.3991775249388445,0.5084261958273735,0.6249280727977745,-0.675434122228154,0.1531798755650374,-1.2795182781361525
FRB20210426B,1,True,FRB20210323C,0,-0.8729511461645288,-1.8401176697357455,0.3991775249388445,0.5084261958273735,0.272931804409258,-0.39772418644561014,-0.06289213992559711,-1.1755748581141336
FRB20210426A,0,False,,0,1.3301582713281885,-0.606120238247337,1.4407053673077084,0.46579861042754506,-0.23735707748228735,0.26143646907725687,-0.4328716003248738,0.8944604058421589
FRB20210427B,0,False,,0,0.3733410176394409,1.0625064476741828,-0.09812453971552781,0.9525161412778643,-0.20796257151880193,0.2645096192829165,1.3022217769676692,1.3237919233244106
FRB20210427A,0,False,,0,-0.9891926165724096,-0.08966792749185504,6.033737085004742,3.517980324240981,-0.2387457312761389,0.2721155912618785,-0.16867217535140658,1.3237919233244106
FRB20210427C,0,False,,0,-1.4642696804213782,-1.1706181072148183,-0.1960214289889673,-0.9128702488709405,-0.21449628353547845,0.26707616804659695,1.1285119083655697,1.3237919233244106
FRB20210428C,0,False,,0,-0.901675715704661,1.1187969028774185,-0.9536173061048535,-0.3896494742865238,-0.15495945387614832,-0.1837642749973122,-0.8126269407753509,-1.3651791598539031
FRB20210428A,0,False,,0,0.8954739831058536,-0.363898252710224,0.13336668232083707,0.021289994854531383,-0.22031511715786695,0.2583570965201155,0.2168484276933682,1.3237919233244106
FRB20210428B,0,False,,0,0.5082882775397675,-0.9062561824286105,-0.7897168261301079,-0.49729363654737796,-0.206024353212894,0.1443040149988739,-0.6727566569658683,-0.8037614386677815
FRB20210429C,0,False,,0,0.3057227211429736,-0.7688549068523856,1.3159189560460347,0.4642788541419126,-0.17087062692864935,0.15710173767786684,-0.28598273596581136,-0.35614738288126163
FRB20210429B,0,False,,0,-0.37608536792471103,0.1756660348364738,1.8190255306579954,1.1379689429393103,0.4853729382731954,-0.02101409148882124,2.8748851472556516,-0.9650175349470005
FRB20210429A,0,False,,0,1.0118502356299586,-0.29385382385370745,-0.6722916234643492,-0.9454246448033577,-0.13052476698423848,-0.12888122664027962,-0.7058442509853158,-1.2335037997074325
FRB20210430I,0,False,,0,0.32280284720129687,-0.8832433373520034,-0.7653055437343134,-1.2129498071660727,-0.13458076469411115,0.108045301105421,-0.2361006813455837,-0.4715944225104604
FRB20210430J,0,False,,0,0.8517656051181703,0.5159546073965123,-0.7364865205957146,-0.08173636614577705,0.6414803803758747,-0.154582697150112,2.1023399596197634,-0.5506818073098226
FRB20210430G,0,True,FRB20200120E,0,-2.8183917957348625,-1.506770900607131,0.06720623895140651,-1.035677073144203,-0.19810163229229463,0.17363162016494374,-0.48350564571827076,-0.48412515101113857
FRB20210430F,0,False,,0,0.3423926500509742,0.18887974744121433,-0.5886744725490298,-0.1449180888959945,-0.24835076821739752,0.20702543396385475,-0.9971153437928765,-0.824714460095145
FRB20210430E,0,False,,0,3.0297902039861984,0.3521469231937342,-0.5405748645263512,-0.6695980563503782,-0.10273008133557955,0.20653556454199198,1.58647428922565,0.5573632669960463
FRB20210430D,0,False,,0,0.7031022378798472,-0.35431008006729203,-0.23636005630412663,-0.18893555282921132,-0.2284715270870236,0.18955291247476894,-0.77277142979738,-0.7018722364327591
FRB20210430C,0,False,,0,0.015538275970432969,-0.9501603991135673,-0.575038865277779,-0.9275358038014121,-0.2635073827312453,0.29004752243061094,-1.0610345595122637,1.3237919233244106
FRB20210430B,0,False,,0,1.1680357488144448,0.14205236535480073,-1.2103229328403984,-1.7454227167262963,-0.2428472168947507,0.1338635560651854,-0.985584818604281,-1.1558543673589678
FRB20210430A,0,False,,0,-0.30192176281757127,-0.667071116892929,-0.4230554920816993,-0.9307046197977302,-0.25148669812477814,0.2762890126470921,-0.9529985517669464,1.3237919233244106
FRB20210501C,0,False,,0,1.4580161844456925,-0.9288155499355775,-0.9254552737724558,-0.3629047024861033,-0.1921877879076155,0.0016874911050831483,-0.8086163233184482,-1.2185080098623586
FRB20210501D,0,False,,0,0.25198673693750817,0.09654239572732744,-0.7681983211831301,-0.7621430070094851,-0.20016348703140083,0.1481800610489405,-0.6093387684285939,-0.7250848974258186
FRB20210501B,0,False,,0,-0.4056292653794142,-2.872359384165257,0.05012508857791639,0.13254839398531845,-0.02521005704051463,0.09518076665724741,0.5402044601561506,-0.2230340702838936
FRB20210501A,0,False,,0,-1.2201546752385342,-1.5308624038915455,2.028763751683905,1.0719391708184425,-0.23672400454263826,0.16136945434198793,-0.913393704380032,-0.9886410394974593
FRB20210501A,1,False,,0,-1.2201546752385342,-0.8106033627695288,2.028763751683905,1.0719391708184425,-0.2652514702266643,0.2840665793651903,-1.0610345595122637,0.7344368402351378
FRB20210502B,0,False,,0,-0.7816140884602457,-0.497655902853846,-0.4961732723542802,-1.1486073348391153,-0.21237413201756042,0.2446052683303685,0.056674393008315484,0.9238357201962076
FRB20210502A,0,False,,0,1.320364936630546,-0.2901103537649186,-0.5433658847338687,-0.7794706479595307,-0.21879295636963883,0.26659630575652116,0.7936253507141918,1.3237919233244106
FRB20210503A,0,False,,0,-0.38508218091445195,0.42561724996740247,-0.850439182842113,-1.1761117726398258,-0.18640768434947264,0.12171883086012338,-0.5782564831375977,-0.7780837163303262
FRB20210504F,0,False,,0,1.5383461387252133,0.29052934830901456,-0.3487318655907993,0.19365804594608232,-0.259581959028926,0.27860142544431954,-1.0610345595122637,0.7258091255297527
FRB20210504E,0,False,,0,0.6306936092631957,0.0554075821238444,0.4768898509578549,0.6922993959930333,-0.14688751381736506,0.2311301808354678,1.545365460292397,0.79626879562373
FRB20210504E,1,False,,0,0.6306936092631957,1.4038529098682473,0.4768898509578549,0.6922993959930333,-0.2554867505924605,0.2824135016422488,-1.0610345595122637,1.3237919233244106
FRB20210504D,0,True,FRB20210504D,0,0.2272947620073802,-0.7756914683124665,1.4002342410109583,1.2837433178053836,-0.19755726210450927,0.251513966342118,0.8582965572067484,1.3237919233244106
FRB20210504C,0,False,,0,0.6240462832444463,0.7397407565425455,-0.5303687711648306,-0.37630138908174227,-0.0024773867991724737,-0.29138851937946075,-0.5258677926068058,-1.185024259934317
FRB20210504B,0,False,,0,-0.3345977608041644,0.2861931334210401,-0.163048405521832,-0.20412078223119703,-0.2305776502902639,0.23118936987706926,-0.6113440771570452,-0.12956716097555648
FRB20210504A,0,True,FRB20201124A,0,-0.28570473779929634,1.3996765292483404,-0.8727917372083706,0.13798438584637857,-0.20650596797412854,0.23821278887602876,0.06970889974324936,0.7917495164923378
FRB20210505F,0,False,,0,-0.2909113131453199,-0.32951525105384183,-0.4685870367655607,-0.9060039462412774,-0.2584545901515926,0.2869144877193015,-1.0610345595122637,1.3237919233244106
FRB20210505E,0,False,,0,-0.9801359807676365,-0.054942948226708144,-0.3729807178407307,-0.6453674396549094,-0.262961188724213,0.2874766886819345,-1.0610345595122637,1.3237919233244106
FRB20210505D,0,False,,0,0.1847610602103231,-1.7422446739891573,-0.6927930131479088,-0.5676019746511194,-0.24031333978491723,0.23912597323519694,-0.774526074934775,-0.19119369458544908
FRB20210505C,0,False,,0,0.2554378518085772,-0.35661846708649547,-0.380086039254435,-0.9390891660002212,0.37033553804223107,-0.03794723050137858,1.8679695019820102,-0.3132142311330364
FRB20210505B,0,False,,0,1.1845893373120195,-1.4887373087843854,2.4596103045891695,2.2301324545687398,-0.23920003033998008,0.279714771247037,0.3805317526532108,1.3237919233244106
FRB20210505A,0,False,,0,1.5922663044851864,-0.18465138114373753,0.066831096629493,0.2080957206254789,-0.05536774049067606,0.10592666356894362,0.3872996696117342,-0.22097985249689717
FRB20210506D,0,False,,0,0.2308887444018901,-0.4720607149176779,0.34503468441533813,-0.27952891328717366,-0.22308721884019242,0.2701565797685533,0.8201956913661724,1.3237919233244106
FRB20210506E,0,False,,0,0.5082421443134761,-0.31180051708816475,-0.29474704391656,-0.5530710687174466,-0.23074762789721848,0.2661482706636769,0.04414121345549446,1.3237919233244106
FRB20210506B,0,False,,0,0.4422599831075575,-0.7047147626955693,-1.0351661346775076,-1.7335988870288734,-0.14852010617694505,0.0598547434728969,-0.4997987791369381,-0.8366289232597243
FRB20210506A,0,False,,0,-0.19023623600681094,0.38166287564790286,-0.6332808390919543,-0.8685167386667952,-0.26460405995546327,0.2869287412252105,-1.0610345595122637,1.3020172147822486
FRB20210507C,0,False,,0,1.3519045351272545,-0.8290170967832993,1.0528526803380436,0.0817935850141317,-0.217358414433836,0.26754075747196443,0.976108445003266,1.3237919233244106
FRB20210507A,0,False,,0,0.1109165295141388,0.9905281211493611,-0.7623183374113847,-0.5765083953446054,-0.15467074306121448,0.04035817247954665,-0.5777551559554849,-0.9444753570770363
FRB20210508B,0,False,,0,-0.12965734825363476,-0.2989515308529,-0.6132559072313888,-0.3335432066599414,-0.2519430686328026,0.25655165203904584,-1.027194974719647,-0.07964966875154349
FRB20210508A,0,False,,0,-0.6757487693409658,0.4059093971568542,0.0007101787842513081,0.6520135861921176,-0.25480599607460325,0.23497941079281723,-1.0610345595122637,-0.639424015708068
FRB20210509A,0,False,,0,-0.13488882504949548,-0.2738852414760715,-0.05841391279730634,-0.16854987535927496,-0.2455821229629124,0.2688242539868428,-0.6822818734260122,0.9932682813966867
FRB20210511A,0,True,FRB20190208C,0,-1.1837853692727294,-1.123918825258482,4.2548423723493745,2.0437430463983377,-0.2426416525201759,0.23744768896667257,-0.8359386547435981,-0.2930828968204715
FRB20210512B,0,False,,0,0.9075049299431136,-0.28821481551365097,0.5863245805906739,0.008541789949052362,-0.23458588709843167,0.2622979444715482,-0.288740035467432,1.1304900295680476
FRB20210512C,0,False,,0,-1.2475286005181223,0.8461522381371039,-0.8749841845469956,-1.102255150350175,-0.28448752695877283,0.32107925902032053,3.045587052765074,1.3237919233244106
FRB20210512A,0,False,,0,0.7533605554672669,-0.09000125483911961,-0.6225579794421805,-0.057010720694842476,-0.2333522691080954,0.2686168486108017,0.010802955844990528,1.3237919233244106
FRB20210513B,0,False,,0,-0.8297046347927468,-1.0955964828963929,0.34730478698881667,0.4508177290023109,-0.23616262244014283,0.25095472274255703,-0.5612113589457611,0.3373565420087298
FRB20210513B,1,False,,0,-0.8297046347927468,-0.5136787521862592,0.34730478698881667,0.4508177290023109,-0.24997824744310182,0.25411595844592044,-0.9687903580035009,-0.08211473009593918
FRB20210513C,0,False,,0,-2.0643151591933018,0.9011373848522939,0.022946097510426575,0.5099198973019723,-0.26210033084365275,0.3010866687093907,3.045587052765074,1.3237919233244106
FRB20210513A,0,False,,0,-0.6813258564152457,-0.3968207314645655,-0.3038769780838352,-0.8511018888656192,-0.22511340536655086,0.25386561747532477,-0.12931799155554854,0.9735477906415211
FRB20210514C,0,True,FRB20190303A,0,-1.2994898608703753,0.16323993682883395,-0.8336369160704927,-1.1752764362538006,15.007880634663325,-15.278818961349964,0.2657278279493702,-1.8479203397980617
FRB20210514B,0,False,,0,0.3435777144262509,-0.2479117439524061,-0.6942471456169147,-1.5705923126936985,-0.12197931382771485,-0.0777166941941724,-0.6246292474830355,-1.1199055560865305
FRB20210514A,0,False,,0,-1.218416420726798,-2.019613720295738,0.24722827498636882,0.6230755781034292,-0.22837253142218084,0.2544075019322713,-0.23559935416347086,0.8578953292336226
FRB20210518D,0,False,,0,-0.7535318867206874,0.13561385729074682,-0.507217031777644,-1.3193106708404916,-0.151685833817485,-0.04606196178950473,-0.6950657165698897,-1.1589356940394626
FRB20210518B,0,True,FRB20210209C,0,-0.4091274619798263,0.12455358649545138,-0.15944569700660413,-0.06401667457887837,9.291323845347382,-3.753790479660339,2.888170317581642,-1.6367467512948297
FRB20210518B,1,True,FRB20210209C,0,-0.4091274619798263,0.5607209573568629,-0.15944569700660413,-0.06401667457887837,0.39084855141752023,-0.062029807619725055,1.728349881763584,-0.40668114044137355
FRB20210518A,0,True,FRB20201124A,0,-0.28200261164560003,1.6455859003137292,-0.7859142276067974,0.14431932844032128,-0.23825263069123656,0.24258033099767584,-0.7020842971194695,-0.038359891232915444
FRB20210520A,0,True,FRB20190905A,0,-1.2021192628480304,1.702237380442779,-0.37904207665046413,0.4948689685787999,-0.23811453659873888,0.27126136154412894,-0.16566421225872952,1.3237919233244106
FRB20210521F,0,False,,0,-0.5935235705009542,-1.2073909081034413,-0.24844844229968424,-0.9867232825773393,-0.26047386731151495,0.2818302404170419,-1.0610345595122637,1.0253140788738309
FRB20210521E,0,False,,0,-0.9029230007294109,-0.07221604720820911,-0.4226385860057837,-0.8852179029977087,0.08149649681872535,-0.572646180989244,-0.5817657734123876,-1.346896621549635
FRB20210521C,0,True,FRB20180916B,0,-0.559257950319404,0.5522472455590537,-0.6067456955565551,-1.0562432064061287,-0.12551728619666983,0.12514274156341146,-0.06489744865404848,-0.2743895149588041
FRB20210521B,0,False,,0,1.8167468263427013,-0.008669127833416165,0.20048853214269782,-0.15410077452628548,-0.10123211146765705,0.2116097055786016,1.8366365530999578,0.4427379144816461
FRB20210521G,0,False,,0,-0.3968414598283477,-0.0813432120097096,-0.6683395099240217,-1.283183863656375,-0.2394602456673324,0.2417713169791499,-0.7379291906405376,-0.09772678527711198
FRB20210521A,0,True,FRB20201124A,0,-0.2712726230090517,1.5000774124188003,-0.8798149020015391,-0.2930913247975559,-0.21821766196669484,0.2618377845208293,0.4918263870822615,1.3237919233244106
FRB20210521D,0,False,,0,1.2874043946022422,1.013357531964233,-0.8487926280145767,-0.576828630639998,0.037874868985166066,0.0023085320466308132,0.2988154219688177,-0.6079944835670227
FRB20210522C,0,False,,0,1.2141380800652295,-0.6985871957542176,-0.9560269604014924,-1.3835229875141555,-0.2603881804075343,0.28944529837506733,-1.0610345595122637,1.3237919233244106
FRB20210522B,0,True,FRB20201124A,0,-0.2801327407162508,2.669669485880699,-0.8193090570731467,0.4225368243809678,-0.12517713092807417,0.12462964087172493,-0.06539877583616131,-0.2772654198605991
FRB20210522A,0,False,,0,-0.7997180468374309,-1.0548076625572382,0.05577222716121522,-0.5363664860895968,-0.13377428287804952,0.09416009697620585,-0.29300131651539113,-0.5634179575892004
FRB20210523G,0,False,,0,0.9283266711994874,-1.1185869931064307,-1.0577022439536856,-1.466467489892762,-0.16470708995657055,0.08969763218288765,-0.5180972212840568,-0.7967770981919937
FRB20210523F,0,False,,0,0.5203875958513547,-0.3818869658959733,-0.4756758344228334,-1.8670651818214206,-0.24815011242969046,0.27241571183345936,-0.7730220933884365,1.1645900448321882
FRB20210523D,0,False,,0,-1.2104052255978492,-0.9222562116282894,0.07387111701932399,-0.9798355645120469,-0.27786339315404224,0.2964623092547126,-1.0610345595122637,0.8299579673304713
FRB20210523E,0,True,FRB20190303A,0,-1.2978474940068705,1.1087906697444552,-0.9187643611702384,-0.9338735314287016,0.01683978682598522,-0.10827302522603291,-0.190981234955428,-0.9321500503550578
FRB20210523B,0,False,,0,0.07408224471547892,-0.607382913302723,0.08918802681516168,0.4818281057969438,-0.20269378152267686,0.22879778046169513,-0.027548573586641815,0.5078566183294326
FRB20210523A,0,True,FRB20180916B,0,-0.5596296815907332,0.23660828843988735,-0.41073152802397356,-0.12301292989191202,-0.1136663543584626,-0.4116267493691395,-0.8224028208265514,-1.4623436611788339
FRB20210524B,0,False,,0,-0.43094361827905414,-1.3883613816436011,1.0387554591072308,0.3635878844992158,-0.25845414183674353,0.27493373922323033,-1.0610345595122637,0.4903957671399631
FRB20210524A,0,False,,0,1.0399780287069091,-0.08194685582765907,0.28455482440383717,-0.30927182425661515,-0.16689977840183173,0.24649323230360523,1.8163328022243876,0.849062192749538
FRB20210524D,0,False,,0,0.9041998520745113,-0.02049850451591619,-0.726031034866477,-1.2833637714270822,-0.23616900581891323,0.27435357555017575,0.16044911970567358,1.3237919233244106
FRB20210525B,0,False,,0,-0.8540445090699462,-0.345307544981511,0.6783776942302986,0.05485381873033802,-0.22359737208741307,0.26485359588733004,0.3777744531515902,1.3237919233244106
FRB20210525A,0,True,FRB20201124A,0,-0.27241868672676056,1.825949736152373,-0.8662584262381058,-0.10637190268602971,-0.007842134483975213,-0.1548375063464518,-0.3656937579217531,-1.0286982863438896
FRB20210526B,0,True,FRB20210209C,0,-0.4102984208006717,0.7621468405559191,-0.40864563235306395,-0.059371779613950085,0.4270943968837798,-0.021940699425490665,2.445247752184947,-0.6642800509307246
FRB20210526D,0,True,FRB20201124A,0,-0.29008810106423616,1.5819566026966294,1.7118155899146645,4.080811869122693,-0.14081160736001272,0.02850793435929881,-0.5316330552011035,-0.9171542605099839
FRB20210526C,0,False,,0,-0.004441651610056488,-0.7641947034793785,-0.216590778065954,-0.34607663593417287,0.35230008168294114,-0.21014848342753942,0.6239260995689951,-0.8894223203855323
FRB20210527E,0,False,,0,0.2770162593904256,0.030806825072159445,-0.7036556961774898,-1.042887648001748,-0.11424791246204238,0.014790217030866897,-0.4318689459606481,-0.8395048281615193
FRB20210527B,0,False,,0,-0.5278884942739274,-0.23277069069112963,-0.2714713993095156,0.26674819167266817,-0.25104053224188233,0.2802209612249854,-0.875292838539456,1.3237919233244106
FRB20210527A,0,False,,0,-0.5013064933007312,-0.4868826737922465,-0.40643832430137405,0.15166123026683168,-0.26098067322467655,0.28429102168232845,-1.0610345595122637,1.3237919233244106
FRB20210527D,0,True,FRB20201124A,0,-0.270279727539728,1.471871074460988,-0.7370107566051435,0.005550209404013612,1.0915283549656416,-0.3422547208971729,2.351248905538789,-0.8432024201781128
FRB20210528B,0,False,,0,0.575759103336786,-0.6594244758137586,-0.12286005781338885,-0.9878428801200486,-0.23300821212808553,0.26047677600450725,-0.2681856210008055,1.066603856392459
FRB20210528A,0,False,,0,0.4481358318951217,0.7229306805489276,-0.617004626781184,-1.0506316426061393,-0.036409995744208064,-0.020040393461692604,-0.1629069127571089,-0.7772620292155277
FRB20210529B,0,False,,0,-1.027289992327179,-1.4940573476445025,1.7427805552758862,0.3768890678962588,-0.21110330584523895,0.2378834279757003,-0.06138815837925859,0.6296717330983204
FRB20210530D,0,False,,0,0.06787982876599791,1.584102303018451,-0.5044252781496951,1.8478140637550107,-0.2513699406204338,0.28099874812437503,-0.8971005709613646,1.3237919233244106
FRB20210530E,0,False,,0,1.149016501201616,0.41189936769921903,-0.7396036934946651,-0.6766347081190404,-0.16185813851372857,-0.2277532285671731,-0.8504771430248704,-1.4218755707750044
FRB20210530C,0,False,,0,1.105876587570957,-0.6320109952766956,0.3078039934858768,0.12168627705346909,-0.24596781401741533,0.2818933689596006,-0.2325913910707938,1.3237919233244106
FRB20210530B,0,False,,0,0.5456461072993996,-0.9618157433912775,0.25191069820256745,-0.006211871500035352,-0.2622443167546055,0.2638881316312154,-1.0610345595122637,-0.27562204563100196
FRB20210531B,0,False,,0,0.985917610337992,-0.7967707586903809,1.3988246368686303,0.3500212019452993,-0.24984934989872085,0.28522572131487023,-0.5451688891181502,1.3237919233244106
FRB20210531C,0,False,,0,-0.02700508195115664,-0.5148681078015116,0.38104251457082083,-0.44315098630586713,-0.20266161397548868,0.25676510047939255,0.9520447402618496,1.3237919233244106
FRB20210531A,0,False,,0,-0.930780817380902,-2.116008999824066,-0.19074925582277716,-0.8081298196729152,-0.2428383974525501,0.19136782414802436,-0.9419693537604639,-0.8721668909747623
FRB20210531E,0,False,,0,0.9457389631776695,-0.9733865529629706,0.7083733012381676,0.4126896884099948,-0.2559182955829373,0.28587686706295506,-1.0610345595122637,1.3237919233244106
FRB20210601C,0,True,FRB20210601A,0,-0.25824744013409945,1.2957321919089941,0.05130127797293737,0.8052359923572853,0.44935562302399745,-0.18674901306890565,1.0723632639689316,-0.7700722669610403
FRB20210601D,0,True,FRB20210601A,0,-0.26036626445189703,0.0011739903064615933,-0.49209513571640573,-0.7866285706665364,-0.10504217441531967,0.07950172594504681,-0.16115226761971396,-0.5069269684467989
FRB20210601E,0,True,FRB20210601A,0,-0.26221223436365915,0.937770629051575,-0.8798481249994416,-0.6244852087873289,0.016517820747587737,-0.031076313615491943,0.040882586771760994,-0.7485029801975779
FRB20210601F,0,True,FRB20210601A,0,-0.2607438525655402,0.37091389456330526,-0.28480573612293497,0.45179337158113814,0.340636271796223,-0.018578644182928906,1.9118356304168838,-0.28507144745118546
FRB20210601F,1,True,FRB20210601A,0,-0.2607438525655402,-0.6261700610820214,-0.28480573612293497,0.45179337158113814,1.011182841087373,-0.32939379435990024,2.170019129204997,-0.7298095983359104
FRB20210601F,2,True,FRB20210601A,0,-0.2607438525655402,-0.04592431338183871,-0.28480573612293497,0.45179337158113814,0.17608108449347096,0.05902949483549571,1.7697093742878933,-0.07081653226745888
FRB20210601G,0,True,FRB20210601A,0,-0.26278610148616827,0.5737264834480574,-0.2889918386575111,0.1441962892739103,0.29620196722869957,-0.020709515749689367,1.6057753857369943,-0.3323184565521031
FRB20210601H,0,True,FRB20210601A,0,-0.26441328994931734,1.5935596816329625,0.10420519566996077,1.3642792365930632,0.44381355964869323,-0.06989902553217536,1.941664597752598,-0.37442992118552976
FRB20210601H,1,True,FRB20210601A,0,-0.26441328994931734,0.851617291127328,0.10420519566996077,1.3642792365930632,0.698634843406524,-0.2371284830836828,1.6915023338782902,-0.7125541689251405
FRB20210601I,0,True,FRB20210601A,0,-0.2664087227690684,1.5956156423415464,-0.08574028069989219,0.8976524701620298,0.45143710931700204,-0.07336698397141993,1.9471791967558392,-0.38120883988261794
FRB20210601J,0,True,FRB20210601A,0,-0.2605955360389123,1.5085934247013457,-0.7508221445883692,0.08500250998821561,-0.09634111396579699,0.11183528726204904,0.0910153049830451,-0.28979614836127726
FRB20210604B,0,False,,0,0.4357952154103475,-0.31578127873102196,-0.9068987134401031,-0.3351180330802038,-0.2474381178273568,0.26775644493420925,-0.7928245170818937,0.7615525150234905
FRB20210604A,0,False,,0,0.1223554862263964,-1.776986214790662,1.2011573847924275,0.42035311002781844,-0.14255004547294486,0.06120570354492761,-0.4616979132963622,-0.7969825199706934
FRB20210605B,0,False,,0,1.243755503870653,-0.41316080093845065,-0.6573704029035541,-0.9974483210351934,-0.12816201220664963,0.0180919876001873,-0.49177754422313263,-0.8929144906234262
FRB20210605C,0,False,,0,-0.30513358696646026,-0.4012858248093797,-0.22045701586625502,-0.47184146082878936,-0.22804814786978533,0.26315953758050237,0.05466908427986412,1.3237919233244106
FRB20210606E,0,False,,0,-0.21280116403277433,-1.8288705882732912,-0.5411717996632674,0.028513152264939844,0.12839581917170556,0.03717257559114766,1.12149332781599,-0.28240096432809014
FRB20210606D,0,True,FRB20190303A,0,-1.3025496001777312,1.065585414990153,-0.6051573830335801,0.568017762621043,0.8117914534829516,-0.8261401609242729,0.2218616995144966,-1.3236839605565753
FRB20210606D,1,True,FRB20190303A,0,-1.3025496001777312,0.8339985235130856,-0.6051573830335801,0.568017762621043,0.23839830087488578,-0.4030441627104948,-0.14310448906365167,-1.1924194439675042
FRB20210606D,2,True,FRB20190303A,0,-1.3025496001777312,2.1396354663295747,-0.6051573830335801,0.568017762621043,2.409651084020522,-6.035471612562469,-0.5366463270222319,-1.7828016359502752
FRB20210606D,3,True,FRB20190303A,0,-1.3025496001777312,1.8575146080933316,-0.6051573830335801,0.568017762621043,4.5364996694958215,-7.430807834572332,-0.2651776579081285,-1.7932781466639571
FRB20210606C,0,False,,0,0.6585783210076757,-0.5322913395934328,0.29358098531193866,-0.3633889361291267,-0.18902872329042997,0.25272892546999853,1.3109950026546437,1.2321738100243702
FRB20210606B,0,False,,0,0.12299901384559654,0.9838516002294241,-0.8427840667983566,-0.33860077087035234,-0.1937074728274577,0.028589961798149086,-0.7893152268071039,-1.1663308780726496
FRB20210606A,0,False,,0,0.8530031806249192,-0.10530726251300661,-0.556839209260335,-1.0134193717885094,-0.22803153008617624,0.18156126476324555,-0.7893152268071039,-0.7651421442722488
FRB20210607D,0,False,,0,1.412515073123336,-0.3378560569000477,-1.0023376654370233,-1.7203578811112226,-0.2486498165770683,0.2927944716730293,3.045587052765074,1.3237919233244106
FRB20210607B,0,False,,0,-0.4877170806630753,-0.744001399904888,1.5755898885291988,0.4308784699010625,-0.15765638087221687,0.2073337325672701,0.4800451983026098,0.7169759890456682
FRB20210607C,0,False,,0,-0.14294566744539006,-0.16159439221151817,-0.7173965642617487,-1.2143528755136581,-0.26506793910775384,0.29529135566458914,-1.0610345595122637,1.3237919233244106
FRB20210607A,0,False,,0,0.18001484907550774,-0.48193680353090335,0.4647617029353352,-0.5127687088172859,-0.1468923267759462,0.07978763370702356,-0.43312226391593023,-0.733507190352504
FRB20210608B,0,True,FRB20181119A,0,-0.4890929021104948,0.23326390224507207,-0.09235856933775762,0.40889803146578263,0.9287971814795665,-0.35157480921142575,1.7669520747862728,-0.8234819294229472
FRB20210608A,0,False,,0,1.4996546591386046,1.2157764465803758,-1.0037757666432516,-0.5300039338093572,-0.30258861501365303,0.3317484747350128,-1.0610345595122637,1.3237919233244106
FRB20210609D,0,False,,0,0.2937184580775721,-1.1449770601944622,0.2123074058928174,-0.2993762406774123,-0.26951906895695676,0.2825986770081132,-1.0610345595122637,0.17055405770462048
FRB20210609E,0,False,,0,0.9794880027807531,-0.6383440763356855,-0.41977688514273814,-0.9551950550829653,-0.24319361854372573,0.2797324252007788,-0.08093991848165939,1.3237919233244106
FRB20210609C,0,False,,0,2.2586733999424826,1.5601608430495693,-0.950672062366848,-0.40088282402065817,-0.09438708925686363,-0.11982244253807342,-0.5845230729140083,-1.1137429027255412
FRB20210609B,0,False,,0,1.167626329760669,-0.09777526835404073,-0.3556001397507317,-0.47190310052278256,-0.08047266541181902,0.1698876792152533,0.9645779198146707,0.4449975540473422
FRB20210609A,0,False,,0,1.7594710166118577,0.058890479386404335,-0.15620829942005054,-0.6475742558629894,-0.2613226377331606,0.27499534270885995,-1.0610345595122637,0.27408663416924006
FRB20210610D,0,False,,0,-0.32301945014314126,-0.8150000046043235,0.4289293486342147,-0.040493674785426405,-0.20539119990172172,0.2608002878860257,1.1127201021290152,1.3237919233244106
FRB20210610C,0,False,,0,0.946578569442528,0.17403449045237795,0.4731872550376824,1.5806909731955407,-0.2491678286771684,0.2597057853720779,-0.9234202480222888,0.16952694881112226
FRB20210610B,0,False,,0,0.5671455009274393,0.4411026975165654,0.13515367257494412,0.34284708377475337,-0.20677432743467963,0.24743137383669453,0.32588708980291115,1.3237919233244106
FRB20210610A,0,True,FRB20190212A,0,-0.7910785521521663,0.7016608895872235,-0.31343783458975194,-0.12799504323158725,0.1575633170671117,-0.031200133539507444,0.7302074621769175,-0.5777974820981753
FRB20210612B,0,True,FRB20190208A,0,0.2713007945901145,-0.3090762189561515,-0.6980449595833784,-0.09103233827998018,0.05376619412830373,0.009704474148330196,0.42890982572709996,-0.5545848211051158
FRB20210612B,1,True,FRB20190208A,0,0.2713007945901145,0.6905011855202379,-0.6980449595833784,-0.09103233827998018,-0.11116736905774798,-0.4488630037216388,-0.8306747193314132,-1.480009934147003
FRB20210612A,0,False,,0,1.2895482945479235,-0.0912741453785713,-0.12072513386884605,-0.6852851678648921,-0.2654163176849627,0.2858147736446015,-1.0610345595122637,0.9628658581491396
FRB20210612C,0,False,,0,-1.626876972839189,-0.18538813471271096,-0.5388564319861572,-0.773538237146909,-0.24464594253188976,0.28082927333029356,-0.15689098657175482,1.3237919233244106
FRB20210613A,0,False,,0,-0.044756759000001756,-0.42522810976728104,-0.03308251036670771,1.9106712648205413,-0.2715814041259637,0.29383499543482755,-1.0610345595122637,1.3237919233244106
FRB20210614D,0,True,FRB20181119A,0,-0.4882991495805918,1.4583573236022138,-0.7226593814575902,-0.2701541561103564,-0.11327690041214343,0.08597625038612494,-0.18697061749852528,-0.49090406970822675
FRB20210614C,0,False,,0,-0.6596939469172045,-0.39377708520790283,-0.029058348085928727,0.8275092981111724,-0.23120096895250677,0.25813602877453434,-0.2533964691284767,0.9803267093386092
FRB20210614C,1,False,,0,-0.6596939469172045,1.7158278468803343,-0.029058348085928727,0.8275092981111724,-0.25050909310446756,0.2404887127956326,-1.005136578706682,-0.4411919992629134
FRB20210614B,0,False,,0,0.8731935755864736,0.18242966225251342,0.28539642457999354,0.30267915092172665,-0.26021411667205535,0.28248287111646025,-1.0610345595122637,1.1608924528155946
FRB20210614A,0,False,,0,-1.3020191391090312,-0.35526350133930046,0.2550919470097964,-0.49196918034420123,0.08651262335658105,0.08483372609601729,1.3789248358309338,-0.008984576878866637
FRB20210615A,0,False,,0,-0.33646407980569926,0.14633165538574122,-0.43532762336945385,-0.6827861625822144,-0.2191842973003244,0.2625340714261283,0.4820505070310611,1.3237919233244106
FRB20210616C,0,False,,0,-0.22547100661934205,-0.8235927714572796,-1.1014257100369387,-0.9812132734255354,-0.221533219210011,0.2623593338115653,0.34869747658904543,1.3237919233244106
FRB20210616D,0,False,,0,1.299448744377409,0.6009898081466939,-0.722666747030381,-1.073412987740611,-0.19569546361839696,0.08689993038690139,-0.7213853936308139,-1.0040476728999326
FRB20210616B,0,False,,0,-0.28797193648960584,-0.00636444320019968,-0.5407157845900206,-1.1523261625223327,-0.1328528686333627,-0.10876662558094435,-0.6948150529788333,-1.2094694515995745
FRB20210616A,0,False,,0,-0.7246279041673775,-1.0566667504632667,-0.013586703593356526,-0.8388471576813648,-0.18896749654212594,0.2520350402798485,1.2636195839449804,1.2447045385250484
FRB20210619D,0,False,,0,-0.43578375339460856,-0.4401056043113663,-0.17648365489582604,-0.7863905917044977,-0.24677779086817248,0.28492603084027474,-0.024039283311851924,1.3237919233244106
FRB20210619C,0,False,,0,1.7461132453361126,-0.01489748742631244,2.747058525668035,2.238512264620672,-0.10791965016191794,0.07065893848105988,-0.21880489356269067,-0.5554065082199143
FRB20210619B,0,False,,0,0.08530797088553795,-0.6718736825957918,-0.6663566883982549,-1.137193581971223,-0.018174997657538293,-0.09842747688023627,-0.29300131651539113,-0.941188608617842
FRB20210619A,0,False,,0,1.4086775435526864,-1.4600573604092906,1.1500277058017612,0.5297066250590033,-0.22718086797572523,0.273434950435017,0.8407501058327989,1.3237919233244106
FRB20210620C,0,False,,0,0.09732222163783319,-0.030604337977774648,-0.22856809595041808,-0.5924946631100688,-0.28247497582046327,0.30051314143374086,-1.0610345595122637,0.7603199843512927
FRB20210620B,0,False,,0,0.02508519679858768,-0.718734440921446,1.0528083842536065,0.15010769077424163,-0.20183305527267617,0.22283692970673927,-0.10725959554258355,0.33078304509034123
FRB20210620A,0,False,,0,0.8102356432446959,0.011132934203711057,-0.2914233344688682,-0.7695295137302705,-0.24992966085436902,0.2842387778012319,-0.62011730284402,1.3237919233244106
FRB20210621B,0,False,,0,1.5573361601183935,1.84151436745149,-1.0020420002971149,-0.6245989147666934,-0.014620851090937723,0.15846266566895417,1.6496415141718679,0.26936193325914826
FRB20210621A,0,False,,0,-0.6799183493286584,0.4615837834051422,-0.5103960290594936,0.9669229267941623,-0.17988025835807459,0.24300486492299248,1.0783791901542856,1.2056744005721165
FRB20210622B,0,False,,0,-0.4337259569491048,-1.1361384623796553,-0.17812059727102564,-0.47306290164360737,-0.16366062117281455,-0.27526928127281297,-0.8725355390378354,-1.4623436611788339
FRB20210622A,0,False,,0,0.29528236622620735,-0.7774926920977819,0.8538912268714579,0.0903502630658973,-0.2360784633167918,0.25779057512725134,-0.4536766783825567,0.7062940565532868
FRB20210623A,0,False,,0,-0.08857372495004988,-1.0391446057517562,-0.008157314644203622,-0.9785487142050058,0.2918535260293919,0.030008606312169585,2.257500722483688,-0.45721489800148546
FRB20210624B,0,True,FRB20181119A,0,-0.4880047741516693,-0.05598668944087018,-0.16385301884112366,0.8898438213179626,1.5465808462458959,-0.6721867516345407,1.8283646545950958,-1.038147688164073
FRB20210624B,1,True,FRB20181119A,0,-0.4880047741516693,0.8180888438004514,-0.16385301884112366,0.8898438213179626,0.30385206723323793,-0.055147330284828586,1.3192669011595057,-0.4884390083638311
FRB20210624A,0,True,FRB20200929C,0,-0.2807592990935363,1.0099952171541997,-0.45507504596276593,-0.02519285935919245,0.21853965004786285,-0.24430584065595884,0.10956441072122022,-1.0258223814420946
FRB20210624A,1,True,FRB20200929C,0,-0.2807592990935363,0.8899049245009696,-0.45507504596276593,-0.02519285935919245,0.051454492616724246,-0.1727147289866142,-0.21755157560740856,-1.0178109320728086
FRB20210625A,0,True,FRB20180916B,0,-0.5590792296111897,0.829021389619809,-0.5228252660452751,-0.11791941811012888,-0.07944591834916546,-1.2000720734215404,-0.9224175936580631,-1.6747497803542637
FRB20210706C,0,False,,0,0.95209790100934,-0.25670535595419214,-0.5945096318862204,-0.5535290174193802,-0.13209128576083926,-0.26896922143552415,-0.8008457519956992,-1.393938208871853
FRB20210706B,0,False,,0,2.477993218870439,0.11321187488497636,-0.8528343075026863,-0.01603308745754751,-0.1922828110708908,0.23920714078020863,0.5078688569098725,1.3237919233244106
FRB20210706A,0,False,,0,0.3880459658082407,-0.5768834982062881,0.6176805626190878,-0.41863244211714884,-0.23725208596010144,0.27618151196369156,0.21409112819174758,1.3237919233244106
FRB20210706D,0,False,,0,-0.7392916548540995,0.022470276783379185,-0.5197006732047378,-0.5140570540065721,-0.12314784597249702,0.21406729331621602,1.4100071211219298,0.7200573157261628
FRB20210708C,0,False,,0,1.5407736922066904,-0.18149165951437576,0.22093532635960214,-0.4452343100644115,-0.1345063419679605,0.09977942827272765,-0.2739508835951032,-0.5307558947759573
FRB20210708B,0,False,,0,-0.004285933316574486,-0.7370194934168679,2.087213979620896,0.9099556909728158,-0.2568727352005586,0.2691653122556028,-1.0610345595122637,0.21759564502683848
FRB20210708A,0,False,,0,1.6463560909688346,-0.07441964487912725,-0.4369274682523669,-0.5828412152813712,-0.2618774858414804,0.2941751868166844,-1.0610345595122637,1.3237919233244106
FRB20210709D,0,False,,0,0.7841630246964199,0.09048261516144934,-0.05856586663718622,-0.1128197958101405,-0.23792348256362697,0.2503779124170595,-0.6226239387545841,0.2445058980364916
FRB20210709C,0,False,,0,0.030987807628454205,-1.058360252284619,-0.06943573277300924,-0.7363926275229965,0.19815637431315206,0.07350370088656527,2.2234104741000147,-0.353066056200767
FRB20210709B,0,False,,0,1.0320785406951627,0.4430281785707889,-0.5121303365645382,-0.008929681310293277,-0.11655538547620028,0.06861284660803066,-0.2812201277357394,-0.6063511093374255
FRB20210709A,0,False,,0,0.8271218232455717,-0.6310092094128561,0.4160453040333873,-0.2720934246170588,-0.20581394958013777,-0.07845847457366939,-0.9093830869231292,-1.3890080861830616
FRB20210710A,0,False,,0,1.462611923747587,2.845315199764536,-0.3123663398464394,1.0978846083549036,-0.03623688845997938,-0.13001157122340898,-0.41331984022247303,-1.009388639146123
FRB20210711A,0,True,FRB20180916B,0,-0.5583350680387567,0.82909802556147,-0.6763892387999473,-0.35474507635515223,0.03801207848952089,-0.07256684513220624,-0.01175676735008732,-0.8368343450384239
FRB20210711B,0,True,FRB20180916B,0,-0.5597153719153065,-0.586752555623505,-0.43547655553143927,-0.7196427292973331,1.2293359517084461,-0.5353933577565992,1.6799718086896949,-0.9810404336855726
FRB20210712D,0,False,,0,-0.6375945654432872,-1.1766130460852104,-0.48010237470955996,-1.2464880616298326,-0.16444776804987732,0.15157516579996724,-0.2556524414479845,-0.34793051173327594
FRB20210712C,0,False,,0,0.11255002051281303,-0.6317707734754211,1.7007781821422132,1.9476414127723007,0.003011879527396276,0.13821347081596363,1.4230416278568638,0.3365348548939312
FRB20210712A,0,True,FRB20180916B,0,-0.560514940831266,0.7291250886705132,1.71162651954717,1.2674694832358928,0.13098405233369362,-0.25110431749382317,-0.1433551526547081,-1.0804645745761994
FRB20210712A,1,True,FRB20180916B,0,-0.560514940831266,-1.4418056410846793,1.71162651954717,1.2674694832358928,0.1791671081939305,-0.5068440941302068,-0.3754696379729535,-1.2860917750545409
FRB20210713B,0,False,,0,-0.050363204757934384,-1.0950337273429862,-0.3447226722825165,-0.5701004054748248,-0.02700233450663581,-0.005752136374688955,-0.06966005688412047,-0.7230306796388222
FRB20210713C,0,True,FRB20180916B,0,-0.5588551165029803,0.24191753001056768,-0.7548488698308274,-1.162904712704334,-0.06893216289444726,-0.07901243450726747,-0.43738354496388937,-0.9459133095279338
FRB20210713A,0,False,,0,0.4799985419662885,-1.0228499639736317,0.9498767768179388,-1.0564605667972713,-0.2481976613239123,0.2810105950381866,-0.5556967599425199,1.3237919233244106
FRB20210714A,0,False,,0,0.14620307073788402,-0.929255405480897,0.9533926590085362,-0.33443892979877027,-0.2335548254839515,0.2797335444643852,1.1114667841737331,1.3237919233244106
FRB20210717B,0,False,,0,-1.8770171499651849,-1.0451441107266355,-0.2550450694849975,-0.9948468391011717,-0.14391929999541428,-0.005206863959460513,-0.6085867776554246,-1.0342446743687799
FRB20210717A,0,False,,0,-1.552916699508424,-0.9464265391219817,-0.23771436880137709,-0.2774784033219905,0.2830682212380757,-2.489899162573567,-0.8286694106029618,-1.6753660456903625
FRB20210719A,0,False,,0,-0.501205905121725,-0.07263559680379927,-0.22710947810015686,-0.7515260875458757,-0.2597586807848148,0.26738014140541705,-1.0610345595122637,-0.03363519032282368
FRB20210719B,0,False,,0,-0.5593256983449948,0.8633484311369514,-0.40510832794124235,0.03276394780475805,-0.1854811990938933,0.2478205280731957,1.1370344704614879,1.2428557425167517
FRB20210720B,0,False,,0,1.069890656184778,0.9507035018926577,0.032974763103447866,0.7603244071935643,-0.25801505704395655,0.2891237237846188,-1.0610345595122637,1.3237919233244106
FRB20210720A,0,False,,0,-0.2064057873176949,-0.5027467805996374,-0.2899786216862959,-0.7578334742895101,-0.24191111965506118,0.249918441996261,-0.7467024163275123,0.07811425728978157
FRB20210720H,0,False,,0,-1.4952803959551102,0.8477293410687227,-0.7137455872418477,-0.630255846557943,0.0379336487024964,-0.05884012572951446,0.03386400622218122,-0.8025289079955836
FRB20210720E,0,False,,0,-0.5314357935505587,-3.145134225894656,-0.44227664089667096,-0.6624044163383452,-0.2509934343334881,0.28261833220561816,-0.824658793146059,1.3237919233244106
FRB20210720D,0,False,,0,1.477680186152464,-0.4012048076859526,0.15892185145739693,0.7187858189954824,-0.08794825421359848,0.0775034867411541,-0.055622895784960914,-0.4820709332241422
FRB20210720C,0,False,,0,0.062102336484412234,0.031209578143791154,-0.39329968210433947,-0.7271777506832098,-0.24650674180043344,0.2767271588193729,-0.5597073773994226,1.3237919233244106
FRB20210721B,0,False,,0,0.4862923403724287,0.702982202938392,-0.0925295737863698,1.7535826561645174,-0.24862307509424963,0.27505156727434027,-0.7622435589730104,1.3237919233244106
FRB20210721A,0,False,,0,-0.37832983800646414,-0.6389967424404279,0.00749208421867336,-0.5392716445438082,-0.14282922843108403,0.12684644891133795,-0.20351441450824903,-0.38429016656311255
FRB20210722D,0,False,,0,1.2542287942953174,-0.8527688570980388,1.4070624083919092,0.438711035141767,-0.25472801744635015,0.28448607424402217,-1.0610345595122637,1.3237919233244106
FRB20210722B,0,False,,0,0.512522366041899,0.30209062691944893,-0.5368457020106853,-0.15607307889254804,-0.2559184676669095,0.2905159470747542,-1.0610345595122637,1.3237919233244106
FRB20210722A,0,True,FRB20200118D,0,0.39497178894444357,0.20219808176356838,-1.2102767719552547,-1.7806610161675396,-0.060955109810670594,-0.4159047101070219,-0.7306599464999014,-1.3803803714776766
FRB20210724A,0,False,,0,0.14413463975480753,-0.527199843479961,2.6326352817709253,2.8668018166569555,-0.2193623932339041,0.26521625289267137,0.6492431222656936,1.3237919233244106
FRB20210725A,0,False,,0,1.4469798944234027,-0.21785913143265423,-0.7680878923887244,-1.257625588467832,-0.26184310858043985,0.2944840172685985,-1.0610345595122637,1.3237919233244106
FRB20210726A,0,False,,0,-0.38261611894086733,-0.8088753304643418,0.38541412060810115,-0.46082833715769317,-0.16006541987943482,0.22121048229328957,0.7823454891166529,1.1426099145113264
FRB20210729C,0,True,FRB20181201D,0,-0.17825102089627626,-0.8785635264900801,-0.16951779109915024,-0.6381630959707693,-0.20152808784644521,-0.0661939323683192,-0.889580663229672,-1.360659880722511
FRB20210729A,0,False,,0,0.13379809077022894,-0.2451937086048966,-0.5649708588809979,-0.7255716113061634,-0.09729688212047369,0.20100243976604726,1.4987420323559029,0.5744132746281166
FRB20210803A,0,False,,0,-0.4126819677915482,-1.1079337226165182,1.3834841497439792,0.8342817145456056,-0.22594650511196196,0.24679948464285517,-0.31029710429828417,0.5339451842242872
FRB20210805B,0,False,,0,1.8413694727163614,-2.163609403709992,-0.43904919059192393,0.8381959134759116,-0.15055001244911212,0.2350791455469145,1.6501428413539807,0.7812730057786561
FRB20210805A,0,True,FRB20190212A,0,-0.7998812515808192,-1.4984277162469493,-0.45195994758457203,-0.9234199451844903,-0.004188655454740043,-0.18007782312449702,-0.3950213980753543,-1.0621820362719312
FRB20210807B,0,False,,0,0.1742074443100308,-0.3249361599961774,0.445386413775451,-0.13602755256105276,-0.14092659142481162,0.2323001149102684,1.8027969683073408,0.660279578124567
FRB20210807A,0,False,,0,1.4846673774626837,-0.34005430776518203,0.37868136054530666,-0.017898834968899574,-0.03274454085832935,0.04597570530815306,0.1313721431431288,-0.5328101125629537
FRB20210807C,0,False,,0,-0.9012381989084225,-1.0824405027851818,0.05928988692899269,-0.45807990553918865,-0.25558418784615905,0.28810521338626477,-1.0610345595122637,1.3237919233244106
FRB20210808B,0,False,,0,-0.1723145427369904,-0.1944646942534459,0.39496118525399465,0.11884686564472172,-0.24344066572458992,0.27133732809578137,-0.5048120509580665,1.3237919233244106
FRB20210808E,0,False,,0,-0.9073210531381172,0.9595575203473422,1.9009678621931143,3.134484803098286,-0.23275725084945995,0.26890403121844797,0.06218899201155674,1.3237919233244106
FRB20210808A,0,False,,0,-0.14444118614288518,-0.84152407729545,0.02252548824542442,-0.5896195761860936,-0.24706618692187665,0.2768744569784466,-0.601066869923732,1.3237919233244106
FRB20210809A,0,False,,0,0.8745960367799808,0.26746240901749074,2.033557310539162,2.0194399429875904,-0.168430757715207,0.24448363298510814,1.6022660954622046,0.9355447615820872
FRB20210810D,0,True,FRB20210409B,0,0.5433903308614565,0.8345120876013503,-0.6146661662293242,-0.49494451482961505,0.01693852509404206,-0.030930421447963225,0.043389222682325194,-0.7476812930827793
FRB20210810C,0,False,,0,0.5654986371378844,-0.0026787496714609157,0.1469772881897149,1.010073868664998,-0.16074628059396273,0.10985588312259631,-0.42485036541106835,-0.656063179782739
FRB20210810B,0,False,,0,0.43135486309829363,0.36427292152490703,-0.2818451458186354,0.07551958905180443,0.8672705777619633,-0.23011799451684606,2.4053922412069757,-0.8220439769720497
FRB20210810A,0,False,,0,1.6138661156348997,-0.5891041927751054,-0.1975097968343579,-0.811502381322811,-0.1596490497317074,0.21794653940409028,0.6961172137932443,1.0249032353164316
FRB20210811B,0,False,,0,0.4133025160071532,-0.6156872927931495,-0.4530713897548084,-0.9770365863164446,-0.20703046193872665,0.1420754740600671,-0.6872951452471406,-0.8263578343247422
FRB20210811A,0,False,,0,-0.03216973227533217,0.18052468277084,0.5754121814455236,1.3687272148849672,-0.22602173189805022,0.2248890789321041,-0.567728612313228,-0.16592681580539312
FRB20210811A,1,False,,0,-0.03216973227533217,-0.30431377925467024,0.5754121814455236,1.3687272148849672,-0.24329392775761835,0.2587044550916443,-0.7136148223080648,0.4045294636435127
FRB20210811C,0,False,,0,-0.3342714449819997,-0.776443078733985,-0.6725563909549949,-1.242828479436225,-0.15096444634376388,-0.4161537864678528,-0.8888286724565028,-1.5239701947887263
FRB20210813B,0,False,,0,0.08769591278013407,-0.9001053260354609,-0.3035030186947999,-0.9663091146623807,-0.1194612172031269,0.2111904015107237,1.3856927527894571,0.7130729752503749
FRB20210813A,0,False,,0,-0.3389775467844542,-1.0888181337459515,1.150018382986942,0.21977698852766897,-0.04312895830536959,-0.007581003571061586,-0.15388302347907776,-0.7487084019762774
FRB20210814C,0,True,FRB20180916B,0,-0.5582407854064096,0.29498176617764915,-0.329603170640653,-0.5656139849373285,0.33859806909405793,-0.3286653518984105,0.22236302669660946,-1.0775886696744044
FRB20210814A,0,False,,0,0.30501877803178623,0.23206277743434398,-0.5436240049364589,-1.1177861095802524,-0.20203709972005846,0.245610179504509,0.42239257235963307,1.3237919233244106
FRB20210815B,0,False,,0,1.013645713644832,-1.0003325683493993,-0.7753439789119984,-0.030991749531155806,-0.2852357333409541,0.3051678356825784,-1.0610345595122637,1.3237919233244106
FRB20210815A,0,False,,0,0.42648553346562573,0.6147028192972147,-0.3464910727354714,-0.4323316118296228,-0.13823801982993908,-0.06512930700255135,-0.667242057962627,-1.1496917139979788
FRB20210816D,0,False,,0,-0.5215368110897497,-0.09039298441197582,-0.1950595582397434,-0.6845279072788899,-0.10989493735485689,0.18305548346407172,0.7923720327589098,0.5191548161579129
FRB20210816A,0,False,,0,0.2931767123729036,0.5005968261740292,-0.19424537444138898,-0.366672593488043,-0.26776593514579844,0.2915758607218688,-1.0610345595122637,1.3237919233244106
FRB20210817B,0,False,,0,-0.027707649822210106,-0.16464179042072918,0.48164452563730287,-0.01934762750581044,-0.22704718879690983,0.27068222110935897,0.5727907269934853,1.3237919233244106
FRB20210817A,0,False,,0,-1.2852004429130985,-0.9942545660753263,2.6546454854593695,0.6599368446327288,-0.19245126121165093,0.15359515166484367,-0.5178465576930004,-0.6102541231327188
FRB20210819A,0,False,,0,-0.49898286587453616,-0.24576255758920204,4.544021780155846,2.575305843030019,-0.24064960546424807,0.2720954378384928,-0.29901724270074526,1.3237919233244106
FRB20210820A,0,False,,0,0.44235194415114193,-1.517218015655824,0.13150774097027998,-0.8103069748903402,-0.19817245364828726,0.24823767593505372,0.6677922280038687,1.3237919233244106
FRB20210821A,0,False,,0,0.4180102245254902,0.5928114872840758,-0.720262951032893,-0.9356484865503244,-0.24324582433925107,0.26776655263339927,-0.5782564831375977,1.064755060384162
FRB20210822E,0,True,FRB20210822E,0,-0.7062238107314341,0.3577103902100039,-0.44202996506572645,-0.8806374552624143,-0.12473705723922146,-0.2703162294877908,-0.7850539457591447,-1.3799695279202773
FRB20210822C,0,False,,0,0.5613254474323887,-0.5111042118505733,3.1866605199709332,1.6739231600968363,-0.2487905571424301,0.2845263110280607,-0.42109041154522203,1.3237919233244106
FRB20210822B,0,False,,0,-0.47085286818861743,0.7034474601757014,0.17426578378755925,1.7591313703120404,0.21595085879969214,0.042157978319775254,1.840396506965804,-0.14867138639462318
FRB20210822D,0,False,,0,1.749862933735935,0.6016682730920908,-0.7957878152067936,-0.6890935443604701,-0.17191457776423386,0.2551466385634016,2.4279519644020535,0.6904765795934144
FRB20210822A,0,True,FRB20191106C,0,-0.645897116875745,0.535225358082885,-1.2099346041967138,-1.0590232901006915,-0.16318737408305192,0.11917432430955026,-0.4073039140371189,-0.6129246062558141
FRB20210823D,0,False,,0,-0.08528342136625718,-0.39417505169262695,0.044500421250685186,-0.017683836697656465,-0.2555642404115181,0.27252428213156105,-1.0610345595122637,0.5312747011011918
FRB20210823B,0,False,,0,1.8041984197469154,-0.45623648105666664,0.8095345832231803,0.7457654857086568,-0.2716643145820163,0.28404230007876463,-1.0610345595122637,0.09886185693844542
FRB20210823A,0,False,,0,-0.14344455056790104,-3.646538998296122,0.601990809580734,1.2325810111173836,0.04682888667668108,-0.0017356591011983414,0.32488443543868545,-0.6110758102475173
FRB20210823A,1,False,,0,-0.14344455056790104,0.5970776775176573,0.601990809580734,1.2325810111173836,-0.02424937272310016,0.08576969800347271,0.46300007411077315,-0.289385304803878
FRB20210823A,2,False,,0,-0.14344455056790104,0.01336453183748109,0.601990809580734,1.2325810111173836,0.03763422350984789,0.016401578238030737,0.3777744531515902,-0.5502709637524233
FRB20210824A,0,False,,0,0.24342600760392086,-0.6152986036275512,-0.12939881138714437,-0.5989491736622268,-0.264730232323956,0.2767696649269039,-1.0610345595122637,0.1448763353671652
FRB20210825B,0,False,,0,-0.91113743970154,0.7961518882841605,0.4323642661953758,0.9595687917729336,-0.2670679226136427,0.28699253178039996,-1.0610345595122637,0.9123321005890277
FRB20210826B,0,False,,0,1.468319755554787,0.6331437448781003,-0.3336845208277726,-0.5139326674037399,0.21175297421252134,0.0664341551667494,2.2146372484130397,-0.3614883491274523
FRB20210826A,0,False,,0,1.1833931502442347,-0.16673389874028038,-0.5012710129037096,-0.7829107423625382,-0.2559275602030587,0.20788228648345536,-1.0610345595122637,-0.9319446285763582
FRB20210827E,0,False,,0,-0.4824993869383132,0.9502733008853996,-0.5276991849509638,-0.6508549510211333,0.1752805237070408,-0.5400232273813772,-0.41131453149402164,-1.3068393747032048
FRB20210827D,0,False,,0,0.3518083990953748,-0.6526152406082341,-0.6494703501108382,-1.1084069822500406,-0.2149644665865251,0.26473845981422933,0.8796029624465441,1.3237919233244106
FRB20210827C,0,False,,0,1.79094489749699,-3.1419140800656313,-0.5714238285875622,-0.5277835104698382,-0.152864105166723,0.21830331364399344,0.861053856708369,1.0824213333523314
FRB20210827A,0,False,,0,-1.0024806021869537,0.15142275649743966,-0.06989965301237727,-0.36674422997599043,-0.2855213750078901,0.2991622851656642,-1.0610345595122637,-0.0030273452965770193
FRB20210828B,0,False,,0,0.052647322597478355,-0.7968359500871794,1.6935659316283163,0.7124149627815546,-0.238491802753769,0.2839502060881656,1.3869460707447392,1.3237919233244106
FRB20210828A,0,False,,0,-0.7329694150424632,-0.3915465655097737,2.47363669640303,1.809088517781674,-0.24449153580439892,0.2378869002415654,-0.8755435021305125,-0.33252387833080277
FRB20210829B,0,False,,0,-1.5257602314948517,-1.0178284525295243,-0.5676745320627905,-1.2001063023009928,4.910844894455149,-7.372918786075079,-0.1897279170001459,-1.7885534457538652
FRB20210829E,0,True,FRB20180916B,0,-0.5574588931547353,0.747315361644892,-0.7121236512286918,-0.8257996814558024,0.10924030651118175,-0.09933416411490532,0.17899822544384872,-0.8360126579236253
FRB20210829A,0,False,,0,0.801643546403752,0.10410681842332381,-0.575317250109921,-0.4381667454835844,-0.16959447354008347,-0.26283519866475896,-0.8813087647248101,-1.4654249878593284
FRB20210829C,0,False,,0,-0.33291274189322817,-0.29443968693177736,-0.8420096448600274,-1.5220951821484798,-0.21264801513170276,0.02341226968662593,-0.8815594283158665,-1.2624682705040822
FRB20210830G,0,False,,0,-0.45039891874824284,-0.20765766348506823,1.399769100907241,0.5194669990771416,-0.18885665989135167,0.1285016513900938,-0.5767525015912592,-0.7567198513455635
FRB20210830H,0,True,FRB20190905A,0,-1.148423165973066,1.1699607673114365,0.6102191068881779,1.8101273335704524,-0.25262135901326177,0.2821650522792044,-1.0204270577611236,1.3237919233244106
FRB20210830F,0,False,,0,0.44655232052977323,-1.5606997068417277,-0.10266039839346142,0.25834877076709045,-0.25143728132144644,0.2857056837792493,-0.79658447094774,1.3237919233244106
FRB20210830D,0,False,,0,0.6121633927296145,0.178758212401704,-0.14193854168391296,-0.10479955038358084,-0.18081691476001427,0.086810585985173,-0.6288905285309947,-0.9126349813785918
FRB20210830C,0,False,,0,0.3872412273832159,-1.2035955549676391,-0.0861587521339033,-1.1381762920154601,-0.21833841770193477,0.26147637359559806,0.46475471924816814,1.3237919233244106
FRB20210830B,0,False,,0,0.7438911223918493,1.4221258086999646,-0.7958010991144105,-0.4292507000360869,-0.018092836713675595,-0.06062282833826476,-0.20251176014402333,-0.8618958020397802
FRB20210830B,1,False,,0,0.7438911223918493,1.8836345109876473,-0.7958010991144105,-0.4292507000360869,-0.03442695357596149,-0.31000536373468485,-0.6128480587033838,-1.2378176570601251
FRB20210830A,0,True,FRB20210504D,0,0.22779227613623368,-0.5324800295800527,-0.4473119085782448,0.1236409517030345,-0.27715896008466073,0.2910811680428987,-1.0610345595122637,0.15617453319564553
FRB20210831A,0,False,,0,0.728048493544118,-0.29737518568448995,0.16760887183480255,-0.36161823592105485,0.5453864145660656,-0.09478533488509822,2.2291757366943123,-0.5915607412710513
FRB20210901D,0,False,,0,0.026759246383518977,-0.2219041502879891,-0.5298509898571242,-1.543667120261352,-0.11350051541717117,0.12241575721722985,0.020829499487247348,-0.2593937251137302
FRB20210901C,0,False,,0,-0.3748087097543284,-1.256032018614323,-0.5256002323550426,-1.0805741762384216,-0.17732085158794297,0.04584083368414784,-0.6855405001097457,-1.0408181712871685
FRB20210901B,0,False,,0,2.3324604343051663,0.5059095160711293,-0.7802705340568566,-0.9595011294577523,-0.29318329863354453,0.3085100450393836,-1.0610345595122637,0.012584709884595773
FRB20210901A,0,False,,0,-0.13017765125119904,-0.8086755270735504,0.0407006622699284,0.5304602432922055,-0.24722769122977867,0.2614591211226323,-0.8396986086094443,0.35399570608340075
FRB20210901A,1,False,,0,-0.13017765125119904,0.32409784600132935,0.0407006622699284,0.5304602432922055,-0.26154571569210383,0.27246580491468575,-1.0610345595122637,0.10790041520122966
FRB20210902A,0,False,,0,-0.19976012538989346,-0.8023180836871615,-0.08457084208682741,-1.0565097299399604,-0.24318232557585623,0.0037054026883792117,-1.0211790485342929,-1.4204376183241068
FRB20210903B,0,False,,0,2.4367967635540735,-0.046273070697230426,-0.3887257046859097,0.05211230107082032,-0.2431757182992823,0.26757264916482293,-0.5785071467286541,1.0507863794325865
FRB20210903A,0,False,,0,1.4698529720277627,-1.0291951085806752,-0.22453245330902807,-0.483517067709275,-0.22309347765879864,0.26116605166949275,0.21133382869012696,1.3237919233244106
FRB20210905A,0,False,,0,0.3673427475125776,0.20162340014946958,0.6011496314591731,0.39807922593971534,-0.1762460865737698,0.2187512417222474,0.3537107484101738,0.7968850609598289
FRB20210906B,0,False,,0,-0.21277331748341766,-0.025826331268266278,0.1622426320072589,0.047921096849557435,-0.2667944851618333,0.28209667872173994,-1.0610345595122637,0.36632101280537926
FRB20210906A,0,False,,0,1.718734610057627,0.03434796263372048,-0.01729988146168953,0.3018124524561021,-0.2524667628036583,0.27189216068491806,-1.0317069193586625,0.7313555135546431
FRB20210907A,0,False,,0,-0.5568896064570547,0.5083746534317057,-0.7071105659064134,0.3168528215184436,-0.24742367604256518,0.26897034023352306,-0.7777847016185084,0.8677555746112054
FRB20210908C,0,False,,0,0.5865198234370438,0.4828999472995132,0.039935500465851606,0.3712104899910826,0.0018636195971368829,0.15074410500101976,1.6879930436035002,0.21554142723984207
FRB20210908B,0,False,,0,-1.0786443331863438,-0.33404690803305337,2.842287786625699,1.5120008068018396,-0.0029509775216228357,0.08058079711377027,0.5823159434536294,-0.27459493673750374
FRB20210908A,0,False,,0,0.18483596559281082,-0.9123243387875339,0.3130351114133427,-0.34615864321690903,-0.1243569255763722,0.056183861354233346,-0.3712083569249944,-0.7172788698352323
FRB20210909B,0,False,,0,-0.23069559250633126,-1.0638049463082424,7.297325011987175,3.5833410346054215,-0.1959089646510762,0.2271563350777636,0.09678056757734277,0.6251524539669282
FRB20210909A,0,False,,0,0.9713382537027133,-2.2623324704418333,-0.5141266533606207,-0.41642842168655037,-0.2596392283477678,0.264605613520497,-1.0610345595122637,-0.1369623450087436
FRB20210910C,0,False,,0,0.9055151777846758,-0.34652086852077024,0.7247472291997727,0.8027377340838595,-0.238813889035153,0.258235505709561,-0.5506834881213915,0.5980367791785755
FRB20210910B,0,False,,0,0.9270585075784926,-0.9431194914955103,0.5126223385790241,-0.008900770243353983,-0.26023288275563,0.28257345797180855,-1.0610345595122637,1.173217759537573
FRB20210910A,0,False,,0,1.5908359199534536,0.43727530619597205,-0.6709249184052749,0.46074703630864816,-0.196006417481205,0.2521024036026094,0.9583113300382602,1.3237919233244106
FRB20210911C,0,False,,0,0.9772359491483303,-0.9716553030878278,0.449890061449154,-0.509160827767176,-0.24188284452003642,0.2694646596335731,-0.4632018948427007,1.3237919233244106
FRB20210911B,0,False,,0,-0.5618699792878754,-0.13809819541274596,-0.5744078662582686,-0.18034047503851955,-0.12947310451131147,-0.008870848216904322,-0.5514354788945607,-0.9839163385873676
FRB20210911A,0,False,,0,-0.5609682109430775,-0.7369012147175422,-0.5455976338045319,-1.3444674449185818,-0.16665664999194613,0.1440040815601889,-0.32082497512265384,-0.44447874772210766
FRB20210912B,0,False,,0,0.338644153566563,-0.33750492612157,1.8712632229564852,2.636159413806367,-0.25111945081585235,0.27464964393868807,-0.938460063485674,1.148567146093616
FRB20210913B,0,False,,0,0.5520842984413192,-0.6034897721686543,-0.07800067193652187,-0.6322638068936278,0.011093386304101031,0.13646314343642005,1.4857075256209689,0.30120230895759276
FRB20210913A,0,False,,0,1.1935987706875664,-0.1549034695126354,-0.5634599424114527,-0.13311076044749096,-0.00855211836210054,0.17446418782421072,2.240956925473964,-0.04103037435601079
FRB20210914C,0,False,,0,1.0838078723150597,-0.7499510544296246,0.5528314597820825,-0.15910474123292914,-0.2485226010746272,0.2862868192050735,-0.17343478358147857,1.3237919233244106
FRB20210914B,0,False,,0,1.0191990360615517,-0.21787738547246852,-0.07888611146036624,-0.5229191810068848,-0.22249415119995733,0.2636412590912954,0.3684999002825026,1.3237919233244106
FRB20210914A,0,False,,0,0.13049443706905434,-0.9899729485122937,-0.02176344527353147,-0.7217174286779441,-0.2612281392635648,0.2827307105580008,-1.0610345595122637,1.0610574683675684
FRB20210915A,0,False,,0,2.232110617154219,-0.18910168172981356,-0.5185247802557195,0.23904810879859753,-0.2595422205711492,0.2776045112027422,-1.0610345595122637,0.6292608895409211
FRB20210916B,0,False,,0,-0.6391987056649201,-0.5817335725417682,-0.2547896460430693,-1.0236819394644694,-0.15421245186305066,0.11323200495578223,-0.3621844676469632,-0.5841655572378642
FRB20210916A,0,False,,0,0.9059326430804686,0.015469192705150963,0.11297639651232641,0.15561400137749434,0.021017608928057457,0.14148627563553046,1.7210806376229477,0.16213176477793514
FRB20210917B,0,False,,0,1.7968680511391992,0.2782881302812894,-0.9463358963467291,-1.0133921927881402,-0.24443181681222295,0.26664511274719294,-0.6589701594577652,0.8767941328739897
FRB20210917A,0,False,,0,1.2856752012749697,0.1364653549835234,-0.48864843979831685,-0.7133054130337105,-0.17378147926546056,0.22493111977689043,0.5637668377154542,1.1113858041489808
FRB20210919A,0,False,,0,1.13250763944564,-0.22276618808655987,-0.5980919262565927,-0.8823763284274443,-0.24470482836179916,0.2055583846598897,-0.9482359435368745,-0.7821921519043191
FRB20210919B,0,True,FRB20201124A,0,-0.2806882479084529,-0.26331249299905596,-0.7757984305572821,0.19766626334097967,-0.15904418084291777,0.18061836535838224,0.04890382168556645,0.11734981702141319
FRB20210920C,0,True,FRB20190117A,0,-0.3503815977734633,0.7346614568038276,0.08193666396090576,0.5401351536646151,0.1727887998639462,0.03436385371786158,1.4072498216203093,-0.21255755957021186
FRB20210920D,0,False,,0,1.4627736459916487,-0.04677542154624445,-0.6088887434949125,0.25365407596314243,-0.25977756404908736,0.2889173085529446,-1.0610345595122637,1.3237919233244106
FRB20210920B,0,False,,0,1.364542629566786,0.04462108508396351,0.3375530343458138,0.05304917594074401,-0.24469077620756868,0.2562136146495941,-0.7863072637144267,0.21841733214163706
FRB20210920A,0,False,,0,-0.19721182071783971,-1.5100102859798552,-0.1418585164016528,-0.5955122071843886,0.040221755231764716,-1.8764973353685186,-0.8993565432808724,-1.699194972019521
FRB20210921A,0,True,FRB20201124A,0,-0.27600112155755485,1.5210596399408696,-0.8279690863365312,0.39626619714978,0.32467939416732683,-0.05390100496741762,1.442342724368208,-0.4559823673292876
FRB20210921B,0,False,,0,-1.2448603754762264,-0.742778622350192,-0.2611522141021452,-1.064842477136973,-0.17138687305995606,0.13035425056319241,-0.42735700132163257,-0.599777612419037
FRB20210922D,0,False,,0,-1.6065710889659282,0.5689130392057967,0.6244900904601822,1.7508509526665876,-0.2329992506330072,0.26370627790978046,-0.17067748407985794,1.3237919233244106
FRB20210922C,0,False,,0,-1.0259351075554906,0.7582206702866805,3.8565528451064646,4.457396985542758,-0.24833580213956605,0.2703503218032352,-0.8106216320468995,0.926506203319303
FRB20210922E,0,False,,0,1.1236392623701155,0.1989705657963633,2.800984708846854,2.5389619645939705,-0.22716094669567916,0.26940344926358223,0.4609947653823218,1.3237919233244106
FRB20210922B,0,False,,0,-1.859620059033047,0.9325036178818789,-0.8488781424246691,-0.6544856206844376,-0.2342003598097536,0.27590314877585326,0.47377860852619924,1.3237919233244106
FRB20210922A,0,False,,0,1.541696728277033,-0.7834053093489525,-0.7686047480885058,-1.2260176615089844,-0.15508322064779906,0.09488926304723566,-0.4376342085549458,-0.705364406670653
FRB20210923C,0,False,,0,0.7189632009373074,-0.7490987789579718,-0.9306035198851997,-0.44179423944131013,-0.26744719626457636,0.27233784202012024,-1.0610345595122637,-0.2254991316282893
FRB20210923B,0,False,,0,-0.7969229362860363,-1.001972804239326,0.3973488267802898,-0.33119725148557444,-0.034825821206610375,0.00986927955864288,-0.04910564241749398,-0.6811246367840953
FRB20210923A,0,False,,0,-0.3663843940617643,-0.32049268720868745,2.2562680356502884,2.6808224535123704,-0.18224632502161037,0.2521517271740798,1.5832156625419165,1.075642414655243
FRB20210924C,0,True,FRB20210924C,0,0.013339551420739181,-0.548170775326909,-0.8371055379973439,-1.2273438972952089,0.0724906256114935,-0.03975522608593984,0.2637225192209188,-0.711116216474243
FRB20210924A,0,False,,0,1.0833785158793143,-0.848880049218655,1.4394091219036471,0.9316700792506383,0.0960671441585143,0.08914136970263166,1.5330829443306324,0.06085882787901164
FRB20210925F,0,False,,0,0.013893979567708957,0.9078963865413243,-0.9704674702822926,-0.4253002172485943,0.128319300065312,-0.3077657180668052,-0.24437257985044558,-1.1455832784239859
FRB20210925F,1,False,,0,0.013893979567708957,0.411875331679636,-0.9704674702822926,-0.4253002172485943,-0.04390680456254517,-0.14101300489454446,-0.4549299963378388,-1.0315741912456844
FRB20210925C,0,True,FRB20190929E,0,0.07427992876699589,1.42886062398047,-0.7576317539992609,0.454732127540759,-0.04110113215846627,-0.5672668867491204,-0.7617422317908975,-1.4459099188828624
FRB20210925B,0,False,,0,1.2063471855396035,-0.3237298523898146,-0.3947579160149847,-0.7472593953005541,-0.22412562372849246,0.11027220206357637,-0.8712822210825534,-1.1022392831183614
FRB20210925A,0,False,,0,-1.0125669859287614,-1.0933613423907136,3.306014911006418,0.9543906536096822,-0.2938343756393318,0.3065749063793439,-1.0610345595122637,-0.2830172296641891
FRB20210925E,0,False,,0,0.10366665392906686,-0.01987853000871815,-0.8697149414901927,-1.3272086027415209,-0.19679243557054207,0.08071106856380322,-0.738179854231594,-1.0328067219178823
FRB20210926A,0,False,,0,0.7649051670795901,-0.27271376296491034,0.8655537454445597,0.07351278863622014,-0.06739242490431027,0.08882246410838648,0.1579424837951094,-0.3717594380624344
FRB20210927A,0,False,,0,-0.6536887758982928,-0.9138679484661654,-0.35330656694094364,-0.4497318528615311,-0.1987924999382935,-0.5863696093818741,-0.9880914545148453,-1.6533859153695007
FRB20210927C,0,False,,0,0.5975093516282516,-0.3693510968692416,-0.341842793764067,-1.0788981321058049,-0.16838126318683866,0.24775568199029097,1.85468433165602,0.8494730363069373
FRB20210927B,0,False,,0,0.8049936672884884,0.33551506295217026,-0.9581674860619857,-1.151458124819232,-0.22030633568522098,0.22583411716903934,-0.44665809783297694,-0.01555807379725518
FRB20210928B,0,False,,0,-0.8800852255651634,-0.07743631654881544,-0.7243100178368278,-0.7980011981607243,-0.20057284956639726,0.16737933765681096,-0.5404062808880782,-0.5743053118602814
FRB20210928A,0,False,,0,-0.47239045246602995,-0.5202484635680685,-0.20566127799034917,-0.7371019388942209,-0.17511457821743912,0.09850821459458589,-0.5629660040831561,-0.8216331334146504
FRB20210929C,0,True,FRB20180916B,0,-0.5563800838242867,0.8756099226768637,-0.4185487181997304,-0.22310516772087333,0.12629250079254617,0.09881106488403225,2.0110984124752265,-0.1517527130751178
FRB20210929C,1,True,FRB20180916B,0,-0.5563800838242867,0.5157611678816588,-0.4185487181997304,-0.22310516772087333,-0.04548311786288336,0.10113907463681693,0.42740584418076144,-0.23104551965317963
FRB20210929B,0,False,,0,0.4931390900359762,-0.5975738664815775,2.4882924831122657,0.776613884692095,-0.07706024637981866,0.09735045453893351,0.14315333192278057,-0.34012448414268953
FRB20210929D,0,False,,0,0.15939012913574016,-0.2112883203370673,-0.7860808544266259,-1.5024778343588372,-0.15577883032771372,0.1235402799738086,-0.3288462100364593,-0.5211010711770742
FRB20210929A,0,False,,0,-0.6993163525606397,1.0829599397938237,-0.8209125268828394,-0.12259728090518864,-0.07446292731377463,0.022687222851078485,-0.20777569555620817,-0.6920119910551763
FRB20210930C,0,False,,0,0.5607808774275175,-0.6787387195726414,-0.05085953204583316,-0.8189239607209318,-0.22606071981301384,0.270667052076437,0.6449818412177345,1.3237919233244106
FRB20210930B,0,False,,0,-0.4440242067225845,-0.8822042403742115,-0.14651602715535061,0.1604328430997676,-0.24225018220131372,0.27741475376472774,-0.15538700502541627,1.3237919233244106
FRB20210930A,0,True,FRB20200929C,0,-0.2795099466695908,0.9866576817353734,-0.606094915263164,-0.2133213346054827,-0.17251645358613654,0.13115901842498692,-0.43337292750698664,-0.6034752044356306
FRB20210930E,0,True,FRB20180916B,0,-0.5575900506278941,0.6306566919985112,-0.4880514942824595,-0.9493947359522545,-0.22388640375425775,-0.11157278742115588,-0.9758089385530807,-1.4750798114582115
FRB20210930F,0,False,,0,-0.858028868229562,-1.249035580717057,4.249970755942513,2.4783066871897277,-0.2731302766274232,0.27999062734127456,-1.0610345595122637,-0.21995274360339898
FRB20210930D,0,True,FRB20180916B,0,-0.557669407465049,0.7129001919114755,-0.8088852502663189,-0.5200124235893586,-0.07899444055465651,-0.20792400892777269,-0.632650482396841,-1.210907404050472
FRB20211001E,0,False,,0,-0.7358613214228743,-0.6695452775246762,-0.9952024232479848,-1.498452902256148,-0.26953756212236146,0.2998004654715276,-1.0610345595122637,1.3237919233244106
FRB20211001B,0,False,,0,-0.4261274561641532,-1.0760775779685559,3.8981500416289103,2.0171674515478073,0.011265276994473508,0.12648943413023175,1.29796049591971,0.20650286897705783
FRB20211001D,0,False,,0,0.20101883619001132,0.3034949025779437,0.22023723397409256,-0.017671768971864454,-0.15775522120154384,0.18146579163105622,0.07572482592860344,0.1512444105068541
FRB20211001F,0,False,,0,-0.6414433874530636,0.10136744804833184,-0.7261372536443731,-1.3964334221157944,-0.24500142464315866,0.2925389637677236,3.045587052765074,1.3237919233244106
FRB20211001C,0,False,,0,-0.30589622623580004,1.0352468320445176,-0.6587215084841036,-0.4375841540839905,-0.11683263996736222,-0.0439223809968575,-0.5582033958530841,-1.0270549121142925
FRB20211002B,0,False,,0,-0.46965517887405656,-0.014967205974159108,0.49622383849461504,-1.0763653362617946,-0.29039387949218,0.3184109703397127,-1.0610345595122637,1.3237919233244106
FRB20211002A,0,False,,0,-0.15942782983476608,-0.903060090468909,0.78660351857707,-0.4277589470795515,-0.23138854815208934,0.26611098091295254,0.0067923383880878,1.3237919233244106
FRB20211003G,0,False,,0,-2.038298714548927,-0.7090270120671859,0.565304323659342,-0.46817427848089616,-0.2379794103322645,0.269242996420232,-0.24136461675776852,1.3237919233244106
FRB20211003D,0,False,,0,0.7568615671674249,-0.6458059709215982,0.5154049555679692,0.10419012385254162,-0.25227967778432764,0.2799930974658365,-0.9956113622465379,1.3237919233244106
FRB20211003D,1,False,,0,0.7568615671674249,-0.6905191369740907,0.5154049555679692,0.10419012385254162,-0.20543602340871636,0.25532322712582967,0.7327140980874817,1.3237919233244106
FRB20211003C,0,False,,0,-1.3600132571854529,0.7484967917262223,-0.49247766550632405,-0.5875307995312907,0.23231340594114225,-4.606371223366654,-0.943222671715746,-1.8082739365090308
FRB20211003B,0,False,,0,0.16739561919275314,-1.1339927977350899,0.9013605051052939,-0.18070996770257375,-0.2228150143573904,0.19635274015705206,-0.6772686016048838,-0.5547902428838154
FRB20211003A,0,False,,0,-0.6978111935533029,-1.8505875183003495,0.550251175628588,-0.16683053951992083,-0.2481411971963311,0.28506280385935606,-0.2569057594032666,1.3237919233244106
FRB20211004E,0,False,,0,0.2021150948461707,-1.2076400345899723,2.2025346899190614,1.1897585810506455,-0.2615539014604792,0.2615295060932284,-1.0610345595122637,-0.3173226667070293
FRB20211004D,0,True,FRB20190929E,0,0.06982446144322642,-0.29616887565651984,-0.6561784327255247,-0.21483959600824784,0.11604919200286372,-0.519436059822551,-0.49202820781418904,-1.3103315449410986
FRB20211004C,0,False,,0,1.786360477424257,-0.1585994669439497,-0.15945092412834544,-0.5490278519051598,-0.2597861632039747,0.2701034649951775,-1.0610345595122637,0.09105582934785901
FRB20211004B,0,False,,0,-0.1590515396032418,0.1470450211897565,-0.8929968747683187,-1.4888958449981708,-0.2576929192816878,0.2913345786002336,-1.0610345595122637,1.3237919233244106
FRB20211004A,0,False,,0,-0.36974579571573607,-0.7782214060431191,-0.27553589651854926,-1.2591044687343862,-0.19504353585235754,0.16773429669466428,-0.47999635544348085,-0.5093920297911946
FRB20211005B,0,False,,0,0.20972851601378434,-0.5652023298474103,-0.45572631466175717,0.4727525715930418,-0.27704768448984907,0.29911546244482906,-1.0610345595122637,1.3237919233244106
FRB20211005B,1,False,,0,0.20972851601378434,-0.4991910339376378,-0.45572631466175717,0.4727525715930418,-0.13816884092028986,0.22276157474042504,1.3917086789748112,0.8034585578782175
FRB20211005B,2,False,,0,0.20972851601378434,0.8155879940871303,-0.45572631466175717,0.4727525715930418,-0.17271612257825844,0.06446648838908615,-0.6271358833935997,-0.9535139153398206
FRB20211005B,3,False,,0,0.20972851601378434,1.1349833376590472,-0.45572631466175717,0.4727525715930418,-0.1876741757852849,0.2435786074063775,0.8314755529637113,1.3237919233244106
FRB20211005A,0,False,,0,-1.2695502627715016,-0.271876495820794,5.481941462844136,3.246552505454146,-0.24165565942589967,0.2770297358177615,-0.12555803768970225,1.3237919233244106
FRB20211006F,0,False,,0,0.04869028621516542,-3.5597478859050122,-0.6774803814815435,-0.7502392615216338,-0.230404472683234,0.2542571221808128,-0.3128037402088484,0.7545681745477026
FRB20211006C,0,False,,0,1.0894147638336056,-2.4552361361012625,-0.4964583443300675,0.21864392971279564,-0.1601475318447451,0.056741230590459435,-0.5727418841343564,-0.9134566684933904
FRB20211006B,0,False,,0,-0.7521779244153407,-0.8209189298853753,1.0511149258247972,0.11032860908301695,-0.21572287050888223,0.26441085022688376,0.8069105210401821,1.3237919233244106
FRB20211006A,0,False,,0,-0.9408247572682163,0.3110726949208534,3.7125991634907147,2.7195106016150787,-0.22813271564236456,0.27140200019673816,0.5544922848463667,1.3237919233244106
FRB20211006G,0,False,,0,-1.7358853848584153,1.389078033339895,-0.9734374006707104,-0.6858182842638817,-0.10974699384058732,0.048202315389713674,-0.3133050673909612,-0.674345718087007
FRB20211007A,0,False,,0,1.2139450007779486,1.4872278099301455,-0.8882871366497214,-0.06555039116821586,-0.23489978039626033,0.2897840273335341,3.045587052765074,1.3237919233244106
FRB20211008E,0,False,,0,-1.0576199881575223,-1.0881910319273684,-0.24601866659086302,-0.6662798095756051,-0.2623208159229009,0.21090799060491497,-1.0610345595122637,-1.0015826115555369
FRB20211008D,0,False,,0,-1.0639867920030763,-0.07485032689125282,0.0037412357538749576,-0.45758965931312895,-0.12747005854145402,0.06625555033647158,-0.3569205322347784,-0.6850276505793884
FRB20211008C,0,False,,0,1.2203076146158593,-1.0426273411359914,-0.1459397655606921,-0.7504949251469061,0.0791071632785292,0.0812459136649795,1.2628675931718112,-0.062188817562073916
FRB20211008F,0,False,,0,1.2165366531954664,-2.144761281871243,-0.4931783950387537,-0.6492558162290281,-0.24347737699069344,0.2743578686241788,-0.4093092227655703,1.3237919233244106
FRB20211008B,0,False,,0,1.0397269153845505,-3.504714998746094,-0.551603568248703,-0.28936035785802583,-0.2559175205162536,0.27686520219225724,-1.0610345595122637,0.9104833045807309
FRB20211008A,0,False,,0,-0.12254536522070514,-0.47506331121176437,-1.261081897871628,-1.6438663950275352,-0.1992956342977317,0.09526820855256918,-0.7294066285446194,-0.994598271079749
FRB20211009B,0,True,FRB20190208A,0,0.2714297644422168,0.22378111052437488,-0.4625943055699976,-0.21254458752359198,-0.06794476613727002,-0.1280283940860781,-0.5113293043255335,-1.0510892602221504
FRB20211009B,1,True,FRB20190208A,0,0.2714297644422168,0.6010495712979339,-0.4625943055699976,-0.21254458752359198,-0.17143837256149944,0.023684073060401146,-0.6898017811577049,-1.076561560780906
FRB20211009A,0,False,,0,0.7683549408822159,-0.5956115809106934,-0.14387775989568305,-0.9325321501156706,-0.23561711333937596,0.26669183694063564,-0.20150910577979766,1.3237919233244106
FRB20211010C,0,True,FRB20190929E,0,0.07299128360983133,1.3711558312180063,-0.7168618656903785,-0.3749690629030142,-0.13534141301885871,0.02542344667535672,-0.5110786407344771,-0.9013367835501115
FRB20211010A,0,False,,0,0.3605572116125664,-0.9805299548165208,1.082768992610935,0.06547629439925554,-0.22913725029042495,0.2522176772784068,-0.3105477678893406,0.6894494706999161
FRB20211011B,0,False,,0,-0.4417610232267303,1.0853448123630178,-0.4193657137477715,0.51094975157845,-0.21650128421449025,0.2751954509848684,2.2542420957999543,1.3237919233244106
FRB20211011C,0,False,,0,1.0048377980139171,0.24945039511568037,-0.5189567483977253,-0.6268242497933776,-0.25658771066093583,0.2917461254749431,-1.0610345595122637,1.3237919233244106
FRB20211011D,0,False,,0,0.6324032615304018,-0.09178960364872611,-0.8844101699485241,-1.3554615364559517,-0.24410945163063727,0.28896741224780587,2.781638291382663,1.3237919233244106
FRB20211011A,0,False,,0,0.414696620467013,0.6909412212776608,-0.8278807221624741,0.44645792461845996,0.9655928040578089,-0.3392301299482047,1.9557017588517573,-0.7780837163303262
FRB20211012D,0,False,,0,0.1345450578382265,1.22612655078817,-0.4181339535631232,1.0155068903802598,-0.054623211579116544,0.07930439724248196,0.1872701239487106,-0.4009293306377836
FRB20211012C,0,False,,0,0.545714908728069,-1.4851180797364214,-0.3894714198945449,-0.6874636697717514,-0.22594097302776164,0.21010557239921426,-0.6589701594577652,-0.4259907876391399
FRB20211012B,0,False,,0,0.5685012652798772,-1.4685390447022124,1.3948647685561593,0.08846457044821078,0.38761747477109465,-0.0522309754516359,1.8120715211764284,-0.36313172335704946
FRB20211012A,0,False,,0,1.41345441125501,1.273544846687386,-0.899723439827041,0.024860476503605042,0.33092096661148657,-0.2282690228498137,0.48831709680747165,-0.9362584859290506
FRB20211013C,0,False,,0,2.0633426050229464,0.017713230283005744,1.0568250309452814,0.6412663840924304,-0.18496976629909329,0.24487972344008563,0.9921509148308769,1.279420819125288
FRB20211013B,0,False,,0,0.1656026735162284,0.7254917796150314,-0.5495060577641548,0.3609256974614275,-0.2637659766836506,0.2699564762118815,-1.0610345595122637,-0.13326475299215004
FRB20211013D,0,False,,0,1.3056894665217245,-0.3906894188287329,-0.3517175438061637,-0.8328817534861513,0.29948536366727974,0.011619196838747394,2.0309008361686836,-0.3282100209781103
FRB20211013A,0,False,,0,1.1351992200389636,1.3169472038976595,-0.40282359476153834,0.5424272461267362,-0.03144108278465114,-0.13637768370316242,-0.408557231992401,-1.0161675578432114
FRB20211014C,0,False,,0,-0.18582004230069432,-0.996628846431648,-0.3228897960227282,-1.5011749423516072,-0.18165678530984433,-0.0766344089175468,-0.828168083420849,-1.3111532320558972
FRB20211014B,0,True,FRB20190303A,0,-1.2926617310856288,0.8762212879578158,-0.25544966550195036,-0.07718546670977983,0.018434036505525168,0.07819140088667065,0.7261968447200148,-0.24049492147336315
FRB20211014A,0,False,,0,-0.28562623487241423,-0.5475474701345897,-0.5140127433362133,-0.7911262539886934,-0.1350307705501194,0.13280759227854433,-0.0982357062645524,-0.2577503508841331
FRB20211015D,0,True,FRB20210924C,0,0.01643437991408573,0.496608935043415,-0.6688271941342504,-0.04296490586015463,0.22538959142321774,-0.09345525217232964,0.6820800526940847,-0.7125541689251405
FRB20211015C,0,False,,0,0.9178912060281826,-1.8689782148175744,-0.010676383790232039,-0.17940581720694426,-0.2459654327693356,0.2755843431479811,-0.5536914512140685,1.3237919233244106
FRB20211015B,0,False,,0,0.04341777343809319,1.1263382548426073,0.28789654764788786,2.4537691528579506,-0.23220867282434599,0.25535632657224466,-0.35566721427949627,0.7393669629239291
FRB20211015A,0,False,,0,0.22901054668685183,-0.13627817106280665,-0.8136672159969429,-0.33235788000323757,-0.2086317689591247,0.21365576065246658,-0.3481473065478037,-0.04739844949569969
FRB20211025A,0,False,,0,1.1242392211795014,-0.3235234006528966,0.49850902048529927,-0.017029024720134938,-0.15806407727197794,-0.22874313371175223,-0.8419545809289521,-1.4144803867418172
FRB20211026A,0,False,,0,2.4416106520791496,0.7842232595808672,-0.12375684271983713,0.22822081293098612,-0.20160317349768708,0.25991868006184793,1.2493317592547644,1.3237919233244106
FRB20211027A,0,False,,0,0.49964806959114955,0.747650792122233,-0.5779295540346601,-0.6268522677829131,-0.27328104494270467,0.2999403941952443,-1.0610345595122637,1.3237919233244106
FRB20211028A,0,False,,0,1.3601428758956946,-0.5562902442087584,-0.35876509946242635,-0.743457951959111,-0.2430274723130962,0.2801606615869238,-0.024791274085021187,1.3237919233244106
FRB20211029A,0,True,FRB20190320E,0,-0.8122630177556196,-0.3973006738750199,0.46502265061457676,0.5938651343242659,-0.243295768053529,0.26393786264426394,-0.6476902978602262,0.7336151531203392
FRB20211030B,0,False,,0,0.8642588467648511,-0.28042124490996084,-0.7036595994774053,-0.809105900841582,0.4376318308726365,-0.03590008165143829,2.316657329973003,-0.591149897713652
FRB20211030A,0,True,FRB20211030A,0,-0.6499394210212381,-2.3704581759732393,0.1934288559669131,0.3379937348808033,-0.2488668636505072,0.25468780815442277,-0.9321934737092635,-0.01822855692035053
FRB20211031B,0,False,,0,1.79643320697835,1.6191822140739778,-0.7050791024722397,-0.21021241231249863,0.04250475359999247,-0.2576579065964588,-0.38048290979408195,-1.1314091756937106
FRB20211101D,0,True,FRB20180916B,0,-0.5549224976146943,1.216355963623682,-0.6298173160353341,-0.301479897605405,-0.10384425666882176,-1.1139165369239192,-0.9349507732108842,-1.6778311070347582
FRB20211101C,0,True,FRB20180916B,0,-0.5576662593166467,0.14495961018550427,2.4611632001642962,2.0256568955808216,0.1532836631163485,-0.29830743811684735,-0.1701761568977451,-1.124835678775322
FRB20211101B,0,True,FRB20180916B,0,-0.5587676774953535,0.15065116661375255,0.6074442773666093,0.3919041605176836,0.1728551808459967,-0.17668873470540958,0.15368120274715022,-0.9457078877492342
FRB20211101A,0,False,,0,1.4165461917204691,1.5026326694793788,-0.6674794181481823,-0.759736147968329,-0.21067493392042125,-0.03572655130712194,-0.9071271146036215,-1.3512104789023274
FRB20211102D,0,False,,0,1.2948553424545308,-0.19491537555183833,2.981185494917228,1.8834878808111966,-0.21443392326552785,0.26686213382077273,1.110714793400564,1.3237919233244106
FRB20211102C,0,False,,0,-1.7411534657807068,-0.6342275995181809,3.6580564219817644,1.8765163629410648,-0.21308949205203404,0.147786425170975,-0.7253960110877166,-0.8454620597438088
FRB20211102B,0,False,,0,-0.1493349593590638,-0.5675276325117198,0.021634412709758567,-0.10005878191266195,-0.18981281200307873,-0.009627771381527551,-0.8086163233184482,-1.2310387383630368
FRB20211102E,0,False,,0,-1.1007779851900525,0.7175416736277577,-0.2773353039165026,0.17230595135408674,-0.09644792691255884,-0.16708937776037017,-0.6416743716748721,-1.1973495666562957
FRB20211102E,1,False,,0,-1.1007779851900525,-0.042752818892412135,-0.2773353039165026,0.17230595135408674,0.04295827579130915,-0.41889280907976284,-0.5431635803896988,-1.268836345643771
FRB20211102A,0,False,,0,0.9208486487222182,-0.1185966451079654,0.14174904898363352,-0.36449789120303566,-0.23373667753777452,0.2647595802380536,-0.1714294748530272,1.3237919233244106
FRB20211103E,0,False,,0,0.04626722982714797,-0.8727782381369464,0.5943139707366691,-0.20147005852717015,-0.2343132372647592,0.25931143424800485,-0.35190726041365,0.9026772769901446
FRB20211103C,0,False,,0,0.7670483255418948,-0.5140866148165967,-0.1169993531097259,-0.51755927590645,-0.16833573067258586,0.13659252952067277,-0.3734643292445021,-0.5245932414149681
FRB20211103D,0,False,,0,0.6048788088444229,0.02290376412682427,-0.7504985509734615,-0.39244962922730403,-0.22074715259320524,0.2640929364312703,0.492077050673318,1.3237919233244106
FRB20211103B,0,True,FRB20180916B,0,-0.5598932921112302,0.6012231687104197,0.13239348256367753,0.5153711379352792,-0.015977684065027004,-2.090851803943788,-0.9427213445336332,-1.7468528246778379
FRB20211103A,0,False,,0,0.5010223124467303,0.32922503765545413,-0.4797105368293392,0.5535775634596728,-0.24882750894102348,0.2652646815880061,-0.8800554467695281,0.48875239291036593
FRB20211104E,0,False,,0,-0.10119316422720794,-0.8860323028854739,-0.38227480536688024,-1.136237146211965,-0.26529809142323413,-0.08454988220299432,-1.0610345595122637,-1.5714226256683437
FRB20211104D,0,False,,0,-0.9263098236524686,-0.9320914251338475,4.0120065309513295,3.397691979323963,-0.22495947125222304,0.24727012775676366,-0.271444247684539,0.5935175000471833
FRB20211104C,0,False,,0,2.717445590293136,0.44785752337069595,-0.6012873775806998,-0.6810922907248955,-0.23464516158706453,0.2910752639755212,3.045587052765074,1.3237919233244106
FRB20211104B,0,True,FRB20191106C,0,-0.6405265826948504,1.2977727658694034,-0.9566163692563506,-0.2625879153595873,-0.23469465640203305,0.2715070325995713,0.08098876134078828,1.3237919233244106
FRB20211104A,0,False,,0,1.0940992692525302,0.12510965988948572,-0.41158016435722033,-1.0059629676968505,-0.13345506784928754,-0.09437336991179814,-0.6825325370170686,-1.1874893212787128
FRB20211105F,0,True,FRB20190929E,0,0.07590732327395534,1.3825489785724805,-0.6412057685580403,1.6683402372645568,0.1109004218756027,-0.4659518804180582,-0.45818862302157226,-1.2795182781361525
FRB20211105E,0,False,,0,-0.055481932568144154,0.9767476831548523,-1.0202373326833882,-0.03200795292539165,0.21447818198191015,0.04391972889802145,1.8551856588381328,-0.15586114864911066
FRB20211105D,0,False,,0,-0.2718011842071775,-4.576608474201243,-0.697548998163066,-0.712527893649781,-0.27556354582377796,0.2855459058716556,-1.0610345595122637,-0.1012189555150059
FRB20211105C,0,False,,0,-0.6919407736542477,-0.8078266233207607,1.3860852224697224,0.3186268170858877,-0.2352728683881156,0.27007772576879197,-0.036823126455729376,1.3237919233244106
FRB20211105B,0,False,,0,0.06579440592238442,-0.7042561525726561,0.43046768215848913,-0.2507078214870359,-0.250134127115981,0.28075057946258014,-0.7735234205705493,1.3237919233244106
FRB20211105A,0,False,,0,-1.791902000942444,-0.9262967064121906,4.2880706254419625,2.1478732527158075,-0.0500081693425097,0.1688127554389208,1.387447397926852,0.4799192564262813
FRB20211106B,0,False,,0,-0.8931102991503536,-0.8929458661227586,0.05594885365143778,-0.43178485857664833,-0.19576627232376176,-0.069656968151428,-0.8717835482646662,-1.3466911997709354
FRB20211106A,0,False,,0,0.6027601034093327,0.7024990310768422,0.35802908258563954,0.7101611752466883,-0.22843496957595547,0.2528989218114587,-0.27194557486665183,0.760114562572593
FRB20211107C,0,False,,0,-0.580115435844166,-0.8435008389470127,2.941841336043375,1.1642918818002088,-0.24070072485388747,0.279865232331952,0.21860307283076316,1.3237919233244106
FRB20211107D,0,True,FRB20190303A,0,-1.30190403675874,0.8602908951228309,-0.2491665855709673,0.7257953028443385,-0.04840943748740287,-0.00906807479916888,-0.1837119908147918,-0.7595957562473585
FRB20211107D,1,True,FRB20190303A,0,-1.30190403675874,1.659465431311349,-0.2491665855709673,0.7257953028443385,0.0880438615090361,-0.7398391593907456,-0.654708878409806,-1.4159183391927146
FRB20211107B,0,False,,0,0.16288799575057666,-0.3049320951341571,0.7400102758967958,-0.0228916519976737,-0.21299755809252147,0.25153854655109453,0.24868270375753362,1.3237919233244106
FRB20211107A,0,False,,0,1.208035425698273,-0.10013791061141963,1.1198967960397483,0.6497250122995696,-0.17141294955232297,0.09517647958637135,-0.5471741978466016,-0.8134162622666647
FRB20211108B,0,False,,0,0.8043081191220369,0.14798456982169222,-0.41490137375097275,-0.427465095644868,-0.2112185983277814,0.2639447886416317,1.0415316422689918,1.3237919233244106
FRB20211108A,0,False,,0,1.197147721876735,-2.547564740491816,0.18246428504390802,1.0331550790026451,-0.18101967087746443,0.23944920272457534,0.8693257552132309,1.2779828666743904
FRB20211108A,1,False,,0,1.197147721876735,-6.280826462369121,0.18246428504390802,1.0331550790026451,-0.1790434444089667,0.15764067181926494,-0.36644574869492236,-0.4368781419102209
FRB20211109A,0,False,,0,0.3128116604864383,-1.519458922966393,-0.6473751931239958,-1.1868621232488639,-0.13543041028242256,0.005587323252467457,-0.5516861424856171,-0.9668663309552973
FRB20211110A,0,False,,0,1.5921040861562956,0.3237329137500087,-0.8570511940214619,-1.1702944588726318,-0.2302834275142773,0.25132868408309256,-0.36594442151280954,0.5920795475962859
FRB20211111C,0,False,,0,-0.8865009266767839,-0.9949347461842394,-0.6485025778681711,-1.322411739272779,-0.2550783575176702,0.2592243968623115,-1.0610345595122637,-0.12258282049976867
FRB20211111B,0,False,,0,1.3928254584774997,-1.2936222297379267,0.9125674521193399,0.7019864039296128,-0.25947685925080294,0.2658418721690506,-1.0610345595122637,-0.08252557365333847
FRB20211111A,0,True,FRB20181119A,0,-0.4891012132603583,0.4336031459262301,-0.5009812799345852,-0.0779199254402253,0.2696715565588692,-0.03247376271407327,1.3312987535302139,-0.4315371756640302
FRB20211112D,0,False,,0,-0.1364216455307361,-0.23954588920859637,0.16413885641616832,0.9904438742727832,-0.24110758540396446,0.2662184496807683,-0.5018040878653894,1.067630965285957
FRB20211112C,0,False,,0,-0.26692997202479407,-0.7900150247234136,0.5797511157638934,-0.4407055734639621,-0.1304692912373221,0.057028389038413084,-0.40379462376232905,-0.7476812930827793
FRB20211112E,0,False,,0,0.6725930017852968,0.7945284015730578,-0.8247127236508673,-0.9118051117014653,-0.27811676029108906,0.30675754780171527,-1.0610345595122637,1.3237919233244106
FRB20211112B,0,False,,0,1.4430188099451944,-0.2302372806715418,-0.30802959117123113,0.11463640812582322,-0.02473214991393331,-0.005743384216267573,-0.058630858877637956,-0.7201547747370273
FRB20211112B,1,False,,0,1.4430188099451944,-1.5499426239594594,-0.30802959117123113,0.11463640812582322,-0.16473759246330047,0.01081533229376162,-0.6770179380138274,-1.0808754181335987
FRB20211112A,0,False,,0,-0.5350356477126185,-0.2776286065217661,0.0219674363440945,-0.7036702023494477,-0.26583775517700503,0.287231695854649,-1.0610345595122637,1.1497996767658138
FRB20211113B,0,False,,0,-0.24835863855526594,-0.8314662353201074,3.21498114689392,1.3412713517280057,-0.24994712413514247,0.283439709942126,-0.6617274589593858,1.3237919233244106
FRB20211113A,0,False,,0,1.7907533133698077,-0.20575420769663288,0.6966195946603653,0.3240137022892481,-0.16796086865187626,0.2410282516238105,1.3972232779780525,1.0006634654298738
FRB20211114A,0,True,FRB20190117A,0,-0.3531344755179231,1.5220965437913627,1.9235205806816087,2.8349886486171902,0.2859223848372833,-0.2658907726774374,0.24191478679901027,-1.0208922587533031
FRB20211114A,1,True,FRB20190117A,0,-0.3531344755179231,0.04567492823940672,1.9235205806816087,2.8349886486171902,8.637305006915264,-9.5751086686171,0.14440664987806268,-1.8037546573776388
FRB20211114A,2,True,FRB20190117A,0,-0.3531344755179231,0.05369766248890308,1.9235205806816087,2.8349886486171902,-0.07634547986239318,0.05654228559713978,-0.08319589080116717,-0.5615691615809036
FRB20211114A,3,True,FRB20190117A,0,-0.3531344755179231,1.0482693834609556,1.9235205806816087,2.8349886486171902,0.02550330011617794,-0.17566907122195438,-0.3010225514291966,-1.038147688164073
FRB20211115A,0,False,,0,-1.5653349774201422,-0.10188836273772543,0.20548436523258562,0.5962009894924305,-0.11378347579698951,0.057389622475912415,-0.30528383247715574,-0.6507222135365482
FRB20211115A,1,False,,0,-1.5653349774201422,0.7799159828126163,0.20548436523258562,0.5962009894924305,-0.14117186744664975,0.09640729664455264,-0.3358647905860391,-0.600393877755136
FRB20211115C,0,False,,0,2.0568889221098274,1.092767028291238,-0.5502709055112657,1.027406344848177,-0.25453438325567135,0.25965511812281256,-1.0610345595122637,-0.08355268254683668
FRB20211115B,0,True,FRB20191106C,0,-0.6367304172573397,2.2026828038177046,-1.276387117860475,-1.1607940212199677,-0.2497530172255081,0.23451676796061102,-0.9953606986554815,-0.5270583027593637
FRB20211116C,0,False,,0,0.9636257706679048,0.3434091887623057,-0.29875514995267116,-0.11425399733592602,0.1372228375311353,-0.43142998540569244,-0.3777256102924613,-1.248088745995107
FRB20211116C,1,False,,0,0.9636257706679048,1.0554130880986488,-0.29875514995267116,-0.11425399733592602,0.17606872206166843,-0.6993241947317311,-0.5211051843767338,-1.38428338527297
FRB20211116C,2,False,,0,0.9636257706679048,1.5700397906860326,-0.29875514995267116,-0.11425399733592602,-0.03387619959558409,-0.8656979084562684,-0.8331813552419775,-1.5599190060611636
FRB20211116B,0,False,,0,0.8646365986126527,-0.9083719877116226,1.2981781423572394,0.9610925515684258,-0.23686735454096886,0.24306603394204562,-0.6627301133236114,0.019158206802984315
FRB20211116A,0,False,,0,0.7456918089978796,0.11153894932983979,-0.6021244236838269,-1.077337152336926,-0.13292580533083773,0.00316014787369967,-0.5449182255270938,-0.9631687389387037
FRB20211117F,0,False,,0,1.1959949658289084,-0.5905869191021933,-0.4241114299054775,-1.1418822354185387,-0.07012090011885785,0.19141748675985004,1.7070434765237883,0.38727403423274276
FRB20211117E,0,True,FRB20200929C,0,-0.27994017801131754,1.004656425867041,-0.5982780166695341,-0.3608343570188163,-0.0003362323312594863,-0.4131514227844297,-0.6191146484797942,-1.2782857474639546
FRB20211117C,0,False,,0,0.007363929089612429,-0.1398058857012688,0.1299150870879112,0.9627938015419947,-0.23527827034162138,0.20997937131073155,-0.8023497335420376,-0.5856035096887617
FRB20211117B,0,False,,0,1.0692967063604326,-0.33553775448138934,-0.3842566897774766,-0.47422219564874657,-0.22875009625396067,0.26862888866311835,0.30082073069726906,1.3237919233244106
FRB20211117D,0,False,,0,-1.0638416680950438,-1.50946429410555,-0.10505147170924202,-1.1931930309054233,-0.20757246296369336,0.18659938855736552,-0.5273717741531444,-0.4578311633375844
FRB20211117A,0,False,,0,-0.29619610582254985,0.9149714407461657,-0.9274557252856944,0.1564949995866086,-0.25453267539372076,0.26671125054013384,-1.0610345595122637,0.22560709439612453
FRB20211118B,0,True,FRB20180916B,0,-0.5533629153388817,1.1107330342397777,-0.804083426549872,-0.7445564732549177,0.10346622009247991,-0.3550503475662721,-0.3621844676469632,-1.1996092062219916
FRB20211118A,0,False,,0,-0.011722620717643087,-0.8303291104419667,1.514620807348581,0.5792327942885303,-0.21998414631811097,0.26099485312916315,0.3557160571386252,1.3237919233244106
FRB20211119D,0,True,FRB20190117A,0,-0.3535197518227453,2.521430337869566,-0.7637718916472904,-1.4420519624145114,0.048382001482715375,-0.4116115303463479,-0.5271211105620879,-1.2620574269466829
FRB20211119D,1,True,FRB20190117A,0,-0.3535197518227453,-0.6478663193254423,-0.7637718916472904,-1.4420519624145114,-0.12264431359887337,-0.015557985089130711,-0.5338890275206113,-0.9746723585458836
FRB20211119D,2,True,FRB20190117A,0,-0.3535197518227453,0.7700695240339064,-0.7637718916472904,-1.4420519624145114,0.14606744097646024,-0.7267161686989169,-0.5752485200449207,-1.4007171275689412
FRB20211119B,0,False,,0,-0.04190241566626156,-0.46302591363283624,0.44159888405675274,1.5965731518086397,-0.24048069441928221,-0.0026125564458390174,-1.011152504892036,-1.4175617134223117
FRB20211119B,1,False,,0,-0.04190241566626156,1.0881248999971807,0.44159888405675274,1.5965731518086397,-0.2271935303470882,0.008739090614209067,-0.9532492153580029,-1.3493616828940307
FRB20211119B,2,False,,0,-0.04190241566626156,0.688461431507832,0.44159888405675274,1.5965731518086397,-0.22956716903172475,0.02426461118080668,-0.957510496405962,-1.334776736606356
FRB20211119C,0,False,,0,2.2377201586405713,1.5940093159556485,-0.9038679852120081,-0.6264795009932711,-0.01073079040304233,0.01212553164412964,0.08725535111719879,-0.639424015708068
FRB20211119A,0,False,,0,0.04180596777496943,0.6878233916551184,1.6141452704600165,3.042257557596481,-0.22650626327167978,0.25072733563299315,-0.25214315117319464,0.7157434583734703
FRB20211119E,0,False,,0,-1.3887187321896783,-0.7599727110778645,-0.8591012452005451,-0.814667652577011,0.5097601295856531,-1.0991200017184117,-0.36519243073964025,-1.4680954709824237
FRB20211119E,1,False,,0,-1.3887187321896783,-0.7868767012737422,-0.8591012452005451,-0.814667652577011,0.2268792461066399,-0.9212730473571945,-0.5702352482237922,-1.4537159464734488
FRB20211119E,2,False,,0,-1.3887187321896783,-1.2584096201612205,-0.8591012452005451,-0.814667652577011,0.07932952466113458,-1.0673603393009885,-0.7642488677014617,-1.5227376641165284
FRB20211120D,0,False,,0,1.1365184335215994,0.05004528338398986,0.27768058604488816,0.30625263730131963,-0.28579448810394015,0.3034346393279312,-1.0610345595122637,0.6818488648880294
FRB20211120D,1,False,,0,1.1365184335215994,-0.2180044280825155,0.27768058604488816,0.30625263730131963,-0.23047916699643953,0.2517793957639757,-0.3641897763754146,0.6081024463348579
FRB20211120C,0,True,FRB20211120C,0,0.3829976782985429,-0.8087438933197241,-0.08778107880594264,-0.7851720482245752,-0.1832050077706939,0.2512521331567264,1.4671584198827938,1.1212460495265637
FRB20211120B,0,False,,0,-0.5128985166572859,-0.8773608815947298,-0.06664595350916866,-0.2746876618838046,-0.13442169301464793,0.11167885652868337,-0.2165489212431829,-0.4424245299351113
FRB20211120A,0,False,,0,-0.10026617576958065,-1.4526950033784862,-0.19214214426914047,-0.9242639503275761,-0.2786331032018308,0.2970795158169618,-1.0610345595122637,0.8059236192226131
FRB20211121C,0,False,,0,-0.24554576469772602,-3.316548440692688,-0.48768491954502124,0.035306237193458906,-0.19952842038330448,0.23779580281122809,0.25294398480549274,0.9996363565363756
FRB20211121B,0,False,,0,0.9358968718521897,0.8025468834967407,-0.02240861794998194,1.5468326740623275,-0.1606405654610829,0.2361440883129005,1.3739115640098054,0.9519785038780586
FRB20211121A,0,False,,0,0.3453880084908625,-1.3973975823575997,0.04209480430307108,0.18640613351339563,-0.24883284831271282,0.2753727017393757,-0.7717687754331544,1.3237919233244106
FRB20211122A,0,False,,0,-1.450527747675775,-0.21287519509448558,2.5715886380408812,1.8932655972632675,-0.25692747399560584,0.25942786197607265,-1.0610345595122637,-0.1940695994872441
FRB20211122E,0,False,,0,-0.1890409024693922,-0.4589547010836558,-0.5331252012796313,-1.2826366767436104,-0.2501222323176117,0.1769366827857989,-1.031957582949719,-1.0451320286398609
FRB20211122B,0,False,,0,-0.2611065840273237,-1.0659029365514454,3.0494970545790427,1.3159311935121385,-0.2009389783533763,0.26492236493415033,1.8318739448698858,1.2594949065914227
FRB20211122D,0,False,,0,0.33404500627817213,-0.3593107939797293,-0.4906549265294411,-1.2518209429875102,-0.2170684089693777,0.25192366486686324,0.1105670650854459,1.207728618359113
FRB20211122C,0,False,,0,0.8825567642677908,-2.453313155495042,-0.5180123698515348,-0.38051713602989823,-0.10007962817097799,0.09147260029380146,-0.06590010301827416,-0.43133175388533057
FRB20211123A,0,False,,0,-0.4025439395557484,-1.9007461300438613,-0.266385149287194,-0.5593224165581859,-0.11236316853632429,0.08560858618805767,-0.1824586728595097,-0.4906986479295271
FRB20211123B,0,False,,0,1.170598602619436,-0.5583284546187346,1.6424773201930756,1.3304962000179046,-0.07665394246335076,0.19806481644118037,1.8210954104544597,0.35625534564909683
FRB20211124A,0,False,,0,-0.22565212790212455,-1.3077548959686949,-0.7626850424282517,-1.5244590013019395,-0.1399665111591594,0.12483366234717394,-0.19073057136437158,-0.37751124786602436
FRB20211124B,0,False,,0,0.2593123694590333,-0.6026472640918387,-0.023447581830703074,-0.8975471159309306,-0.1971917945873629,0.24734819602970384,0.663781610546966,1.3237919233244106
FRB20211125C,0,False,,0,0.7548478727679426,-0.8720399990513942,-0.33065716634835746,-0.8132812320056223,-0.2199923686510632,0.27005370430492637,1.0467955776811766,1.3237919233244106
FRB20211125A,0,True,FRB20190303A,0,-1.2941147788394913,1.369641555701927,-0.9566295326328215,-0.9195697396927166,-0.1416143000558019,-0.22932436248518465,-0.803101724315207,-1.3789424190267792
FRB20211125B,0,True,FRB20210822E,0,-0.7041132375401958,0.6746347712205342,-0.9521164772488963,-1.0864626810519216,-0.0940818280188363,-0.4427136757092797,-0.799592434040417,-1.4504291980142545
FRB20211125D,0,False,,0,0.13015143778931207,-0.08895121605032857,-0.12673091948350426,-0.5993970887997698,-0.23481406443606345,0.26584645025433773,-0.18897592622697665,1.3237919233244106
FRB20211126C,0,False,,0,0.32276217336998136,0.13183041072785745,0.5989038181462156,0.3592121572941302,-0.20839628524815068,0.2545960577301376,0.5640175013065106,1.3237919233244106
FRB20211126B,0,False,,0,0.606604463692464,0.10247632500061776,-0.38206732077672156,0.13261182993564127,-0.2299427148296893,0.2433846335947057,-0.4759857379865782,0.25107939495488013
FRB20211127C,0,False,,0,-0.1189834241317944,-0.0655292425765896,-0.06022803008103506,0.6490695655697281,-0.21069683598748137,0.25900941952682893,0.7036371215249368,1.3237919233244106
FRB20211127H,0,False,,0,-0.7068081814524859,-0.5854278209511873,-0.5099734032178324,-1.1854425395772006,-0.10131959437894061,0.058863880540971365,-0.22557281052121403,-0.5958745986237438
FRB20211127G,0,False,,0,-0.2566380400306649,-1.3374081721467326,-0.30529635010178013,-1.0317354593554549,-0.23767548490404108,0.2726041392518047,-0.06815607533778194,1.3237919233244106
FRB20211127F,0,False,,0,-1.595954453537512,1.0367040838736412,-0.8739815527256417,-1.075950248427436,-0.24375425666053968,0.2218940029951189,-0.9053724694662265,-0.5845764007952635
FRB20211127B,0,False,,0,-0.07037318108630018,-0.7502211621408978,1.2444726106509927,0.07280355714461823,-0.23582076618327877,0.277916689786891,0.54095645092932,1.3237919233244106
FRB20211127A,0,False,,0,0.16648178035639594,-0.4360836184344193,0.1536187888392032,-0.6283452730429164,-0.17354798887752218,-0.16166181834162138,-0.8507278066159268,-1.3888026644043618
FRB20211127E,0,False,,0,0.8776980912938751,1.4857342556403503,-0.8286075806858364,-0.9401220190949173,1.5754177558234694,-0.7858761537766272,1.4969873872185078,-1.1375718290546997
FRB20211127D,0,False,,0,0.2643987822368415,-0.8555121765559616,-0.36531410657301994,-0.6096752280027539,-0.27706699006357693,0.29035816429449157,-1.0610345595122637,0.1027648707337386
FRB20211128E,0,False,,0,2.155866963498671,1.0732790857969199,-0.7112825933835913,-0.42913946761795024,0.7208666630481527,-0.1802479832519079,2.2266691007837482,-0.6591445064632335
FRB20211128G,0,False,,0,1.5967963260548799,-0.24695014750254038,-0.7295784721892541,0.26215717375672765,-0.26595814578571403,0.2822436273185797,-1.0610345595122637,0.4585553914415185
FRB20211128D,0,False,,0,0.1874186260891013,0.2561105786002727,0.382748611815108,0.7191016213663903,-0.23206050460711053,0.2670068130187399,0.009800301480764845,1.3237919233244106
FRB20211128C,0,False,,0,0.8544784347059841,-0.8007774341042762,-0.47589309306172634,-0.6979698750098606,-0.1713213570194989,0.24283260501213,1.3821834625146672,1.0337363718005161
FRB20211128A,0,False,,0,-1.718712586557043,-0.798152850851604,0.8007800867995152,-0.19182274727952306,-0.1060239603545641,0.004486375617783821,-0.41733045767937577,-0.8388885628254203
FRB20211128F,0,False,,0,0.5301955305531919,0.11818082989783384,-0.775794138781533,-0.8778051493072516,0.5412682660001346,-0.09000800931453397,2.2607593491674214,-0.6096378577966198
FRB20211129A,0,False,,0,0.9666123329527522,1.6872050823315075,-0.6136829327661286,0.015217144096101603,-0.15059384840674886,-0.09361123055553444,-0.738179854231594,-1.2392556095110225
FRB20211202C,0,False,,0,0.6499091396730114,-0.21824668209531256,-0.7605942924983643,-1.1874961052444186,-0.17213031359780465,0.22728208536119635,0.6745601449623921,1.231762966466971
FRB20211202B,0,False,,0,-0.3342757532667021,-0.5262724842942557,-0.20187431215124052,-0.6270359533223127,-0.25176800992832227,0.2865411134949832,-0.8259121111013412,1.3237919233244106
FRB20211203B,0,False,,0,0.4298999259304551,-1.1745069694174262,3.1384300997371195,1.3410289520723864,-0.14645526320775756,-0.3035116473045273,-0.8462158619769112,-1.4489912455633571
FRB20211203A,0,False,,0,1.8505583516452395,0.39236212379156016,-0.7241521560254662,-0.879868964283812,0.49174090436853063,-0.0627670874009833,2.3026201688738435,-0.6116920755836163
FRB20211204D,0,True,FRB20180916B,0,-0.5570373884053191,0.6394827849856932,-0.38389859774776347,-0.27430545890394736,-0.17911952617878296,0.17596428201080389,-0.24813253371629188,-0.22385575739869218
FRB20211204C,0,False,,0,-0.4053991283954322,-0.054714140775920524,0.11221686455474937,0.7308351061534253,-0.15581924032374908,0.06981204734322548,-0.5165932397377183,-0.8353963925875264
FRB20211204B,0,False,,0,-0.23383437138270685,0.9986235189106528,0.1143415974931758,-0.20301056702376946,0.0644141630234258,-0.559700028894139,-0.6003148791505627,-1.3444315602052392
FRB20211204A,0,False,,0,0.9920585119115185,-0.6634458141219116,1.0099583139478807,0.20096771421857945,-0.23457806768807968,0.2763413003169364,0.4843064793505689,1.3237919233244106
FRB20211205C,0,False,,0,-0.8274421631951524,-0.9402579676352582,-1.0486813421915469,-1.570917584352929,-0.23793434400509594,0.0722181774353499,-0.9803208831920962,-1.2869134621693394
FRB20211205F,0,True,FRB20180916B,0,-0.5583316759501579,0.46198046342602533,-0.829407457493363,-1.1419251736056304,0.0575848817998773,-0.30964228085979567,-0.4095598863566267,-1.177012810565031
FRB20211205E,0,False,,0,-0.036996742854047686,0.5100123146095024,-0.7722079297976635,-1.056581471074853,0.03338547386518429,0.1453120012943887,1.9835254174590202,0.0031353080644122406
FRB20211205B,0,False,,0,-0.5925711754556042,-0.6947374988680708,0.3527540798785298,-0.16841794951226463,-0.1593179505852072,0.012963586340596682,-0.6489436158155083,-1.0512946820008502
FRB20211205A,0,True,FRB20190208A,0,0.2708153970245793,0.32385899847387023,-0.3110531113339979,-0.4718062059837646,0.9829374525847621,-0.6703909130149291,0.7572791300110109,-1.1909814915166066
FRB20211206C,0,False,,0,1.1931016198795539,0.20900638746560188,0.35301491942014823,0.1812663178347246,-0.22613443706305142,0.2656532109552161,0.27976498904852976,1.3237919233244106
FRB20211206A,0,True,FRB20200926A,0,0.71060112519862,0.6679087929849127,-0.9709349415923516,-0.325946730188122,0.24965710340978636,-0.5606666730379242,-0.30854245916088924,-1.3002658777848162
FRB20211206A,1,True,FRB20200926A,0,0.71060112519862,0.5927926107068039,-0.9709349415923516,-0.325946730188122,0.25645099367520247,-0.7028130065606623,-0.41482382176881155,-1.3703147043213941
FRB20211207A,0,False,,0,1.4578483210561217,-1.4484105787800978,-0.3098965890713804,-0.433567803314303,-0.06437878991117667,0.18903085272219558,1.7343658079489381,0.3566661892064961
FRB20211208A,0,False,,0,0.048564777065662146,-2.3043974377585275,-0.1367756665504468,-0.16704987785833725,-0.11319263634537448,0.0907691364296783,-0.16340823993922174,-0.4648155038133722
FRB20211209B,0,False,,0,1.4860417479525376,-0.556264008106159,-0.15036078754872226,-0.7246041500503126,-0.1860853394950184,0.24415429308744488,0.9149465287854994,1.312082881938531
FRB20211209A,0,False,,0,1.2419550409524371,-0.37893256678273257,0.3891414819963335,-0.44223059394055897,-0.2283337306770676,0.2649624787119993,0.12084427231875915,1.3237919233244106
FRB20211210B,0,False,,0,-1.7014820334587462,-0.4552084449349379,-0.3657559044359873,-0.5611491643957397,-0.24959239521533394,0.2724583985866243,-0.8605036866671273,1.0380502291532085
FRB20211210D,0,False,,0,1.57680883522451,0.7572206864248746,-0.9262310542027631,-0.7978942900786304,-0.19933574467138632,0.19065648399204418,-0.3962747160306364,-0.2914395225908744
FRB20211210C,0,False,,0,0.8856681150239389,-0.504649032979949,-0.7331510159714457,-1.2306392590610866,-0.2623281237617395,0.26772821085268317,-1.0610345595122637,-0.14846596461592354
FRB20211210A,0,False,,0,-0.5723212964768469,-0.6088621276275221,0.4575094450494837,-0.12238860382906837,0.030976837870782613,-0.05022673207898695,0.03461599699535048,-0.7869168528144109
FRB20211211E,0,False,,0,-1.151221574608731,0.4265206863943281,0.1821813340029477,0.11756968551361055,-0.14139586177975658,0.10988684476116083,-0.279214819007288,-0.5100082951272935
FRB20211211D,0,False,,0,-0.8430723397577136,-0.2524118507280559,0.37026265427392735,0.6927938529854476,-0.26568005226290287,0.27530243764654605,-1.0610345595122637,0.0006702467200165366
FRB20211211C,0,False,,0,1.3156767834577834,0.07089813185721205,1.0548205916250313,1.0825522854833554,-0.2150542597441513,0.2703010268021837,1.4789396086624456,1.3237919233244106
FRB20211211B,0,False,,0,-1.2683525101935638,-0.0030810142484327466,-0.3280098972109266,-0.7127646455487092,-0.22923123765486955,0.24962172907854036,-0.3621844676469632,0.5464759127249653
FRB20211211A,0,False,,0,-0.7043938265405529,-0.21296111211201346,-0.0458176177262829,-0.5346206435174277,-0.161215206700164,-0.36591926841693123,-0.894343271459744,-1.5141099494111436
FRB20211212B,0,False,,0,1.2837655573100746,0.8307490133600679,-0.5531255887115609,1.244794420151086,-0.26522900099772945,0.28724952577804586,-1.0610345595122637,1.259289484812723
FRB20211213C,0,True,FRB20190905A,0,-1.2045959465387954,-0.4780579804701294,1.467814879359443,0.4086574544599789,-0.2289268281711783,0.25375007553063633,-0.2706922569113697,0.7903115640414404
FRB20211213B,0,False,,0,-0.15986144039236885,0.18171977094778655,-0.15595269139128337,-0.7768609947249602,-0.23295878945456133,0.07898367331006195,-0.9497399250832129,-1.2450074193146126
FRB20211213A,0,False,,0,-0.5982085331413347,-1.6651755896549019,0.4566085077424093,-0.7667247281523446,-0.22271705989705742,0.2696824669917508,0.8011452584458845,1.3237919233244106
FRB20211214C,0,False,,0,1.8442498756175292,0.32605002698158825,-0.22438504796898015,0.19918644343736117,-0.272928779267415,0.3042726801824595,-1.0610345595122637,1.3237919233244106
FRB20211214B,0,False,,0,1.0803573977054501,-0.27955349013745556,-0.14313912728841513,-0.42238734544999373,-0.2652677392211839,0.25633078497271683,-1.0610345595122637,-0.5654721753761968
FRB20211215C,0,False,,0,1.4025667231206456,-0.972718093260739,-0.6600590616797493,-1.0912676273222424,-0.2676656357127823,0.2843881777864006,-1.0610345595122637,0.49820179473054943
FRB20211215B,0,False,,0,-0.11005830086411543,-0.4012919871630278,0.05623689013836444,-0.46431168560064795,-0.24913660475763874,0.24902338972664573,-0.9565078420417363,-0.2045461102009258
FRB20211215A,0,False,,0,1.4793260117517482,0.9600823775902291,-0.19944775721050553,0.11548182035340541,-0.2777600278270789,0.3045899454775779,-1.0610345595122637,1.3237919233244106
FRB20211216B,0,False,,0,-0.1273679186476291,-0.5084183197932637,-0.40586008572610177,-0.45962881904080216,-0.16969070669685715,-0.010237210992489365,-0.725646674678773,-1.1521567753423743
FRB20211216A,0,False,,0,-0.03995926725734517,0.5320663061291145,-0.47389710742911195,-0.0470172326489175,-0.2469494596216504,0.2759057566521808,-0.6196159756619071,1.3237919233244106
FRB20211217D,0,False,,0,0.433164434568035,0.023484148652738013,-0.24436093502377884,-0.6292470664018364,0.1629813553716116,-0.10705513894314703,0.36022800177764075,-0.8074590306843751
FRB20211217A,0,False,,0,-0.24055265751782443,-0.8095580168638195,1.9751221059062127,1.0182711559941438,-0.2520683676493704,0.2877670026549792,-0.8409519265647264,1.3237919233244106
FRB20211218C,0,False,,0,1.4383253380654475,-0.189636281037406,-0.35527227408264517,-0.8534383108849585,-0.23060588833529888,0.2431144333092202,-0.4970414796353175,0.21944444103513527
FRB20211218B,0,False,,0,0.17969563208227268,0.7475418233721904,-0.225432940669119,1.3723996480399776,-0.2685930456035891,0.28173642126188225,-1.0610345595122637,0.18370105154139757
FRB20211218A,0,False,,0,-0.33467217367167806,1.0988058159063046,-0.38040850956257133,0.6831889433654875,-0.2722981490172015,0.29009430969637306,-1.0610345595122637,0.6315205291066172
FRB20211218D,0,False,,0,-1.1551671442884213,0.03625000695222113,-0.8701559810050343,-0.9106041530169641,-0.15243849088613515,0.10071541308793351,-0.3987813519412006,-0.6527764313235447
FRB20211219D,0,False,,0,0.8095647218336582,-0.5801156214666916,2.243289943946779,1.9068335279251665,-0.1462518135765131,0.21796138785261215,1.004182767201585,0.9940899685114852
FRB20211219C,0,False,,0,0.23696724916634876,-0.4513607404668194,-0.03891391171854765,-0.057521104002170594,-0.2587286318343877,0.2850758386224236,-1.0610345595122637,1.3237919233244106
FRB20211219E,0,True,FRB20191106C,0,-0.6417245874467495,0.18803670922175544,-1.2327904227062527,-1.2514976819106223,-0.013765216676338154,-0.2601954107147397,-0.5208545207856774,-1.1601682247116605
FRB20211219B,0,False,,0,-0.11317338815567965,-0.3760066378353768,0.6189015374380532,-0.057596645939928796,-0.2286137898142609,0.2674272377168219,0.23539753343154332,1.3237919233244106
FRB20211219A,0,False,,0,1.8505648383973574,0.8933211779176568,-0.6953124760765975,-0.8074893787528026,-0.24075031138598665,0.2561185984554405,-0.6504475973618469,0.3893282520197392
FRB20211220B,0,False,,0,-1.2997467360846344,-0.8721858013762326,0.5620082969676063,-0.3325181736182697,-0.23176164377891556,0.2273226606541141,-0.6627301133236114,-0.24275456103905924
FRB20211220A,0,False,,0,-0.6824095917234961,-0.20766945698532507,-0.3520989115744649,0.33760475598023076,-0.14533405367416205,0.08362039803463928,-0.4105625407208524,-0.7033101888836566
FRB20211221A,0,True,FRB20180916B,0,-0.5594805551444035,0.24432506444754815,-0.32287281488954794,-0.2974363708867343,-0.12580513495905252,-1.215286267962248,-0.9610197866807518,-1.7098769045119024
FRB20211222E,0,False,,0,2.0320175720282805,0.302853447592292,-0.7522372320282532,-0.8300886646910338,-0.25159857420647075,0.2727310787958054,-0.9790675652368142,0.8862435346941732
FRB20211222C,0,False,,0,-0.209861929432196,-0.7956958356706656,-0.018709912591252913,-0.8262341624395471,-0.2401848621715361,0.27259408582405964,-0.24637788857889695,1.3237919233244106
FRB20211222B,0,True,FRB20180916B,0,-0.5566199898455043,0.5553250453904023,0.306490531375271,0.1374618269314426,-0.12278367939600708,0.025959736913946926,-0.44690876142403335,-0.8384777192680211
FRB20211222A,0,False,,0,0.6083393970584616,-1.1406861804453825,-0.7797082213641839,-1.068751729832996,-0.2503471293759949,0.2799017188421775,-0.8136295951395766,1.3237919233244106
FRB20211222D,0,False,,0,0.711250413712008,0.759124691534222,-1.027236508408103,-0.8284138487971923,0.17093567328226056,-0.47194731273935164,-0.35641920505266556,-1.2661658625206758
FRB20211223A,0,False,,0,-0.997503990848668,-0.9643111793396412,2.366125097981461,0.6064777093448287,-0.21536701767991687,0.2650766229645532,0.883112252721334,1.3237919233244106
FRB20211223B,0,True,FRB20190208A,0,0.2703655475795097,-0.5894550603889691,-0.8186233543030215,-1.3922536838904123,-0.15405798248784558,0.15919098653526656,-0.09372376162553683,-0.147644277501125
FRB20211225B,0,False,,0,-0.4013058300165758,-1.0707527229847518,-0.8170252822602077,-1.6533202426675038,-0.16303205917586047,0.0983596340595076,-0.48074834621665014,-0.7402861090495921
FRB20211225A,0,False,,0,0.858517031360942,-0.9142917046875562,0.7422954268198989,0.3662898446663808,-0.036611666129418845,0.0746803129266708,0.2842769336875453,-0.389220289251904
FRB20211225A,1,False,,0,0.858517031360942,-0.37152640455546776,0.7422954268198989,0.3662898446663808,-0.20848389632379832,0.24275434569088275,0.12660953491305682,0.9618387492556414
FRB20211226A,0,False,,0,0.876693653988783,-0.44426536221476187,-0.49698838369171866,-0.12664238773084707,-0.257580073548263,0.2869919189461921,-1.0610345595122637,1.3237919233244106
FRB20211227A,0,True,FRB20211227A,0,1.0777205217999146,1.061142001993683,-0.44148450208418744,0.394824595615982,-0.10103100518203686,0.18113746343857706,0.8901308332709138,0.5382590415769797
FRB20211228B,0,False,,0,-0.9533002039603317,-2.8576859348808283,-0.18142651245118446,0.41083881849319837,-0.20219626285059566,0.24571057241005984,0.4208885908132945,1.3237919233244106
FRB20211228A,0,True,FRB20190208A,0,0.2708850780494577,-0.47598629301830636,-0.5181288643494185,0.1843032401491683,0.09436616388611996,-0.06475727167362938,0.2524426576233799,-0.7612391304769557
FRB20211228A,1,True,FRB20190208A,0,0.2708850780494577,-0.23548823145330067,-0.5181288643494185,0.1843032401491683,-0.08451723469365614,0.05035629883115558,-0.159397622482319,-0.6024480955421324
FRB20211228A,2,True,FRB20190208A,0,0.2708850780494577,0.6620589013535834,-0.5181288643494185,0.1843032401491683,-0.141684572074811,0.04875561857588765,-0.48952157190362483,-0.8454620597438088
FRB20211229C,0,False,,0,0.8818802060180899,0.10865722656685811,0.39543960218443164,1.0834359933863726,-0.2617669762813805,0.271445712022198,-1.0610345595122637,0.04175460245994494
FRB20211229B,0,False,,0,1.0153937023983486,-0.12165024263393132,-0.18467608064880042,-0.6565843997510646,-0.2481721088853158,0.27554653689633657,-0.7203827392665881,1.3237919233244106
FRB20211230B,0,False,,0,0.515874133056279,-0.13220422769340026,-0.7701740119128715,-1.1552090504023997,0.7620475474299223,-0.17278636642691897,2.487609899073482,-0.8425861548420138
FRB20211231B,0,False,,0,1.0007370373998947,-2.6004335665206035,0.4324207425784757,0.06695366903198745,-0.26521579375270193,0.2779540852901758,-1.0610345595122637,0.1849335822135954
FRB20220101A,0,True,FRB20220101A,0,-0.3946899933286448,0.39765708788975257,-0.7463853989541341,-0.8606830449285108,-0.049781123676098125,-0.025150331594517322,-0.23835665366509148,-0.8062265000121772
FRB20220103C,0,True,FRB20190303A,0,-1.3040290156643226,0.1623469871367099,-0.7385321538835249,-1.420558060504585,0.5380127057407107,-0.44108661889787365,0.41963527285801244,-1.121959773873527
FRB20220104B,0,False,,0,-0.8366476583467906,-2.2992329395744044,-0.7547407852537913,-0.8193555565787537,-0.2673194171203366,0.2843697244862829,-1.0610345595122637,0.5333289188881882
FRB20220104D,0,False,,0,1.3910009011504898,-0.598519724228086,-0.6125787737449758,-0.931152568921223,-0.012171479237676312,0.17116301225790514,2.061732457868623,0.05777750119851701
FRB20220104C,0,False,,0,0.7212777174757996,0.07629383147596942,-0.2787659926346666,-0.08998491415447711,-0.28768061257730865,0.2929891366424127,-1.0610345595122637,-0.5178143227178799
FRB20220104E,0,False,,0,1.2568228752456,1.512133128261869,-0.44695616689029505,1.3392591368707865,-0.22708612732588168,0.2644759993048523,0.16471040075363275,1.3237919233244106
FRB20220104A,0,False,,0,0.5094866106522402,0.9918528810227112,-0.6853597361401728,0.6752652842334876,-0.25487016604218937,0.2835173772731469,-1.0610345595122637,1.3237919233244106
FRB20220105D,0,False,,0,0.5723702493303107,-1.868282689129319,0.050201577326672624,-0.4403049742521473,-0.23977628547237526,0.21784657950693315,-0.8489731614785319,-0.5638288011465997
FRB20220105C,0,False,,0,0.03276448140221956,-0.37355728973012775,-0.011957519753816297,-0.764091662226756,0.4681462032642904,-0.7152088375306676,-0.1298193187376614,-1.3345713148276563
FRB20220105E,0,False,,0,0.06801873922247102,0.4628633191479385,-0.2496365571268486,-0.017411269246681335,-0.11532971457996961,0.11509384103628012,-0.04384170700530915,-0.31876061915792675
FRB20220105B,0,False,,0,0.3091748077343241,-1.1676496955767313,1.2245476077895432,1.7369675863462004,-0.2477955427628856,0.27677425472052597,-0.6629807769146678,1.3237919233244106
FRB20220106B,0,False,,0,0.46783861797045084,-0.4124368454493875,1.3939928597361508,0.358808206801745,-0.044386591558934846,0.15571371224135166,1.1748846727110074,0.391177048028036
FRB20220106A,0,False,,0,0.33545700702785586,-0.5869522415599179,-0.3303294502625972,-0.8611622022907074,-0.17280469785702013,0.037893841483395876,-0.6750126292853761,-1.0424615455167656
FRB20220107B,0,True,FRB20190716C,0,-0.6561759518237165,-0.013749280467019745,0.4797816305736144,-0.10392548941088522,0.117258998620764,0.10174386515461264,1.975754846136271,-0.12073402449147189
FRB20220107C,0,False,,0,0.30572775468765984,-0.7687842434748197,-0.40337933834282147,0.8550034160066216,-0.2305225946892147,0.1401255978019014,-0.8848180549996,-1.0344500961474794
FRB20220108C,0,False,,0,0.28699705506437073,-0.51505604433058,-0.668282559317749,-0.7675137680980801,-0.15539622957157356,0.011753106577260444,-0.6329011459878974,-1.0371205792705749
FRB20220108A,0,False,,0,1.2325055958394557,-0.5345627143108904,1.557492823746884,0.6463430747946862,-0.23077979111033722,0.24877148325240955,-0.42459970182001194,0.4456138193834411
FRB20220108B,0,False,,0,1.768978352499915,-1.356126305140767,-0.8505253984852106,-0.0459433643878826,-0.1776722694184549,0.2338054526287166,0.745999268413472,1.2861997378223762
FRB20220109C,0,False,,0,-0.4265369547065327,0.2929008746313607,-0.6309325366942282,-0.9622231821093787,-0.18357677580551485,0.12158518817775545,-0.5569500778978019,-0.7569252731242632
FRB20220109B,0,False,,0,-0.3893850745632606,0.6138787038366564,-0.13957008583684416,-0.18879028564747605,-0.22866582247997155,0.262061698552695,-0.01977800226389278,1.3237919233244106
FRB20220119A,0,False,,0,0.6494959094536639,-0.4905176211181742,1.140858770591871,1.4093230012308482,-0.21910251909561457,0.2662655828275446,0.7465005955955848,1.3237919233244106
FRB20220119A,1,False,,0,0.6494959094536639,0.6697378916482098,1.140858770591871,1.4093230012308482,-0.22578313509144857,0.27194118956237684,0.7923720327589098,1.3237919233244106
FRB20220121A,0,False,,0,-0.5217908084765978,0.48915320305640964,-0.4834285875339117,-0.45189619437747147,-0.22268367552614682,0.2728533051647018,1.1696207372988225,1.3237919233244106
FRB20220122C,0,False,,0,0.2622028691384299,-0.274470258539131,0.4116191753489396,-0.43793949520994696,-0.2296817661003688,0.27647897685192857,1.006438739521093,1.3237919233244106
FRB20220122B,0,False,,0,-1.36071364073459,-0.6766278941776239,1.296864560307293,0.17692607270246843,-0.23320301660148876,0.252890901797779,-0.4363808905996637,0.5526385660859546
FRB20220122A,0,False,,0,0.541317216622074,-0.24552170184109656,0.24616329118059635,0.6313722631702086,-0.256942579174273,0.27092471451323813,-1.0610345595122637,0.3178414730322638
FRB20220123A,0,True,FRB20220123A,0,-2.29495111552138,0.830914483645705,-0.7703311836180872,-0.7661491483420493,-0.18840390946941948,0.17191743504639012,-0.3839922000688718,-0.3881931803584058
FRB20220124C,0,False,,0,-1.1038139463475627,-0.4579183080060319,-0.6223667335603211,-1.1476462710646311,-0.23505417130972764,0.27023397181199477,-0.014764730442764367,1.3237919233244106
FRB20220124A,0,False,,0,-0.9866698070170684,-4.51055829129953,-0.08286817748293432,0.14064375241946359,-0.1707620111886999,-0.05503449469538937,-0.7742754113437186,-1.2421315144128176
FRB20220124A,1,False,,0,-0.9866698070170684,0.6750955223385516,-0.08286817748293432,0.14064375241946359,-0.14733911320753226,-0.031783576645834644,-0.6609754681862166,-1.1129212156107426
FRB20220126C,0,False,,0,0.625561255414572,-0.9964655584365588,0.1887231175468535,-0.531543728157465,0.06747593469055439,-0.1967421828475599,-0.2165489212431829,-1.0430778108528644
FRB20220126B,0,False,,0,0.7772061994058781,0.669058323724962,-0.35903065807532336,0.5112360865058179,-0.19901136268865047,0.25463896108262946,0.9833776891439022,1.3237919233244106
FRB20220127A,0,False,,0,1.5433060579445657,2.0278778973815994,-0.5479639133852902,0.6427132265783129,-0.13522276846338122,-0.04189901351656801,-0.6268852198025433,-1.090324819953782
FRB20220128D,0,False,,0,0.48821031518803937,-0.38613324401858484,1.912356409571546,0.8356437959512868,-0.24279329120463317,0.2715231862711338,-0.45868995020368514,1.3237919233244106
FRB20220128C,0,False,,0,-1.0274069737958635,-0.7820719448281759,1.6811807414182736,0.22987739501600368,-0.23799447833366968,0.19328093378590708,-0.8805567739516409,-0.794312036847598
FRB20220128B,0,False,,0,0.3103099242238193,-0.45184834882920577,2.783209855005506,1.9292174744340682,-0.21942577895902288,0.20868542496319345,-0.5652219764026638,-0.3356052050112974
FRB20220128A,0,False,,0,1.061458390532155,-1.4012259537431733,-0.2630774849376296,0.726217049517141,-0.25043909761472694,0.2749761382611443,-0.8898313268207284,1.2625762332719173
FRB20220129A,0,False,,0,-1.6442023723445813,-0.6183968150730114,0.6837519469534132,0.1350787517986271,-0.12278497576737772,0.016211857216576937,-0.46996981180122405,-0.8744265305404584
FRB20220130C,0,False,,0,0.956980395987237,-0.21469418078552274,-0.22323096190411088,-0.7945842028866137,-0.22849487462858079,0.25165569593289216,-0.2997692334739145,0.6849301915685241
FRB20220130B,0,False,,0,-1.3235724791611445,1.006141500491693,2.0359148678638554,3.867778622391266,-0.25551525944872044,0.2679828290631074,-1.0610345595122637,0.235672761552407
FRB20220130A,0,False,,0,1.8302106452613358,-0.28559718867391987,-0.09388185478117278,0.34030141228771255,-0.2523346506242989,0.27893037088975536,-1.0053872422977383,1.3237919233244106
FRB20220131A,0,False,,0,0.2452546982048449,-0.12528549086600957,0.5223973973846194,0.1425268817319491,0.8947119094935577,-0.25425442065506043,2.310140076605536,-0.7671963620592452
FRB20220131B,0,False,,0,0.46001843183397567,-0.09572524642380596,0.7350535382237389,0.478182809034594,-0.1879645494052236,0.22462710495340188,0.22512032619823008,0.7334097313416396
FRB20220201C,0,False,,0,-1.374468566378717,-0.8899476938651295,-0.36481858131668654,-1.0354903465550738,0.1223808586378294,-0.06987676240218367,0.35170543968172246,-0.74727044952538
FRB20220201B,0,False,,0,0.5532627648113912,-0.8016505652368657,-0.3780144690253222,-1.0027652707278936,-0.21311606742690106,0.23003997901623194,-0.24387125266833273,0.27798964796453324
FRB20220202B,0,False,,0,-0.021690769875512418,-0.4464454273880109,-0.298370803351046,0.21218869332475526,-0.19192954582666924,0.24832647754720105,0.9106852477375402,1.3237919233244106
FRB20220202A,0,True,FRB20210822E,0,-0.7043878584323013,0.7529028393219427,2.117069363077406,2.6211515091675213,-0.047061845657005184,-0.1497913649828135,-0.4772390559418602,-1.0465699810907583
FRB20220202A,1,True,FRB20210822E,0,-0.7043878584323013,0.11411407003860434,2.117069363077406,2.6211515091675213,-0.16454954185509618,-0.12839965167136264,-0.8073630053631661,-1.327997817909268
FRB20220202A,2,True,FRB20210822E,0,-0.7043878584323013,0.5585500053223669,2.117069363077406,2.6211515091675213,-0.253988761409924,-0.05523174173103051,-1.0610345595122637,-1.5176021196490375
FRB20220203C,0,False,,0,-0.4714269116988826,1.6210810492991432,-0.443317919943096,1.1707081830583497,-0.26890648606706324,0.29684389141416284,-1.0610345595122637,1.3237919233244106
FRB20220203B,0,False,,0,0.1553847119864985,-0.3844079000411779,0.6586800698056064,0.17884998064493854,-0.2587069063402743,0.29164976989409586,-1.0610345595122637,1.3237919233244106
FRB20220203A,0,True,FRB20190804E,0,-0.49644440355718755,1.5027373365406105,-0.8661700433338727,0.236497438880325,0.17541401982683785,-0.8266029667263977,-0.586779045233516,-1.4315303943738875
FRB20220203A,1,True,FRB20190804E,0,-0.49644440355718755,-0.6230958234041093,-0.8661700433338727,0.236497438880325,-0.12792288417226333,-0.3280656363359667,-0.8178908761875358,-1.4319412379312868
FRB20220203A,2,True,FRB20190804E,0,-0.49644440355718755,1.2470722422602263,-0.8661700433338727,0.236497438880325,0.05039304887401641,-0.9402625181739422,-0.7619928953819539,-1.5063039218205572
FRB20220203A,3,True,FRB20190804E,0,-0.49644440355718755,0.7657108209401425,-0.8661700433338727,0.236497438880325,-0.06630031269520519,-1.0870702027663408,-0.8993565432808724,-1.6437310917706176
FRB20220205B,0,False,,0,0.4046870082683922,-3.00940256432689,-0.247578838191924,-0.16223199636083496,-0.21958684826034994,0.2341026633128609,-0.3361154541770955,0.23669987044590518
FRB20220205A,0,False,,0,0.7558274762284568,-0.43399412857904635,0.2843403801417939,-0.47871398959984657,-0.2583753486827093,0.2763749850173146,-1.0610345595122637,0.6210440183929353
FRB20220206B,0,False,,0,-0.6789404403368984,1.5792667253917678,-0.7984371884003303,-0.28640366883861795,-0.20984329535368268,0.15077466109727333,-0.6887991267934792,-0.797187941749393
FRB20220206A,0,False,,0,-0.17788655548726265,0.575531614269852,-0.0017383014152177816,0.44491565995761656,0.09101097847149511,-0.11221149097427194,0.0667009366505723,-0.8803837621227479
FRB20220206A,1,False,,0,-0.17788655548726265,1.8203564421918825,-0.0017383014152177816,0.44491565995761656,-0.17075228748266366,0.17909480719329346,-0.11853945714012247,-0.06917315803786174
FRB20220207B,0,True,FRB20190417A,0,1.6887898221515683,1.9447955703287712,0.36031003823925345,1.4400032182900808,0.48985568232869847,-0.2770200509602715,0.7921213691678534,-0.928041614781065
FRB20220207A,0,True,FRB20220207A,0,-1.0263728636073424,-0.6197181635412264,3.476132644976598,2.9825389472988517,-0.24995783508943423,0.2718016613918469,-0.88832734527439,0.9359556051394865
FRB20220209C,0,False,,0,1.869634686559558,0.7779632752495164,-0.48345679802574054,-0.05343967415302241,-0.25132195060391904,0.28351588909822806,-0.8449625440216292,1.3237919233244106
FRB20220209B,0,False,,0,-0.3620013060594404,-0.3305423801304106,1.106740981996511,0.38245679787487563,-0.2162128563731234,0.19934897206155522,-0.5724912205433,-0.41982813427815063
FRB20220209A,0,True,FRB20200929C,0,-0.2826059229598144,0.5427844460929164,0.1790066228172925,0.10115150575133698,-0.17769963548596468,0.052739356979459556,-0.6762659472406581,-1.0210976805320027
FRB20220210A,0,False,,0,0.08817598387884584,-0.9566599188586159,0.4962773697783209,-0.27622115783056106,0.3842175750252412,-1.2238000727804477,-0.5373983177954011,-1.5120557316241472
FRB20220211D,0,False,,0,0.9069745590336371,0.23635394316153388,-0.13525905509228883,-0.6634569270982728,-0.29100112505622533,0.30463902725230896,-1.0610345595122637,-0.12895089563945755
FRB20220211B,0,False,,0,0.6265397853267755,-0.17753971659075735,0.08582975714449004,0.07530783910915562,-0.2446035506472309,0.24553925381119923,-0.8477198435232498,-0.1515472912964182
FRB20220211A,0,False,,0,-0.9548425345608952,-1.1925018249766672,0.42266039294235164,-0.28058942570185924,-0.23498034950963104,0.2587405893495585,-0.39151210780056445,0.8260549535351781
FRB20220211C,0,False,,0,1.4724448149180047,0.3493591384448272,-0.11598492721859238,0.6239815599605192,-0.18362680048000282,0.21390673024472937,0.11131905585861517,0.46636141903210493
FRB20220212B,0,False,,0,-0.47723458486520726,-0.01977294852684812,0.16221955285308615,0.7647010251847857,-0.17314916468894792,0.018504749083457093,-0.7050922602121465,-1.0981308475443685
FRB20220212A,0,False,,0,1.2879943456790233,-0.21051640105276467,0.2782756060086378,0.772860206405887,-0.23134682628354625,0.2527583701360711,-0.3754696379729535,0.6249470321882286
FRB20220213B,0,False,,0,0.7999255044570612,-0.45408287365008726,-0.3031982868259165,-0.5651028056683517,-0.24256202658237813,0.2650278004267047,-0.59630426169366,0.8648796697094104
FRB20220213A,0,True,FRB20181119A,0,-0.4879488332247818,0.5759595146210416,-0.5519890473730541,-0.5787985967253689,1.0408063999101205,-0.45749700007444577,1.5531360316151461,-0.9479675273149302
FRB20220214E,0,False,,0,1.3880943296070782,0.23693775766626765,-0.05256406728020702,1.071507889400704,-0.024984370133962014,0.0612399538584799,0.2729970720900064,-0.44180826459901235
FRB20220214D,0,True,FRB20190303A,0,-1.2933677688049574,1.2799962254002035,-0.8852895609644652,-0.5155795702069355,-0.029133891777952194,-0.2999950646582302,-0.593296298600983,-1.216042948517963
FRB20220214C,0,False,,0,0.26688936177950534,-0.8773666660723546,0.8677243387320427,-0.10841149785930412,-0.24751222466220885,0.2625301233506292,-0.8432078988842342,0.3985722320612231
FRB20220214B,0,False,,0,0.05739300758339861,-0.579132836302783,0.5265249269832952,0.2803673413839715,-0.25574251431078815,0.2763618561267842,-1.0610345595122637,0.8716585884064986
FRB20220214A,0,False,,0,0.7866110599591768,0.1428805358199593,0.2545899973281577,-0.06222189627404764,-0.1869955369516586,0.22728157575700803,0.3080899748379053,0.869193527062103
FRB20220215A,0,False,,0,-0.031924391414439465,-0.7295573197923373,0.287202068712889,-0.045375834563100424,-0.2043352520586777,-0.017342580905548157,-0.8727862026288918,-1.3006767213422155
FRB20220218B,0,False,,0,-0.7708000308022279,0.3371662519524976,0.24685353574720154,1.6749118198761461,-0.2357789661485959,0.26284026960585266,-0.3288462100364593,1.1056339943453908
FRB20220218A,0,False,,0,0.3116842843946428,-1.0252097753901424,2.7370883183273262,1.3423819724399422,-0.15638458396794483,0.053429766833584004,-0.5592060502173097,-0.905650640902804
FRB20220219A,0,False,,0,0.9055927742453176,-3.3965831725788775,0.26789337598917706,2.0113209110278567,-0.18474329646635326,0.03427083848987493,-0.7394331721868761,-1.1102507324876474
FRB20220220C,0,False,,0,-1.7711133329625852,0.2520701679024667,0.283056850869541,0.6688411089356131,-0.2592467300960097,0.27558115749042683,-1.0610345595122637,0.47745419508188564
FRB20220220B,0,False,,0,-1.70875117418559,0.17635738330571535,1.7545021207362343,1.3801055346126516,-0.07674130685547802,0.17595101322892234,1.150820967969591,0.5875602684648937
FRB20220220A,0,False,,0,-0.8200821538147445,-0.7368850953735692,0.36056575776181427,0.09425543289419064,-0.24719044917752608,0.23616853216979466,-0.9392120542588432,-0.43585103301672273
FRB20220221B,0,False,,0,-0.5932837549632896,0.7890500844328796,-0.49262092196903867,-0.7746409115917167,-0.14595854563805033,0.11701211054847983,-0.280969464144683,-0.49193117860172497
FRB20220221A,0,False,,0,-1.0846972495070784,-1.7567571019839572,0.8407672554522146,0.0865280573189979,-0.2563206132460293,0.2646673302247184,-1.0610345595122637,0.02778592150836928
FRB20220222A,0,False,,0,-0.039442652150140346,-0.3224446256725673,1.9837654120003827,2.7908126310023573,-0.2674245395642167,0.2814541759485955,-1.0610345595122637,0.2586800007667669
FRB20220222B,0,False,,0,-1.6406058547371885,-0.39490684424252187,3.955099632464984,5.186453880177044,-0.24742884661473313,0.2814379420666806,-0.44540477987769483,1.3237919233244106
FRB20220224A,0,False,,0,-0.5584121993330359,-0.36591858795865084,0.04749234673102421,0.657984549537389,-0.18489215692067432,0.063174793798605,-0.6980736796625667,-1.0252061161059955
FRB20220225D,0,False,,0,-1.3375935812847368,-0.2950728585224158,-0.8186100785940152,-0.03750964317003674,-0.15590250846373224,-0.12851252246278724,-0.7817953190754112,-1.3041688915801095
FRB20220225H,0,False,,0,-0.3454630334987997,-1.6788335802768033,-0.07503119940658563,-0.6900438270776523,-0.2523744081878688,0.27631362652331015,-1.01716843107739,1.231762966466971
FRB20220225C,0,False,,0,-0.6255187993496331,-0.7090066258192474,0.2523309879624457,0.4579337888109045,-0.17655044865066427,0.061005692460491874,-0.6554608691829752,-0.9872030870465618
FRB20220225C,1,False,,0,-0.6255187993496331,-0.4580712822653257,0.2523309879624457,0.4579337888109045,-0.13812783693223465,0.05569478900785987,-0.45167136965410537,-0.7967770981919937
FRB20220225B,0,False,,0,0.3027923521017743,-0.4449075190329142,-0.059130326517073756,-0.7020613475530386,-0.24902893790478448,0.28392884225661447,-0.5030574058206716,1.3237919233244106
FRB20220225G,0,False,,0,-0.00610129866805729,0.8864354776212617,-0.5814296565367205,-0.30668075125947686,-0.217752986328173,0.24249041414676015,-0.15162705115956998,0.621249440171635
FRB20220225F,0,False,,0,0.8199002709775692,0.06915028897412352,-0.12826488081702597,-0.6401272529794897,-0.23921126306112903,0.2706143182353538,-0.2641750035439028,1.3237919233244106
FRB20220225E,0,True,FRB20200929C,0,-0.2833152248577027,-0.11723382780656157,-0.26914919417243804,-0.1427459402219355,-0.030238703272126712,-0.8823371982698573,-0.8326800280598645,-1.5615623802907608
FRB20220225A,0,True,FRB20180916B,0,-0.560358047257358,1.3022405985574215,-0.5112367867349907,-0.09607663764754369,-0.1160439784497701,0.014229496399627352,-0.441895489602905,-0.849981338875201
FRB20220225A,1,True,FRB20180916B,0,-0.560358047257358,0.10543155873437042,-0.5112367867349907,-0.09607663764754369,-0.09546343023264968,-0.07726275159780159,-0.530129073654765,-1.0303416605734868
FRB20220226B,0,False,,0,0.11228650503163036,-1.0322919333636904,-0.4119719753501897,-0.7478394493182433,-0.27253505096125447,0.2781741281549809,-1.0610345595122637,-0.2620642082368256
FRB20220226A,0,False,,0,0.2704972088750415,-1.1505445049002452,0.9405397379946052,0.01607927635851191,0.13680242654029054,0.07157602696160931,1.6255778094304516,0.0025190427283133146
FRB20220227B,0,False,,0,0.49888061832637515,-1.1861290854940152,-0.4762545509180316,-1.0044252776199192,-0.2391096976781099,0.257128522194326,-0.5782564831375977,0.5191548161579129
FRB20220227A,0,False,,0,-0.800295519587422,0.30262732247411867,-0.7855859995820523,-1.168235274873863,-0.23471023861508622,0.2378212477598828,-0.6519515789081853,-0.06937857981656138
FRB20220228E,0,False,,0,-0.06607500961660445,-0.3010609197931579,-0.22433475878293632,-0.14547434752604346,-0.0579648904481162,-0.39118693195337706,-0.7126121679438391,-1.356551445148518
FRB20220228F,0,False,,0,0.9138149427796982,0.04877939340438561,-0.644021355692539,-0.9843693654582937,-0.0830866899902454,0.1346237395840037,0.4138700102637147,-0.05089061973359361
FRB20220228C,0,False,,0,0.49909407149719415,-2.7350454594171474,-0.5401527340372099,-0.4970979762969632,-0.2249654219210418,0.2630118937467397,0.20481657532266,1.3237919233244106
FRB20220228B,0,True,FRB20220123A,0,-2.2947358273252925,-0.977158664692602,0.2700309602959164,-0.43123779638520576,-0.1870429319912751,0.10151281012073739,-0.6361597726716308,-0.8875735243772355
FRB20220228A,0,False,,0,2.6473161785717134,0.061154958064591064,-0.06496646208007209,-0.2030577953961008,-0.1869015562290133,0.2524958742377607,1.3919593425658676,1.1845159573660533
FRB20220301F,0,False,,0,0.20512040903612366,-0.5325603850963517,-1.1516256178424082,-1.7758063589247943,-0.16869931785401876,0.03669868056744875,-0.6562128599561445,-1.0260278032207941
FRB20220301E,0,False,,0,-2.3804649236067537,-0.9407565482671822,3.470970357572404,1.239544115683922,-0.17800629946189858,0.10343702945494501,-0.5692325938595666,-0.8164975889471593
FRB20220301D,0,False,,0,-0.9131872191588515,-0.7877820803824759,-0.8611565403306845,-1.5235163016427224,-0.2406906541012544,0.2547569717927529,-0.6637327676878372,0.3256475006228502
FRB20220301C,0,False,,0,0.16427271670724353,-1.0143569021215886,0.38419669170390053,-0.3981630513122734,-0.16270818141825727,-0.0007209189673544557,-0.6840365185634072,-1.1014175960035628
FRB20220301B,0,False,,0,-1.0162379439537554,-0.3988635905413408,-0.5338559566238648,-0.21508050923706748,-0.28302660803924273,0.28794140530852325,-1.0610345595122637,-0.4496142921895987
FRB20220302C,0,False,,0,-0.01981586745531984,-0.9582061449391014,0.4898273469527623,-0.36387189370456696,-0.0466415819212952,0.10831841402847858,0.48505847012373815,-0.17681417007647415
FRB20220302A,0,True,FRB20210125A,0,-0.10605710304546731,1.3932352763499307,-0.4723473478098561,0.45321513825305487,-0.10233017262680215,-0.1175586651633272,-0.6070827961090861,-1.1332579717020073
FRB20220303C,0,False,,0,0.753893624587091,-0.5493576973253824,-0.7136560340600447,-1.351939891860109,-0.1549732221411056,0.124098633178371,-0.31957165716737174,-0.5100082951272935
FRB20220303B,0,False,,0,1.1772792659736993,0.989488472458926,-0.3540917490847188,-0.29491254346502443,-0.2357014213021689,0.25853716061497556,-0.42459970182001194,0.7746995088602676
FRB20220303A,0,False,,0,1.0403025987965637,-0.650369599951514,1.2397805187976931,0.3687368844629844,-0.24778351504844523,0.2594705208791727,-0.8737888569931175,0.2254016726174249
FRB20220304A,0,False,,0,-0.630039128799221,-0.4568174537990755,0.1816819096097678,-0.27249196651147717,-0.22737077706401235,0.2688373909870777,0.40534744816779644,1.3237919233244106
FRB20220305A,0,False,,0,2.3584596700499425,-1.4551596836149927,-0.6803868593655391,-0.33174696562059364,-0.26109558846370795,0.2819926463263553,-1.0610345595122637,0.9694393550675282
FRB20220305B,0,True,FRB20200929C,0,-0.27923903914039755,0.9182106301143502,-0.6690220145956558,-0.5808235707553149,-0.08485466111033738,-1.195215310901757,-0.9264282111149659,-1.6778311070347582
FRB20220306B,0,False,,0,0.22220941956472642,-0.26327838287206945,0.540399436768624,0.2523388414300213,-0.15542175888636692,0.06578226801045366,-0.5246144746515238,-0.8505976042112999
FRB20220306B,1,False,,0,0.22220941956472642,-0.11582048861776977,0.540399436768624,0.2523388414300213,-0.1305283940629614,0.07364024055474776,-0.3504032788673115,-0.6642800509307246
FRB20220306A,0,False,,0,0.6673017436453315,0.0476868029687834,-0.9028091342034077,-1.268693692823083,-0.2066271789175843,0.2683481643557375,1.8897772344039188,1.3237919233244106
FRB20220307A,0,False,,0,0.6398408548249839,0.02971802418652338,-0.119349853391956,-0.5186883535979673,-0.23633835995107808,0.28247717093485264,1.340322642808245,1.3237919233244106
FRB20220308E,0,False,,0,0.06084677352273361,-0.11233551491070494,-0.36002039475464304,-0.9472693390164114,0.14941208931383612,-0.034482700017355615,0.6670402372306995,-0.6008047213125353
FRB20220308B,0,False,,0,-0.21418686263879266,-0.8339224080146016,0.2699484505591299,-0.5830643932900386,-0.13567594039306735,-0.28703397613583526,-0.8168882218233101,-1.415712917414015
FRB20220308A,0,False,,0,-0.5150927991078991,0.4034613071011016,-0.41168510272500175,-0.28193704530301283,-0.21294053773022537,-0.18146975272301788,-0.9607691230896954,-1.5015792209104655
FRB20220308D,0,False,,0,-0.5149180422319011,0.6435119710187706,-0.36933538667182564,0.9026231231909172,0.13740663378353607,-0.5612117163558408,-0.4882682539483428,-1.327997817909268
FRB20220308D,1,False,,0,-0.5149180422319011,1.1146228038279526,-0.36933538667182564,0.9026231231909172,-0.12387825133784122,-0.3870575232968631,-0.8321787008777517,-1.463987035408431
FRB20220309A,0,False,,0,1.2957361659631144,0.272547266955749,0.5219056743353341,0.5154542699607031,-0.2653208420518798,0.26647355509680154,-1.0610345595122637,-0.32512869429761565
FRB20220309B,0,False,,0,0.47273903918931826,-1.1751812528065657,-0.4883320623020561,-1.3045581089248939,0.3988560309490441,-0.05632134686685044,1.8328765992341114,-0.3682672678245405
FRB20220309C,0,False,,0,2.0781050442211777,-1.4201631774591663,-1.0047055448294617,-1.1371027202693904,-0.03200543345754208,-0.041056766941373536,-0.20627171400986966,-0.8284120521117385
FRB20220310D,0,False,,0,-0.5041495286222342,-1.2234659863088315,-0.27774025871244873,-1.1105130791490754,0.4546243955069426,-0.05397808362123866,2.188317571352116,-0.5211010711770742
FRB20220310C,0,False,,0,0.6718705410581016,-0.7111181932749661,-0.8420811518137692,-1.517355840499337,-0.2813404156604061,0.29392502320792985,-1.0610345595122637,-0.018639400477749812
FRB20220310A,0,False,,0,-0.09991516537633803,-0.3801748023405637,0.7231297674428415,0.031410208536738406,-0.21339234873879678,0.26873695693061345,1.4024872133902373,1.3237919233244106
FRB20220310B,0,False,,0,0.9005310829391348,-0.18184989645397376,-0.6146896893038076,-1.0077258304212542,-0.021962449797345553,0.17076967958762054,1.8850146261738467,0.16911610525372298
FRB20220310E,0,False,,0,-0.16623152313560705,-1.2145688546416404,-0.11086195823790257,-0.859381909968598,-0.24685335543672846,0.2688970023227303,-0.7487077250559637,0.9039098076623424
FRB20220311D,0,False,,0,0.7536222157713178,-0.44238690256215785,1.971181000764448,0.6878756414606915,-0.24134543253962157,0.2800935577122108,0.16696637307314052,1.3237919233244106
FRB20220311C,0,True,FRB20181119A,0,-0.4712596551134003,2.26272357484545,-0.7127434135624451,0.48852101713239277,-0.009577427594671787,-0.015567666014556466,-0.022284638174456983,-0.7322746596803061
FRB20220311A,0,False,,0,0.5785016161924166,-1.189436532713022,-0.509095032162284,-0.12860248585559259,-0.24679501876924226,0.26779838154615554,-0.7599875866535026,0.8106483201327049
FRB20220312C,0,False,,0,-0.6462080775231295,-0.54096584958478,-0.2648999046350692,-0.6504363682880592,-0.21790471846200798,0.24358259293145146,-0.1335792726035077,0.6684964492725527
FRB20220312B,0,False,,0,-0.6461295826659349,-3.534213372664006,-0.5728370639518692,-0.9180304828719473,-0.20679828713348922,0.052529443340670584,-0.8291707377850747,-1.1708501572040417
FRB20220312A,0,True,FRB20180916B,0,-0.5597602048166688,-0.6043949151151365,-0.23986485841038913,-0.7843811389352848,0.8205032753821986,-0.24728604112345137,2.0780255912872905,-0.6507222135365482
FRB20220313E,0,False,,0,0.26219649954653096,0.060501287555354485,-0.3324666055365375,-0.5890561561306218,0.2797344140258484,0.0022912273983848016,1.76645074760416,-0.22323949206259325
FRB20220313D,0,False,,0,-1.2266502844372345,-0.8964396194384291,0.03363897328614536,-0.8996284727266869,-0.2643509871314161,0.28117507206276443,-1.0610345595122637,0.5129921627969237
FRB20220313C,0,False,,0,-0.12140642366768753,1.057905073325293,-0.9404106186741927,-0.6123558841250558,-0.24770168337176898,0.20642528341735553,-0.9885927816969581,-0.8199897591850532
FRB20220313B,0,True,FRB20190907A,0,-0.7556549741339499,-0.4274800392827913,-0.2545229133054032,-0.5488959290215406,1.1285202150917506,-0.5878689201013265,1.2608622844433597,-1.0761507172235067
FRB20220313A,0,False,,0,0.6451704293235477,2.1585251078065437,-0.5623706574014186,0.043099633041135746,-0.24310125225972393,0.2973505048742462,3.045587052765074,1.3237919233244106
FRB20220314A,0,False,,0,-0.36739404556392485,1.4888457330576979,-0.6895412771484121,-0.47664009638342736,-0.09764766333040469,-0.37327475170575,-0.7782860288006213,-1.4107827947252236
FRB20220315E,0,False,,0,1.8467995510090072,-0.5532187365930593,-0.6978344889296508,-1.254999143716265,-0.22567540438061648,0.278479437241165,1.9115849668258273,1.3237919233244106
FRB20220315D,0,False,,0,-0.3984256796706521,-1.0836161955205408,3.0032888705380567,1.5619201399752813,-0.22036871142139694,-0.03404796687261945,-0.9424706809425768,-1.383050854600772
FRB20220315C,0,False,,0,0.2641523824300747,1.0668803990095672,-0.70932835330758,-0.24599542652805786,0.04365159091569835,-0.47956529758883376,-0.5847737365050647,-1.3066339529245052
FRB20220315B,0,False,,0,-0.31453902889755797,-0.7977330728919753,0.7007747720859476,-0.3242422462819308,-0.06901613160676635,0.09394904760384752,0.1812541977633565,-0.3427949672657849
FRB20220315A,0,False,,0,0.04724656845151761,1.1024082764559457,-0.623703578976649,-0.16780817581971483,0.07956462848963258,0.12449568340037395,2.053711222954818,-0.11107920089258871
FRB20220316F,0,False,,0,-0.5385339816779313,-0.5396682532794929,-0.5015793365752944,-1.0978706344686557,-0.23864710354343824,0.26913259289356356,-0.28523074519264213,1.3237919233244106
FRB20220316E,0,False,,0,1.9832367326444431,1.1207294323227366,-0.5471157773168136,0.642931578504936,-0.27314053368699537,0.2943550954174001,-1.0610345595122637,1.3237919233244106
FRB20220316D,0,False,,0,-0.9367122024621025,-0.9341360088029556,-0.03826625492867659,-0.8472272668223745,-0.0816139587164995,0.1983344975810906,1.7275978909904148,0.41603308325069266
FRB20220316C,0,False,,0,1.13750072634861,-0.9635075840099017,1.1253219452057035,0.0843740067571675,-0.22614080537085154,0.2773761947098271,1.58296499895086,1.3237919233244106
FRB20220316B,0,False,,0,-0.557145553110979,0.5143900473091011,2.0335183326184234,2.0951727835031018,0.5427469966001999,-1.010523524838393,-0.2784628282341188,-1.4383093130709756
FRB20220316B,1,False,,0,-0.557145553110979,-0.15215908754369878,2.0335183326184234,2.0951727835031018,0.14096343119773486,-0.5514970426148886,-0.4754844108044653,-1.3218351645482787
FRB20220316B,2,False,,0,-0.557145553110979,-1.8249232094334151,2.0335183326184234,2.0951727835031018,-0.13142997423023062,-0.7407939296335471,-0.9209136121117246,-1.6199021654414592
FRB20220316A,0,True,FRB20220316A,0,-0.5554362509388676,-0.18555085848484132,-0.6710920707666658,-1.48666381617485,0.06351476106393349,-0.5886674608914386,-0.6176106669334558,-1.3586056629355145
FRB20220317E,0,False,,0,0.47250279026491254,-0.6313343377197844,-0.47305055755621167,-1.039768066741734,-0.25145709079428674,0.2773878094994841,-0.9429720081246896,1.3237919233244106
FRB20220317D,0,False,,0,0.07693713711405367,-0.6602193410208421,0.8602347390968488,0.07542068178984396,-0.2342732721521976,0.25918544481813655,-0.3531605783689321,0.8954875147356571
FRB20220317C,0,False,,0,-1.256105343848166,0.6343116258619325,-0.049360126486652486,1.3992626442679408,-0.2767983336691813,0.2921636671332757,-1.0610345595122637,0.305105322752886
FRB20220317B,0,False,,0,1.5430466465523158,0.4224648814177013,-0.862917240468811,0.31874834236820804,1.5271096397693862,-0.6173326948541189,2.012602394021565,-0.9808350119068729
FRB20220317B,1,False,,0,1.5430466465523158,0.6799477071425245,-0.862917240468811,0.31874834236820804,1.3035432644964045,-0.5555280733115452,1.7687067199236677,-0.980218746570774
FRB20220317A,0,True,FRB20200929C,0,-0.2816911187534077,0.15358418877497693,-0.7875263495979102,-1.1965229705206861,-0.07317516566828208,0.1295174337878871,0.4572348115164755,-0.0675297838082646
FRB20220318C,0,False,,0,0.8508377356292329,0.7070255161789041,-0.7069672005779107,-0.22102971503593075,-0.25632002430282674,0.28401420706030284,-1.0610345595122637,1.3237919233244106
FRB20220318B,0,False,,0,0.3612052848584125,-1.002730098036256,-0.9483870587605177,-1.5098580747497117,-0.11525076995432418,0.09334458634472349,-0.1654135486676731,-0.4553661019931887
FRB20220318A,0,False,,0,-0.12360255759953105,-1.1199137990020673,0.9278514543442054,1.254973373332923,-0.2732041918577874,0.2908546336978157,-1.0610345595122637,0.6128271472449497
FRB20220319C,0,True,FRB20220319C,0,-0.7735188160425807,0.6622097784217581,-0.9505354720140227,-0.4754027980500145,0.03446548990486218,-0.7691585205512763,-0.7309106100909578,-1.4551538989243462
FRB20220319A,0,False,,0,1.5410442499034265,-1.4184153441071874,-0.5495813630740133,-0.9117873863642345,-0.19261407589519214,0.2224795310340094,0.08023677056761902,0.5384644633556793
FRB20220320B,0,False,,0,-0.7593149874592322,-0.41127826625127156,-0.4008754197138764,0.9281413029436061,-0.2543611136776528,0.2846386034373921,-1.0610345595122637,1.3237919233244106
FRB20220320A,0,False,,0,0.8980413302906418,-0.2168576385578133,0.5313828686044957,0.725432895418095,-0.23608523244968752,0.2704412310364493,-0.07141470202151541,1.3237919233244106
FRB20220321F,0,False,,0,-1.1495658837622398,-0.8418318636576575,0.238345465617048,-0.6965491781257991,-0.1585564058055601,0.003320440104862022,-0.6599728138219908,-1.073685655879111
FRB20220321E,0,False,,0,0.6135539163706577,-0.7183667767860163,-0.13174890375663625,-0.21426936263508095,-0.2409166908796922,0.2690075159079573,-0.4205890843631092,1.3237919233244106
FRB20220321D,0,False,,0,-1.2504346062533402,-0.4934459386261305,0.19414418650281504,0.7564565168986404,-0.20917156631523853,0.13500273759828563,-0.7221373844039831,-0.8844921976967408
FRB20220321C,0,True,FRB20181119A,0,-0.49400605802125613,0.2267816387093278,-0.8515463233565361,-0.5550826521441681,-0.08383471466333428,0.19082264682792013,1.4280548996779923,0.5583903758895445
FRB20220321B,0,False,,0,-0.03364645173202766,0.7335567884230138,-0.6527501631265772,0.8155547110538173,-0.18390861806694184,0.2407040241495251,0.8299715714173729,1.3153696303977254
FRB20220321A,0,False,,0,0.6301589358709488,-1.409577383428311,1.970219440846895,1.2276466581959173,-0.23290228133151633,0.2721017999552813,0.2504373488949286,1.3237919233244106
FRB20220322C,0,True,FRB20181017A,0,1.5684084287509257,2.3253830082603715,-0.4475391382604524,1.7588327354434774,-0.2020561326100996,0.21570472983320707,-0.20802635914726458,0.1304968108581903
FRB20220322B,0,False,,0,-0.6283348014050529,-2.740487909150158,-0.6640723469422501,-1.1744380318532994,-0.1902606123144442,0.1546601729785651,-0.49227887140524546,-0.5794408563277724
FRB20220322A,0,False,,0,1.561886507258587,-0.06192945406072762,-0.7898080350520895,-0.9657777997386182,-0.263780653220697,0.28914224931708093,-1.0610345595122637,1.3237919233244106
FRB20220323B,0,False,,0,1.2749921792034964,-0.8675823536440599,1.4647622020470121,1.125982709366484,-0.2609118655657543,0.29015289967287866,-1.0610345595122637,1.3237919233244106
FRB20220323A,0,False,,0,1.7554806985384075,0.3029745211957463,-0.272068036798338,-0.21463625887329968,-0.1519620972110028,0.2247166494735304,1.106704175943661,0.9893652676013934
FRB20220324C,0,False,,0,-0.6179356753907467,-0.5076187600036799,0.19544808606626593,-0.8053270158823381,-0.11800252008713313,-0.14861748029667954,-0.686292490882915,-1.2277519899038427
FRB20220324B,0,False,,0,0.5544087933307561,-0.23504427245858625,-0.41811344564206854,-0.612589246249813,-0.22879250181214691,0.2687408333665687,0.30533267533628466,1.3237919233244106
FRB20220324A,0,False,,0,-0.3958184350875912,-0.03622926593245717,-0.5019462990775276,-0.6783914436396999,-0.23187721976786016,0.19983033901002117,-0.7858059365323139,-0.6478463086347532
FRB20220325D,0,False,,0,0.20777020334561397,1.3458790952876207,-0.5977850886284483,-0.16062026072427277,-0.17029611264130096,0.10509687325940224,-0.5103266499613077,-0.7534331028863692
FRB20220325C,0,False,,0,0.08732629821396554,-0.7758760063010912,0.16967249033702744,-0.6344967865146915,-0.10277618334850006,0.09638771684698852,-0.05838019528658154,-0.40852993644967034
FRB20220325B,0,False,,0,0.06787062171054843,-1.4967482596706432,0.12563495253879317,-0.00980668952633166,-0.1870244975404193,0.24952956575017984,1.1796472809410794,1.2469641780907446
FRB20220326A,0,False,,0,1.837278048276941,1.0601745495799293,-0.7399749805151843,-0.6220163964837903,-0.037866859980284225,-0.18650088257727632,-0.4992974519548253,-1.0899139763963828
FRB20220328C,0,False,,0,-0.8075474954148278,-1.2614877860204856,-0.28578631643718333,-1.0098797215793363,-0.27000365860836556,0.2661187168023849,-1.0610345595122637,-0.5139113089225866
FRB20220328B,0,False,,0,1.7619862680520002,-0.9537026118462392,-0.06964020466633179,0.004983404490027857,-0.1511612988964411,0.10026606348737209,-0.391261444209508,-0.6466137779625554
FRB20220328A,0,True,FRB20180916B,0,-0.555806324304504,0.41242545180890705,-0.6383670121573638,-0.32108203581438566,0.5661290661300133,-0.15872252790565888,1.7275978909904148,-0.5934095372793481
FRB20220329C,0,False,,0,0.8378511357204464,-0.5884894636445026,-0.04116090013483788,-0.6926099231676093,-0.20538701083451813,0.2628421771716099,1.2974591687375971,1.3237919233244106
FRB20220329B,0,True,FRB20200619A,0,-0.1817509953253759,-0.0677485662782415,-1.018048987846313,-0.234690073761355,0.057584799647437394,0.029764890804313084,0.586326560910532,-0.4551606802144891
FRB20220329B,1,True,FRB20200619A,0,-0.1817509953253759,1.4185370683408967,-1.018048987846313,-0.234690073761355,-0.0869802863382637,0.11208011533991988,0.17122765412109966,-0.26185878645812594
FRB20220329B,2,True,FRB20200619A,0,-0.1817509953253759,0.07795888389558003,-1.018048987846313,-0.234690073761355,-0.15633671478324532,0.054967827696165004,-0.5554460963514635,-0.8994879875418147
FRB20220329A,0,False,,0,0.4531995172972373,-0.2464189366853343,0.3843618825760093,-0.12419918415469752,-0.2459439623895174,0.286362434033193,0.44420030478154165,1.3237919233244106
FRB20220330C,0,False,,0,1.3151385348614555,-0.4686881333963953,-0.3337601836104725,-0.4988007940929243,-0.15190034477535996,0.08309310667549458,-0.4546793327467824,-0.7480921366401786
FRB20220330B,0,False,,0,0.2962853294412808,-1.260329577633643,-0.12440508854718817,-0.32212357393395147,-0.2268088327446647,0.26047893950862777,0.007794992752313482,1.3237919233244106
FRB20220330A,0,False,,0,0.4949462046259791,-1.4205209981248326,0.3921164280819141,0.7105178283902709,-0.2307331576549815,0.2672303583200839,0.09778322194156845,1.3237919233244106
FRB20220331B,0,False,,0,1.5542933504937468,0.13183396223653956,-0.37946434641407356,-0.33724511350654796,-0.20014464648082625,0.02825581557930361,-0.8198961849159871,-1.196527879541497
FRB20220331A,0,False,,0,-1.3068795216112408,-0.32817256882965457,-0.4157351845689746,-0.8744345404503818,0.22402036939558692,-0.156032622587236,0.39582223170765246,-0.8694964078516669
FRB20220407B,0,False,,0,-0.2688262459240143,0.38924940313165285,-1.160806277793307,-1.9324308189751631,-0.171901673667505,0.21684070569010244,0.40309147584828864,0.827287484207376
FRB20220407A,0,False,,0,0.876828594640853,-8.081165248193647,0.1891941011712705,1.0887508952565634,-0.23914102808505647,0.2456052093101883,-0.7020842971194695,0.02696423439357071
FRB20220408C,0,False,,0,-1.4322665624960893,-0.33623735387379006,0.006048311819664428,-0.5976792708182688,-0.22973032359864679,0.258192897530399,-0.19198388931965368,1.0627008425971656
FRB20220408B,0,False,,0,-0.13314961694936261,-0.357578380310745,-0.8170556885781154,-0.587225341157192,-0.11541523114512343,0.006006847964680186,-0.45793795943051585,-0.8760699047700555
FRB20220408A,0,True,FRB20181128A,0,-0.15060712267752174,1.2884183401093339,-0.8570897034579874,-0.5303182628992971,-0.21410877284522759,0.23517264587605619,-0.18822393545380736,0.42876923353007046
FRB20220409B,0,False,,0,0.46884773060661294,1.251943360110326,0.3705015882969979,1.3958356812319437,-0.25244283572799514,0.26628358690509835,-1.0369708547708474,0.3291396708607441
FRB20220409A,0,False,,0,1.6230512808397493,-0.5270717763574033,-0.1525904319599278,-0.8310658031141811,-0.16539798253954277,0.24884348337714152,2.087801471338491,0.7416266024896252
FRB20220410A,0,False,,0,-0.3482873319581469,-0.15199266047790042,1.8469403403940585,1.0062498246000913,-0.2247119573472904,0.2802523351226647,2.646781279394309,1.3237919233244106
FRB20220411C,0,True,FRB20191106C,0,-0.6396221386892905,1.7849305325023164,-1.2601492587850496,-1.4176119287485962,0.05834549649451335,-0.2796958804435464,-0.37095769333393797,-1.1474320744322826
FRB20220411B,0,False,,0,1.395014139252585,-0.41277741213389424,-0.4161507902257522,-0.3299080678666128,-0.24043179319687555,0.27699348713926036,-0.015266057624877207,1.3237919233244106
FRB20220411A,0,False,,0,0.05262217101406449,0.6691288588111679,-0.21654553973669688,0.216462943690651,-0.27181410318602145,0.28867392900484073,-1.0610345595122637,0.5066240876572348
FRB20220412B,0,False,,0,0.5976230680787467,-0.9866320785831654,-0.29563482098767674,-1.0887570737020866,-0.1495935230016492,-0.09237098672440357,-0.7339185731836348,-1.2341200650435316
FRB20220413B,0,False,,0,-2.3658848589492183,-1.0592046175693646,3.9729451658000343,1.3908285436012415,-0.06552973417018802,0.13836203554403856,0.6409712237608317,0.05551786163282095
FRB20220413A,0,False,,0,0.07108466117277902,0.7687067246001421,-0.24116618704227905,0.8867101581504842,-0.1187948907628215,-0.030371158194095048,-0.5439155711628681,-0.9999392373259396
FRB20220414C,0,False,,0,-0.8726024217329904,-1.1614286278801436,-0.4650154351990501,-0.906941981704048,-0.24941357715842463,0.11109035699331563,-1.037973509135073,-1.2673983931928736
FRB20220414B,0,True,FRB20190929E,0,0.06986562082138223,-0.07078791150048942,-0.6762161390022186,-0.4041337642943665,0.22568181005729407,-0.48218101852521555,-0.2686869481829184,-1.2571273042578914
FRB20220415D,0,False,,0,-0.13035282040352433,-1.5180929490465045,-0.8315364643647805,-1.5212433457137051,-0.1740255661030984,0.09516524388496402,-0.5644699856294946,-0.8308771134561342
FRB20220415C,0,False,,0,1.6646993158748888,-1.633430359970927,-0.9501968095200439,-0.4000733928936808,-0.2297663845276592,0.2385110679752705,-0.5273717741531444,0.09064498579045974
FRB20220415B,0,False,,0,-0.3325849647787262,-0.4382253784589548,-0.0865246187745224,-0.642825378012559,-0.23675851293837472,0.28105422576797434,0.9249730724277562,1.3237919233244106
FRB20220415A,0,False,,0,-1.0644182073182578,-1.176728363028866,2.402687496849073,0.3759823356984774,-0.25758989371273056,0.290986695289119,-1.0610345595122637,1.3237919233244106
FRB20220416B,0,True,FRB20190804E,0,-0.49683330012467086,1.3989894397336449,-1.0101527058011792,-1.2187201119551776,0.04479183855052512,-0.6307863498233491,-0.6649860856431192,-1.381407480371175
FRB20220416A,0,False,,0,0.7933156537094526,-0.7212582154883108,1.9385493557387934,0.7677419727206669,-0.23210437492166372,0.2792083712671555,1.2004523589987623,1.3237919233244106
FRB20220417A,0,False,,0,-0.7949410954631282,-0.26145714967260536,-0.2628289735037154,-0.20903696716328987,-0.2586828875329122,0.2912033421505857,-1.0610345595122637,1.3237919233244106
FRB20220419A,0,False,,0,-0.3737242148889948,0.29900997738221125,-0.9515887371904367,-0.6228649996609147,0.41300006776358444,-0.03887849903873997,2.120137074584769,-0.4559823673292876
FRB20220420E,0,False,,0,-0.30615372949131303,-2.3421768584397107,-0.18209771056429294,0.3007974371563892,-0.22859817927516962,0.1966162599391583,-0.75246767892181,-0.6344938930192765
FRB20220420E,1,False,,0,-0.30615372949131303,0.7685575770377143,-0.18209771056429294,0.3007974371563892,-0.2793426888155566,0.2968536851729292,-1.0610345595122637,0.6066644938839604
FRB20220420D,0,False,,0,0.03545469970000392,0.7414601787972714,-0.1765698588206185,-0.04406944101853499,-0.11116115534282553,-0.6469500202139964,-0.8803061103605845,-1.5679304554304498
FRB20220420C,0,False,,0,0.6914623325295751,0.5751286806009376,-0.6072386509185992,-0.6733326245751048,-0.13143079627334694,0.07983163906063023,-0.3338594818575877,-0.6353155801340751
FRB20220420B,0,False,,0,0.5164444040164102,-0.4709855179316385,-0.30318979296539206,0.3388691601216199,-0.2434525052280334,0.27647769788154786,-0.315561039710469,1.3237919233244106
FRB20220421E,0,False,,0,0.27341766476167495,-0.3590317942164702,-0.2726928811950901,-0.7730452287718507,-0.1710136574756265,0.060830756607824464,-0.6248799110740919,-0.9574169291351138
FRB20220421D,0,False,,0,-1.118335155919114,0.7310231128215154,-0.3145193226206374,-0.02591148278535466,0.06187087482106753,-0.00796149620349032,0.370505209010954,-0.6143625587067116
FRB20220421C,0,False,,0,0.3724015937417317,-0.11998191433796189,-0.485385479785116,-0.739419940463907,-0.2801474577849532,0.2957973885321539,-1.0610345595122637,0.307364962318582
FRB20220421B,0,True,FRB20190212A,0,-0.7958933813286768,0.3309749765360878,0.04954490645678945,-0.10268624226306844,0.022902978153643245,0.1031599406286835,1.0550674761860384,-0.01740686980555196
FRB20220421A,0,False,,0,-0.9912251583946884,-0.5157584947844778,1.3720974811917448,0.3675861736905261,-0.23718752905446253,0.24924885008782935,-0.6125973951123274,0.22622335973222346
FRB20220423C,0,False,,0,1.5490915357712547,-0.6347619036335937,0.7384396942169875,0.004770935921165539,-0.23990601754787788,0.26802042866691944,-0.39276542575584655,1.3237919233244106
FRB20220423B,0,True,FRB20191106C,0,-0.6451912358109269,1.2014796351379713,-1.0453540124305576,-0.26692904889628816,-0.16076795823096124,0.17699298255459628,-0.01200743094114374,0.03086724818886391
FRB20220423A,0,False,,0,0.5624232217784924,1.0076470191461466,-0.5905011492633386,-0.15174629512411078,-0.22676398485173235,0.26536068482125513,0.2278776256998507,1.3237919233244106
FRB20220424D,0,False,,0,3.065942106833139,0.876549271106336,-0.2735405424482858,0.39915080172222117,-0.262829782220716,0.28538036056532107,-1.0610345595122637,1.2861997378223762
FRB20220424C,0,False,,0,0.9755082686770914,-0.2297191073043405,0.18932103686125543,0.35576324910915086,-0.20029597721617165,0.2512639320728982,0.7322127709053688,1.3237919233244106
FRB20220424C,1,False,,0,0.9755082686770914,-0.3103392492568001,0.18932103686125543,0.35576324910915086,-0.19514749430033757,0.25248183170323074,1.0187212554828575,1.3237919233244106
FRB20220424B,0,False,,0,-0.7295353329513865,-0.8959574936470655,-0.35661110857967765,-1.2592731444622953,-0.24337265483208778,0.15041494266779432,-0.9810728739652655,-1.0991579564378666
FRB20220424A,0,False,,0,1.6813676182170376,1.3759825653670537,-0.9577435568895649,-0.4616545934248766,-0.19823847433727582,0.20030731650010425,-0.3045318417039865,-0.12114486804887117
FRB20220425A,0,False,,0,0.3399557750522399,0.32916662166942146,-0.8390200658493912,-0.7842423831958711,-0.1441911228224599,0.10533798668289855,-0.32057431153159743,-0.5632125358105008
FRB20220426D,0,False,,0,-1.5714404699273383,-0.12661677935887328,-0.6619611471428999,-1.0655647605132683,-0.2571143209422808,0.19359635698947816,-1.0610345595122637,-1.0377368446066737
FRB20220426C,0,False,,0,0.9967011451349446,0.5627285453754514,-0.8867697481647384,-1.0735311269574477,-0.09554593558424478,0.010324297528987727,-0.3521579240047064,-0.7686343145101427
FRB20220426B,0,False,,0,-1.6933458430656052,-0.08508123357924595,-0.6184171824909312,-0.7520329535406332,-0.2741306798501318,0.20399111763466787,-1.0610345595122637,-1.1794778719094268
FRB20220426A,0,False,,0,1.003162404601086,-0.24838995011833143,1.346886945290828,0.7410149089571663,-0.24815403793447594,0.2828391033182715,-0.4506687152898797,1.3237919233244106
FRB20220426A,1,False,,0,1.003162404601086,0.4721817284808112,1.346886945290828,0.7410149089571663,-0.25405120416823157,0.2723244251059089,-1.0610345595122637,0.6366560735741081
FRB20220428C,0,True,FRB20220428C,0,-2.0539176055231954,-0.3023765446329719,1.9031828245149387,1.7559512437305727,-0.2670465621485237,0.29133742921268163,-1.0610345595122637,1.3237919233244106
FRB20220428B,0,True,FRB20220428C,0,-2.051980714728548,0.9461016298863245,1.7325737205500382,2.638925588982726,-0.2520548964223382,0.2837698776410025,-0.9379587363035612,1.3237919233244106
FRB20220430B,0,False,,0,-0.398740736642336,-0.7410135167460457,-0.23972906714851278,-1.170817994751906,-0.21276432881964352,0.24868538951330837,0.16069978329673001,1.165206310168287
FRB20220501B,0,False,,0,1.3796189898566684,0.0745580347257231,1.8570728336338826,1.561601730302021,-0.16634046132568547,0.04025343314100669,-0.6381650814000822,-1.0034314075638335
FRB20220501A,0,False,,0,-0.7270302098914873,-0.13939376287152433,-0.2667601380817833,-0.8237586399693791,-0.2395582369316387,0.22716288239366647,-0.8138802587306331,-0.4181847600485535
FRB20220502C,0,False,,0,-0.776926875618721,-0.959718724945579,-0.10056813753569888,-0.8031189728480158,-0.2492069120627793,0.2779349241109938,-0.7517156881486408,1.3237919233244106
FRB20220502B,0,False,,0,0.39015032963799795,-0.9886243658805957,1.4629345148305593,0.4233427300948318,-0.23481882268796928,0.2388270312442329,-0.6466876434960005,-0.04493338815130399
FRB20220502A,0,False,,0,0.4740402498074391,-0.4269782395373654,-0.6089738840360646,-1.1491582458283802,-0.24543701411700491,0.26796395789849825,-0.6885484632024228,0.9228086113027094
FRB20220503E,0,False,,0,2.242670241919154,0.8574868066173732,-1.1292787180275101,-0.5052584558721458,-0.2200317000714566,0.26872790578342964,0.9039173307790169,1.3237919233244106
FRB20220503D,0,False,,0,1.8245540850188326,1.0010517244069663,-0.8706890556811046,-1.188544624518084,-0.1319877105824238,-0.1438878042722585,-0.7228893751771523,-1.2589761002661881
FRB20220503C,0,False,,0,-0.10231177708772547,-0.24917118728132534,-0.07933497988856597,-0.5774183148743625,-0.1769304652623959,-0.035445390342019184,-0.7800406739380162,-1.229806207690839
FRB20220503B,0,False,,0,-0.5624894085611125,-0.8091704956164405,0.841996930613042,0.022455882893663102,-0.2023843235471656,0.12444969208098476,-0.6928097442503819,-0.886135571926338
FRB20220503A,0,False,,0,0.5760106131136924,-0.48320622264765317,-0.8271687756192733,-1.3529599631629994,-0.16064243710189033,0.07843557377482631,-0.5233611566962416,-0.8251253036525443
FRB20220505C,0,False,,0,0.5540061705126793,-0.6364835254706794,-0.8142924555571949,-1.3747577785373286,-0.23635900291836753,0.23628954137447383,-0.7010816427552438,-0.1536015090834146
FRB20220505B,0,False,,0,1.5645248217898549,-0.35843963824706493,-0.3378330623291453,-0.08909230602569372,-0.2676748685109698,0.28480541683813393,-1.0610345595122637,0.5419566335935732
FRB20220505A,0,True,FRB20220505A,0,0.36001831892804886,1.916105770989946,-0.692599234873128,-0.1410527183370368,1.436847694494052,-0.5092402596226825,2.329190509525824,-0.8929144906234262
FRB20220506C,0,False,,0,0.2286693506588561,-0.25578403258238214,0.8443600747039247,0.05127621842317579,-0.049892602908223366,0.14804387670780259,0.9635752654504449,0.2459438504873891
FRB20220506B,0,False,,0,1.2852854044057842,1.2468318413003308,-0.775890707694552,0.006676635856888556,0.7954468514426087,-0.18226839768535102,2.5465158429717407,-0.8920928035086276
FRB20220506A,0,False,,0,-0.34844100268929634,0.43195572737078963,0.09859842351880083,1.135818076683928,-0.2619779347399761,0.28597701649070956,-1.0610345595122637,1.3237919233244106
FRB20220507A,0,True,FRB20211227A,0,1.0794807938034905,1.158229480743237,-0.6847256351939521,-0.019563148037929627,1.9342860182713733,-0.6964146391329742,2.555790395840828,-1.1166188076273362
FRB20220508A,0,False,,0,2.01805687797009,1.3068443886077081,-0.5122968801428026,1.2550436468549806,-0.24888389627452417,0.2758144291919006,-0.7677581579762517,1.3237919233244106
FRB20220509F,0,False,,0,-0.7514816530823771,-0.24727757290855654,1.5348632202982453,0.5148928323003804,-0.23865952916868846,0.23714079220790857,-0.747705070691738,-0.19427502126594373
FRB20220509F,1,False,,0,-0.7514816530823771,-0.7449453330599031,1.5348632202982453,0.5148928323003804,-0.23622341690176082,0.2685327163586591,-0.1654135486676731,1.3237919233244106
FRB20220509E,0,False,,0,0.2230635870770568,-0.3367354908373142,-0.6895804729927055,-1.268505519670577,-0.2477639806272839,0.2701198592930103,-0.7817953190754112,0.9499242860910622
FRB20220509D,0,False,,0,0.7741515840236076,-0.9514009311751482,0.1666281803547022,-0.7492525508941672,0.08552016802345976,0.024424293488338036,0.720431582125717,-0.43461850234452487
FRB20220509B,0,False,,0,0.9279957569407923,0.3096046772617474,-0.548498998896265,0.3265440652190111,-0.24651151019294168,0.28889202904290184,1.4197830011731303,1.3237919233244106
FRB20220509A,0,False,,0,1.5175434149883296,-0.009769395542024441,1.4250649669851114,1.0424795393101787,-0.24853157503649773,0.280984255924094,-0.5940482893741522,1.3237919233244106
FRB20220510A,0,False,,0,1.0529287365966107,0.0052073351995429755,-0.5009662404728582,-0.9603293347900241,-0.157178558684744,0.07330968584986908,-0.5155905853734926,-0.8277957867756396
FRB20220511B,0,False,,0,0.8851538247438255,-1.591544118088085,-0.23864009086562324,-0.3762261305986627,-0.20858350690818886,0.26005364459784125,0.881357607583939,1.3237919233244106
FRB20220511A,0,False,,0,-1.3937298634972586,0.5427893341504784,0.32735458665949024,1.178828785632184,-0.19360904492247036,0.24665461135162164,0.7630443926053085,1.3237919233244106
FRB20220513A,0,False,,0,1.29996006820576,0.1885769752408006,-0.9313749873746326,-1.4349950173378203,-0.18622037401379646,-0.22749007658093762,-0.9078791053767907,-1.4746689679008123
FRB20220514C,0,True,FRB20191106C,0,-0.6384150060060317,1.2810683832364753,-1.092601148670016,-0.7432730225241495,-0.15102049921725746,0.19986464826334244,0.45071755814900855,0.5869440031287948
FRB20220514B,0,False,,0,0.7974223696414116,-0.38765424520610614,1.0792999048918093,0.3928639712782473,-0.0935821519660624,0.10133240687586542,0.04163457754493025,-0.3551202739877634
FRB20220514A,0,False,,0,1.8423221896143553,-1.4550726185527914,-0.04687016215742726,0.14094830559155752,-0.25781389442630104,0.29621929640508965,-1.0610345595122637,1.3237919233244106
FRB20220516A,0,False,,0,0.6389077366730452,-0.133131075159129,-0.4322513834338312,-0.8289925720840088,0.21475420124907915,-0.572931285883305,-0.37572030156400993,-1.315877932965989
FRB20220517B,0,False,,0,0.032690227541005576,-0.3294118754961826,-0.10471439318305623,0.6322059605746978,0.40126531684918954,-0.06386027290333952,1.767704065559442,-0.40134017419518286
FRB20220517C,0,False,,0,1.634170491342564,0.020213098832187058,0.6123864230319044,0.3900764191693627,-0.23570990675761824,0.2635863560022814,-0.30528383247715574,1.1785587257837637
FRB20220517E,0,False,,0,-0.26651543140103273,-0.9412062256421259,0.33871293953806425,-0.29455350650236567,-0.19114411707306128,0.09599784635439254,-0.6755139564674889,-0.9391343908308456
FRB20220517F,0,True,FRB20180916B,0,-0.5555765997474712,0.8781109152991943,0.3175474149320128,0.7812243353619754,0.5524179084795787,-0.3982442112792148,0.5615108653959464,-1.069782642083818
FRB20220518B,0,True,FRB20211227A,0,1.0778454969837654,1.7899306140794091,-0.8637214382162021,-0.500541926446372,-0.04572717854300285,-0.06464945149709675,-0.32132630230476666,-0.8966120826400197
FRB20220518C,0,False,,0,1.3493759657569824,-0.7004641271786497,-0.5780630968682118,-0.48413502283320375,0.14534644951776976,-0.04063964651113913,0.6093876112877228,-0.6283312396582873
FRB20220518D,0,False,,0,1.4448378123442887,0.649090858175094,-0.44796503478557376,-0.3516819313762113,-0.21622309936098424,0.261003259044443,0.5459697227504484,1.3237919233244106
FRB20220518E,0,False,,0,-0.43324488287050766,-1.1316787784301483,0.6313087198257789,-0.05682669533638546,-0.2566464664603588,0.25925912388926153,-1.0610345595122637,-0.1879069461262548
FRB20220520A,0,False,,0,0.0007770572460895461,0.6119118734109857,0.8325548906979194,0.5842381302173406,-0.2204853445244591,0.25945585439269075,0.25720526585345194,1.3237919233244106
FRB20220521A,0,False,,0,-1.29352649733206,-0.8850501110998432,0.4572668989623632,-0.30963314995716346,-0.21958777664212556,0.24837058909661522,-0.0774306282068695,0.8624146083650147
FRB20220521B,0,False,,0,1.589256907842629,0.5199893130782706,-0.0021021334634479982,1.542931495644691,-0.2549142290783734,0.28437268768100316,-1.0610345595122637,1.3237919233244106
FRB20220521C,0,True,FRB20210924C,0,0.008719797200788169,0.48292845762301545,-0.26072364120463365,-0.49680597823918216,-0.10660287937419895,0.09995215152757304,-0.06665209379144342,-0.3959992079489922
FRB20220525B,0,True,FRB20211120C,0,0.37732458496320925,0.26890502056911086,0.5684765422519525,0.6496746095487337,-0.26496470531123767,0.2811344239199633,-1.0610345595122637,0.45054394207223253
FRB20220526A,0,False,,0,1.4634472904397133,0.2706317922335119,-0.1526625189905599,0.8283220389656765,-0.2420352358041064,0.2657062358051488,-0.5584540594441405,0.9573194701242493
FRB20220527A,0,False,,0,1.4819229138212489,0.26990358997434677,-0.6455410142519323,-0.20045957753439328,0.13938933344453375,0.09991188521822242,2.1750324010261255,-0.2593937251137302
FRB20220527B,0,False,,0,-0.37417584133535253,0.11005741551264106,-0.5211110479494405,-1.1533633261830614,-0.13067180918662005,0.14346807630995084,0.02158149026041661,-0.13572981433654574
FRB20220527C,0,False,,0,0.6107808656692182,-0.7229229481758507,0.2615560687795739,0.15241791346818523,-0.24421832069283403,0.274403678471156,-0.462199240478475,1.3237919233244106
FRB20220527D,0,False,,0,1.0048915935470257,-0.7124192923696121,-0.8697279134374366,-0.5063664381391944,0.7383651385546866,-0.24063182452135468,1.8155808114512184,-0.6928336781699749
FRB20220528A,0,False,,0,0.802561064049147,-0.28513915538407836,-0.9325732144002236,-1.3577512670575251,-0.053714687980429415,0.08009867808933753,0.19905131272836235,-0.3941504119406954
FRB20220528B,0,False,,0,0.08674024259234349,-1.019864926139189,0.8430216173061147,-0.42465044565567367,-0.264701870892181,0.29275095825144587,-1.0610345595122637,1.3237919233244106
FRB20220528C,0,True,FRB20210125A,0,-0.11031326403587674,-0.07089194556846302,-0.07973932021027792,-0.44415826512228457,0.32719813435580625,-0.11361167312996383,1.0069400667032058,-0.674345718087007
FRB20220528D,0,False,,0,-0.7034510447385423,-0.33762769837638457,-0.18069012401566759,-0.47128427528114786,-0.22431425512513278,0.27291792666288256,1.0317557622177913,1.3237919233244106
FRB20220529C,0,False,,0,-0.3678025596060373,-0.2561376775042473,0.44001525836440614,-0.5816141955036649,-0.22027181175486535,0.2353843995742244,-0.3351127998128698,0.26032337499636404
FRB20220529A,0,True,FRB20220529A,0,-1.12905205671267,0.12136144005346225,-0.3337257413186067,-0.1157406468432533,-0.11751926897883261,-0.04760335044691708,-0.5667259579490024,-1.0385585317214723
FRB20220530A,0,False,,0,-0.42247677253262284,-1.3944348532546158,-0.6102207444710167,-0.48248025718357834,-0.2724560228352292,0.2848484623140273,-1.0610345595122637,0.09105582934785901
FRB20220530B,0,True,FRB20190417A,0,1.689881173521377,1.0433706658998323,-0.4528331144721013,0.47179160313558643,0.17952286596061506,-0.0360661823696511,0.8116731292702541,-0.5685535020566914
FRB20220601A,0,False,,0,0.6291943488139781,-0.15479985202471497,-0.48699881673535406,-0.7896067550349952,-0.24754831041973455,0.2819585812502861,-0.42835965568585826,1.3237919233244106
FRB20220602A,0,False,,0,0.4986861900701227,-0.08465080278724986,3.1371582228628285,2.1877478121157314,-0.25484994503012354,0.28718784844669365,-1.0610345595122637,1.3237919233244106
FRB20220602B,0,False,,0,-0.6227083115687754,-0.7919809521717973,0.8274365369410736,-0.10149166495430414,-0.133390660697366,-0.08325914596963316,-0.6705006846463605,-1.1675634087448474
FRB20220602C,0,False,,0,0.42518964688969507,-0.6321061185516477,2.374922338904044,2.6307162542525697,-0.26192641448902243,0.28212554716172017,-1.0610345595122637,0.884600160464576
FRB20220602D,0,True,FRB20180916B,0,-0.554555082227339,1.2845041490579088,-0.8824701403572912,-1.2757414923711263,-0.09519503341295618,-0.9712748517658485,-0.9121403864247498,-1.6427039828771195
FRB20220607A,0,False,,0,0.5625322951772587,-0.5949869247922328,0.06279918266714506,-0.6688560882367991,-0.12803565022472807,0.0767455192311881,-0.32333161103321806,-0.6314125663387818
FRB20220607B,0,False,,0,-0.5351944215090775,-0.3609778895829081,-0.08259205966997385,1.0422698935477188,-0.19504818203742985,0.08868624533209754,-0.7141161494901777,-0.9933657404075511
FRB20220607C,0,False,,0,0.5851709647073395,1.212530723672058,-0.4505300858961254,0.13791839386556637,-0.03545229022313127,0.16764059986173158,1.5794557086760703,0.3517360665177047
FRB20220608A,0,True,FRB20220319C,0,-0.7677032173079219,1.3310526687471511,-0.36073666742375377,0.31302977885723193,-0.1600347152548759,-0.013471610462183412,-0.6890497903845356,-1.120727243201329
FRB20220608B,0,False,,0,0.09785888775599276,0.9050526344624056,-0.9281079212710065,-0.32286803206623854,-0.16087376953827362,0.10289131566280893,-0.4506687152898797,-0.6994071750883634
FRB20220611A,0,False,,0,1.518850157309636,-0.7998671452069489,-0.20776140809580596,-0.3000646397149685,-0.22680744886737858,0.253297019158055,-0.20526905964564396,0.8576899074549229
FRB20220612A,0,False,,0,0.20537799164636403,-0.8009406823350131,0.2806371174988658,-0.04301063989800461,-0.2471113740773093,0.24991966776694152,-0.8971005709613646,-0.108614139548193
FRB20220612A,1,False,,0,0.20537799164636403,-0.445194322979294,0.2806371174988658,-0.04301063989800461,-0.2671517148036061,0.2819261347944793,-1.0610345595122637,0.3196902690405606
FRB20220612B,0,False,,0,0.33424554477269336,-0.1027731532448117,-0.4785078432666069,-0.15603436059304343,-0.238011324760485,0.2750464144749826,0.05767704737254117,1.3237919233244106
FRB20220612C,0,False,,0,-0.4341620722496808,0.6185859435927488,0.07001622487286753,1.0451427203597596,-0.0638243686428316,0.09113637670209083,0.20080595786575728,-0.34854677706937487
FRB20220613B,0,True,FRB20220319C,0,-0.7526582582385479,2.3384955263324363,-0.41127116227298904,1.567864313364059,-0.10276456067672031,-0.355239146077069,-0.7800406739380162,-1.4064689373725312
FRB20220614A,0,False,,0,-0.9565292328180314,-0.7557336119086242,-0.532557588235213,-0.5537994390777369,-0.10392052462163308,-0.046012337589779434,-0.5110786407344771,-0.9843271821447669
FRB20220614A,1,False,,0,-0.9565292328180314,-0.20521364387320334,-0.532557588235213,-0.5537994390777369,-0.07671645071028453,-0.04246043964974429,-0.3955227252574672,-0.8773024354422534
FRB20220614A,2,False,,0,-0.9565292328180314,0.9310824762310708,-0.532557588235213,-0.5537994390777369,-0.14855380496547926,0.04109113286059447,-0.544416898344981,-0.910786185370295
FRB20220614B,0,False,,0,0.1786254682124116,-0.8315308039813843,0.8960440535183913,-0.045465830020573555,-0.15702058116540407,0.010725148713772921,-0.6419250352659286,-1.0471862464268573
FRB20220615B,0,True,FRB20220529A,0,-1.127184299488424,-2.6041857619420634,0.8641895908685854,1.0728520348306954,0.6435367289758291,-0.16409556625981817,2.0256369007564987,-0.5397944530387415
FRB20220615B,1,True,FRB20220529A,0,-1.127184299488424,-0.8075705282913084,0.8641895908685854,1.0728520348306954,1.516616647470968,-0.6750163663810137,1.7559228767797903,-1.0500621513286523
FRB20220615B,2,True,FRB20220529A,0,-1.127184299488424,0.15312688542854752,0.8641895908685854,1.0728520348306954,-0.19909790346073372,0.19090909319205834,-0.391261444209508,-0.28424976033638694
FRB20220615D,0,False,,0,-0.06780333100857042,-0.629445542708676,-0.2711215989430943,-0.952277883229714,-0.16740375626413848,-0.02167745780309096,-0.7291559649535628,-1.1675634087448474
FRB20220615E,0,False,,0,-0.413908996270186,-0.48114468159325063,0.17325453101501595,-0.49935775677043615,-0.1640565854991471,0.09108634011083755,-0.5098253227791949,-0.7856843221422131
FRB20220615F,0,False,,0,2.8689243442212926,0.449752650332352,-0.06653748149613811,0.670114914320199,-0.24858948373725467,0.2768773142941941,-0.7238920295413781,1.3237919233244106
FRB20220618A,0,False,,0,-0.35931767841174034,-1.4206147171472252,3.3466093401417365,3.1728533533882493,-0.157259296734457,0.08724564042306263,-0.4767377287597474,-0.761033708698256
FRB20220618C,0,True,FRB20220618C,0,-1.5806261223295313,0.839027362720971,1.6479571168719873,2.1393144865422906,-0.1679886236925603,0.19814760391482908,0.1398947052390471,0.34310835181231975
FRB20220618C,1,True,FRB20220618C,0,-1.5806261223295313,-0.13525357555513404,1.6479571168719873,2.1393144865422906,-0.10514487974386902,0.12537216094614784,0.11733498204396925,-0.2102979200045158
FRB20220619A,0,True,FRB20190417A,0,1.6905738056103532,0.9720471488421263,-0.5062860412578882,0.32472815484798184,0.03307548430061888,-0.03087860677164418,0.11833763640819493,-0.7289879112211118
FRB20220619B,0,True,FRB20180916B,0,-0.5596682489573777,-1.034727595622546,1.084901319616995,0.6879113149294173,-0.08795142930927642,-0.8163134319483553,-0.8828127462711487,-1.5973057697844986
FRB20220619C,0,False,,0,0.3230472670603011,-0.05071857066256894,-0.23476826356026842,-0.6234333674795002,-0.25166726064617356,0.2706913522189669,-0.9903474268343531,0.6921199538230115
FRB20220621A,0,False,,0,0.43964115408477306,-0.2793828564358266,0.09020215965751895,0.779529728578011,-0.23063573043223592,0.2653736225604133,0.015314900484006098,1.3237919233244106
FRB20220621B,0,False,,0,-0.21439271598053616,-0.4596734896353265,-0.08833276477396156,-1.0356512133380538,-0.16586674755783046,0.16259650263702918,-0.19599450677655642,-0.23802986012896746
FRB20220621C,0,False,,0,0.24205552855172277,-0.03406044554580555,3.1861509235360685,3.7521107200258066,-0.24907265423335426,0.2816736575290516,-0.6268852198025433,1.3237919233244106
FRB20220621D,0,False,,0,0.581517199054031,1.399867825911575,-0.5599444174112069,0.761296003899894,0.16440733976068303,-0.25597808197042754,-0.06439612147193563,-1.0699880638625177
FRB20220621D,1,False,,0,0.581517199054031,1.5003073106328515,-0.5599444174112069,0.761296003899894,-0.06137613401250625,-0.2734171860297975,-0.6441810075854363,-1.2519917597904004
FRB20220622A,0,False,,0,1.3104609625725736,-0.2337215252007431,0.014936678903280338,-0.4684391347122297,-0.20836919696496128,0.2668686054366738,1.5451147967013406,1.3237919233244106
FRB20220622B,0,False,,0,1.9451164455701622,-0.4027149405752906,1.7593707488888315,1.2194162820260377,-0.2458574220252984,0.26221912394826785,-0.7782860288006213,0.47108611994219673
FRB20220623D,0,False,,0,0.8824661249787829,1.5394665445548112,-0.8089488467193308,0.5248343667931127,0.07545213522174155,-0.08493283053745929,0.09678056757734277,-0.8319042223496325
FRB20220623B,0,False,,0,1.6269452454729973,1.3052060063378799,-0.8606344283557964,-0.2623492072499912,-0.1926890335838805,0.2367149023255419,0.41512332821899683,1.1678767932913823
FRB20220623C,0,False,,0,1.2388685670359432,0.5093987436113445,-0.8290242722944707,-0.3326971942209959,-0.1557649843467549,0.24776607030829267,2.440485143954875,0.5292204833141954
FRB20220624A,0,False,,0,1.8665692194575598,0.40753395462023356,-0.18300105161630542,-0.6174065223716833,-0.23699762960496537,0.2584946117521264,-0.4762364015776346,0.7054723694384882
FRB20220625B,0,False,,0,0.6000245807522189,0.0576457730004788,-0.5983250788417456,0.6254047885247814,-0.25970820523620913,0.2878521107663235,-1.0610345595122637,1.3237919233244106
FRB20220626A,0,False,,0,0.8995197279451492,0.021911205013532168,0.17925710202908354,1.2721459319408033,0.17764935832909767,-0.11813369145359144,0.37225985414834895,-0.8216331334146504
FRB20220626A,1,False,,0,0.8995197279451492,-0.20875716674748712,0.17925710202908354,1.2721459319408033,0.09286656986623998,-0.06597429929081593,0.24091213243478457,-0.7663746749444467
FRB20220627D,0,False,,0,-0.41263930669709536,-0.44323655823861097,-0.533303210275706,-0.8600549387309093,0.18052936611410253,-0.07482362488891792,0.5840705885910242,-0.7018722364327591
FRB20220627D,1,False,,0,-0.41263930669709536,-0.2161673293640602,-0.533303210275706,-0.8600549387309093,1.1296363458474064,-0.988667269010761,0.42138991799540737,-1.3460749344348364
FRB20220627E,0,False,,0,-0.19294600177215762,-0.7689023049783112,0.42148513088251965,-0.2966195258797528,-0.23442290065772498,0.15395973823644266,-0.9011111884182673,-1.004253094678632
FRB20220627F,0,False,,0,0.4834983968546265,-0.26568438819167095,0.7820572192409383,0.23992942757199454,0.5352937719466538,-0.08155217465597091,2.3266838736152597,-0.6482571521921525
FRB20220627H,0,False,,0,0.14945493520842645,-1.1456319382254998,2.2815685536874524,0.7877949596750623,0.3909828305037137,0.006106724993342251,2.6334961090683184,-0.7565144295668639
FRB20220627J,0,False,,0,0.8503158771945146,0.5467603625513553,-0.7363616625662075,-0.49676308885664466,-0.08842822671818883,0.14652811974768715,0.49558634094810783,0.06003714076421307
FRB20220628A,0,False,,0,0.14115979802079728,-0.049868278879888046,-0.8570124553341826,-0.9200256604915514,-0.1920240463621889,0.1272764996850969,-0.6055788145627475,-0.7895873359375062
FRB20220628B,0,False,,0,-0.33187625779985247,-1.0235658165430102,-0.13554899191666267,-0.916224382037964,-0.2633304747358514,0.2889080590389028,-1.0610345595122637,1.3237919233244106
FRB20220629A,0,False,,0,0.24750320043578047,-0.9415097030433319,-0.6179922327969151,-1.250068622550404,-0.23124423337954897,0.2501438680014887,-0.41733045767937577,0.4930662502630584
FRB20220630A,0,False,,0,0.1937754374396386,0.18253410921753604,0.011543379346599528,0.01725831114260635,-0.05821849076270125,0.07708412133268254,0.1474146129707397,-0.4216769302864474
FRB20220703A,0,False,,0,0.07696733911959289,1.784065578874365,-0.47148551967204655,1.2061564392106154,-0.22980085933415592,0.272660473201825,0.5376978242455864,1.3237919233244106
FRB20220703B,0,False,,0,-1.5630221826844806,-0.8326403857694799,-0.6772147167156937,-1.0084585947015114,-0.2417818368344509,0.2638545893077612,-0.5810137826392183,0.8198923001741888
FRB20220703C,0,False,,0,-0.6971263279343392,-0.5578425419593556,-0.5573445593802421,-1.0673758666430615,-0.2714745613619068,0.2958048157201824,-1.0610345595122637,1.3237919233244106
FRB20220703D,0,False,,0,0.1422231184764631,0.2683350167731496,-0.4143563783352086,-0.07134482938988057,0.4671378706404249,-0.05668709696645868,2.230429054649594,-0.5539685557690168
FRB20220704A,0,False,,0,-0.1195455366817741,0.4311158103337961,-0.18816143209441313,-0.08109640381489332,-0.257234304431765,0.27629969292825024,-1.0610345595122637,0.7192356286113643
FRB20220704B,0,False,,0,-1.0052048672884666,-0.8521845773135663,0.6880886813227961,-0.4497442558801351,-0.261337171497064,0.27723428991235816,-1.0610345595122637,0.43739694823545544
FRB20220706C,0,False,,0,0.034139892557587564,0.5737626433525232,-0.5088934314985262,-0.39983941231578746,-0.24378486982054814,0.28561446810928104,0.7512632038256568,1.3237919233244106
FRB20220706D,0,False,,0,2.299488375421213,-0.014071813150227031,-0.6742769097382401,-0.8480032137203474,-0.2255999678846666,0.2686931519259293,0.5131327923220573,1.3237919233244106
FRB20220707B,0,False,,0,0.6216032262736548,-0.802636392788719,0.1190087413327807,-0.7737109387855975,-0.2411204119715235,0.27859910912864977,0.045645195001832985,1.3237919233244106
FRB20220707C,0,False,,0,-0.362809366387209,-0.3690031643069398,-0.1860519734207082,-1.022438190398028,-0.2267662410780883,0.12916429741188235,-0.8687755851719892,-1.0506784166647511
FRB20220707D,0,False,,0,0.18989417601122238,0.36293955953318613,0.8591921509760411,1.3887684576829094,-0.21639994045055905,0.26509460290277354,0.8204463549572288,1.3237919233244106
FRB20220708A,0,True,FRB20220101A,0,-0.3956800369805953,-0.07032120767657538,-0.29485576495219235,-0.7893524748186268,0.4233623282652435,-0.10752829092557178,1.486459516394138,-0.5568444606708118
FRB20220708B,0,False,,0,0.3267326693839027,-0.3052723928841728,0.07573128000360949,-0.41085206892368314,-0.24008406047117542,0.2300867366290948,-0.8123762771842945,-0.37792209142342365
FRB20220709A,0,False,,0,-0.9062073118476801,-0.8789869902320303,1.317678458080758,0.031871633313096115,-0.1874108721821635,0.25013759446236783,1.2027083313182703,1.2444991167463488
FRB20220710A,0,False,,0,-1.0653682608411408,-0.027032092572100725,0.3435337156513379,-0.07620612988204642,-0.08194118031981713,0.08985268450264884,0.05692505659937191,-0.3992859564081864
FRB20220710B,0,False,,0,-1.548944513651968,-0.42393015293452,0.4737398027454858,-0.25462385421631756,-0.25303203279501163,0.2360559210120953,-1.0610345595122637,-0.5819059176721681
FRB20220711A,0,False,,0,-0.3837589447643814,0.5661482031991611,-1.1927492662380954,-1.3778140129750232,-0.20511648919809305,0.25382433270059457,0.6647842649111917,1.3237919233244106
FRB20220711B,0,True,FRB20220529A,0,-1.1301879517891618,-0.3149300051809301,-0.5990267249088241,0.016150868242499877,1.0383886870703476,-0.5778059681657376,1.1059521851704919,-1.0940224119703756
FRB20220711B,1,True,FRB20220529A,0,-1.1301879517891618,1.1875973597219502,-0.5990267249088241,0.016150868242499877,-0.1143215635574607,-0.02797163671778962,-0.5213558479677902,-0.9759048892180815
FRB20220711B,2,True,FRB20220529A,0,-1.1301879517891618,-0.06862965634743326,-0.5990267249088241,0.016150868242499877,-0.15459195014245913,-0.15789924356607213,-0.7968351345387964,-1.3362146890572535
FRB20220712A,0,False,,0,0.3813432226617135,-0.47134415186675244,-0.4904744976212385,-1.2432646303815074,-0.09983017309727243,0.11275066280558999,0.06845558178796725,-0.2926720532630722
FRB20220712B,0,False,,0,0.18538391652171618,-0.2639907049458999,-0.7755067441740809,-1.2957474522773627,-0.0883048497341702,0.02460038429834599,-0.27370022000404676,-0.705364406670653
FRB20220714A,0,False,,0,1.051630760578612,-0.282618348663626,0.1716409649862279,-0.4066526909053978,-0.2172482928770543,0.2723075449570525,1.5899835795004398,1.3237919233244106
FRB20220714B,0,False,,0,0.22484881687475475,-0.18626640287327761,-0.751206775507875,-1.1011658215413764,0.03761356457039975,-0.16740339688953193,-0.24913518808051757,-1.0182217756302079
FRB20220714C,0,True,FRB20220529A,0,-1.123641486042639,0.591089621007768,-0.14903046831847827,0.7562283269489789,2.5119489657792204,-1.128008984321072,1.9925493067370512,-1.1957061924266985
FRB20220714C,1,True,FRB20220529A,0,-1.123641486042639,0.7822160763100564,-0.14903046831847827,0.7562283269489789,11.885917288530676,-5.0111136887451355,2.7287482736697584,-1.559097318946365
FRB20220714C,2,True,FRB20220529A,0,-1.123641486042639,2.7232795033114336,-0.14903046831847827,0.7562283269489789,2.5242568767650964,-1.146474632340862,1.958960385535491,-1.2047447506894826
FRB20220714C,3,True,FRB20220529A,0,-1.123641486042639,0.9295842182990647,-0.14903046831847827,0.7562283269489789,1.4564743365169344,-0.6374520252794832,1.774221318926909,-1.0274657556716917
FRB20220714D,0,False,,0,-1.4329922992980353,-1.3125357306170655,0.7400524263039462,-0.3176352072648665,-0.1787958833173718,0.0554376624894633,-0.6775192651959403,-1.0180163538515081
FRB20220715B,0,False,,0,-0.9225215558527851,-1.5694728150613917,1.272099482854249,0.10070781391374868,-0.23306914161508163,0.19201133254775624,-0.8226534844176078,-0.7400806872708925
FRB20220715C,0,False,,0,1.4954224640284566,-0.04524458482041257,-0.043710017858147245,-0.13798303225492392,-0.26637212379380487,0.29776488450985467,-1.0610345595122637,1.3237919233244106
FRB20220716A,0,True,FRB20190417A,0,1.6904813779139527,0.6308576329621446,-0.13641876951168835,0.9264023277494119,1.4136364740913754,-0.5576472033944346,2.0206236289353705,-0.9430374046261388
FRB20220716B,0,False,,0,-0.2215828851216835,0.059979933166923086,-0.45545441886740706,-0.5756170642936381,-0.21774703780022325,0.2697205865683473,1.1836578983979822,1.3237919233244106
FRB20220716C,0,False,,0,0.34508759002036643,-0.33426039479487263,-0.6152379138683699,-1.2087642394629452,-0.2328021411672617,0.17955473538409084,-0.8464665255679676,-0.8364235014810246
FRB20220716D,0,False,,0,-0.7769506618107448,-0.1908365175886699,-0.006991292139681913,-0.6211603572341418,-0.18122065674466217,0.06381338857438962,-0.6765166108317145,-1.0028151422277347
FRB20220716E,0,False,,0,-0.17985544214072224,-0.5435876809949023,0.5103421681408858,-0.057213676379773544,0.031188311460885722,-0.029044314078554564,0.11708431845291284,-0.7254957409832179
FRB20220717B,0,False,,0,0.3745254378537755,1.516621630129078,-0.6651088666478526,0.5878845861890589,-0.25245685869176476,0.09584662648627977,-1.0580265964195865,-1.319986368539982
FRB20220717C,0,False,,0,-0.649833314508234,-1.6560015594783721,-0.2758976901991434,-0.9429053831540867,-0.18275890292920707,-0.04257429311882945,-0.8078643325452789,-1.263084535840181
FRB20220717F,0,False,,0,0.3340123619993317,0.02783408562013683,-0.7123598115998103,0.02475320712629417,-0.21311162288681518,0.2348376682087339,-0.16917350253351943,0.4449975540473422
FRB20220717D,0,False,,0,-0.9945207206514364,-1.0258850603329048,3.7638890905219804,1.9699888971220336,-0.18624597879238527,0.21994507059877896,0.16721703666419693,0.6027614800886673
FRB20220717E,0,False,,0,-0.5729592212114418,-0.11787921632594288,-0.19277555297778654,0.2608500362608542,-0.22745976848407365,0.23708152528882906,-0.4867642724020042,0.11221427255392215
FRB20220718A,0,True,FRB20220529A,0,-1.1273971533361369,0.9464086011016136,-0.613273926122999,0.09780718068411182,0.25809556378697057,-0.04896680231690384,1.127509254001344,-0.5204848058409752
FRB20220718B,0,False,,0,1.0226884394710973,-0.8474315141033081,1.4637931158711985,3.0798517630654114,-0.26784316143003506,0.2920332879040228,-1.0610345595122637,1.3237919233244106
FRB20220719A,0,False,,0,-0.4088605443415261,-0.9939386856769279,1.3552942070113663,0.09679980128725535,-0.2560025471839886,0.2944524725829559,-1.0610345595122637,1.3237919233244106
FRB20220719B,0,True,FRB20220101A,0,-0.39645307393799367,-0.3505129428398991,-0.8617135390336945,-0.794725710651461,-0.12617996521176825,0.005741351295594629,-0.5088226684149693,-0.9251657098792699
FRB20220719C,0,False,,0,0.19085856617834945,-0.9697361783070022,-0.15886238969939298,-0.40681441582797345,-0.23672563327100246,0.2654433270246584,-0.3010225514291966,1.2956491396425598
FRB20220719D,0,False,,0,0.2700276028028087,0.4746974655048554,0.17139534769995787,1.442632742090261,-0.26263020855259495,0.2765933936731031,-1.0610345595122637,0.2860010973338193
FRB20220719E,0,False,,0,-0.09997438018973842,0.2906853519032618,1.6873259721395752,1.3919375841133457,-0.2282053436811618,0.28092038699991617,2.282065754407217,1.3237919233244106
FRB20220719F,0,False,,0,0.10944453277192678,0.4105170801276504,-0.6392826655502581,-1.106265546850759,-0.2324643000516126,0.2005461019113787,-0.7915711991266116,-0.6488734175282515
FRB20220720B,0,False,,0,0.23908617633847712,1.8226352862808117,-0.4548427394360386,0.5668183962499472,-0.16717887973312354,0.0214894801472952,-0.6727566569658683,-1.0632091451654293
FRB20220722A,0,True,FRB20180916B,0,-0.5584401999131771,0.3782705111793423,-0.6329937228530848,-1.5372036393286006,-0.07821866199233653,-0.276725920653377,-0.6847885093365764,-1.290611054185933
FRB20220722B,0,False,,0,0.686500756544248,-0.8032125937106709,0.5170240522768815,0.46659062017635206,-0.21602334180662144,0.2691629734169062,1.2510864043921592,1.3237919233244106
FRB20220722C,0,False,,0,0.4604498292977147,-0.8022648651766976,0.9698900374923153,0.24271257007421695,-0.23552234579580014,0.1623284325856778,-0.9011111884182673,-0.9720018754227884
FRB20220723A,0,False,,0,-0.9508915394148151,0.7169753736718724,1.95583810455969,3.42905102901643,-0.23602690114978875,0.2675894956396715,-0.190981234955428,1.3237919233244106
FRB20220723B,0,False,,0,1.3031162523692827,0.7073154615700759,-0.8987522499184052,-0.7133864907114242,-0.0511333330563674,-0.1309373542098368,-0.46244990406953146,-1.0213031023107024
FRB20220724A,0,False,,0,2.684673092368956,0.8246768855023463,-0.8928349206795279,-0.7334871113416477,-0.1042990572217708,0.2138807107612101,1.8664655204356717,0.44294333626034577
FRB20220724B,0,False,,0,0.004739271886124274,0.3994468019057684,-0.22312573180733783,0.29767904270418155,0.09954253357355565,0.02970469531330288,0.8540352761587892,-0.3814142616613176
FRB20220724C,0,False,,0,2.0321494414310104,-0.1012666500211318,-0.2592543719694776,-0.6798702329040839,0.502460859028159,-0.08320667309721057,2.1226437104953333,-0.5044619071024031
FRB20220724D,0,False,,0,0.297604994351215,0.006294528800419095,0.06447646696006339,-0.5195393996009795,-0.15883112083174886,-0.244233527671391,-0.850226479433814,-1.428859911250792
FRB20220725B,0,True,FRB20220505A,0,0.3435778539386574,-0.9940157469000617,0.1997296550045264,0.08973515874452996,0.8592972906590995,-0.3371338809283717,1.6330977171621441,-0.83334217480053
FRB20220725B,1,True,FRB20220505A,0,0.3435778539386574,0.484730476071031,0.1997296550045264,0.08973515874452996,0.31363735430669243,-0.0833541209581677,1.1473116776948011,-0.5876577274757582
FRB20220726B,0,False,,0,0.5483501676367876,0.6339064845432939,-0.1331407160450015,-0.07172395814646716,-0.07048980635178174,0.19808706130348838,1.9531951229411932,0.2744974777266393
FRB20220726C,0,False,,0,-0.6915452245980354,0.349399242436774,0.7886762787135763,1.384811925214801,-0.23612597790291015,0.2593136129688111,-0.42585301977529405,0.8061290410013128
FRB20220803A,0,False,,0,-0.18749496758723455,-0.07583280212610072,-0.5752851001919232,-0.6569183367458644,-0.24123189786940974,0.28838320525823863,3.045587052765074,1.3237919233244106
FRB20220803B,0,False,,0,1.2500582279033434,-0.24595396027564556,-0.11249949726265202,-0.55585710008098,-0.24036147480303438,0.27212489220462566,-0.2784628282341188,1.3237919233244106
FRB20220805A,0,False,,0,1.6393986748370712,-0.37384189688974523,-0.739683630350583,-0.9392123483953325,-0.1769739369727215,0.23170153172611588,0.6913546055631723,1.2970870920934572
FRB20220806A,0,False,,0,-0.5187001663048708,-0.3187761048091204,0.566970529495228,0.7094905642915542,1.1262703423236406,-0.4810125297566676,1.6654333204084224,-0.9465295748640327
FRB20220806A,1,False,,0,-0.5187001663048708,0.548796220013292,0.566970529495228,0.7094905642915542,0.2867052024758237,0.0019792956587641286,1.8100662124479772,-0.2127629813489115
FRB20220807A,0,False,,0,2.6311516012713114,1.0265512577732472,-0.5084859090412959,-0.7726043934105721,-0.1478391131454332,0.23102094342064639,1.5100218939534418,0.8155784428214964
FRB20220807B,0,True,FRB20220618C,0,-1.572386051004983,-0.05101261749368597,0.40965865918872385,0.42379781841547476,-0.22248968359759672,0.2754452134438905,1.6153006021971383,1.3237919233244106
FRB20220807C,0,False,,0,-0.40157991159705303,-0.9882221788861262,0.34144659897689145,-0.7203019943065867,-0.25832933812913317,0.18855310850311235,-1.0610345595122637,-1.0782049350105032
FRB20220808A,0,True,FRB20180916B,0,-0.5546992188248636,0.6654362643152051,-0.7665715753849628,-0.44859323688695235,-0.01802034443093223,-0.016384891000629197,-0.06539877583616131,-0.7448053881809843
FRB20220809A,0,False,,0,0.7820272345558243,-0.8154232464337857,-0.26181055152078403,-0.6591714198511469,-0.1563470009102185,0.034173459656313195,-0.5985602340131678,-0.9736452496523854
FRB20220809B,0,False,,0,1.285076621825834,0.5846337699601131,-0.5984437315504444,-0.3005051197524318,-0.29238988117647985,0.3047247068403563,-1.0610345595122637,-0.2748003585162034
FRB20220809C,0,False,,0,-0.04302173499860855,-0.3750855500973748,-0.34925719104585257,-1.1644636549531322,-0.2366292304854274,0.2707193588157049,-0.093222434443424,1.3237919233244106
FRB20220809D,0,True,FRB20180916B,0,-0.5569296108645022,0.8455217677021531,-0.5473618003464484,-0.20275776671204598,-0.08506441958100357,0.1339561936445754,0.3867983424296213,-0.06465387890646962
FRB20220811A,0,False,,0,0.7942752016687545,0.7670579325998125,-0.6971569008152604,-0.24963081935111106,-0.19942352620343287,0.2484411918476208,0.630443352936462,1.3237919233244106
FRB20220811A,1,False,,0,0.7942752016687545,-1.9325370132813715,-0.6971569008152604,-0.24963081935111106,-0.23772655273740356,0.2697297907381844,-0.20702370478303891,1.3237919233244106
FRB20220815A,0,False,,0,1.4480938865020687,0.34995345600007094,-0.21475472974914783,-0.345516058496608,-0.14159877983183355,0.2270773878631411,1.496486060036395,0.782505536450854
FRB20220816A,0,False,,0,2.493650673964489,-1.0977074824917556,-0.5453569133242846,0.4967025071200234,-0.24344082397745467,0.25593159938341614,-0.7456997619632867,0.2605287967750637
FRB20220818A,0,True,FRB20220529A,0,-1.129094719776878,0.9790517648061559,-0.44473901479022865,-0.19816746426153256,0.0805193079263101,0.060712177151582045,1.0234838637129295,-0.22323949206259325
FRB20220819A,0,False,,0,2.2131758563805497,0.4813519830491524,-0.4537760998199958,-0.5671082282117708,-0.25096549697238585,0.2795746763676481,-0.8777994744500203,1.3237919233244106
FRB20220820A,0,False,,0,-0.4701675354155451,-0.2378214675698122,-0.22442787917865464,-0.5368493157946808,-0.19513002907508348,0.2521298840220302,0.9976655138341182,1.3237919233244106
FRB20220831B,0,False,,0,0.32830108105237105,-0.5082851647979771,1.0580190397187264,0.46796655738854703,-0.22456612818405952,0.2646808039582309,0.31335391025009013,1.3237919233244106
FRB20220901A,0,True,FRB20210409B,0,0.547025365087894,0.23385694375247426,-0.3813261812430237,-0.930543294250771,0.03155843879184257,0.1405018970383485,1.835132571553619,0.08386606709337155
FRB20220901B,0,False,,0,-0.9171144179977495,-0.7522146456202924,2.324082912106259,1.1127487949923285,-0.12595025778646568,-0.26786582722020225,-0.7865579273054831,-1.3803803714776766
FRB20220901C,0,False,,0,0.06599038412032972,-0.9576252177852128,-0.01213610215616416,-0.8277702246174345,0.09767871835326518,-0.11475114020824685,0.08324473366029606,-0.8803837621227479
FRB20220902A,0,False,,0,0.022955433895464648,1.6756703182664916,-0.7467267606313996,-0.7134023525888035,-0.1606468785578202,0.14444390611932548,-0.261919031224395,-0.38264679233351545
FRB20220902B,0,False,,0,-0.17953955431620947,-1.3139049649810872,-0.5280256086039201,-0.7764798896616197,-0.03575360262390246,0.16960789709180177,1.6283351089320721,0.3287288273033448
FRB20220902C,0,False,,0,-0.3139184894764193,0.17091152586055736,-0.66094105761987,-0.15093263504912577,-0.11697164129652504,0.07058951800760786,-0.2764575195056674,-0.597517972853341
FRB20220903A,0,False,,0,0.15198633944442702,-0.4277586725807298,0.8206038370105301,0.9341039397853633,-0.23238342759294064,0.25094005466721414,-0.4411434988297357,0.4866981751233695
FRB20220904A,0,True,FRB20190117A,0,-0.3449392879078901,1.2854210675262485,-0.7812522333165446,-0.4765992114301871,-0.13294792590072027,-0.005644647577247007,-0.5609606953547047,-0.9892573048335582
FRB20220904F,0,True,FRB20220618C,0,-1.5777566590743302,0.10713466464075576,2.3127033186229156,3.311344448252612,0.16453456253501506,-0.382594858423212,-0.2679349574097491,-1.2010471586728892
FRB20220904F,1,True,FRB20220618C,0,-1.5777566590743302,1.4847538476730364,2.3127033186229156,3.311344448252612,0.004151761473973218,-0.238892822005636,-0.452674024018331,-1.1293549579067141
FRB20220904F,2,True,FRB20220618C,0,-1.5777566590743302,1.1611515672532886,2.3127033186229156,3.311344448252612,-0.18282096547314808,-0.1349493243145126,-0.8640129769419171,-1.385310494166468
FRB20220904C,0,True,FRB20220618C,0,-1.5702872019617005,0.8612600024094661,2.5718245525460284,2.443182101944803,-0.13538274622295768,0.17897339160162234,0.34894814018010184,0.2847685666616214
FRB20220906A,0,False,,0,0.9230190355922961,-0.27677058663665716,0.9723866648195316,0.41252661377173133,-0.24697255984516867,0.27767557292906814,-0.5669766215400588,1.3237919233244106
FRB20220906B,0,False,,0,-0.5196639934342397,0.8733372539386548,-0.26094456458061255,0.2761062058353407,0.353393476640994,-0.16924256595965528,0.8069105210401821,-0.8010909555446862
FRB20220906E,0,False,,0,0.4592007149206566,1.3819876984311663,-0.8227508216597643,-0.24382247067871338,-0.22469565933797578,0.2570523910874918,-0.019276675081779937,1.237514776270561
FRB20220906C,0,False,,0,-2.0241237402827843,-1.3094007037576332,-0.2684229235399539,-0.47703113356982024,-0.35066139046424527,0.29343739910255,-1.0610345595122637,-1.5652599723073544
FRB20220906D,0,False,,0,0.114246631238046,-0.8237170658830586,0.19786603193753138,-0.6238325796338583,-0.2608242657164615,0.2890125720548116,-1.0610345595122637,1.3237919233244106
FRB20220907A,0,False,,0,1.5154250988805313,1.2064628937052042,-0.5361393935486247,0.5331992288696731,0.31412555705613604,-0.3613227034803502,0.09302061371149646,-1.1244248352179227
FRB20220907A,1,False,,0,1.5154250988805313,1.5809678825818472,-0.5361393935486247,0.5331992288696731,0.08659210449288927,-0.29237950480196967,-0.32057431153159743,-1.1478429179896819
FRB20220907A,2,False,,0,1.5154250988805313,1.1912332581018326,-0.5361393935486247,0.5331992288696731,0.047045667478164827,-0.3958080394647191,-0.5168439033287747,-1.2513754944543014
FRB20220907C,0,False,,0,0.03595484946450449,1.1373882712499523,-0.8375120396436853,-0.02924305477085373,0.2034264568870868,0.0321395388461869,1.6045220677817122,-0.16592681580539312
FRB20220907B,0,False,,0,-0.7970322897745933,-1.5630249333008088,1.0157768115035988,-0.1062984978420391,-0.22940734317173253,0.25986560584634427,-0.12906732796449213,1.2204647686384906
FRB20220907D,0,False,,0,-0.791529195537414,0.5042546979223093,-0.4178718450863042,-0.22325112206990014,-0.21422048872506155,0.25785719380897376,0.4700186546603529,1.3237919233244106
FRB20220908C,0,False,,0,-0.7337985247605063,-0.9985708148224546,1.371491528863394,-0.16385112913435976,-0.19920807256902034,0.1153430025210964,-0.6898017811577049,-0.9074994369111007
FRB20220908G,0,True,FRB20180916B,0,-0.5553356388840891,0.9584554819138089,-0.4539539032761673,-0.017876405902052504,-0.13373468222073265,0.10703874041509298,-0.23434603620818875,-0.47282695318265827
FRB20220908D,0,False,,0,0.14392669272444333,-1.4471973147924182,0.8498057251525909,0.332673284842766,-0.2624183027099939,0.2883088437490314,-1.0610345595122637,1.3237919233244106
FRB20220910A,0,False,,0,-0.29772129573662215,-1.0228993827447037,0.6794468720927859,0.930816461483893,-0.24555641099286968,0.2619962471362691,-0.7680088215673081,0.47416744662269134
FRB20220910A,1,False,,0,-0.29772129573662215,-0.5120513225435884,0.6794468720927859,0.930816461483893,-0.21710939582767175,0.26152167812963206,0.5309299072870631,1.3237919233244106
FRB20220910A,2,False,,0,-0.29772129573662215,-0.6760606043540417,0.6794468720927859,0.930816461483893,-0.21335939590099026,0.2277140492273749,-0.280969464144683,0.20034021561606855
FRB20220910B,0,False,,0,1.1430529905417277,0.26653184046681144,-0.45478322720488673,-0.7888705341454675,-0.2609024537650129,0.28621965606812005,-1.0610345595122637,1.3237919233244106
FRB20220911A,0,False,,0,-0.6370945399619553,-1.0246987018805211,0.07286023906622333,-0.8972167834100092,-0.19740360667159518,0.1958469656983197,-0.3303501915827978,-0.18379851055226198
FRB20220911B,0,True,FRB20220912A,0,-1.319984993384197,0.3910528505948319,-0.9528816572028427,-0.9478855998604652,0.09211771090446555,-0.459009892531325,-0.48576161803777856,-1.280339965250951
FRB20220912A,0,True,FRB20220912A,0,-1.3208581875908814,-0.7601521030514322,-0.6964903774721092,-0.7126123246220735,-0.051673610463428506,-0.013056720534672753,-0.2115356494220545,-0.7750023896498316
FRB20220912C,0,False,,0,0.521763070954995,-0.34608733982189305,-0.058513043719219324,-0.3943552044332835,0.1588410548823559,-0.3481751350168077,-0.2335940454350195,-1.1726989532123386
FRB20220913A,0,False,,0,1.7160342868363792,-0.0250521120606269,-0.3048103933172411,-0.773173376359976,0.40259814700530655,-0.11444483104352451,1.3368133525334551,-0.6028589390995317
FRB20220913B,0,False,,0,-0.14219900973997696,-0.39035170960758103,0.9421525850390918,0.39731941202422677,-0.23594940912144713,0.26273741983679283,-0.33937408086082893,1.0859135035902252
FRB20220913C,0,False,,0,0.6761162251602387,-0.2727792480291102,3.4207108209019674,1.8806965003292793,-0.14186956772493697,0.21554723450047755,1.0257398360324372,0.9628658581491396
FRB20220914B,0,False,,0,0.7223581327719002,-0.0893451088923853,-0.25230052420307836,-0.3408176534851056,-0.18325761247378236,0.23852668582291722,0.7597857659215751,1.3237919233244106
FRB20220915A,0,True,FRB20220912A,0,-1.3148354468062184,0.10972181811381504,-0.865926757540331,-1.4204782486055552,0.964428785143326,-0.31547938828074135,2.1066012406677226,-0.7263174280980165
FRB20220915B,0,True,FRB20220912A,0,-1.303532171273901,0.6658316761479429,-0.8097973564953513,-0.4839141922430671,1.3654212210563297,-0.44070827622698294,2.5452625250164584,-1.0286982863438896
FRB20220915C,0,False,,0,0.3901520589599549,-0.7271322611131511,-0.2574013715391065,-0.538012214874633,-0.24464816913345028,0.2367783146397247,-0.8828127462711487,-0.3594341313404559
FRB20220915D,0,False,,0,1.1104357835559269,0.10234714764863467,1.1646993766324267,2.2316421961934076,-0.2460345198032565,0.25268104617124965,-0.8527331153443782,0.022239533483478947
FRB20220916A,0,False,,0,0.006213737007050065,-1.0526825298123557,0.8624250307167975,-0.12409331865888541,-0.24293357714148633,0.28336673247798655,0.3995821855734988,1.3237919233244106
FRB20221012B,0,True,FRB20220912A,0,-1.3200334060187189,-1.881864875606134,-0.7965825184492049,-1.3867847053469253,0.043418009592445204,-0.2610726185807263,-0.3827388821135897,-1.1346959241529049
FRB20221012C,0,True,FRB20220912A,0,-1.3203290586764724,1.0096980930052584,0.10881821956711933,1.1011518271674607,-0.06794191517713687,0.20811962601580397,2.4983884334889077,0.012173866327196489
FRB20221012C,1,True,FRB20220912A,0,-1.3203290586764724,-0.11392739609650283,0.10881821956711933,1.1011518271674607,-0.14887413147342243,0.13290287734673856,-0.2215621930643113,-0.3824413705548158
FRB20221012C,2,True,FRB20220912A,0,-1.3203290586764724,-0.00642026321549235,0.10881821956711933,1.1011518271674607,-0.19846548049146157,0.16875980109795805,-0.5115799679165899,-0.5377402352517452
FRB20221012C,3,True,FRB20220912A,0,-1.3203290586764724,1.7788900622931574,0.10881821956711933,1.1011518271674607,-0.2308124596565604,0.28654433397474816,3.045587052765074,1.3237919233244106
FRB20221012D,0,True,FRB20220912A,0,-1.31925758378657,0.15655724213208433,-0.7143692870758097,-0.8398399026107745,0.17075753452019746,-0.550094186431653,-0.42685567413951975,-1.3138237151789927
FRB20221012E,0,False,,0,1.3455011718137053,-0.6492773831393699,-0.4397473837318485,-0.3841506299144479,-0.25674470870344335,0.2841684456156178,-1.0610345595122637,1.3237919233244106
FRB20221013A,0,True,FRB20220912A,0,-1.2999084941832328,1.460432197903804,-0.6259062064580577,-0.2726092078338926,-0.010919827370043772,0.03390656513800461,0.19629401322674173,-0.5506818073098226
FRB20221013B,0,True,FRB20220912A,0,-1.316831433879014,0.6294586340258291,-0.7387442844989753,-0.13092861263183472,2.157537513450716,-0.8600962827639607,2.2948495975510945,-1.0623874580506307
FRB20221013C,0,True,FRB20220912A,0,-1.3140898034203452,1.5662793668532462,-0.6248663043789885,0.5767499915033699,0.06428419143046323,-0.5694086008065365,-0.605829478153804,-1.349156261115331
FRB20221013D,0,False,,0,-0.5430162414470197,0.0748545905910658,-0.2699621879535424,-0.9430846434389512,-0.24224014046080264,0.2681566568199324,-0.5163425761466619,1.180202100013361
FRB20221013E,0,False,,0,-0.4753110033820741,0.37697681164374935,0.5508817112978244,1.770633072471172,-0.24342224730096332,0.26724206998599803,-0.5978082432399985,1.0012797307659727
FRB20221013F,0,False,,0,0.29475686064760237,0.5466357221003263,-0.4484823477315167,-0.5176902097582861,-0.22319272356476816,0.25501881614234817,-0.023537956129739086,1.150415942101913
FRB20221013G,0,False,,0,0.3099983822677058,-0.7151721378165224,0.15582667745580256,-0.5806913595928944,-0.26988193991429904,0.2929407353432916,-1.0610345595122637,1.3237919233244106
FRB20221013H,0,True,FRB20210822E,0,-0.7013589274268327,0.34564879515422553,-0.5402091250679609,-1.088411740065902,-0.18912137479540822,-0.5777694841501723,-0.9740542934156857,-1.6392118126392254
FRB20221013I,0,False,,0,-0.5531499329817348,-0.8381819591158866,0.17020833475737013,-0.7047887041392878,-0.26252770717604723,0.2859775910878464,-1.0610345595122637,1.3237919233244106
FRB20221014B,0,False,,0,-1.0577857655878407,-0.7242346878170703,4.450364631420461,2.56759825652165,-0.24523157691844213,0.27377114163931704,-0.5539421148051249,1.3237919233244106
FRB20221014C,0,True,FRB20220912A,0,-1.3217036287929391,0.7367868510480848,-0.8696710291347439,-0.5381174468882668,-0.22022761890693304,0.21391374804551141,-0.5439155711628681,-0.26247505179422487
FRB20221014D,0,True,FRB20220912A,0,-1.3167515981105113,0.5880084634048445,-0.7182072424440336,-0.050054070035315215,-0.13538971554557827,0.1334917541254168,-0.0969823883092703,-0.25405275886753953
FRB20221014D,1,True,FRB20220912A,0,-1.3167515981105113,0.6430193433383569,-0.7182072424440336,-0.050054070035315215,-0.15197469807903244,0.15555650616880226,-0.10024101499300377,-0.1706515167154849
FRB20221014E,0,False,,0,0.9009221617289166,-0.4539906749129754,-0.4927603461589468,-1.152660384516779,-0.23903379510513334,0.25174342578574826,-0.6424263624480414,0.25888542254546654
FRB20221014F,0,False,,0,0.5176298075389038,-0.5673701751682743,0.8907608143877923,1.076202149592096,-0.2322295945719781,0.25921680728681007,-0.2681856210008055,1.0082640712417605
FRB20221015A,0,False,,0,0.19644563859090472,0.8124029257775882,-0.7495251987259408,-0.5647900578618009,-0.2143022616355382,0.18211421048804102,-0.6298931828952203,-0.5929986937219488
FRB20221015B,0,True,FRB20220912A,0,-1.3071057087721982,1.1827460528349263,-0.7749345151782,-0.4579739628003085,-0.134654572764981,0.1839826545302916,0.4349257519124541,0.3761812581829621
FRB20221015C,0,False,,0,1.4931983466151144,0.3705371577527058,-0.4650250086531211,-0.7858884837789779,-0.20713045622116974,0.24523672842154243,0.24091213243478457,1.164179201274789
FRB20221015D,0,False,,0,0.6924605610950247,-0.30565442535703524,2.400752784610733,1.3627101457878479,-0.24566620278881177,0.2670615207352104,-0.7133641587170084,0.827287484207376
FRB20221017A,0,False,,0,0.37086845149080705,0.31059361636641064,0.3660980516182976,0.14137040346932164,-0.041031102848569964,0.17793047106827514,1.7890104707992378,0.2642263887916572
FRB20221018B,0,True,FRB20190208A,0,0.27179894623276357,0.8491662579401429,-0.5621297339657287,-0.6704393460933546,1.244527225832305,-0.383088807637198,2.565566275892029,-1.0198651498598048
FRB20221018C,0,True,FRB20220912A,0,-1.3133456782261412,0.7471757444498885,-0.7914912947784779,-0.7310161773427027,-0.12292097556456516,0.05240199194537801,-0.37471764719978423,-0.727139115212815
FRB20221018D,0,False,,0,-0.7632789101171741,-0.422314342400946,0.43567112126204127,-0.46586382734716836,-0.25287807915193455,0.2587391265653876,-1.0572746056464173,-0.04267374858560793
FRB20221019A,0,False,,0,2.3211738950482554,0.46797278553868243,-0.5739902990574531,0.34426556728109053,-0.2253817875515092,0.2652111845044697,0.2975621040135356,1.3237919233244106
FRB20221020A,0,True,FRB20220912A,0,-1.318063523627986,0.5787005701925662,-0.9345918810964619,-1.1869872493616345,0.007178348330393698,-1.133146947103564,-0.8414532537468393,-1.5973057697844986
FRB20221020B,0,False,,0,-0.10940196715997816,-0.433200374248505,-0.9370857983907512,-0.9669963252305374,-0.1651442130958257,0.09304636599980509,-0.5113293043255335,-0.782808417240418
FRB20221020C,0,False,,0,-0.7141205360487165,-0.40634799200688515,0.09298461929034625,-0.044663757013596046,-0.2061610013951963,0.15930601403455444,-0.6281385377578254,-0.7012559710966602
FRB20221021A,0,True,FRB20220912A,0,-1.287220785772425,1.549991650496427,-0.9311091630012239,-1.0303756730048041,0.3041848055807078,-0.44436995220911013,-0.07141470202151541,-1.2047447506894826
FRB20221021A,1,True,FRB20220912A,0,-1.287220785772425,1.7249739328827807,-0.9311091630012239,-1.0303756730048041,-0.08668587382078914,0.1456601136513657,0.5038582394529697,0.057161235862418086
FRB20221021B,0,True,FRB20220912A,0,-1.3184364612569253,0.4993141085688967,-0.8831153811621723,-0.9454398607273524,-0.1348888842772079,0.1296533333091725,-0.11778746636695321,-0.28794735235298047
FRB20221021C,0,False,,0,0.6287660365246266,-0.5383406223800904,0.586006131218412,-0.4004116126821295,-0.04429744681558488,0.07103063108129458,0.20556856609582927,-0.4266070529752388
FRB20221021D,0,False,,0,0.19932597852751957,-0.7895144230892229,-0.5826530709705682,-1.4611772048701321,-0.20448405385836207,0.26485357707691887,1.573941109672829,1.3237919233244106
FRB20221021E,0,False,,0,0.7211344504005752,-0.34680887796881654,-0.5856771003552976,-1.5422267557561131,-0.27180551515536777,0.2769104870861698,-1.0610345595122637,-0.27274614072920694
FRB20221021F,0,False,,0,1.7115360467611258,0.7702407039272988,-0.13635286060754753,-0.14469732489280349,-0.2437753194231697,0.28187792166369907,0.057175720190428325,1.3237919233244106
FRB20221022B,0,False,,0,-0.11023574516502838,0.07357031327112273,0.5491362949834109,0.7690502424712641,-0.24169377621508448,0.263465273979218,-0.583771082140839,0.7952416867302318
FRB20221022C,0,True,FRB20220912A,0,-1.3050806919871336,1.4469898128326477,-0.6853968173029709,0.2952200967347492,0.17450027860602177,0.014471666556372519,1.2009536861808752,-0.3349889396751985
FRB20221022C,1,True,FRB20220912A,0,-1.3050806919871336,1.4554515718120284,-0.6853968173029709,0.2952200967347492,-0.1225628372637564,0.14896823271049095,0.1531798755650374,-0.049863510840095396
FRB20221022D,0,True,FRB20220912A,0,-1.320656943680882,0.1936144420647548,-0.8072459388964917,-1.1521796183775563,0.050507747729627364,-0.5428519317136821,-0.6120960679302145,-1.3390905939590485
FRB20221022E,0,False,,0,0.13199501824548734,-1.2269024786716223,-0.5577412264609145,-1.1617229520026109,-0.23423816688271715,0.27652548771690905,0.5387004786098122,1.3237919233244106
FRB20221022F,0,False,,0,1.0445179778215716,1.2518691395908215,0.6861494972865555,2.3839685987975563,-0.23780337317170064,0.28001452295442353,0.5968544317349017,1.3237919233244106
FRB20221022A,0,False,,0,-2.349986258823489,-0.17682536267086313,3.531971913131723,1.9220066940293006,-0.24931766542531217,0.2723113316763463,-0.845463871203742,1.046472522079894
FRB20221022G,0,False,,0,0.14867768127977615,0.014528937294323028,-0.9417127781362764,-1.6290842939684562,-0.2049885913981236,0.22400785179887822,-0.15538700502541627,0.2919583289161089
FRB20221022H,0,False,,0,0.3753720976074398,0.14835447448826883,-0.7545373788392736,0.1807856635319985,-0.2062971696353278,-0.011273737290904716,-0.877047483676851,-1.2982116599978197
FRB20221022I,0,False,,0,-0.7532269725593214,-1.4588090486201666,-0.6252628349057545,0.5470915195206001,-0.22485595877475842,0.2644279716202428,0.28327427932331967,1.3237919233244106
FRB20221023A,0,False,,0,0.4295677085911787,-0.8293928955093584,-0.06208707845305345,-0.4690758993164316,-0.17352319865314814,0.20781839159793355,0.19629401322674173,0.49470962449265554
FRB20221023G,0,True,FRB20220912A,0,-1.314577240559676,1.172776890710681,-0.9480074727337569,-0.5926163220168225,-0.2048413069976238,0.1774088881553371,-0.5411582716612475,-0.5250040849723673
FRB20221023B,0,True,FRB20220912A,0,-1.3191925649024332,-0.6171368458169527,-0.10612844765454284,-0.07349970251155352,-0.0846522786969867,-0.07533992290002385,-0.4880175903572863,-0.9888464612761589
FRB20221023C,0,True,FRB20220912A,0,-1.3002344685801193,1.777711060894761,-0.8790871757278474,-0.2237189445493596,0.08817346395791903,-0.15070318889121723,-0.05186294191911461,-0.9574169291351138
FRB20221023D,0,True,FRB20220912A,0,-1.3159027882146432,0.6944918521512566,-0.9317399144102455,-1.2261103682788452,-0.03200876703841587,-0.155359806216625,-0.4398901808744536,-1.0447211850824616
FRB20221024C,0,False,,0,0.29003001636859194,-1.7414411129535305,-0.6922445683733298,-0.4552416236740328,-0.2606040145000611,0.289942315996878,-1.0610345595122637,1.3237919233244106
FRB20221024A,0,False,,0,1.218119614403643,-0.8742400467983629,-0.20461731289466653,-0.8025227040997366,-0.2051166178425431,0.2527093219625121,0.6081342933324406,1.3237919233244106
FRB20221025B,0,True,FRB20220912A,0,-1.312897865681033,0.6912167246137707,-0.5232234560580128,-0.3096654616201909,-0.06123175293165346,0.1190003172155455,0.46049343820020894,-0.12792378674595936
FRB20221025C,0,True,FRB20220912A,0,-1.3168668374676344,0.934335744853832,-0.8298412771056829,-0.4151098433760796,-0.01592458799237933,-0.2518676554607942,-0.5173452305108875,-1.1527730406784733
FRB20221025K,0,True,FRB20220912A,0,-1.319164444723874,-0.0523328005077505,-0.7777440372405446,-1.1231903971356325,-0.08238167140850276,-0.09020106312363121,-0.5038093965938408,-1.0159621360645117
FRB20221025D,0,True,FRB20220912A,0,-1.3183435542140793,-0.29158363942839266,-0.5884322474159299,-1.0715093603084846,0.07991580647767073,-0.17835466836089806,-0.14260316188153885,-1.0085669520313245
FRB20221025E,0,True,FRB20220912A,0,-1.310207271408406,1.6598264314619022,-0.9224372591063326,-0.5489685298296126,-0.030146596562614886,-0.3105970568466562,-0.6040748330164091,-1.2300116294695387
FRB20221025F,0,True,FRB20220912A,0,-1.3181667012442422,-0.550386877974343,-0.5854316749824243,-1.1706690943524065,0.12102723845330558,-0.026708311275590355,0.5697827639008083,-0.6075836400096234
FRB20221025G,0,False,,0,1.514638559885745,-0.32035043948997927,-0.46877952020000585,-0.9869260554564924,0.10512382929625948,-0.3152830734155307,-0.30854245916088924,-1.1628387078347557
FRB20221025I,0,False,,0,-0.13199501128037044,0.23936802503888563,1.589623891840281,1.6316289833773017,-0.24186887771820936,0.26566187650700634,-0.5511848153035043,0.9645092323787368
FRB20221027B,0,False,,0,1.0790813829617325,0.03034588632867069,-0.08538451555554759,-0.2281867129317054,-0.19392855102284323,0.05448954771919788,-0.7597369230624462,-1.0999796435526652
FRB20221027C,0,False,,0,-1.8756156506376378,-0.8587841824293445,0.470829417957346,0.11998340085195423,-0.27666478202597206,0.2882003251386558,-1.0610345595122637,-0.021926148936944084
FRB20221029B,0,False,,0,1.3707402546057208,1.329393474051484,-0.6121872457330682,-0.15181611398299383,-0.18025987875364477,0.24324996590070508,1.0778778629721728,1.20937199258871
FRB20221029C,0,False,,0,0.5945062397107392,0.0868556747888023,0.35140080967302134,0.16847932625169904,-0.22777856942510977,0.27636722125235197,1.1964417415418596,1.3237919233244106
FRB20221030A,0,True,FRB20220912A,0,-1.2939797540530233,1.9288143123719732,-0.8384208230503973,-0.1403236476391224,-0.19281084484032826,0.06952563627255424,-0.7324145916372964,-1.0478025117629561
FRB20221030B,0,True,FRB20220912A,0,-1.3129571015257082,1.1988151989929727,-0.745487748221911,-0.6762342735602002,0.05019997818292689,-0.15995812294365377,-0.19524251600338716,-0.9987067066537417
FRB20221030C,0,True,FRB20220912A,0,-1.3186501264804023,2.3662475222838353,0.297463059395048,0.5557470181341739,1.2268039819483487,-4.898182445904628,-0.7126121679438391,-1.7665733154330037
FRB20221030C,1,True,FRB20220912A,0,-1.3186501264804023,-0.07873634027391888,0.297463059395048,0.5557470181341739,-0.14855070784731242,-0.18970361490217363,-0.7990911068583042,-1.3559351798124193
FRB20221030C,2,True,FRB20220912A,0,-1.3186501264804023,0.9700178593506528,0.297463059395048,0.5557470181341739,-0.1181656955297241,-0.40515297748831974,-0.828168083420849,-1.4658358314167277
FRB20221031B,0,True,FRB20220912A,0,-1.3142955170928623,0.9580425424217778,-0.8957867739537482,-0.29701726458236327,-0.1853223401977663,0.14511485741882701,-0.4867642724020042,-0.6104595449114184
FRB20221031A,0,False,,0,-1.3683182991296563,0.4206444181858245,1.1608437075202374,0.9905991844955396,-0.16658059148913912,0.07064258554732383,-0.5785071467286541,-0.8945578648530232
FRB20221101C,0,True,FRB20220912A,0,-1.3172945088053198,0.1801878358559702,-0.40206812502122347,-0.134174393706293,0.029934043011112594,-0.1921724960500457,-0.3163130304836383,-1.0584844442553376
FRB20221101D,0,True,FRB20220912A,0,-1.276786484572518,1.4524435750180165,-0.6660902302022587,1.0185602862073513,-0.15905829381254252,0.24910934791213124,2.420933383852474,0.5653747163653324
FRB20221101E,0,True,FRB20181128A,0,-0.15654057941489274,0.42891244912103116,-0.480823303792153,0.5181480116812017,0.5357588735786231,-0.4464308304593078,0.4023394850751194,-1.1283278490132158
FRB20221101F,0,False,,0,-0.8871190948287234,-0.6448410022204468,-0.528939438730462,-0.8524859082262777,-0.06948315599711165,0.0883258164076575,0.13914271446587784,-0.37977088743172044
FRB20221102A,0,True,FRB20220912A,0,-1.2888303038857252,1.5507215924358202,-0.7511908440136355,0.19093516422883752,-0.0720093769975101,-0.03971859371039095,-0.3702057025607687,-0.8662096593924727
FRB20221102B,0,True,FRB20220912A,0,-1.3087476490180248,1.3220328318477887,-0.7460857488718827,0.7002285348348618,1.139998532565514,-0.8199792863225526,0.7043891122981062,-1.257332726036591
FRB20221102B,1,True,FRB20220912A,0,-1.3087476490180248,1.6319745755479402,-0.7460857488718827,0.7002285348348618,0.5024578942471767,-0.47501291807678897,0.2717437541347243,-1.1665362998513493
FRB20221102B,2,True,FRB20220912A,0,-1.3087476490180248,1.5986241714205585,-0.7460857488718827,0.7002285348348618,0.15106401003577055,-0.2950894084524332,-0.1701761568977451,-1.1223706174309263
FRB20221102B,3,True,FRB20220912A,0,-1.3087476490180248,0.5959406660311314,-0.7460857488718827,0.7002285348348618,-0.24033110919407952,0.176607657349236,-0.9314414829360943,-0.9405723432817431
FRB20221102B,4,True,FRB20220912A,0,-1.3087476490180248,0.7447827480754866,-0.7460857488718827,0.7002285348348618,-0.1117620694066663,-0.14968235622354087,-0.6689967031000219,-1.2123453565013695
FRB20221102C,0,True,FRB20220912A,0,-1.3093037453396994,1.3326588987567396,-0.704333162244962,-0.12371934361982463,0.4428349744245242,-0.2409516274268078,0.7921213691678534,-0.8908602728364298
FRB20221102C,1,True,FRB20220912A,0,-1.3093037453396994,1.195844225341737,-0.704333162244962,-0.12371934361982463,0.032576275422590596,-0.25842575589073397,-0.4060505960818368,-1.1369555637186008
FRB20221102D,0,True,FRB20220912A,0,-1.3170021126953766,0.43274327891008163,-0.7351041471776633,-0.7366110493521582,0.20229155408200572,-0.426750781425774,-0.24738054294312262,-1.2238489761085494
FRB20221102E,0,False,,0,0.8739557987734875,-0.0049929240134396775,-0.7961981996292312,-1.2546700809595805,-0.229991510045442,0.19954948236277126,-0.7614915681998411,-0.6231956951907962
FRB20221103A,0,False,,0,0.9011972866304157,0.5853740906679217,-0.42539069634232923,0.8156002197716566,-0.27282977747602954,0.2947553140202747,-1.0610345595122637,1.3237919233244106
FRB20221103B,0,True,FRB20220912A,0,-1.31653778855856,0.6127219553858387,-0.5722817919873656,-0.7630693927264196,0.05847112887684669,-0.2463850288869807,-0.3243342653974437,-1.1112778413811455
FRB20221103C,0,True,FRB20220912A,0,-1.3171450150572976,2.533450087152374,-1.0226143712017608,0.023375527992562904,-0.025486540589307317,0.02442962746994192,0.0641943007400081,-0.6135408715919131
FRB20221103C,1,True,FRB20220912A,0,-1.3171450150572976,1.263998033392388,-1.0226143712017608,0.023375527992562904,-0.01606774989548348,-0.2832536455327075,-0.549179506575053,-1.1831754639260204
FRB20221103D,0,True,FRB20220912A,0,-1.3142473659041565,0.841976788920909,-0.9025667966268707,-1.0110308878122367,0.020415753228469363,-0.25988933367110756,-0.4376342085549458,-1.1441453259730883
FRB20221103E,0,False,,0,0.542393008927423,-0.7627385124667255,-0.5344699232949747,-0.8724374561004524,-0.16220094138696817,0.11614578397491178,-0.41156519508507805,-0.6258661783138916
FRB20221104A,0,True,FRB20220912A,0,-1.3169633406070813,0.03905086838743856,-0.42683078060637697,-0.3968378113643947,0.2773775782618986,-0.23041578597357515,0.3181165184801621,-0.9715910318653891
FRB20221104B,0,True,FRB20220912A,0,-1.2426735775952362,2.677731974101645,-0.46475185067500435,1.459931888311531,0.05128886144572513,0.11572741358799318,1.5416055064265508,0.2058866036409589
FRB20221104C,0,True,FRB20220912A,0,-1.304501417615772,1.9519857842101813,-0.4262383221690762,0.05201711132287851,0.02080279047772697,-0.004699109828282344,0.17373429003166388,-0.6575011322336364
FRB20221104D,0,True,FRB20220912A,0,-1.3188213022634407,0.022144347833949023,-0.3944168246965321,-0.500118929185826,0.013004850236084999,-0.2712530888032321,-0.46896715743699835,-1.1591411158181621
FRB20221104E,0,False,,0,2.0210848792310676,1.1295714213845056,-0.4574275196120972,0.9040075234232507,-0.2659709536428256,0.28177762517378624,-1.0610345595122637,0.4143897090210955
FRB20221104F,0,False,,0,1.7238607238577504,0.7787927207272777,-0.5724502749199007,0.8242483469592176,-0.25401481648648405,0.23434748053569748,-1.0610345595122637,-0.6301800356665841
FRB20221105A,0,False,,0,0.11747766667116297,0.17747418727687897,1.3538459042649562,1.850339361591373,-0.026703629078692448,0.12386092602123963,0.8532832853856199,0.035181105541556394
FRB20221106B,0,True,FRB20220912A,0,-1.3179634732869574,0.948111431025972,-0.6707638615003717,-0.36127180634731243,0.22140116765485154,-0.5905904233191425,-0.3802322462030255,-1.323889382335275
FRB20221106C,0,True,FRB20220912A,0,-1.3115428465162653,0.4284680791091485,-0.7401109768192274,-0.7551849618985743,-0.16638844550305776,0.15876920195264338,-0.2285807736138911,-0.289385304803878
FRB20221106D,0,True,FRB20220912A,0,-1.274714051661677,1.6068061225173076,-0.7672900571177058,0.3140466801248844,0.5413759566342886,-0.09804241941754871,2.171272447160279,-0.5533522904329179
FRB20221106E,0,True,FRB20220912A,0,-1.2890297974592544,1.8449213982799104,-0.9162889066848158,-0.5145308704650441,0.05653438591366826,-0.24828280850553575,-0.33210483672019275,-1.1143591680616403
FRB20221106F,0,True,FRB20220912A,0,-1.3036097483502458,1.073599080815368,-0.8814293464843358,-0.21992709116177314,0.01799181494978035,0.1440670865789517,1.7428883700448563,0.15637995497434518
FRB20221106G,0,True,FRB20220912A,0,-1.3173401295537361,-0.6361709924778282,-0.9178129199933315,-1.7560184325481119,-0.09629721072838054,-0.05721833126936725,-0.5008014335011638,-0.9851488692595655
FRB20221106H,0,True,FRB20220912A,0,-1.3095821325684434,1.761476164537249,-0.6001418256004346,0.25534317469640266,-0.17091211929408728,0.08511183971486716,-0.5702352482237922,-0.8581982100231866
FRB20221106I,0,False,,0,0.3732205020481966,-0.5437161084482435,0.4150185885410326,-0.3704387408083331,-0.25430994959586867,0.28803249842523376,-1.0610345595122637,1.3237919233244106
FRB20221106J,0,False,,0,-0.2745621341342719,0.05547041565275271,2.345967231043133,1.4675877553245356,-0.13233404820969003,0.22785904943791396,1.8140768299048797,0.6044048543182644
FRB20221107A,0,False,,0,2.571582810521387,0.5531822187935965,-0.3166179407427838,-0.23710379266201936,-0.19631567943892256,0.25900880759035627,1.4623958116527218,1.2837346764779805
FRB20221107B,0,False,,0,-0.03775180070848017,-0.9451614947928092,-0.3851750469378653,-0.8749968953743997,-0.258814512532546,0.2828437537993767,-1.0610345595122637,1.3237919233244106
FRB20221107C,0,False,,0,1.244121540070457,0.43967116463769135,-0.48594592400904935,0.07272772913484388,-0.15783481304130687,0.13156347940528493,-0.3070384776145507,-0.47364864029745685
FRB20221107D,0,False,,0,-0.0883853606174074,0.6723794465274521,-0.36999615038250594,0.23869465250419591,-0.1486948890170064,0.23138252775999626,1.502501986221749,0.823795313969482
FRB20221107F,0,True,FRB20220912A,0,-1.3029564240667484,1.6461368326809893,-0.7511316820010817,-1.5179006480289212,-0.12288593703119059,0.10489636872419932,-0.1629069127571089,-0.4068865622200732
FRB20221107G,0,True,FRB20220912A,0,-1.3140363395689159,1.30882304709942,-0.8987821331926312,-0.28174543271989294,-0.06186397674392169,-0.13551082469998457,-0.5028067422296152,-1.048007933541656
FRB20221107H,0,True,FRB20220912A,0,-1.293502924409639,1.6429046590374234,-0.7119266061649433,-0.3019600261373665,-0.13805456582142012,0.1688218256710867,0.18401149726497712,0.11919861302970997
FRB20221107J,0,False,,0,-0.30448701799366246,-1.8893485491272173,-0.17029594970755146,-0.3056036626138881,0.10649618108850954,-0.34311827979371423,-0.3413793895892803,-1.1881055866148118
FRB20221107K,0,False,,0,0.24000029461711675,-1.4608917663455758,0.27014163435169986,-0.23149509083111008,-0.23682922866646314,0.27163489819278025,-0.060385504015032905,1.3237919233244106
FRB20221114A,0,True,FRB20220912A,0,-1.305123393206568,1.4867810449154135,-0.7927871077556963,-0.12984861261115027,-0.00863348110688354,-0.23006405832677893,-0.4744817564402396,-1.12586278766882
FRB20221114B,0,True,FRB20220912A,0,-1.314144987862181,1.5275434463635322,0.02294016068308859,1.12983491162309,0.1792502370312159,-0.10838130341922897,0.41913394567589957,-0.7963662546345944
FRB20221114B,1,True,FRB20220912A,0,-1.314144987862181,1.189009992578124,0.02294016068308859,1.12983491162309,-0.04698908409849909,-0.45806723645651404,-0.7263986654519422,-1.388186399068263
FRB20221114B,2,True,FRB20220912A,0,-1.314144987862181,0.8455303119337437,0.02294016068308859,1.12983491162309,-0.014799948837581284,-0.30602745313822893,-0.5669766215400588,-1.2031013764598855
FRB20221114C,0,True,FRB20220912A,0,-1.31270477828496,0.6727179293399715,-0.688379000155758,-0.6024651573706213,0.8788983663299924,-0.27051334820759665,2.1231450376774466,-0.671469813185212
FRB20221114D,0,False,,0,-2.049945933531329,1.0101304972385476,-0.3610005024941425,0.5960044123143281,-0.19810610599916217,-0.03780741683430948,-0.8617570046224093,-1.3097152796049998
FRB20221114E,0,False,,0,0.8197579158355894,0.007681681714354234,-0.1918454171307879,-0.37431481451697224,-0.2322392508980948,0.2702885595726203,0.1754889351690588,1.3237919233244106
FRB20221115F,0,True,FRB20220912A,0,-1.3184893047771815,-0.8132788629195055,-0.6288814767631132,-0.8165076184736771,0.06485132253836133,-0.2311786600753882,-0.28397742723736,-1.0897085546176832
FRB20221115B,0,True,FRB20220912A,0,-1.313514915645657,0.7618620120012508,-0.27794672036395907,0.011015245445184306,-0.0014466242985696654,-0.04480503412482589,-0.08695584466701348,-0.8064319217908769
FRB20221115B,1,True,FRB20220912A,0,-1.313514915645657,0.6271794892194513,-0.27794672036395907,0.011015245445184306,0.15308942867195682,-0.5217140984100197,-0.4326209367338174,-1.302114673793113
FRB20221115C,0,True,FRB20180916B,0,-0.5567789421847688,0.5698746022565347,-0.7623900825596598,-0.9752661789206752,-0.09928637124593104,0.04145728766797364,-0.27720951027883667,-0.6616095678076293
FRB20221115D,0,True,FRB20180916B,0,-0.5584979560596504,0.28088342680520423,0.007510759132141562,-0.22599441186675456,0.2115314202524384,-0.2716756224686668,0.027346752854714284,-1.066290471845924
FRB20221116B,0,False,,0,0.46263102446277193,-1.1233323282857157,1.0557869010013168,0.7988508538099283,-0.22717636618988,0.25885228687647066,-0.06489744865404848,1.2574406888044263
FRB20221116J,0,True,FRB20220912A,0,-1.2770133685746778,1.762741414420587,-0.604086296152315,0.9490552510360568,0.5139241011165876,-0.3383676865381517,0.6432271960803395,-1.0102103262609217
FRB20221116J,1,True,FRB20220912A,0,-1.2770133685746778,1.987979790422893,-0.604086296152315,0.9490552510360568,0.0014240161375149926,-0.04657183618787245,-0.08043859129954654,-0.808075296020474
FRB20221116J,2,True,FRB20220912A,0,-1.2770133685746778,1.3647971253699507,-0.604086296152315,0.9490552510360568,0.33661736889151345,-1.4455181318505712,-0.6431783532212106,-1.5584810536102662
FRB20221116C,0,True,FRB20220912A,0,-1.268599814166381,1.4548747671928834,-0.9642696174127929,-0.9877497289156155,0.7066591431719863,-0.20431579122732457,1.9607150306728858,-0.6151842458215102
FRB20221116D,0,True,FRB20220912A,0,-1.2996388501089104,0.9208497521985973,-0.7336765404451605,-0.3564922848105722,-0.07770916072460635,0.19064071889396939,1.536341571014366,0.4895740800251645
FRB20221116F,0,True,FRB20220912A,0,-1.3180409064578673,0.8099460047490822,2.197709762946406,4.020990247552226,0.5397112228521874,-0.10923619586323063,2.0451886608588996,-0.4730323749613579
FRB20221116F,1,True,FRB20220912A,0,-1.3180409064578673,0.8935551364454033,2.197709762946406,4.020990247552226,0.27120737585591054,-0.008517231480460118,1.5824636717687472,-0.3037648293128529
FRB20221116F,2,True,FRB20220912A,0,-1.3180409064578673,1.482209660419804,2.197709762946406,4.020990247552226,0.3788957897727031,-0.11915631173402458,1.197193732315029,-0.641683655273764
FRB20221116F,3,True,FRB20220912A,0,-1.3180409064578673,0.12438787722912412,2.197709762946406,4.020990247552226,0.24718074340929894,-0.06933045286664824,0.9254743996098691,-0.6114866538049166
FRB20221116F,4,True,FRB20220912A,0,-1.3180409064578673,0.42763621970751253,2.197709762946406,4.020990247552226,0.5028157879134422,-0.2238473919851991,1.0693553008762544,-0.8173192760619579
FRB20221116F,5,True,FRB20220912A,0,-1.3180409064578673,0.6983477131663243,2.197709762946406,4.020990247552226,0.4243072491874542,-0.22668069721409587,0.7923720327589098,-0.8750427958765573
FRB20221116F,6,True,FRB20220912A,0,-1.3180409064578673,0.16796275917591189,2.197709762946406,4.020990247552226,0.3865071640739393,-0.2719971794042598,0.5073675297277596,-0.9765211545541804
FRB20221116G,0,False,,0,0.27998176159535176,-0.12454538156863845,-0.13197770776090634,-0.4684913541501724,-0.19897469331167073,0.256060542177485,1.0818884804290754,1.3237919233244106
FRB20221116H,0,False,,0,0.8536933395409657,0.4147210165654546,0.6142807492810572,0.4256451173472262,-0.24117138148838627,0.2640334811095522,-0.5499314973482222,0.8718640101851982
FRB20221117A,0,False,,0,1.6118766439354402,-0.9685999040040288,-0.3705875829379131,-0.5586813452852556,-0.24763743779504577,0.2521507011514971,-0.9038684879198879,-0.057053273094582864
FRB20221117C,0,False,,0,0.3170349250750613,0.2777127352475619,1.3997210480487705,1.7266798506655772,-0.20421708706256367,0.25537849617391306,0.7911187148036276,1.3237919233244106
FRB20221117J,0,True,FRB20220912A,0,-1.317887988025744,-0.2844342782184652,0.6201578375419903,0.42950487544598304,0.01615157614242954,-0.14402536521953807,-0.2706922569113697,-0.9956253799732472
FRB20221117E,0,True,FRB20220912A,0,-1.3036087332171833,1.612297221471719,-0.5949689942259953,0.45778694188796587,0.40279822328391374,-0.06906389478878673,1.7238379371245685,-0.4237311480734438
FRB20221117F,0,True,FRB20220912A,0,-1.3032957754394674,1.3627070171107243,-0.6960211413069773,0.0850921551944024,-0.025343399801041215,-0.21031126269477782,-0.49453484372475326,-1.1118941067172445
FRB20221117G,0,True,FRB20220912A,0,-1.2882530803162877,1.0445902434559562,-0.6660521155820103,-0.361799173899944,3.7146194973911135,-1.5598106309195698,2.4038882596606372,-1.2583598349300893
FRB20221117H,0,True,FRB20220912A,0,-1.3077218253310559,1.1471829701007552,-0.7248342384789841,-0.6539123160764098,-0.15580910578028265,0.18932285380628774,0.20256060300315223,0.33632943311523156
FRB20221117I,0,True,FRB20220912A,0,-1.3170593850916266,0.20500437727536056,0.2866000868957553,0.4901475283983636,-0.0603865860616502,-0.088752217132805,-0.42409837463789907,-0.9572115073564141
FRB20221117I,1,True,FRB20220912A,0,-1.3170593850916266,0.4214015621476075,0.2866000868957553,0.4901475283983636,-0.06343521948438824,-0.31995861366401857,-0.6817805462438994,-1.304374313358809
FRB20221118A,0,True,FRB20220912A,0,-1.2629849832660642,1.5882987321502604,-0.5020483655781982,0.7166022032458802,0.4958579844748174,-0.04179972332608853,2.6151976669212,-0.8091024049139722
FRB20221118B,0,True,FRB20220912A,0,-1.3157800600066898,0.23997869541308214,-0.12068345451101327,-0.3155496339956675,0.0531171906926026,-0.2422185359741267,-0.33185417312913634,-1.1090182018154495
FRB20221129A,0,True,FRB20220912A,0,-1.3154260933913713,1.2278110515949703,-0.5228689005017764,0.6782381813594683,0.25716347213872837,-0.3535724343038859,-0.022535301765513403,-1.1392152032842968
FRB20221129A,1,True,FRB20220912A,0,-1.3154260933913713,1.218584913611265,-0.5228689005017764,0.6782381813594683,2.671172176045959,-2.180042059853942,0.5893345240032091,-1.5262298343544225
FRB20221129A,2,True,FRB20220912A,0,-1.3154260933913713,1.3074533735895961,-0.5228689005017764,0.6782381813594683,-0.1147936934148402,0.12122545733643258,0.0012777393848465478,-0.2725407189505073
FRB20221129B,0,True,FRB20220912A,0,-1.2929230541321386,1.4334914969750783,-0.7223677977526842,0.39772791476194186,-0.1369892492444343,0.19720450330184447,0.6402192329876625,0.6366560735741081
FRB20221129B,1,True,FRB20220912A,0,-1.2929230541321386,0.9730342259069199,-0.7223677977526842,0.39772791476194186,0.9542639732190458,-0.3141705189846585,2.080782890788911,-0.7293987547785111
FRB20221129B,2,True,FRB20220912A,0,-1.2929230541321386,1.6633404521881399,-0.7223677977526842,0.39772791476194186,-0.2221321564431456,0.2644941054016154,0.4389363693693568,1.3237919233244106
FRB20221129C,0,True,FRB20220912A,0,-1.3081738634115194,1.3679237515121938,-0.7943809795411918,-0.08058388907890121,0.25311819191501966,-0.6776317574335317,-0.40128798785176484,-1.3598381936077124
FRB20221129E,0,False,,0,2.520644751976799,0.21639644107533612,-0.9094373675626729,0.2573491168858324,-0.2560044363429303,0.28410318763133896,-1.0610345595122637,1.3237919233244106
FRB20221130A,0,True,FRB20220912A,0,-1.291324940614783,1.8173933653667957,-0.7732512976250951,0.147698659287393,-0.09397944767929345,0.1496699130465378,0.47277595416197354,0.07503293060928694
FRB20221130B,0,True,FRB20220912A,0,-1.2805208633328298,1.9755863060564907,-0.8284225287947622,0.5430382337007881,0.3957372648913822,-0.619317154154272,-0.1358352449230155,-1.299238768891318
FRB20221130C,0,False,,0,0.632836161684005,-1.0875627227871498,0.110240114073755,-0.36181721554952834,-0.058422206418973915,0.045985832420114676,-0.023788619720795507,-0.5769757949833768
FRB20221130D,0,True,FRB20190208A,0,0.2710461209789736,-0.15732266458374328,-0.702653704170798,-0.47480202020144924,0.30023877046233743,-0.17347742114851375,0.5958517773706761,-0.8505976042112999
FRB20221130D,1,True,FRB20190208A,0,0.2710461209789736,-0.011333201478902313,-0.702653704170798,-0.47480202020144924,0.939328524455667,-1.0175057144472621,0.1581931473861658,-1.3861321812812666
FRB20221130D,2,True,FRB20190208A,0,0.2710461209789736,0.4198481839070673,-0.702653704170798,-0.47480202020144924,-0.1335365774997172,0.08508856027563297,-0.3278435556722336,-0.6182655725020048
FRB20221201B,0,True,FRB20220912A,0,-1.2945013807731043,1.8090713622076506,-0.6762266687808623,0.559300804369267,-0.10828276826518853,0.05803890968767228,-0.2704415933203133,-0.6153896676002099
FRB20221201C,0,True,FRB20220912A,0,-1.2980066698022728,1.4265166959671576,-0.7893880685182423,-0.629019253071883,-0.129292465042362,0.12736630071997562,-0.08319589080116717,-0.26884312693391377
FRB20221201D,0,True,FRB20220912A,0,-1.30625331791624,1.380841594250204,-0.7093511551025438,-0.0007977911006967924,-0.09337207872473877,0.012081581489918652,-0.33686744495026477,-0.752405993992871
FRB20221201E,0,False,,0,-0.10026229420769701,-0.6518034398781369,-0.30273197678417657,-1.1596585791609724,-0.2632392123269164,0.2770913460122304,-1.0610345595122637,0.2744974777266393
FRB20221201A,0,False,,0,-0.6368687406258234,0.8668623657564384,2.4226158102658144,2.4073985508017133,-0.26488462848633243,0.28825663722718425,-1.0610345595122637,1.3237919233244106
FRB20221202A,0,True,FRB20220912A,0,-1.3199037569708278,1.0053578009968798,-0.6853078806532321,-0.5498152514161079,10.983528722641903,-5.802781629004426,1.7855011805244478,-1.6453744660002148
FRB20221202A,1,True,FRB20220912A,0,-1.3199037569708278,-0.7036633150444986,-0.6853078806532321,-0.5498152514161079,6.1055262022346986,-3.1985379519784605,1.7416350520895743,-1.521299711665631
FRB20221202B,0,True,FRB20220912A,0,-1.316625492626765,0.7675066094631676,0.010992032250976119,0.4698043157671448,-0.07085790136275164,-0.31197748593273145,-0.6920577534772127,-1.3111532320558972
FRB20221202C,0,True,FRB20220912A,0,-1.3175099457140078,-0.3508367363446517,-0.43237876255074575,-1.0289842867594143,0.11484723879579051,-0.7559917656028746,-0.6283892013488819,-1.4171508698649125
FRB20221202D,0,False,,0,1.0923260244144235,-4.2135700276817785,-0.47383447588476213,-0.9291966983250621,-0.24398856812547856,0.2712163790018904,-0.5416595988433603,1.3237919233244106
FRB20221202E,0,False,,0,0.7000071835142891,0.994479897102198,-0.7620435521390289,-0.363461869691521,-0.2686469277939533,0.2892862141989048,-1.0610345595122637,1.0748207275404444
FRB20221202F,0,False,,0,0.6212368145826077,0.64789324480357,-0.46073322297222286,-0.21877856196784914,-0.23890970639983802,0.25166176090974657,-0.6394183993553644,0.26032337499636404
FRB20221203C,0,True,FRB20220912A,0,-1.3020339955773463,1.4368993307693054,-0.6237134015932813,0.13144115066869205,1.304845954143568,-0.5950020390451993,1.611540648331292,-1.0276711774503913
FRB20221203D,0,True,FRB20220912A,0,-1.3053560026420998,1.3236496948258833,-0.8152444726268618,-0.808301985058492,0.11353832552151467,-0.2146733244955893,-0.12004343868646099,-1.0418452801806666
FRB20221203D,1,True,FRB20220912A,0,-1.3053560026420998,1.4537725834480388,-0.8152444726268618,-0.808301985058492,0.03783016065791712,-0.06476472461700308,0.013058928164498313,-0.8179355413980568
FRB20221203E,0,True,FRB20220912A,0,-1.3001700588780953,1.5117573334559145,-0.720504908913981,-0.08311762374790613,0.11477174988125449,-0.1832976091693606,-0.047100333689042616,-0.9941874275223497
FRB20221203F,0,True,FRB20220912A,0,-1.3121379385576457,1.6580963964963096,-0.6926939938035602,-0.3993361367309382,-0.059377332201560544,-0.11570683322594269,-0.4657085307532649,-1.0030205640064342
FRB20221203G,0,True,FRB20220912A,0,-1.3138648183305486,1.1304783374277265,-0.6575849755665487,-0.6820055157672616,-0.029562589928282052,-0.0014191751711164875,-0.06615076660933057,-0.7123487471464408
FRB20221203H,0,True,FRB20220912A,0,-1.3015721139113121,1.4657314165260753,-0.8920472547855539,-0.09205615777072945,-0.05092478271148932,-0.16666551086248999,-0.5113293043255335,-1.0757398736661075
FRB20221203I,0,True,FRB20220912A,0,-1.3104621543039607,1.6160481159327529,-0.7364992761524349,-0.45144520871171046,-0.012680809298458062,-0.05055121753915483,-0.15212837834168283,-0.8325204876857314
FRB20221203J,0,True,FRB20220912A,0,-1.3067866965079962,1.6564666946993984,-0.7386564597229489,-0.385083163889129,-0.0664477792699889,0.007735953353368434,-0.21705024842529574,-0.7308367072294086
FRB20221203J,1,True,FRB20220912A,0,-1.3067866965079962,1.2877996767666264,-0.7386564597229489,-0.385083163889129,-0.11922016358191932,-0.20558129233900274,-0.7339185731836348,-1.3035526262440105
FRB20221203J,2,True,FRB20220912A,0,-1.3067866965079962,1.2511302221617255,-0.7386564597229489,-0.385083163889129,0.08315545522347319,-0.4649281095044307,-0.506316032504405,-1.28670804039064
FRB20221203K,0,True,FRB20220912A,0,-1.298436732097965,1.6060577323189127,-0.7435070298628856,0.8229344229997114,-0.05979273523979299,-0.05767440543826666,-0.3606804861006247,-0.8945578648530232
FRB20221203K,1,True,FRB20220912A,0,-1.298436732097965,1.5756557367597246,-0.7435070298628856,0.8229344229997114,0.12004046177199322,-0.32973282348206234,-0.29425463447067324,-1.1706447354253422
FRB20221203K,2,True,FRB20220912A,0,-1.298436732097965,1.4508464510881234,-0.7435070298628856,0.8229344229997114,-0.07689334400353548,0.11554313753359073,0.2865329060070531,-0.20536779731572438
FRB20221203L,0,True,FRB20220912A,0,-1.292248635174901,1.6887546346217561,-0.5511293898145445,0.5766169900800348,-0.14482290518873567,0.1332063906123342,-0.1837119908147918,-0.3432058108231842
FRB20221203M,0,True,FRB20220912A,0,-1.2870178737159377,2.002476676810583,-0.9905210342658897,-1.1543413242014031,0.02651912236892145,-0.38320834054937597,-0.5461715434823758,-1.2489104331099057
FRB20221203N,0,False,,0,1.5560104786274271,-0.5469695102380349,0.1359647564079082,-0.15191074370448981,-0.248775185246723,0.2632255260329882,-0.8905833175938977,0.3683752305923757
FRB20221203O,0,False,,0,0.5305305631356325,-1.1207814030885925,-0.2851200655080452,-0.8132403878109071,-0.1412555553250374,0.05945796739333444,-0.45919127738579796,-0.7975987853067923
FRB20221204A,0,True,FRB20220912A,0,-1.2951672450917535,1.6459165997719696,-0.7816851298148284,-0.4179113398751879,0.007849021280236968,0.07580194805025497,0.6214194636584309,-0.28240096432809014
FRB20221204B,0,True,FRB20220912A,0,-1.3174951933136596,0.7407444998179229,-0.6025595265416737,-0.2984369891461243,-0.04867742285450162,-0.12809995582526906,-0.45016738810776685,-1.0151404489497131
FRB20221204D,0,True,FRB20220912A,0,-1.3043784562498328,1.397567531274121,-0.9066194302855168,-0.2849045712487039,-0.25584412678336244,0.28147460634122307,-1.0610345595122637,1.3237919233244106
FRB20221204F,0,True,FRB20190303A,0,-1.2983074150617882,0.7258174822038764,0.06489998991785016,0.9065910252912872,0.2705949648325651,-0.11570765608273866,0.7547724941004467,-0.733507190352504
FRB20221204G,0,False,,0,1.4848521005774722,-0.13676423899180862,0.32700185751701627,0.6772422830495144,-0.2296486473687234,0.24862002357621332,-0.3922640985737337,0.48156263065587845
FRB20221205K,0,True,FRB20220912A,0,-1.3172200752507077,-0.02136890304592498,-0.4430517524481759,-0.9013596634572341,0.08458402126653215,-0.4337058174146433,-0.4782417103060859,-1.2657550189632765
FRB20221205B,0,True,FRB20220912A,0,-1.2882132902196273,1.3500822485208162,-0.32707357107130614,1.256667571696481,0.5160463816807251,-0.21044516671153374,1.1866658614906593,-0.777672872772927
FRB20221205B,1,True,FRB20220912A,0,-1.2882132902196273,1.4968824381640566,-0.32707357107130614,1.256667571696481,-0.11405951261494501,0.19209454712930843,0.922466436517192,0.6927362191591104
FRB20221205C,0,True,FRB20220912A,0,-1.2661603713757454,1.398494426291503,-0.7734418608847785,-0.6464986871371503,2.0711210334427035,-0.8000999496512057,2.3713019928233026,-1.0256169596633948
FRB20221205D,0,True,FRB20220912A,0,-1.2823637883015835,2.047343355084029,-0.7330632655236924,-0.06901518882112033,-0.07970522875035184,-0.1285771029685085,-0.549179506575053,-1.0868326497158882
FRB20221205E,0,True,FRB20220912A,0,-1.296034579253729,1.6691871911071288,-0.9139649087595683,-1.5113145667797068,-0.14801977610605938,0.07029784771858413,-0.46871649384594194,-0.7871222745931106
FRB20221205F,0,True,FRB20220912A,0,-1.3187280735762743,2.0629021357456487,-0.472718081304844,1.3867924085678216,0.13367162576840194,0.08082060793055368,1.7471496510928155,-0.013298434231559119
FRB20221205F,1,True,FRB20220912A,0,-1.3187280735762743,0.41353221108328414,-0.472718081304844,1.3867924085678216,-0.26667997429076856,0.29027972411858777,-1.0610345595122637,1.3237919233244106
FRB20221205G,0,True,FRB20220912A,0,-1.3066992909209607,0.9924577511563869,-0.4545654193832087,1.1426128594203342,0.03052516706897049,0.14004308256909825,1.81056753963009,0.09865643515974577
FRB20221205G,1,True,FRB20220912A,0,-1.3066992909209607,1.9112114463265055,-0.4545654193832087,1.1426128594203342,1.788485467725989,-0.6319230568832868,2.548019824518079,-1.093816990191676
FRB20221205H,0,True,FRB20220912A,0,-1.2987289604845758,1.9598483157661972,-0.7836046354632795,0.04515205005236715,-0.1593144901675045,0.04428446754153979,-0.5942989529652086,-0.9543356024546191
FRB20221205I,0,True,FRB20220912A,0,-1.3161365751868788,0.06347413516009573,-0.6063039657833499,-0.9573468177462512,0.06228066030607381,-0.22874534201741836,-0.28698539033003706,-1.088065180388086
FRB20221206A,0,True,FRB20220912A,0,-1.2994257123318271,1.805627128647868,-0.5533758262587319,0.46903710478954364,0.19862620668492162,-0.17203319268053854,0.25269332121443633,-0.9198247436330792
FRB20221206A,1,True,FRB20220912A,0,-1.2994257123318271,1.510284494219999,-0.5533758262587319,0.46903710478954364,-0.24842782256409293,0.1166956799057699,-1.0307042649944367,-1.2466507935442097
FRB20221206B,0,True,FRB20220912A,0,-1.3138514482524979,0.7018944531568145,-0.7384749991800118,-1.2355796353349096,0.06369228160954506,-0.2852575337941472,-0.3654430943306967,-1.1507188228914769
FRB20221206C,0,True,FRB20220912A,0,-1.3156675343321103,0.3486712779522313,-0.36626088542746565,-0.46790603028173494,0.5174047512127329,-0.11007004789003799,1.9236168191965357,-0.46440466025597293
FRB20221206D,0,True,FRB20220912A,0,-1.2689834267957425,1.926337897271171,-0.6076494263703192,0.5981296435884627,0.032143660821315416,0.0008671036916127734,0.2607145561282418,-0.6215523209611991
FRB20221206E,0,True,FRB20220912A,0,-1.3051180778826577,1.0397562924299186,-0.7408947557159525,0.3115183419739594,2.0142349708357687,-0.7353175355938991,2.5427558891058943,-1.1164133858486367
FRB20221206E,1,True,FRB20220912A,0,-1.3051180778826577,1.1319145595256914,-0.7408947557159525,0.3115183419739594,0.20567488520299534,-0.021271956144091983,1.0648433562372388,-0.4701564700595629
FRB20221206E,2,True,FRB20220912A,0,-1.3051180778826577,1.2927895109487215,-0.7408947557159525,0.3115183419739594,-0.1945783814355848,0.19361913910757997,-0.30879312275194565,-0.1766087482977745
FRB20221206F,0,True,FRB20220912A,0,-1.3165005606535263,0.4615841473648808,-0.596691120168975,-0.6991922507032511,-0.04202602838975435,-0.2775781859463378,-0.6033228422432397,-1.2162483702966627
FRB20221206G,0,False,,0,1.205819762907883,0.4382240051320979,-0.7113954426183435,-0.9909016318582606,-0.10898364102192167,0.14565922019705504,0.2637225192209188,-0.0317863943145269
FRB20221206H,0,False,,0,-0.48021070231770124,-0.8305193191813478,1.3747376540276681,0.3909506069856068,-0.17650668348208376,0.01959813317237181,-0.7191294213113061,-1.110456154266347
FRB20221206I,0,False,,0,0.5955971766749398,-0.47365977899798944,2.3519566708544954,1.7677740571248384,-0.24130993381126667,0.2828835390828023,0.5800599711341216,1.3237919233244106
FRB20221206I,1,False,,0,0.5955971766749398,0.17580378057391047,2.3519566708544954,1.7677740571248384,-0.2515254884087038,0.28697457241491814,-0.7557263056055434,1.3237919233244106
FRB20221207A,0,False,,0,-0.10789605964600302,0.2959697604072156,-0.4344684010525641,-0.14833222564486548,-0.08707805786945194,-0.61324933731244,-0.84070126297367,-1.5262298343544225
FRB20221207B,0,True,FRB20220912A,0,-1.25602122479066,1.9500024583097293,-0.537450558583147,0.18075686389271314,0.0666501389188337,0.13103054043134102,2.053711222954818,-0.0909478665800238
FRB20221207C,0,True,FRB20220912A,0,-1.283050995735094,1.3712506758947807,-0.6498570128277342,0.13756337611825176,0.6085841344241075,-0.12163783767202448,2.269532574854396,-0.6445595601755589
FRB20221207D,0,True,FRB20220529A,0,-1.1324381668686523,0.37455490349085324,-0.32862713659474324,-1.141242966912134,0.22060605402867509,-0.25080941702705895,0.0995378670789634,-1.0338338308113806
FRB20221207E,0,True,FRB20190907A,0,-0.7553096643717907,-0.10147568518459993,-0.629044596055921,0.08590677844134237,-0.10990060722233672,0.019006155071295848,-0.3997840063054263,-0.8029397515529829
FRB20221207E,1,True,FRB20190907A,0,-0.7553096643717907,0.30086558024264626,-0.629044596055921,0.08590677844134237,-0.051394639910262704,-0.2050642141563986,-0.5574514050799149,-1.1400368903990954
FRB20221207E,2,True,FRB20190907A,0,-0.7553096643717907,-1.576915592310414,-0.629044596055921,0.08590677844134237,-0.09862098662209466,-0.3503811044848695,-0.769763466704703,-1.3955815831014502
FRB20221208D,0,False,,0,-1.035418428478911,-1.5720674425092251,0.29146977846006605,-0.38993330505166124,-0.2112609223369707,0.21074134071590991,-0.4190851028167707,-0.15503946153431208
FRB20221208E,0,False,,0,-0.7922351674276638,-0.6728111780334246,0.9839517430064441,0.3416736908246662,-0.25669297291634435,0.26391271650500836,-1.0610345595122637,-0.02254241427304301
FRB20221209B,0,False,,0,-0.3428321770753154,-0.8056322589439165,0.11927823479621799,-0.5560135601528642,-0.25421139247215924,0.27724739754626554,-1.0610345595122637,1.14630750652792
FRB20221209C,0,False,,0,-1.8186016765918687,-1.176307584238665,0.22311841173940852,-0.40304118988020204,-0.2538493780918927,0.2620727779427048,-1.0610345595122637,0.04237086779604386
FRB20221209D,0,False,,0,-0.9650361736572225,1.285822958683337,0.054999644240894784,2.024272329966322,-0.2549024173831455,0.2834741596728964,-1.0610345595122637,1.3237919233244106
FRB20221209A,0,False,,0,0.78227505491074,-1.1369872207617935,2.3290788134024,1.5931383900111293,-0.173702172120038,0.06001943078960577,-0.6414237080838157,-0.9750832021032829
FRB20221210A,0,False,,0,1.1836387113092468,-1.8106874568098112,-1.2152739685785345,-1.1647942647565885,-0.23619702039143156,0.24047982271286553,-0.6667407307805142,-0.03794904767551616
FRB20221210B,0,True,FRB20220912A,0,-1.2823716655878055,2.1221518260594374,-0.8548882880290111,-0.7454499355587042,0.013159366757985798,-0.08330016776500872,-0.1410991803352003,-0.8840813541393415
FRB20221210D,0,False,,0,-0.702565744773707,-1.3909770487274566,0.8516690883563104,0.01340433719736252,-0.2446049834801122,0.2614244254893475,-0.7354225547299734,0.49142287603346124
FRB20221210E,0,True,FRB20220912A,0,-1.2949723868080707,1.8895233720794482,-0.42769481425340383,1.7146259106724886,0.36001497174257946,-0.3116832493282084,0.3188685092533314,-1.0463645593120587
FRB20221210E,1,True,FRB20220912A,0,-1.2949723868080707,1.5893024426341422,-0.42769481425340383,1.7146259106724886,0.33517135700108386,-0.42230653979987365,0.02659476208154502,-1.1755748581141336
FRB20221210E,2,True,FRB20220912A,0,-1.2949723868080707,2.02118093947882,-0.42769481425340383,1.7146259106724886,0.03147746850384666,-0.2352736302084954,-0.37797627388351773,-1.1116886849385448
FRB20221210F,0,False,,0,-1.0972832178691179,0.3033553565667378,0.2373860631573386,-0.5974660630499192,-0.28175072660051503,0.3080233303620938,-1.0610345595122637,1.3237919233244106
FRB20221210G,0,True,FRB20220529A,0,-1.1327280962784716,-0.14567275121236536,-0.08184213782540052,-0.13657517281341067,-0.020504482506647936,-0.04137377673964576,-0.1581443045270369,-0.8173192760619579
FRB20221210H,0,False,,0,1.2870052523445843,-1.5746349781799214,-0.4101244114772321,-0.6457844789631079,-0.2793590875786431,0.2986583897183163,-1.0610345595122637,1.088378564934621
FRB20221210I,0,False,,0,-1.0007659358461025,-0.8593159204969185,0.25931138413775195,-0.04676521656257665,-0.19875302288098828,0.25165206127275425,0.8161850739092696,1.3237919233244106
FRB20221210I,1,False,,0,-1.0007659358461025,0.04085788421597155,0.25931138413775195,-0.04676521656257665,-0.19750447556159076,0.22347573743281604,-0.006242168346846068,0.4540361123101264
FRB20221210J,0,False,,0,0.4742874214986881,-0.06706277616507954,-0.7181572757753553,-0.8672527509901001,-0.22265055576704806,0.19095879640506103,-0.6963190345251717,-0.6110758102475173
FRB20221211A,0,True,FRB20220912A,0,-1.2933196377227945,1.5087014238325822,-0.47349426971873526,0.7748628497141667,-0.03696419104651117,0.020142009261288462,-0.018023357126497833,-0.6470246215199547
FRB20221211B,0,True,FRB20220912A,0,-1.2992253846779989,1.760431507649947,-0.9224560357603744,-0.7690113221308467,-0.0007819832533238811,-0.17345916140088682,-0.3749683107908407,-1.0510892602221504
FRB20221211C,0,True,FRB20220912A,0,-1.2933514243372157,2.0838478559580613,-0.6164435759708649,0.3359879813961164,0.10481463776798804,-0.4340302787677775,-0.4408928352386793,-1.2600032091596864
FRB20221211D,0,False,,0,-0.5513523234960238,-0.8356068756882779,0.2332336764400459,-0.20241717620903715,-0.04644019189704119,0.07869806548032762,0.24191478679901027,-0.3865498061288086
FRB20221211E,0,False,,0,1.4314440157327821,-0.7274663804158176,2.3527397085812116,1.397455821442663,-0.24778831941755672,0.2746687309237783,-0.7106068592153878,1.3237919233244106
FRB20221213A,0,False,,0,-0.657967445247187,-0.7629170023125559,0.9587865218045598,0.5803395760063198,-0.18539980835957953,0.07606240463461257,-0.6785219195601659,-0.9828892296938694
FRB20221213B,0,True,FRB20220912A,0,-1.282845871123889,2.208934094108686,-0.5919712220098581,0.28883431750187605,-0.05235208328001389,-0.6085138312159476,-0.7915711991266116,-1.4812424648192009
FRB20221213C,0,True,FRB20220912A,0,-1.3074225146951564,0.70366844794807,-0.6814038941703224,-0.6573139401339297,-0.012581039754702619,-0.12985028554388892,-0.3366167813592083,-0.9925440532927525
FRB20221213D,0,True,FRB20220912A,0,-1.2947302324603216,1.3920058413077834,-0.5039385742030185,-0.5122209727071821,-0.07932393774752973,0.10837078591286749,0.20657122046005497,-0.2684322833765145
FRB20221213E,0,True,FRB20220912A,0,-1.3074918365326857,1.6872159036349055,-0.4410642530771988,0.9135343277885325,0.03467225009149948,-0.2808520481521993,-0.4286103192769147,-1.1591411158181621
FRB20221213G,0,False,,0,-0.5432878168484548,-0.6981287525721515,0.3892680886836511,-0.16703552565974125,-0.18321794539514077,0.06455905814361569,-0.686292490882915,-1.01123743515442
FRB20221213H,0,True,FRB20190224D,0,0.6890162551161718,-0.0017125479142579318,0.8835558041870244,0.22322633712282144,-0.24355528438876878,0.2560876342237563,-0.7484570614649073,0.2627884363407597
FRB20221213I,0,False,,0,-0.07378017386441581,-0.28244866170769983,0.6580058713273695,0.4599221758159156,-0.24037891288505764,0.2708831205422732,-0.3275928920811772,1.3237919233244106
FRB20221214A,0,True,FRB20220912A,0,-1.2978786100230728,1.7671304485665227,-0.7380807015258043,-0.3946915799530114,-0.02825156716610288,-0.36036278777924363,-0.6369117634448002,-1.2778749039065553
FRB20221215A,0,True,FRB20220912A,0,-1.316021034404556,0.308460647793795,-0.4160448033769109,0.03820783519006205,0.2634557937486567,-1.2794435861297684,-0.6569648507293138,-1.535062970838507
FRB20221215A,1,True,FRB20220912A,0,-1.316021034404556,0.46118206706091097,-0.4160448033769109,0.03820783519006205,0.03082342783795294,-0.878246710265225,-0.7667555036120259,-1.5026063298039636
FRB20221215B,0,True,FRB20220912A,0,-1.3077151559300817,1.3409827871229845,-0.7109243313084714,-1.534949852269006,-0.1502760820992225,-0.6318906753504124,-0.9286841834344737,-1.6088093893916786
FRB20221215C,0,True,FRB20220912A,0,-1.302086451549284,1.5166056050815346,-0.6650820219242977,-1.0524944697126715,-0.034548363044419134,-0.17364694716118495,-0.4732284384849575,-1.0716314380921146
FRB20221215D,0,True,FRB20220912A,0,-1.3089529184153346,1.4274010691419106,-0.7336447108987956,-0.7298120044601102,0.07881228766200606,-0.1729311823691612,-0.13408059978562054,-1.0005555026620385
FRB20221215E,0,True,FRB20220912A,0,-1.2971631923033893,1.7079708109528395,-0.47048384010120625,0.45264820121784427,-0.06317165858406952,0.01996327346139274,-0.1581443045270369,-0.6856439159154873
FRB20221215F,0,False,,0,-1.2279167910489057,-0.794451837256406,0.7713835630806049,-0.08333190325683995,-0.2505256780026784,0.25969575703661213,-0.9728009754604037,0.1042028231846361
FRB20221215G,0,True,FRB20180916B,0,-0.5580809386569645,0.4982641499684562,0.3043063669596858,0.5153068645434753,-0.11608882610186312,-0.2270195360182145,-0.7401851629600454,-1.3197809467612822
FRB20221215H,0,False,,0,-0.9694859570388475,-1.111896192263406,4.136074757373039,2.741015734143367,-0.26939692105642676,0.2407281783560048,-1.0610345595122637,-0.8779187007783523
FRB20221215H,1,False,,0,-0.9694859570388475,-0.6120511293928734,4.136074757373039,2.741015734143367,-0.24490671783939424,0.24417973421081599,-0.8615063410313529,-0.19735634794643836
FRB20221215J,0,False,,0,0.6919014429016507,-0.2476457335411435,1.2385695383120088,1.3478136745259635,-0.008209002438716523,0.06832592458908619,0.43993902373358246,-0.36662389359494335
FRB20221216A,0,True,FRB20220912A,0,-1.299640822261923,1.5284798755502116,-0.36773095909511466,0.6585137924300365,0.27719279733026375,-0.2319528252771347,0.31310324665903366,-0.9740560932097847
FRB20221216A,1,True,FRB20220912A,0,-1.299640822261923,1.7264908155522902,-0.36773095909511466,0.6585137924300365,-0.0951979157654808,0.037829694156169276,-0.2669323030455234,-0.6687993300621168
FRB20221216B,0,True,FRB20220912A,0,-1.3180332388620435,1.3938938553729059,0.3889901863799685,2.181542225282274,0.2249951572542639,-0.5022395080865216,-0.2914973349690526,-1.2708905634307675
FRB20221216B,1,True,FRB20220912A,0,-1.3180332388620435,1.520298089001771,0.3889901863799685,2.181542225282274,0.07050399540446534,-0.4558913536257758,-0.5216065115588466,-1.2846538226036435
FRB20221216C,0,False,,0,-0.07591857376580793,-0.7688875598044802,0.6983303358936398,-0.12406386231213883,-0.23711428514339428,0.27682105924018335,0.2860315788249403,1.3237919233244106
FRB20221216D,0,True,FRB20220529A,0,-1.1327999500227288,-0.39549476838761916,1.0986644103153234,0.2918868692750715,0.05845266152802123,0.06948389999990225,0.9487861135781162,-0.20988707644711652
FRB20221216E,0,False,,0,-0.07112143643909437,-0.152888856189461,-0.30133441306710096,-1.000888671952301,-0.2347734435346327,0.26007553640959186,-0.3534112419599885,0.9353393398033876
FRB20221216F,0,False,,0,0.1962209695346153,-0.9757035556513636,-0.33830327077912165,-0.9430183333617075,-0.27986844962696955,0.29476563508121456,-1.0610345595122637,0.22006070637123418
FRB20221217B,0,True,FRB20220912A,0,-1.2866079859504633,1.9316968728164154,-0.14236252898052348,1.1943623725344001,0.0059734185972505575,0.08773157810860731,0.7229382180362812,-0.1996159875121344
FRB20221217C,0,True,FRB20220912A,0,-1.3087085237744343,1.5601623640768136,-0.6251633262238258,0.7176405767388518,0.004124636204948582,-0.4131892792050467,-0.6108427499749324,-1.2770532167917568
FRB20221217C,1,True,FRB20220912A,0,-1.3087085237744343,1.4591559450510165,-0.6251633262238258,0.7176405767388518,-0.01918499777942302,-0.7149965663131292,-0.7797900103469598,-1.489870179524586
FRB20221217D,0,False,,0,0.31951621778895123,-1.2120017492844388,-0.1888164398746197,-0.9893711022126771,-0.2636017165196549,0.27210619296545224,-1.0610345595122637,-0.03219723787192618
FRB20221218A,0,True,FRB20220912A,0,-1.27716495073134,1.9287621420320349,-0.8027750161710803,-0.07522710559424127,0.17670362329375133,-0.15403752998793022,0.23715217856893828,-0.9005150964353129
FRB20221218B,0,True,FRB20220912A,0,-1.317337571243347,-1.1374727709233883,0.14356489945102552,-0.525296235848284,0.013796742046212422,-0.32820410206650336,-0.5248651382425802,-1.2107019822717724
FRB20221218C,0,False,,0,-0.45484779809607623,-0.5943281843634799,-0.1243832836210948,-0.7480178882381121,-0.20397993287657387,0.07366552224601088,-0.7900672175802731,-1.09730916042957
FRB20221219B,0,True,FRB20220912A,0,-1.2916995060054248,1.707893536994775,-0.7860129620088963,-0.1932484788435983,-0.12278092298057294,-0.15758327605989145,-0.7075988961227108,-1.2530188686838986
FRB20221219C,0,True,FRB20220912A,0,-1.2892386695714884,1.918361185962597,-0.5519922636457196,-1.071064207956667,-0.18425986561825472,0.1413701011934889,-0.4925295349963019,-0.6295637703304852
FRB20221219D,0,True,FRB20220912A,0,-1.3081259801048428,2.1601543277137325,-0.760724727919243,-0.12403643934905953,-0.37477512442059974,0.37638309713173423,-1.0610345595122637,-1.5946352866614033
FRB20221219E,0,True,FRB20220912A,0,-1.3140140587287397,1.6346943648160992,-0.05666306014674374,0.9415443882654743,-0.03660960891420408,-0.33502834705412593,-0.6361597726716308,-1.2684255020863717
FRB20221219E,1,True,FRB20220912A,0,-1.3140140587287397,1.197608759568799,-0.05666306014674374,0.9415443882654743,0.08652598487363464,-0.314179035075507,-0.3496512880941422,-1.1694122047531443
FRB20221219F,0,False,,0,1.01078991091929,0.5389326551513288,-0.2498919888873895,-0.277908426354805,-0.23477031032750115,0.24516792176742835,-0.5870297088245724,0.15679079853174446
FRB20221220A,0,True,FRB20220912A,0,-1.304102290973092,1.3072364299509807,-0.6304086405937519,0.3632868400748967,0.05057604073724313,-0.006838168762792577,0.31736452770699286,-0.6254553347564923
FRB20221220B,0,True,FRB20220912A,0,-1.2945462479568606,1.7829928350384532,-0.5868219404877989,-0.3935609298580667,-0.12497533553736938,0.17922343474800448,0.49884496763184133,0.3507089576242065
FRB20221220C,0,True,FRB20220912A,0,-1.3060827012527185,1.3903196017158945,-0.2772710107110361,1.1439679288139761,0.01104933312662228,-0.5236122141807645,-0.6637327676878372,-1.347923730443133
FRB20221220D,0,True,FRB20220912A,0,-1.2897050200488076,1.600612325377747,-0.4227401813174895,0.4191970296128192,0.06528561553984481,-0.3729126925102138,-0.46019393175002365,-1.2279574116825422
FRB20221220E,0,False,,0,-0.14986693546913168,-0.0346275320339098,0.05099509441023182,-0.4818243211803203,-0.24175874220643578,0.26664871777978005,-0.5251158018336366,1.0631116861545649
FRB20221220F,0,False,,0,0.0346508789617826,-0.35505994914731476,-0.47180911095314326,-1.1629129209748152,-0.1329118064574836,0.12666398690435557,-0.11929144791329173,-0.2994509719601604
FRB20221221A,0,True,FRB20220912A,0,-1.3044284775400359,1.3666524533968696,-0.23530149973286552,1.263091789177003,0.1077810854000731,-0.1671550442816062,-0.029553882315093177,-0.9724127189801876
FRB20221221A,1,True,FRB20220912A,0,-1.3044284775400359,0.768799778849366,-0.23530149973286552,1.263091789177003,0.1495696857214804,-0.14946960173093843,0.1584438109772222,-0.9111970289276943
FRB20221221B,0,True,FRB20220912A,0,-1.3126080516649876,1.2129950413357973,-0.615442351493722,1.0220491701517034,0.43709244162100613,-0.687440464272911,-0.14636311574738514,-1.3269707090157696
FRB20221221B,1,True,FRB20220912A,0,-1.3126080516649876,1.6435510950539371,-0.615442351493722,1.0220491701517034,0.3859947195178772,-0.7555754022870522,-0.2799668097804573,-1.3688767518704967
FRB20221221B,2,True,FRB20220912A,0,-1.3126080516649876,1.964181799901055,-0.615442351493722,1.0220491701517034,0.26913382284587667,-0.7502853075687245,-0.4298636372321968,-1.3879809772895633
FRB20221221B,3,True,FRB20220912A,0,-1.3126080516649876,0.3771576213173837,-0.615442351493722,1.0220491701517034,0.5757288554422286,-2.2708002229309567,-0.6637327676878372,-1.6455798877789145
FRB20221221C,0,True,FRB20220912A,0,-1.3055005967917344,1.2669638318954344,-0.44039140839897534,-0.5395348096095149,-0.057573183879332704,-0.02269515718428063,-0.26618031227235417,-0.8086915613565729
FRB20221221D,0,False,,0,0.0123713943629307,-0.46214240019861214,-0.08414237183250242,-0.841428319346106,-0.23400864387251916,0.23811387283518562,-0.6331518095789538,-0.04185206147080936
FRB20221222A,0,True,FRB20220912A,0,-1.3152602507838886,0.7806867687787136,0.10023226498653103,0.3385718629415692,0.21360661590524163,-1.7087887655633642,-0.7782860288006213,-1.6049063755963853
FRB20221222B,0,True,FRB20220912A,0,-1.2936831134534834,1.6546565288930568,-0.5173616677877348,-0.14023709029209122,-0.0001590298130909402,-0.040036818358971195,-0.06590010301827416,-0.7922578190606016
FRB20221222C,0,True,FRB20220912A,0,-1.2962274987341735,2.060051643643279,0.32424129984953787,2.3609540928932096,-0.04354786819093095,-0.10968345541097685,-0.40279196939810336,-0.9812458554642722
FRB20221222D,0,True,FRB20220912A,0,-1.2611856541534883,2.4512037708793244,-0.04512623718210729,-0.33454944358347677,-0.08823561921981578,0.12834188381481829,0.299567412741987,-0.12956716097555648
FRB20221222E,0,True,FRB20220912A,0,-1.3129785906042457,1.512464648289473,-0.41066760781606537,0.07863096779126776,0.10021939663741915,-0.23182374187591306,-0.19022924418225873,-1.0720422816495139
FRB20221222F,0,False,,0,1.007830890540671,-0.27738211653418404,-0.8462393838551896,-1.2264250773331873,-0.1498354626576601,0.1707747496830155,0.060685010465218216,0.07174618215009267
FRB20221222G,0,False,,0,0.859851616486043,1.404692467020367,-0.39466670109312174,0.1323837788872073,-0.27281065081943456,0.29384169097593754,-1.0610345595122637,1.3237919233244106
FRB20221222H,0,False,,0,1.191383178709064,1.2496699416428114,0.9561017408404711,1.4151596390648273,-0.2554960616775412,0.2535221111903207,-1.0610345595122637,-0.3080786866655454
FRB20221223B,0,True,FRB20220912A,0,-1.3102497652288518,0.9754725319487129,-0.13290350705302215,0.2896544887342911,0.11335394598968153,-0.676973950549009,-0.5930456350099266,-1.3869538683960652
FRB20221223C,0,True,FRB20220912A,0,-1.3014887052638568,1.512409047349447,-0.4830743769582689,0.14929076027697497,0.05260300687801359,-0.387476717637047,-0.4987961247727124,-1.2433640450850154
FRB20221223D,0,True,FRB20220912A,0,-1.3001232252315045,1.4995764109892649,-0.30703772171051563,0.3420251358139029,-0.0309360295206526,-0.23472775368335824,-0.5363956634311755,-1.1420911081860918
FRB20221223E,0,True,FRB20220912A,0,-1.3099153951762348,1.2439074340558647,0.33462601740939973,1.4020862090592179,0.016115676231402056,-0.35686157151725545,-0.5451688891181502,-1.2328875343713337
FRB20221223F,0,False,,0,1.637554969303457,1.3951149629102582,-1.0403924789360977,0.17578174328477789,-0.25600238141025605,0.2881725204089073,-1.0610345595122637,1.3237919233244106
FRB20221223I,0,True,FRB20190117A,0,-0.3404937403362826,1.641610357201543,-0.3108211739970786,0.12978290121693098,-0.10971292170503125,0.12412592783714321,0.0667009366505723,-0.23453768989107354
FRB20221224A,0,True,FRB20220912A,0,-1.3148230378331813,1.248386848837678,-0.5199015162400705,0.023765933511378286,0.28406370957071236,-0.38946614448382255,-0.02554326485819045,-1.1636603949495543
FRB20221224B,0,True,FRB20220912A,0,-1.3000896877277222,1.4544167708983091,-0.3291544044833416,0.7773643012543555,0.21916487029751813,-0.13286494212767994,0.4700186546603529,-0.82183855519335
FRB20221224C,0,True,FRB20220912A,0,-1.3100048204361217,1.296714990055709,-0.27848143075894843,0.9390573524639448,0.6250731065833994,-0.677657138095701,0.15017191247236034,-1.2807508088083503
FRB20221224C,1,True,FRB20220912A,0,-1.3100048204361217,1.5586438311626645,-0.27848143075894843,0.9390573524639448,0.18611361736736065,-0.4651775890241472,-0.32207829307793595,-1.2571273042578914
FRB20221224C,2,True,FRB20220912A,0,-1.3100048204361217,1.233948182711942,-0.27848143075894843,0.9390573524639448,-0.040448486549650844,-0.27536114025301994,-0.5978082432399985,-1.2100857169356734
FRB20221224D,0,True,FRB20220912A,0,-1.3026125700384668,1.9178121759287057,-0.6750688689656695,-0.29593395377706566,-0.11801962808230526,0.048996177683145174,-0.35742185941689125,-0.716251760941734
FRB20221226A,0,True,FRB20220912A,0,-1.3049276283192108,1.3073400438522622,-0.2946285814428154,0.27212766715024367,0.06339697703185028,-0.09935024132111442,0.003283048113297912,-0.8756590612126562
FRB20221226B,0,True,FRB20220912A,0,-1.3003379978080418,1.8703301582408824,0.04157918487739773,1.1018183437651194,-0.00937701436510018,-0.23186443629195447,-0.47849237389714233,-1.1283278490132158
FRB20221226C,0,True,FRB20220912A,0,-1.3065019604041979,1.3505172816328448,-0.42606609104220416,0.025033664637656324,0.14515898118107723,-1.1133027184975988,-0.7151188038544033,-1.512671996960246
FRB20221230C,0,False,,0,0.32141992403692177,0.25723974197446,-0.38226617219386627,-0.11508300648955525,-0.16948427941814145,0.1482607782499124,-0.3240836018063873,-0.43174259744272986
FRB20221231A,0,True,FRB20220912A,0,-1.3020235780555696,1.3993875580055541,-0.3846285238626522,0.1296734272407002,-0.17653595444838582,0.18275321826439953,-0.15964828607337544,-0.09012617946522522
FRB20221231B,0,True,FRB20220912A,0,-1.313866567941512,0.8946816621843149,0.07358210436090125,0.6560783375469859,0.11734599532545657,-0.6025444336870902,-0.5459208798913194,-1.3532646966893238
FRB20221231B,1,True,FRB20220912A,0,-1.313866567941512,0.5062576446194524,0.07358210436090125,0.6560783375469859,0.19971136835021888,-0.2838946780644756,-0.028801891541923915,-1.0870380714945878
FRB20221231D,0,True,FRB20180916B,0,-0.5595113550120123,-0.190520087053294,-0.22855833166699704,-0.552994915759813,0.6726422055668432,-0.5768851157135659,0.3983288676182167,-1.2004308933367902
FRB20221231E,0,False,,0,1.1534379983855982,-0.1793567778570462,-0.0343209937277782,-0.3045935244579057,-0.05019663698348238,0.05353272471318543,0.06394363714895168,-0.5282908334315616
FRB20230202A,0,False,,0,1.0133575611103998,-0.725983385748209,-0.1375953924812385,-0.023353409630422328,-0.2985117744921548,0.31875790593034975,-1.0610345595122637,1.3237919233244106
FRB20230202A,1,False,,0,1.0133575611103998,-0.6013312733994935,-0.1375953924812385,-0.023353409630422328,-0.1633053235858105,-0.09999199175347796,-0.7843019549859754,-1.2873243057267387
FRB20230202B,0,True,FRB20220912A,0,-1.3137243307648059,0.4409810006614756,-0.263017159618599,-0.24432731263645088,0.1274942620504653,-0.053888934589072124,0.4512188853311214,-0.6938607870634731
FRB20230203A,0,False,,0,-0.25499902433571353,1.3316461904775654,0.3183204565576269,2.597728093380978,-0.1608400760320124,0.032206131946907565,-0.6246292474830355,-1.0017880333342364
FRB20230203B,0,True,FRB20220912A,0,-1.2679052171597254,2.3255732220959056,-0.3908178126731198,0.7851238181161224,0.027979003725884147,-0.04275497743150056,0.04865315809451003,-0.7694560016249413
FRB20230204A,0,False,,0,-2.1327450791714564,-0.8792728875186264,0.05497131190479249,-0.8293936171568919,-0.09207519342140698,0.07395606294763196,-0.10124366935722945,-0.508570342676396
FRB20230204B,0,False,,0,0.7784347087762036,-0.8811938649363613,0.020554376346559936,-0.47744252022545547,-0.16153325530859453,0.08978951877494856,-0.4970414796353175,-0.7756186549859305
FRB20230204C,0,False,,0,-0.3935333847135328,-0.28468982017965483,0.6855590841446892,1.6783190099318213,0.7082821592303464,-0.17274960089043062,2.2394529439276254,-0.6632529420372264
FRB20230204D,0,False,,0,0.10828122754054012,-1.0377558900983979,0.07623855556262672,-0.35248684220092336,-0.2371076857417941,0.2752009938042108,0.1461612950154576,1.3237919233244106
FRB20230205A,0,False,,0,0.5411741854337888,-0.4939633103937202,2.4327822268825323,2.5005377892737606,-0.1815825091937291,0.1855003650658616,-0.20125844218874125,-0.11703643247487833
FRB20230205A,1,False,,0,0.5411741854337888,-0.1976403023668015,2.4327822268825323,2.5005377892737606,-0.16050899861993137,0.14610420915460273,-0.25063916962685606,-0.36477509758664656
FRB20230205A,2,False,,0,0.5411741854337888,-1.9457604905626078,2.4327822268825323,2.5005377892737606,-0.005401285842751901,-0.0010224405048464569,0.056674393008315484,-0.6792758407757985
FRB20230209A,0,False,,0,0.6304130077878505,-0.8346047450240601,0.8153361032111242,0.17305918704964904,-0.24525198677456675,0.27364766298468357,-0.5589553866262533,1.3237919233244106
FRB20230209B,0,False,,0,0.7294385460719354,-0.5184076474725993,1.2922537452176153,0.34727071283930794,-0.24418033420988758,0.28251361365899597,0.07622615311071629,1.3237919233244106
FRB20230209C,0,False,,0,0.12300920918199666,-0.06286653374349549,0.3850559492271222,0.9753189920063398,-0.2562655239802331,0.28375358309251747,-1.0610345595122637,1.3237919233244106
FRB20230214A,0,True,FRB20220912A,0,-1.3412942087647615,2.288618080770013,-0.7313706868515661,0.20015777389763023,-0.10714941443974695,-0.07190562431550586,-0.5642193220384382,-1.0578681789192386
FRB20230215A,0,False,,0,0.7629738596034339,-0.039271674189189906,-0.5007692972141271,-0.43293639446545695,-0.2712162319877566,0.29625509490132645,-1.0610345595122637,1.3237919233244106
FRB20230216B,0,False,,0,0.33834471172697145,-0.11729109603962018,-0.7144215766771832,-1.3286002152009624,-0.2748365442619703,0.29592099788243165,-1.0610345595122637,1.3237919233244106
FRB20230216C,0,False,,0,1.0800680794734243,0.3236394344402574,-0.6760650135888723,-1.2925200427604266,-0.1576242643026962,-0.12315206694188524,-0.7830486370306933,-1.302114673793113
FRB20230216D,0,False,,0,1.0703043094914857,-0.48992638999239296,-0.419482903616514,-0.9778848722424638,-0.09766954588671208,0.12054261812596687,0.14540930424228835,-0.22673166230048716
FRB20230216E,0,True,FRB20220912A,0,-1.3141484538958557,1.0106062664907778,-0.8643341015207645,-0.5159139584752891,0.036303283046293,-0.17180852829958052,-0.2616683676333386,-1.0258223814420946
FRB20230218C,0,False,,0,0.7714455151690914,0.49298407327574817,-0.40314380214169143,0.5316247311127164,-0.23300488908524897,0.2574430186368532,-0.34163005318033673,0.8373531513636584
FRB20230222A,0,False,,0,0.5929324878419506,1.2146573587058507,1.8033208548917905,3.655612149543611,-0.23504312048838794,0.2589478575479807,-0.38975746266316946,0.8373531513636584
FRB20230222B,0,False,,0,-1.5736066976168406,-0.6247395545913778,1.72803255438895,0.7969140094628672,0.006693335500959447,0.0706862118523958,0.5672761279902441,-0.3193768844940257
FRB20230223A,0,False,,0,0.6942921044173207,-0.19377114439026125,-0.028926505660845505,0.5076179336404859,-0.28628945193357114,0.31227304678119355,-1.0610345595122637,1.3237919233244106
FRB20230223B,0,False,,0,-1.3201161762062381,0.23660065519448645,0.0033682465372550812,-0.24290819228944063,-0.010848397781039146,0.142847924929114,1.3458372418114863,0.3453679913780158
FRB20230223D,0,False,,0,0.6551460562703484,-0.12916745944632416,-0.7255622427930979,-0.18835842214628604,-0.21248642393505837,0.18950931645031363,-0.574245865680695,-0.4896715390360289
FRB20230223E,0,False,,0,0.15397832300377565,-0.6582028627543547,0.10319179740731614,-0.636687973887188,-0.22303497535617717,0.2756675732507745,1.5980048144142454,1.3237919233244106
FRB20230223F,0,False,,0,0.558351001400411,-0.6262935397274425,-0.4882927789146139,-0.1845741304195663,-0.2561438398220636,0.28621395069695177,-1.0610345595122637,1.3237919233244106
FRB20230224A,0,False,,0,0.6498408985193506,0.012505127159094721,-0.9719550574150082,-1.43059271504305,-0.1464451743306463,0.1149467471397393,-0.2945052980617297,-0.511446247578191
FRB20230224B,0,False,,0,-0.6103171442363019,-0.02129257137408517,3.7124466501618576,2.475467322680241,-0.2636652996272759,0.2782968075903173,-1.0610345595122637,0.32852340552464515
FRB20230224C,0,False,,0,1.5333329978767813,-0.4459672648539691,-0.8757202533063458,-1.303931859624417,-0.23916538557748118,0.2655725998696313,-0.4203384207720528,1.1397340096095314
FRB20230225A,0,False,,0,-0.5830464880732696,-0.2889196267393969,-0.48152116166035774,-0.7479754994455718,-0.22064019509534213,0.12071578408274634,-0.8346853367883159,-1.0391747970575713
FRB20230225B,0,False,,0,0.6790848098410467,-0.45674919599315245,0.47769690170117923,-0.2225408300790947,-0.2032150478741487,0.2617155679962758,1.3202695555237314,1.3237919233244106
FRB20230226A,0,False,,0,-0.038545321019776264,-0.9671640734905927,-0.6728649897656286,-1.3117488457058801,-0.17948951002986843,0.2511619409621961,1.6313430720247493,1.0312713104561204
FRB20230226C,0,False,,0,0.08078573338862823,-1.0584694474973546,-0.7068827323343099,-0.04138970256601134,-0.1273334071242874,-0.19256113698477345,-0.7459504255543431,-1.3078664835967029
FRB20230227B,0,False,,0,0.7962663063388042,0.05539684226108823,-0.30225195542056094,-0.3163195484019931,-0.19122379116885782,0.24796574337907767,0.9189571462424021,1.3237919233244106
FRB20230227A,0,False,,0,-0.08984670855983354,0.3536925800945703,0.2260617623740978,-0.20212054276848698,-0.25881686876892285,0.29103644149650293,-1.0610345595122637,1.3237919233244106
FRB20230228A,0,False,,0,-0.9402571421368218,0.1769664163627374,-0.47894262050665226,-0.7972022871860447,-0.19184018999288266,0.24920866036485914,0.9628232746772757,1.3237919233244106
FRB20230301A,0,False,,0,0.7119148111897597,-0.5416875852041465,-0.5936760440656323,-0.9060038777085393,1.8644500932718968,-0.7747041642739075,2.0695030291913725,-1.054786852238744
FRB20230301B,0,False,,0,1.6545179817348692,0.4614740253023771,-0.03015546902285431,1.0800767238742783,-0.23379647910401727,0.1059203869103631,-0.9389613906677868,-1.179888715466826
FRB20230303B,0,False,,0,-1.2540615867706506,-0.43770448416394964,0.22490140540885134,-0.7143201748021875,-0.2594657101343811,0.28990906280569817,-1.0610345595122637,1.3237919233244106
FRB20230303A,0,False,,0,0.818597651422116,1.6188028486278798,-0.6980559738105762,0.3414638898201134,0.11962359309658384,0.09935377014860836,1.9519418049859112,-0.11046293555648978
FRB20230304A,0,False,,0,1.2933857794044412,-2.343268295254882,-0.509577352196838,-0.6385428034862348,-0.10113952248681005,-0.03559919181601692,-0.48124967339876296,-0.9455024659705346
FRB20230305A,0,False,,0,0.7413576357146204,1.3195818130677412,-0.6438830816377421,-0.660856844612837,-0.0177369028293249,0.08623097573093769,0.5178954005521292,-0.2702810793848113
FRB20230305B,0,False,,0,-0.06034808044637031,0.3873282484680477,-0.8303813498822217,-1.2101558110073234,-0.1845620353494601,0.2147320052063557,0.10730843840171243,0.4712915417208964
FRB20230305C,0,False,,0,-0.01680086762071423,0.5761604701769997,-0.45920161851854374,-0.1935834510330802,-0.25763589777887097,0.2931054951708267,-1.0610345595122637,1.3237919233244106
FRB20230306A,0,False,,0,0.4942687996580717,-2.265448896735582,-0.5808711254283078,0.2037573802846422,-0.19811653754817612,0.2418279886311376,0.41737930053850464,1.2882539556093726
FRB20230306B,0,False,,0,0.11560979921480578,-0.029981964122619706,-0.44265150844760864,-0.9927170956684443,-0.23497977896658673,0.2662993385963892,-0.18145601849528403,1.3237919233244106
FRB20230306C,0,False,,0,0.3381981857438354,-1.4141006421089246,-0.21145793360479045,-0.7814466822255919,-0.24792425511788677,0.27383945647320457,-0.7356732183210298,1.3237919233244106
FRB20230306D,0,True,FRB20190208A,0,0.27071212839847336,-0.07773324004418536,-0.43151427231096706,-0.311687243194372,0.8667541230812301,-0.2603342181469251,2.154477986559499,-0.6570902886762371
FRB20230306D,1,True,FRB20190208A,0,0.27071212839847336,-0.047257824993519645,-0.43151427231096706,-0.311687243194372,0.7614923183149804,-0.25814938848210833,1.7814905630675453,-0.7209764618518258
FRB20230306E,0,False,,0,-1.126512041866528,-1.1304377000509802,0.32718889063259815,-0.4097026181382725,0.10914506538246065,-0.13739666676703471,0.05542107505303338,-0.9175651040673832
FRB20230307C,0,False,,0,0.3547862506968495,-0.8264167332496485,0.6373809670367298,0.6977141667219489,0.11167879423613714,0.08491780289781717,1.6105379939670663,0.0631184674447077
FRB20230307D,0,False,,0,-1.3526013680311906,-0.8786526945941233,-0.18466781904612484,-1.2124715402831805,-0.22721717402766622,0.2546712745651715,-0.18646929031641243,0.9297929517784973
FRB20230307E,0,False,,0,2.065064892436539,0.8008255811049585,-0.7113361093996708,-0.16593260743248284,-0.25954773987462015,0.27537598893897514,-1.0610345595122637,0.43698610467805615
FRB20230307F,0,False,,0,1.3699416708785133,0.6683904447094302,-0.4794120417891589,-0.5292416488471466,-0.17377908271053472,0.24846798533624762,1.673454555322228,0.9606062185834436
FRB20230308B,0,False,,0,0.8538716621421047,-0.19894827057938919,0.30654758048988745,-0.17404803762790846,-0.2326571779561211,0.2635097575064472,-0.16065094043760111,1.3237919233244106
FRB20230308C,0,False,,0,0.06098811868431647,-1.0903663650438673,0.9673758615627972,0.2721933383041138,-0.2660028933644554,0.2772867231899158,-1.0610345595122637,0.08797450266736438
FRB20230308D,0,True,FRB20220912A,0,-1.3155602472690668,0.4262182507490587,-0.514819799806082,-0.22180707501096777,-0.015150628252612692,-0.08572475608113839,-0.25364713271953315,-0.91366209027209
FRB20230308E,0,False,,0,0.930351793183964,-1.176198425083769,0.7149641845553332,0.3065339802867094,-0.22297296572622033,0.187681502640743,-0.7121108407617263,-0.6482571521921525
FRB20230309A,0,False,,0,-0.038779613167059,-0.4089643039627899,0.4900461860270929,0.9396252210543187,-0.12251265517504577,0.09216033665837961,-0.2228155110195934,-0.49809383196271423
FRB20230309B,0,False,,0,0.722716838084205,0.8232749829854069,0.5458335998585137,0.7660392004632729,-0.13968832267646977,-0.10618980438344205,-0.7141161494901777,-1.2256977721168463
FRB20230309D,0,False,,0,0.9291455750766097,-2.7454776212349574,-0.5523902099906748,-0.7103999988328809,-0.2643932325499387,0.29320504966984223,-1.0610345595122637,1.3237919233244106
FRB20230309E,0,False,,0,1.48004429598929,-0.2942543843525202,0.05006087701492823,0.10189129203939147,-0.27045852709491514,0.30471866282090615,-1.0610345595122637,1.3237919233244106
FRB20230310A,0,False,,0,-0.06709939961459119,-0.07604750249314303,0.6829634295206233,2.5642222023748227,-0.25150673729263534,0.2797674152976497,-0.9254255567507401,1.3237919233244106
FRB20230310B,0,True,FRB20220912A,0,-1.3063397457034098,0.9208332920355866,-0.7518332766171899,-0.6351158431479708,0.025221073626995365,-0.16753866137815737,-0.28723605392109347,-1.0264386467781934
FRB20230311A,0,False,,0,-0.4863048072562084,-0.3642667145934083,1.5997042486163429,0.782283475307395,-0.17761590393054527,0.2520286523884379,1.7955277241667047,0.9597845314686451
FRB20230311B,0,True,FRB20220912A,0,-1.3144760205340045,-1.3840653618934595,-0.012076206948889312,-0.4882407679084496,0.015415944686354446,-0.1374272296604733,-0.25991372249594363,-0.9853542910382651
FRB20230312A,0,True,FRB20220912A,0,-1.3047195224346817,1.2686275204530215,-0.8986278152680712,-0.8740989995177828,0.02203594567820642,-0.3655511828831868,-0.5406569444791346,-1.2374068135027259
FRB20230312B,0,True,FRB20220912A,0,-1.2972387632595526,1.7132979371956392,-0.5977011576587371,0.7162855979802757,0.18481933954900487,-0.5657618820354114,-0.4170797940883193,-1.3191646814251834
FRB20230313E,0,False,,0,1.900838013254979,-0.05152434297354095,0.30438882795219935,-0.04695275290680395,-0.2348064358184659,0.25649684246759896,-0.42961297364114037,0.6869844093555204
FRB20230313A,0,False,,0,-0.9023625382985906,-1.0657102493355575,0.5360405307118052,-0.47491093067786666,-0.2502937917035482,0.20107817781674786,-1.0264429839464777,-0.9005150964353129
FRB20230313B,0,False,,0,-0.06798372404064568,0.9970664153070118,-0.6919754640280452,-0.4519501964125484,-0.19973616101670869,0.19705318228941954,-0.35391256914210134,-0.20023225284823334
FRB20230313C,0,False,,0,1.0491970736047942,-0.39605722402295,0.19064765880766568,0.8102501551517131,-0.2435492194833152,0.280882481163384,-0.019026011490723516,1.3237919233244106
FRB20230314B,0,False,,0,0.775875956765001,-0.6138341019816616,0.09714164067175117,-0.42388520780572425,-0.25650912202603215,0.2732914650200748,-1.0610345595122637,0.5166897548135172
FRB20230314A,0,False,,0,-0.22066773494306843,-0.9155846574510147,5.913472458380336,2.8639784089369016,-0.1826570459113443,0.2252396947105457,0.36123065614186645,0.8977471543013531
FRB20230314D,0,True,FRB20220912A,0,-1.310539400550896,0.47591690128346414,2.279596055812284,2.5521414444376718,0.3758195557642097,-0.07543883148430078,1.5210510919599243,-0.4851522599046368
FRB20230314D,1,True,FRB20220912A,0,-1.310539400550896,0.7559498270184064,2.279596055812284,2.5521414444376718,0.25795810266966723,-0.03666797710964337,1.2280253540149686,-0.4674859869364676
FRB20230314D,2,True,FRB20220912A,0,-1.310539400550896,0.6946727189836063,2.279596055812284,2.5521414444376718,0.19767795437425478,-0.045663182852118796,0.8397474514685732,-0.5829330265656664
FRB20230315A,0,False,,0,0.912907445715884,-1.8637128765721294,-0.5515495108042631,-0.01628397235991758,-0.2503277279014257,0.27882136964567283,-0.8316773736956389,1.3237919233244106
FRB20230316A,0,False,,0,-0.6383514543902238,-0.26422723206447896,0.9696041035836369,-0.3753070628193248,-0.02891620380566732,-0.046787068999975624,-0.2092796771025467,-0.8397102499402189
FRB20230316B,0,False,,0,1.5765329800620298,1.3553292101998873,-0.527400401185363,0.457434571491426,-0.1518873101025149,0.24355931692520194,2.2143865848219835,0.5809867715465051
FRB20230316C,0,True,FRB20190117A,0,-0.34639546949564615,1.0398082287845403,-0.5634881583114736,-0.568355190389521,-0.18072125671012765,0.24985484141547526,1.473174346068148,1.0933086876234124
FRB20230316D,0,True,FRB20220912A,0,-1.2926913468488872,2.357226402497438,-0.8545007766806884,-0.024588805138015916,0.06269625672099902,-0.13666029553653583,-0.10149433294828587,-0.9504325886593259
FRB20230316E,0,True,FRB20220912A,0,-1.296791988130428,1.51969682593929,-0.6570299687327557,1.0017655312187468,0.17803253759888388,-0.12542608715306547,0.3449375227231991,-0.8382722974893214
FRB20230316E,1,True,FRB20220912A,0,-1.296791988130428,1.5833551009383064,-0.6570299687327557,1.0017655312187468,0.002613435758759545,-0.10913963494196699,-0.24286859830410706,-0.9448862006344356
FRB20230316F,0,True,FRB20220912A,0,-1.3143094270018347,0.28118745769346937,-0.42196024411423894,-0.650283350462031,-0.06990292411327717,-0.013913418249530119,-0.29751326115440674,-0.7988313159789902
FRB20230316G,0,True,FRB20220912A,0,-1.2700867069112256,1.7041305895052277,-0.6400184360000342,0.0777183864056807,-0.047721663423915296,0.11551085807143731,0.548727022252069,-0.11724185425357797
FRB20230317A,0,False,,0,0.5714687908022443,-0.16716884282866085,1.0318062115964601,2.0774880283298605,-0.25403404279536795,0.27778686693359483,-1.0610345595122637,1.2436774296315503
FRB20230317B,0,False,,0,2.357144838435546,-0.8495959068255953,0.3175568716711774,0.9248917478994284,-0.2074110244505301,0.25459435924727686,0.6061289846039893,1.3237919233244106
FRB20230317D,0,True,FRB20220912A,0,-1.3148262893819198,0.9009713276337915,-0.824587704434982,-0.24940059861231514,-0.035981356060392586,-0.0866723328791744,-0.33235550031124916,-0.9331771592485559
FRB20230317E,0,False,,0,1.5372422051993926,0.17429788300779714,-1.0339027474402578,-1.0711650549940486,-0.1746127273143991,0.22866886306147235,0.6547577212689348,1.2568244234683275
FRB20230318B,0,False,,0,-0.43585047823288126,-0.47517687734760733,0.5848952296080611,-0.11743386759278623,-0.23760949760659647,0.27881489893339234,0.4537255212416856,1.3237919233244106
FRB20230318C,0,True,FRB20220912A,0,-1.3041707463832417,1.1139560148165935,-0.7968966981872644,-0.5132659449348725,-0.05616055142434069,-0.06362488736111273,-0.3594271681453426,-0.9040072666732069
FRB20230319A,0,False,,0,-0.5028227837723562,0.3710443225212523,-0.5012209413905153,-0.3914639152528829,-0.16318452813332693,0.10375409224483358,-0.4642045492069264,-0.7107053729168437
FRB20230320B,0,False,,0,-0.6322364211721605,-0.3963481504380275,-0.31674984133170303,-0.8953131074221455,-0.27676003664303567,0.23953345436465262,-1.0610345595122637,-1.0165784014006107
FRB20230320A,0,False,,0,-1.3159846738761667,-2.0811644414908783,-0.40877706512222906,0.3759733627202146,-0.2713652542954583,0.2977269440643226,-1.0610345595122637,1.3237919233244106
FRB20230321A,0,False,,0,-0.04982132113888816,0.4456526089677507,0.03508890478277213,0.9604976000579963,-0.17411941199591863,0.14584018707971524,-0.38073357338513836,-0.4989155190775128
FRB20230322A,0,False,,0,1.7193172733600837,-0.7238930573244768,-0.3069025503415402,-0.149153243189274,-0.23919669046988357,0.2806685109697046,0.5136341195041702,1.3237919233244106
FRB20230322B,0,False,,0,0.49469651568804585,-1.1629335332494515,1.753307549859907,0.6747981898062901,-0.2907725567518475,0.2822991660404116,-1.0610345595122637,-0.8715506256386634
FRB20230322C,0,False,,0,1.5856463188995438,-0.42952922813641914,-0.3384322675385062,0.3015304094020171,-0.24787978267405683,0.27367078704705694,-0.7356732183210298,1.3237919233244106
FRB20230322D,0,False,,0,-0.2101846182065917,1.7720676595353453,-0.6305870649467235,0.13752526156072348,-0.18797713831190957,0.2511197285506163,1.2440678238425795,1.239158150500158
FRB20230323A,0,False,,0,0.18652423600774506,0.11261463013973423,0.36050609058836663,1.2141098125912446,-0.23857354267199735,0.2733232249269373,-0.09447575239870609,1.3237919233244106
FRB20230323B,0,False,,0,-0.034236229666390505,-0.8109116690809643,-0.056554203879457886,-0.8951334857110339,-0.09621570131136899,0.08435725372456396,-0.07667863743370024,-0.4627612860263758
FRB20230323C,0,False,,0,0.9847973240697656,0.6461355066395048,-0.47753824797978234,-0.9267356478457881,-0.26767653577444145,0.28945525031125513,-1.0610345595122637,1.297703357429556
FRB20230324A,0,False,,0,-0.9968704691720067,-1.6914686567597708,-0.8466301104277179,-1.2471007071188374,-0.06389851278274358,-0.14432837311063942,-0.5208545207856774,-1.0708097509773162
FRB20230324B,0,False,,0,0.02944314211517756,1.1042240045780147,-0.33482015648077124,0.4684391929353385,-0.04856325819616271,0.09197771988267099,0.32488443543868545,-0.3058190470998493
FRB20230324C,0,False,,0,2.1824780823016936,0.5790254181557684,-0.44799120616423166,-0.7842593045301623,-0.17873603007543645,0.22788430976656004,0.5259166354659347,1.12905207711715
FRB20230327D,0,False,,0,0.0621394272794879,-1.006735560873119,0.5572122334438118,-0.41493439173474317,-0.11197500053176716,-0.19806981435430804,-0.7098548684422185,-1.277464060349156
FRB20230327A,0,False,,0,1.5766353716445176,0.9332185582433283,-0.7061834529185225,0.34714781553608903,-0.2629098176482828,0.2801790447974522,-1.0610345595122637,0.5565415798812477
FRB20230327B,0,True,FRB20220912A,0,-1.2819045694568512,2.1039563750775248,-0.6885216167134938,-1.2490425558744176,-0.22782827661566107,0.19500621260603168,-0.7479557342827944,-0.6402457028228665
FRB20230328E,0,False,,0,0.5861333931210947,-0.04042683584386095,-0.5364833368740617,0.09789515260816725,-0.25904970634501934,0.27426043381031456,-1.0610345595122637,0.3922041569215342
FRB20230328A,0,False,,0,1.0537329053138222,-0.4477490854868124,-0.12483428018785729,-0.04412400259928068,-0.2193755132789744,0.13792905429245655,-0.798339116085135,-0.9531030717824213
FRB20230328C,0,False,,0,1.5850896124484737,0.531360328697042,0.09900584221171971,0.31815800402006,-0.19243319022350575,0.26252557426521245,2.103091950392933,1.0518134883260846
FRB20230328D,0,False,,0,-0.2849832505031349,0.3544197960808779,-0.28194020144225385,-0.04533896355705743,-0.1990004105685311,0.25921467898716055,1.3318000807123267,1.3237919233244106
FRB20230329A,0,False,,0,-0.26190716421563603,0.6130450485234823,-0.7684191637971814,-1.2823267559433937,-0.23679271313905803,0.13351729132900758,-0.940214708623069,-1.1106615760450467
FRB20230329B,0,False,,0,1.655442882904347,2.0372070729306526,-1.0284835086254858,-0.563182254095362,-0.15617358993004715,0.032439707343570164,-0.6008162063326755,-0.9783699505624772
FRB20230329C,0,True,FRB20220912A,0,-1.3088508256243412,1.6895651557217308,-0.9221062989504122,-0.6313551134819535,-0.08206372677619,-0.20301983873647064,-0.6361597726716308,-1.2117290911652705
FRB20230329C,1,True,FRB20220912A,0,-1.3088508256243412,1.6617506266850737,-0.9221062989504122,-0.6313551134819535,0.04636114868824228,-0.4548422666517855,-0.5634673312652689,-1.2908164759646328
FRB20230329D,0,True,FRB20220912A,0,-1.3137132003339662,0.3470587465402912,-0.7575448767715158,-0.4661572004310323,-0.03614762623413328,-0.33968561772788075,-0.638666408582195,-1.2721230941029653
FRB20230329E,0,True,FRB20220912A,0,-1.3059222827677666,1.4329945891866342,-0.8393006344759849,-1.2433313439799758,-0.20158900856944345,0.20756969312741114,-0.28899069905848845,-0.041646639692109716
FRB20230329F,0,False,,0,-0.7011141450954833,-0.8879049338924948,1.201654289879799,0.10621982171532089,-0.24211933206243544,0.04216588636648698,-1.009899186936754,-1.3620978331734084
FRB20230330A,0,True,FRB20210323C,0,-0.8957432481854876,0.6894775031518757,-0.10745971999704997,0.05800108272254445,-0.1628967317829769,0.1578476875872081,-0.1982504790960642,-0.2620642082368256
FRB20230330B,0,False,,0,0.8068444429154358,0.23148760615564568,-0.6875502587890162,-0.7683404252219312,-0.23069430365563687,0.27741906637654473,1.0442889417706125,1.3237919233244106
FRB20230331A,0,False,,0,1.2390893491258796,-0.6821365460887544,-0.17737090389616705,-0.5216981501930672,0.627030597456915,-0.40023675803714304,0.7347194068159331,-1.0418452801806666
FRB20230331B,0,False,,0,-0.03399924562038157,-3.1469232817591313,-0.4115609266309978,-0.9381857683819779,0.2799158759123271,0.014430768182502503,1.9278781002444947,-0.25220396285924274
FRB20230401B,0,False,,0,0.885722190807557,-0.28751796169519733,-0.25776157726732285,-0.8279452552427069,-0.2425176040937287,0.22765692010767796,-0.8682742579898762,-0.47405948385485613
FRB20230402D,0,False,,0,-0.552756899943412,-0.7333905371556544,-0.2972917914068409,-0.9285256044082537,-0.281797468544655,0.2682097920791137,-1.0610345595122637,-0.8314933787922332
FRB20230402E,0,False,,0,0.3482147380337939,-0.16032492694923228,-0.2970478461194917,-0.5989428989414286,-0.17224351104675117,0.09052833051221501,-0.5649713128116074,-0.8415590459485156
FRB20230402B,0,False,,0,0.40734749406189646,0.0101331740948833,1.425464071382916,1.1308883734150006,-0.23129119371787987,0.2288960300663926,-0.6429276896301542,-0.19879430039733584
FRB20230402B,1,False,,0,0.40734749406189646,-0.19129973641503883,1.425464071382916,1.1308883734150006,-0.08101930328048709,-0.40826007406606984,-0.7629955497461797,-1.4074960462660293
FRB20230403A,0,True,FRB20220529A,0,-1.1351201472301709,-0.0747814176482645,1.4134291671854684,1.5331098684163955,0.9633959262662417,-0.5258195968978827,1.1104641298095075,-1.0636199887228286
FRB20230403A,1,True,FRB20220529A,0,-1.1351201472301709,-0.011240839661432477,1.4134291671854684,1.5331098684163955,0.582125651538416,-0.30827661292274944,0.939762224300085,-0.9305066761254607
FRB20230403A,2,True,FRB20220529A,0,-1.1351201472301709,-0.27661507838079363,1.4134291671854684,1.5331098684163955,0.003637253614626888,-0.010128763428245197,0.06344230996683883,-0.6983800661948651
FRB20230403A,3,True,FRB20220529A,0,-1.1351201472301709,0.07145867328182348,1.4134291671854684,1.5331098684163955,-0.07100655860219751,0.0354127451527497,-0.1418511711083696,-0.6404511246015662
FRB20230404D,0,True,FRB20220912A,0,-1.283388947603352,1.6337589257822565,-0.582761309654684,0.15832814515420607,-0.07138746739061907,0.15902873261337538,0.884365570676616,0.30900833654817916
FRB20230405A,0,False,,0,0.4398310828747384,-1.7918279207189118,-0.11394349616076295,-0.10031179407413042,-0.2618871940044548,0.27557563650163214,-1.0610345595122637,0.271826994603544
FRB20230405B,0,False,,0,-0.9898923700511838,0.046159002876561384,-0.6060971670703174,-1.0434315056553078,-0.2713019498954885,0.291607336924859,-1.0610345595122637,1.0764641017700416
FRB20230405C,0,False,,0,1.732306381343796,0.3641295666204915,-0.8376869211506831,-0.4712469683629239,-0.2001640803827772,0.15364592985469933,-0.5907896626904188,-0.6852330723580881
FRB20230405D,0,False,,0,1.2160845990812976,-0.8649420740528037,-0.38156097345907725,-1.1823399598424749,-0.2359497223537228,0.2734545667470227,0.11332436458706653,1.3237919233244106
FRB20230405E,0,False,,0,0.6811524177461236,-0.4956539982658102,-0.7892057274545526,-1.2905156927377317,0.5072416723828601,-0.0898802402806558,2.075769618967783,-0.47755165409275
FRB20230406A,0,False,,0,-1.7202105962287129,-1.2596670303098079,0.6929211500722107,-0.20466366940211178,-0.20255003230040483,0.11047467002995896,-0.7233907023592652,-0.9535139153398206
FRB20230406C,0,False,,0,-0.4630469730688329,-1.0586144487449887,-0.3373688276829525,-0.992158159496108,-0.21879882105169698,0.2744691960628773,1.8273620002308701,1.3237919233244106
FRB20230406E,0,True,FRB20220912A,0,-1.2947374339260482,1.9660659554510111,-0.7609857104912187,0.04842951042115856,-0.13805967805391095,0.1417567309319822,-0.0638947942898228,-0.19016658569195088
FRB20230407B,0,False,,0,0.21549821095628197,-0.5114459000575909,-0.4784254941704163,-0.48385560409587686,-0.15730633223066012,0.019938384660582648,-0.6283892013488819,-1.0223302112042005
FRB20230407C,0,True,FRB20220912A,0,-1.2995595925250207,1.5662062930568779,-0.8642625791549738,-0.16108243097047698,0.2208331872005271,-0.6065296965897855,-0.3940187437111286,-1.3321062534832608
FRB20230407D,0,True,FRB20220912A,0,-1.294401101876017,1.7771514744083863,-0.9223678865188739,-0.0812878540559826,-0.09219395578728465,-0.11903529409888323,-0.5765018380002028,-1.1057314533562552
FRB20230407E,0,False,,0,-0.762106106554353,0.37390988672690784,-0.013229718794404844,0.6807163687393926,-0.10758869245839932,0.06905594202610199,-0.22331683820170625,-0.5621854269170026
FRB20230409A,0,False,,0,-0.297928941383827,-0.27910246765689684,1.1986581168826616,0.7777652590179028,-0.16514179719081412,0.10331278496935054,-0.47949502826136803,-0.727139115212815
FRB20230409C,0,False,,0,-0.8120764920354504,0.5073895526622512,0.9350172201139886,1.3584653569016862,-0.24411798752710695,0.2788044978103447,-0.24637788857889695,1.3237919233244106
FRB20230410B,0,False,,0,-0.997441851357865,-1.3093803798591903,-0.18688033283574845,-1.248555262980643,-0.20953583185798139,0.24919860548819758,0.29129551423712513,1.3237919233244106
FRB20230410C,0,False,,0,0.8457618945015307,-0.9965018718727829,-0.3457904747698947,-1.5112593720411864,-0.06876715099436388,0.022541898088184614,-0.17819739181155056,-0.6846168070219891
FRB20230410G,0,False,,0,-0.02440527607116889,-1.1162542100809107,-0.9904981610154685,-1.5672588491612858,-0.2614814727518764,0.28835716316030563,-1.0610345595122637,1.3237919233244106
FRB20230411A,0,False,,0,0.18955774521826202,-0.8319708391745961,1.379218473261328,0.24861211758392934,-0.24323371678347547,0.2726098031411315,-0.4534260147915003,1.3237919233244106
FRB20230411E,0,False,,0,-0.2592010990244472,-0.6310192987226795,1.8879168647782292,0.9898291439097532,-0.23004807694078191,0.27547396744048713,0.8259609539604701,1.3237919233244106
FRB20230413A,0,False,,0,1.518219184855622,-0.509248195524558,0.6737182895296582,0.2864934976002691,-0.23888364517563862,0.26050338749579993,-0.5155905853734926,0.7410103371535263
FRB20230413B,0,False,,0,0.523681193935906,-0.5997610055576138,-0.45329570503745503,-1.1187848649006957,-0.24547122024383108,0.28881552136123967,1.8647108752982768,1.3237919233244106
FRB20230415A,0,False,,0,0.5185483212870088,-0.6186589119806638,-0.13310972626956313,-0.9215967865653866,-0.03594378666674672,-0.36876091258689714,-0.657716841502483,-1.2994441906700176
FRB20230417B,0,True,FRB20220912A,0,-1.3126942899198784,-0.35992773419788965,0.045736360145324874,-0.21120831099293766,-0.05833618573283547,0.024619966549378966,-0.11477950327427616,-0.6618149895863289
FRB20230417C,0,False,,0,1.0491679543193242,-0.13307856977955396,0.7340219732757806,0.28774530093133455,-0.09360450216281033,0.04708511668936455,-0.22507148333910118,-0.6310017227813826
FRB20230418B,0,False,,0,-0.9073884568229481,-0.7309772653370816,-0.0712048600724096,-0.8458041321963592,-0.2568061009784016,0.28508887137497724,-1.0610345595122637,1.3237919233244106
FRB20230418C,0,True,FRB20220912A,0,-1.3122206039472557,0.25733498840181107,0.31267607279914766,-0.32406507460929473,-0.053892642392486555,-0.0877861395527411,-0.39903201553225703,-0.9500217451019266
FRB20230418C,1,True,FRB20220912A,0,-1.3122206039472557,-0.03234066836938246,0.31267607279914766,-0.32406507460929473,0.20071755778669215,-0.2608066457461385,0.022333481033585872,-1.057662757140539
FRB20230418D,0,True,FRB20220912A,0,-1.3097823386489147,1.49658493791695,-0.9866716532350341,-0.8719581279524764,0.00800978919484795,-0.6084837056270819,-0.7068469053495414,-1.4054418284790329
FRB20230418E,0,False,,0,0.020390929401611205,1.0284850250756408,-0.150608206549009,0.9786245601510689,-0.28505076858395717,0.30537769419197053,-1.0610345595122637,1.3237919233244106
FRB20230419A,0,False,,0,-0.5281422064703765,0.36510514462454485,-1.0276466012379255,-1.285785453196944,-0.2176009592421518,0.24404734330866762,-0.11503016686533257,0.7023910427579936
FRB20230419B,0,False,,0,0.5843304384084835,-0.2999773503615565,0.13277083069394466,-0.31063056765853997,-0.19430514164411752,-0.02983360141081074,-0.8422052445200086,-1.2836267137101451
FRB20230419C,0,False,,0,-1.6177591973316943,0.17013267505485866,-0.7895707374118541,-1.4985236143181,-0.24429244865188834,0.08036006206514533,-1.0129071500294309,-1.3047851569162083
FRB20230419D,0,False,,0,-0.7902388687599275,-0.3094573452944531,3.4755426814702464,1.7859160385839736,-0.2625163886920804,0.28803462253046974,-1.0610345595122637,1.3237919233244106
FRB20230419E,0,True,FRB20220912A,0,-1.3120517383160337,-0.1866057047186414,-0.983528011185889,-1.680789948584859,-0.02549488060129379,-0.4427615346067868,-0.6817805462438994,-1.3436098730904407
FRB20230419F,0,False,,0,-0.663785574712846,0.08367402091618349,-0.6216597863287775,-1.1530361222613985,-0.19826593350757207,0.2563169151787196,1.135279825324093,1.3237919233244106
FRB20230419G,0,False,,0,0.0732864919241212,-1.8061875368031757,-0.6253339069646141,-0.4030357976473724,-0.003953527586159254,0.06770947970527297,0.46550671002133737,-0.36128292734875267
FRB20230420A,0,False,,0,2.017062471570479,1.0429965870418836,-0.8156292167501945,-0.5143443621759262,-0.1820473038831355,0.1980486504840762,-0.08169190925482865,0.10214860539763969
FRB20230421A,0,False,,0,2.1883227440204176,-0.7877528097067498,-0.09830045752610243,-0.4472979192104144,-0.20555557748518935,0.24841858604895528,0.40509678457674003,1.3237919233244106
FRB20230422A,0,True,FRB20200929C,0,-0.2809335388440008,1.046046214881903,-0.41011946781092534,-0.5436408360227111,-0.34432938610033204,0.34848792082244473,-1.0610345595122637,-1.404209297806835
FRB20230422B,0,False,,0,0.91049730890206,-0.4935720854754875,0.28527694724201613,0.08055320228992714,3.746558143374292,-3.8525674823216223,0.24216545039006668,-1.667560018099776
FRB20230423A,0,False,,0,-1.2599174017749877,-0.24816806331465296,-0.21383580178591693,-0.8877542859100915,-0.25053307901647415,0.2801493298568681,-0.8269147654655669,1.3237919233244106
FRB20230423D,0,False,,0,0.6694578576972946,0.050804230383146146,0.26387671991852113,0.06584556649427352,-0.22948487047720226,0.2775408813469193,1.207470939548342,1.3237919233244106
FRB20230423E,0,False,,0,1.426087080288716,-0.7936420970173443,-0.06390961569343394,-0.5594657909978858,-0.20210489286458277,0.24972158129633618,0.5868278880926449,1.3237919233244106
FRB20230423G,0,False,,0,-1.3300864626486613,-0.7558318908319268,-0.14892027353607673,-1.01779135247719,-0.1200025043883655,-0.5930068311037404,-0.8810581011337537,-1.5586864753889658
FRB20230424A,0,False,,0,2.5957485940736906,-0.5613863444546805,-0.23702548130720252,-0.3000349310382155,-0.23206860846706967,0.22434213648320098,-0.6865431544739714,-0.30787326488684574
FRB20230424B,0,False,,0,0.0783228588039499,-1.2803166704900948,-0.5802844217530174,-0.6760340137980054,-0.21829857184322657,0.20874167118502984,-0.5471741978466016,-0.3150630271413332
FRB20230424C,0,False,,0,0.7149113333114456,-0.07646484353669335,-0.2995501968418283,-0.4198469514721333,-0.13765029346474766,0.11393108796448854,-0.23033541875128602,-0.450025135746998
FRB20230425A,0,False,,0,-0.21232123372768436,-0.7284729656502226,0.7005202933015587,-0.3614754451220278,-0.19834413709437185,0.23714641745591458,0.26848512745099085,1.0041556356677677
FRB20230425B,0,False,,0,1.3120227829457716,-0.42939818833452814,0.26914192503714035,0.44480820543688865,-0.14947770822187667,0.1350540165741495,-0.21429294892367512,-0.3678564242671412
FRB20230425D,0,False,,0,-0.34401231491533213,-2.462180612931763,-0.9384796970469821,-1.2625756478974468,-0.11439275914322634,-0.8931918350081678,-0.9216656028848939,-1.6420877175410205
FRB20230425E,0,False,,0,1.0889128842914342,-0.08764793930644424,0.019072764605424692,-0.3290066258998705,-0.23095587671272683,0.23406818065444426,-0.5965549252847164,-0.06794062736566389
FRB20230425G,0,False,,0,0.47620175914059,-0.08382319446638366,-0.05485922178533683,-0.562491395587688,-0.2265669121496253,0.27972196221122325,2.1434487885530165,1.3237919233244106
FRB20230425H,0,False,,0,-1.0232661478205343,-0.42484480667837843,-1.0510127272396985,-1.0562531073917234,-0.21510461639779252,-0.003792676792605549,-0.90863109614996,-1.3203972120973813
FRB20230426A,0,False,,0,0.15828325127191045,0.4735836950104202,-0.7735547685698543,-1.1506076092295243,-0.1899544278208296,0.0073199759398869324,-0.7938271714461194,-1.1975549884349952
FRB20230426B,0,False,,0,-0.5154883226898032,0.06459268875324804,0.22187075474553108,-0.4856995689355277,-0.22859445220786206,0.23296331153770886,-0.5539421148051249,-0.035689408109820096
FRB20230426C,0,False,,0,1.363510204743505,-0.0679014079473582,-0.3470970007879384,-0.7813653937029659,-0.2452864055788588,0.28102687203453386,-0.21755157560740856,1.3237919233244106
FRB20230426D,0,True,FRB20210409B,0,0.5463994506283499,-0.2966339440432333,-0.020169905111260288,1.3703895923790557,0.1352021369072267,-0.13672716002796,0.14866793092602182,-0.8966120826400197
FRB20230426E,0,False,,0,0.7171689216178582,-0.29046417629501087,-0.4896564482472595,-0.9664539342641163,-0.19798082613980517,0.2600072540646389,1.4628971388348346,1.3073581810284394
FRB20230426F,0,False,,0,1.665859290628599,-0.24520786931784044,-0.2897246257421594,0.09744779705125856,-0.10060956848594545,0.07221405032351129,-0.1651628850766167,-0.5340426432351516
FRB20230427B,0,True,FRB20220912A,0,-1.3117531808289566,0.9389085373617312,-0.2650361887982757,0.43751084077976926,0.4086579630512394,-0.22044145518384395,0.7673056736532677,-0.8727831563108612
FRB20230427B,1,True,FRB20220912A,0,-1.3117531808289566,-0.01344811725604457,-0.2650361887982757,0.43751084077976926,-0.07761583937030991,-0.013066968846082397,-0.3300995279917414,-0.8054048128973786
FRB20230427B,2,True,FRB20220912A,0,-1.3117531808289566,-0.6428169765521553,-0.2650361887982757,0.43751084077976926,0.029722489181955202,-0.2716287552312224,-0.4293623100500839,-1.1519513535636747
FRB20230428A,0,False,,0,0.5358430980760148,0.8846377636830398,0.5041236929232146,2.4237487353378433,-0.25159352363679377,0.28532865276322344,-0.8361893183346545,1.3237919233244106
FRB20230428C,0,False,,0,-0.1207483602931998,-1.188410290610081,-0.5831286526331709,-1.6679016992630722,-0.07760833906743603,0.1021428372052351,0.17323296284955103,-0.3086949520016443
FRB20230429A,0,False,,0,-1.2588917346613422,-0.41316295908556155,-0.8310756102627259,-1.3312437894785762,-0.2355700962468393,0.2630715157861384,-0.3130544037999048,1.1395285878308317
FRB20230429D,0,False,,0,0.12732993701107526,-0.8546905133628763,0.4110702809240413,-0.38370775181604144,-0.07105111680298024,0.09688336181991067,0.18651813317554133,-0.3282100209781103
FRB20230429E,0,True,FRB20220912A,0,-1.3086343385047334,0.7447488563746991,-0.86130528761434,-0.4838511639720211,-0.06156710727657839,-0.3401762885565975,-0.6905537719308741,-1.3197809467612822
FRB20230429F,0,True,FRB20220912A,0,-1.2941221606485191,1.552012176250858,-0.781154357125452,-0.6002261396487234,-0.05266145629186026,0.03444797225494024,-0.04283905264108347,-0.6155950893789095
FRB20230430A,0,False,,0,1.3957778853377198,-0.10579803384856355,-0.8073439259155136,-0.9039557259891355,-0.23590583156635517,0.26698699297938694,-0.2067730411919825,1.3237919233244106
FRB20230501B,0,False,,0,1.9928900242218195,0.4794909324421631,-0.4018295221750547,-0.23927678196257562,-0.20599957217776171,0.2688051277904546,2.0163623478874113,1.3073581810284394
FRB20230502A,0,False,,0,1.221738933360032,0.17935206075192195,-0.09317312677830719,-0.12193830725623739,-0.2607143343426787,0.2754332022210625,-1.0610345595122637,0.3496818487307083
FRB20230502B,0,True,FRB20220912A,0,-1.3120251887363352,0.8028022323426781,-0.6912748254381045,0.283860873338418,0.004041876770964795,-0.4842053798928261,-0.6542075512276931,-1.3296411921388651
FRB20230502C,0,True,FRB20220912A,0,-1.292161754841644,1.0607310440537172,-0.1979667541846241,0.10460027128068218,1.3000357188314375,-0.3889920222123265,2.7044339053372854,-1.124835678775322
FRB20230502D,0,True,FRB20220912A,0,-1.3136423475503818,-0.11330749598240104,-0.09538665984807378,-0.17526368357421918,0.18602123570765522,-0.0873306995083015,0.543964414021997,-0.733507190352504
FRB20230502D,1,True,FRB20220912A,0,-1.3136423475503818,0.01150565650491687,-0.09538665984807378,-0.17526368357421918,0.23139759566962348,-0.12382522490095746,0.5567482571658744,-0.7895873359375062
FRB20230502E,0,False,,0,0.05179908260019782,0.3491081437051953,-0.6679456825697918,-0.30882158178459773,-0.027057065076905952,-0.06939069299320273,-0.25991372249594363,-0.8898331639429315
FRB20230502E,1,False,,0,0.05179908260019782,0.5994669677551958,-0.6679456825697918,-0.30882158178459773,0.07245047551550236,-0.39546337369634765,-0.4672125122996034,-1.2427477797489164
FRB20230502E,2,False,,0,0.05179908260019782,0.5501204089402897,-0.6679456825697918,-0.30882158178459773,0.08888792314338566,-0.5298362580771728,-0.5434142439807552,-1.3228622734417768
FRB20230503C,0,True,FRB20220912A,0,-1.2847754429939413,1.554210997250361,-0.762143003939984,-0.40637953714337405,0.16797049311906445,-0.21824223436722764,0.028600070809996384,-1.0161675578432114
FRB20230503D,0,False,,0,0.6294665238023543,0.31631960133463627,-0.30209379162848377,-0.4037141466467593,-0.2378479794894523,0.2733903696457575,-0.036321799273616534,1.3237919233244106
FRB20230504A,0,False,,0,2.029186850595796,-2.3492501594301194,-0.7923342533170165,-0.7421266644718756,-0.23984472216871489,0.2736731665042008,-0.17067748407985794,1.3237919233244106
FRB20230504D,0,True,FRB20220912A,0,-1.312109552842394,-0.1807101239393814,-0.6971943581189746,-0.99191747042974,-0.026699125747080617,-0.2153896095695558,-0.5040600601848972,-1.1186730254143327
FRB20230504E,0,True,FRB20220912A,0,-1.2828947340136876,1.4846320255523395,-0.8481665639559747,0.2481434194149744,-0.09974586114419183,0.18749293535427453,1.0555688033681514,0.6892440489212165
FRB20230504F,0,True,FRB20220912A,0,-1.2993708199109495,1.1870025677077998,-0.6802929231930716,-0.5343924606066607,0.015921503790329673,0.14193133781222664,1.6654333204084224,0.20013479383736893
FRB20230504H,0,False,,0,-0.06485901714976844,0.6608358029796982,0.6422956297375199,0.8469320138683133,-0.15813183221003327,0.22793858623593552,1.0683526465120288,1.0415423993911026
FRB20230504J,0,False,,0,1.2087911299165575,0.49399393355449894,-0.9189905059814661,-1.1510544196648445,0.07620790697434976,-0.162989948829623,-0.12004343868646099,-0.9863813999317632
FRB20230504K,0,False,,0,1.4181988187069594,0.04784454461961481,-0.7840188346148604,-1.021364580080514,-0.09977235022542935,0.20828283055493332,1.724840591488794,0.48546564445117163
FRB20230505A,0,False,,0,0.1861535791883734,-0.15835087562466482,-0.3918625409443863,-0.8520127854313787,-0.265055307868976,0.28312349867652925,-1.0610345595122637,0.643640414049896
FRB20230505B,0,False,,0,0.2868864088272461,-0.8108876339601641,0.39310066750556677,-0.5318822814899076,-0.09309098707063782,0.07872296099835902,-0.08419854516539285,-0.486179368798135
FRB20230505C,0,True,FRB20220912A,0,-1.3117590606166698,0.20638383811073321,-0.24614969601409528,-0.6735197630144601,-0.07198652768179148,0.09612067349248168,0.17373429003166388,-0.33581062678999707
FRB20230505F,0,True,FRB20220912A,0,-1.312671798730577,-0.032814763166534665,-0.48933138118255304,-0.6297534939028284,-0.08972212288417988,-0.13444315332390708,-0.5872803724156289,-1.1264790530049191
FRB20230505G,0,False,,0,-0.45804758223831726,-0.7287294058297288,2.866818928791046,1.2457055332237181,-0.22644098448020789,0.2678925773375881,0.4000835127556116,1.3237919233244106
FRB20230506A,0,False,,0,0.5546224459972323,-0.5993749085624844,-0.2887789927551093,-0.6472341035321999,-0.24693942838248584,0.27754045009809947,-0.5687312666774538,1.3237919233244106
FRB20230506B,0,False,,0,1.297356960721793,-2.9912315701919305,-0.37272149710269625,0.019203209145802765,-0.24866906476025416,0.27477662650185586,-0.7702647938868159,1.3237919233244106
FRB20230507A,0,True,FRB20190303A,0,-1.3025687702872546,0.08657274041799297,0.9116908525166697,1.2078502640368254,0.11036582955374877,-0.9145145788476658,-0.6923084170682691,-1.4676846274250244
FRB20230507B,0,False,,0,0.39349986444347707,0.1615033665095571,-0.41182013859120936,-0.08981039877923745,-0.10282187450986345,0.09583915483541287,-0.061638821970315005,-0.41222752846626387
FRB20230507C,0,False,,0,0.475528667188393,-0.5097699311788109,4.041067948015277,2.2747329443319746,-0.20085685809542794,0.25513495129323704,0.930237007839941,1.3237919233244106
FRB20230508A,0,False,,0,0.26813536847057595,-0.977024124774821,-0.5296150850452048,-1.434030529124272,0.024151341972708223,0.13746363092750363,1.668691947092156,0.18370105154139757
FRB20230508B,0,False,,0,-0.5256096358712163,-0.5258521879658477,-0.3097690424192822,-0.03847546105042012,-0.22379655579183264,0.2699857136440466,0.7505112130524875,1.3237919233244106
FRB20230508C,0,False,,0,0.24219519860145539,1.051032578973285,0.5314890202987925,0.9705322168893257,-0.15279503495590221,0.08271047824066335,-0.4616979132963622,-0.7556927424520653
FRB20230510A,0,False,,0,-0.15322232987902326,0.5207935143624851,-0.0628401173328611,1.0526477177616809,-0.14806059668813354,-0.673262547504627,-0.9316921465271507,-1.6186696347692613
FRB20230510B,0,True,FRB20220505A,0,0.34295988739363614,-0.1354235555178328,1.697036587958895,1.6674284183831611,1.1791734690728763,-0.7856722712682382,0.8334808616921627,-1.2273411463464434
FRB20230510B,1,True,FRB20220505A,0,0.34295988739363614,-0.3097565293597806,1.697036587958895,1.6674284183831611,0.4153752650148702,-0.2528779821862657,0.6592696659079504,-0.9288633018958635
FRB20230510B,2,True,FRB20220505A,0,0.34295988739363614,1.27628964234959,1.697036587958895,1.6674284183831611,0.4237275176719637,-0.34641331934302916,0.3893049783401855,-1.0615657709358322
FRB20230510B,3,True,FRB20220505A,0,0.34295988739363614,0.9415633531229747,1.697036587958895,1.6674284183831611,0.04207135173770285,-0.15938144322619086,-0.21955688433585993,-1.0030205640064342
FRB20230510C,0,True,FRB20220505A,0,0.3429473747772295,0.607491556979974,0.09431007999889089,0.9934941447620992,-0.07331444500241405,0.053063634417145136,-0.08068925489060297,-0.5716348287371861
FRB20230510C,1,True,FRB20220505A,0,0.3429473747772295,0.420020772187771,0.09431007999889089,0.9934941447620992,0.16768745918149874,-0.2474374245473908,-0.038076444411011476,-1.0570464918044402
FRB20230510C,2,True,FRB20220505A,0,0.3429473747772295,1.6643835387666213,0.09431007999889089,0.9934941447620992,0.7947069916188662,-1.4721771012123432,-0.3020252057934223,-1.5260244125757227
FRB20230510D,0,False,,0,0.7433780062037811,-0.34379822994496645,-0.2889563993794252,-0.16107764607642813,-0.26695526506399225,0.21107594417540235,-1.0610345595122637,-1.061771192714532
FRB20230510E,0,True,FRB20220912A,0,-1.3111474975215969,0.3110646131191427,-0.3543033971900278,-0.5016410616763447,-0.126461773103602,-0.1277281533437815,-0.6925590806593255,-1.2203568058706555
FRB20230510F,0,True,FRB20220912A,0,-1.2992745717244634,1.4957029635607508,-0.560448472504072,0.2874438846888762,-0.15944514995084622,0.19672076957373522,0.25570128430711336,0.45280358163792855
FRB20230510G,0,True,FRB20180916B,0,-0.5559020747667157,0.8401608079472384,1.127491896881339,1.679908907394767,-0.14317815136134243,0.0974463220302485,-0.34564067063723947,-0.6079944835670227
FRB20230510H,0,True,FRB20180916B,0,-0.5571158021950913,1.1281970994975525,0.5328306853701382,1.3872201172235599,0.04979094791307961,-0.036992218118259784,0.1704756633479304,-0.7283716458850129
FRB20230510H,1,True,FRB20180916B,0,-0.5571158021950913,0.7737528277422125,0.5328306853701382,1.3872201172235599,-0.14575511286301993,0.06524956296121796,-0.4692178210280548,-0.797187941749393
FRB20230511B,0,False,,0,-1.5406184528829865,-1.7007798011554036,1.8106342303339065,-0.04647719911673694,-0.22437970609969918,0.26006047490781764,0.10304715735375328,1.3237919233244106
FRB20230511C,0,True,FRB20190929E,0,0.07105694327357176,-0.1006621355618931,-0.5266546891415013,-0.23508801862645645,0.20114134821521903,-0.7036724113776048,-0.4900228990857377,-1.381407480371175
FRB20230511D,0,False,,0,1.7892106229892837,-0.20285607327267058,0.25008874898462635,-0.08921028154935903,-0.13012112966361533,0.11974665804470819,-0.13758989006041042,-0.33971364058529024
FRB20230511E,0,True,FRB20220505A,0,0.34308607762997406,0.6030618233941094,1.164207009843557,1.8872492591660206,1.0226071820093432,-1.0420664834412208,0.2278776256998507,-1.3838725417155706
FRB20230511E,1,True,FRB20220505A,0,0.34308607762997406,1.409769782194634,1.164207009843557,1.8872492591660206,0.09171945379155941,-0.1923107936832325,-0.13683789928724116,-1.0223302112042005
FRB20230511E,2,True,FRB20220505A,0,0.34308607762997406,0.001754996312650471,1.164207009843557,1.8872492591660206,0.03063323860765103,-0.3331466828092135,-0.49353218936052756,-1.2084423427060762
FRB20230511E,3,True,FRB20220505A,0,0.34308607762997406,1.8804135203233823,1.164207009843557,1.8872492591660206,-0.26731722154146953,0.10781049817355562,-1.0610345595122637,-1.3828454328220723
FRB20230512A,0,False,,0,0.4364503207850907,1.8693591686675735,-0.6769541686873501,0.40506598307753633,1.1564953773053257,-0.638948416675437,1.1588422028833965,-1.1180567600782338
FRB20230512B,0,False,,0,1.5121040174723195,-0.15754066268217823,-0.16043782879381915,-0.5670506093091895,-0.2276174723504222,0.256935307083953,-0.14160050751731315,1.0750261493191442
FRB20230512C,0,False,,0,-0.6846835807208284,0.35340650187985273,-0.8831622197275836,-0.7597504482226368,-0.23839216944848798,0.18816288466909906,-0.8940926078686876,-0.8399156717189186
FRB20230512E,0,True,FRB20220912A,0,-1.3035093186440623,1.208134504977646,-0.7630110557511189,-0.4638848478862026,0.03710733939949748,-0.08945813996624394,-0.06690275738249983,-0.8766861701061545
FRB20230512F,0,False,,0,1.1826883542090139,0.567112633142982,0.11894118332725975,0.34405662356256506,-0.21425301869228613,0.2634118559084963,0.8161850739092696,1.3237919233244106
FRB20230513A,0,False,,0,0.4893847266381778,-0.6908011330023471,0.5434357409251616,-0.4096549307074599,-0.23715385029758043,0.2640689341187946,-0.3609311496916811,1.130695451346747
FRB20230513B,0,False,,0,0.9189186029114117,0.10698432394605693,-0.4979916615668948,-0.26300327472290563,-0.12990889979717443,-0.06902677719520454,-0.6419250352659286,-1.1289441143493149
FRB20230513C,0,False,,0,0.19419913275976106,1.7108881093425248,-0.9931714898149807,-0.8170312896869643,-0.13764594895899704,0.10902241259809307,-0.2546497870837588,-0.48782274302773215
FRB20230513D,0,False,,0,-0.28957240910288984,-2.3263226557519294,0.6992255815065411,0.6502139145310717,-0.031165728483644288,0.015463526115549195,-0.00699415912001533,-0.656063179782739
FRB20230514A,0,False,,0,-0.4506377585271513,-0.9475189488058247,1.414312523395967,0.059827860799300164,-0.1812514049676344,0.0908423021256162,-0.6226239387545841,-0.8978446133122175
FRB20230514B,0,True,FRB20200223B,0,-1.4628878010100628,-0.793347393968176,-0.49580478727714294,-0.9007464195876465,1.0139496395654033,-1.010958456804402,0.25294398480549274,-1.3727797656657899
FRB20230524A,0,False,,0,-0.15974559840563288,-0.6788805032418691,-0.07042989473921751,0.1535664013403986,0.016166842761782575,-0.06438677637254085,-0.07467332870524887,-0.8378614539319221
FRB20230524B,0,False,,0,-0.17998159834866267,0.32820373654369484,-0.09966384026307738,0.2442801379059126,-0.037129828816389356,0.12401559302750673,0.7500098858703746,0.0004648249413168947
FRB20230525A,0,False,,0,-0.46153236548769605,0.013012946841778212,-0.20415357826958794,-0.47672763373028704,-0.10641306237961742,0.08765197516933705,-0.1313233002839999,-0.4670751433790683
FRB20230525B,0,False,,0,-1.2120912037770368,-1.1629893743042468,-0.45917426427756525,-0.8407373506306329,-0.1570989130460767,-0.006827520317799474,-0.6679940487357963,-1.0929953030768775
FRB20230525D,0,False,,0,0.1086304434798551,-0.59823030489497,0.3415153135407783,-0.44568867245945804,-0.2568888236159158,0.2765453734327442,-1.0610345595122637,0.777369991983363
FRB20230527B,0,False,,0,-0.44560551535823967,-1.3452855027933122,-0.08528511813245493,-1.185166794571753,-0.14609102718698316,0.06830108078095264,-0.46270056766058787,-0.7850680568061141
FRB20230528A,0,False,,0,-0.4404592621072497,0.07687184910062186,-0.3281067551385382,-0.002932945560723167,-0.2520682382983286,0.2677485346332668,-1.017669758259503,0.443970445153844
FRB20230528B,0,False,,0,0.9491843831507961,-0.6195339794237207,-0.5399410313381677,-0.8894062560986821,-0.21759542575639323,0.2618519781682092,0.5254153082838219,1.3237919233244106
FRB20230528C,0,True,FRB20220912A,0,-1.2932059828088327,2.045224619859784,-0.8919158099804939,-0.09294749228264457,-0.012495220235499104,-0.31179665606424484,-0.5669766215400588,-1.2070043902551788
FRB20230528D,0,True,FRB20220912A,0,-1.2873642952295072,1.847148160065412,-0.7966593065363905,-0.060869055838209465,-0.2044007253648733,0.21079497276387632,-0.3037798509308172,-0.027061693404435132
FRB20230528E,0,False,,0,0.44542577139027306,0.6641481722662996,0.6540240679702365,1.5199525753284793,-0.0833272198444313,0.19259227926490957,1.4932274333526616,0.5275771090845982
FRB20230528F,0,False,,0,-0.9292926239292091,-0.17385495733541856,0.1190335621488296,-0.32696788669271226,-0.11859613101233434,-0.006791734043436659,-0.4995481155458817,-0.9317392067976585
FRB20230529A,0,False,,0,0.23513280794527558,1.4851223536403069,-0.8120495079711314,-0.4286726949799356,-0.2399383964681713,0.27250715962297273,-0.23309271825290664,1.3237919233244106
FRB20230530A,0,False,,0,-0.2147369896149837,-1.5148301153687063,-0.9859089719057076,-1.854374331763548,0.012296422694067145,-0.45627436665847987,-0.6238772567098663,-1.301498408457014
FRB20230530B,0,True,FRB20220912A,0,-1.284028432820869,1.6545909121887892,-0.8623072961623813,-0.35480794792354103,-0.12439804624084927,0.043618929722990474,-0.4088078955834574,-0.7750023896498316
FRB20230601B,0,False,,0,0.7459364164565112,0.18197319747315888,-0.8130360784988715,-0.9790642289654827,-0.17397620533159175,-0.016883122616149993,-0.750713033784415,-1.1831754639260204
FRB20230601G,0,False,,0,-0.02434578518665375,0.0868817214153765,-0.5812495703432929,-0.7772750356368168,-0.144909604700954,0.07244261644284966,-0.4433994711492435,-0.758157803796461
FRB20230601D,0,True,FRB20220912A,0,-1.2839063569374334,1.788673501534072,-0.7567355486747452,0.12153006819891864,-0.0029119135575006545,0.06978694182700519,0.48957041476275376,-0.34608171572497914
FRB20230601E,0,True,FRB20220912A,0,-1.2750410944234354,2.567638486371675,-1.0662801792594938,-1.1338155886753762,0.12982027809456723,-0.5707293467570292,-0.5065666960954615,-1.3345713148276563
FRB20230601F,0,False,,0,0.6679431246207176,0.3540320906548542,-0.1795356162648078,-0.16948101216549452,-0.24856391259376326,0.27925829069797553,-0.659471486639878,1.3237919233244106
FRB20230602A,0,False,,0,0.785475306983064,-0.18767560791483873,0.36635194723929115,0.013717820279845248,-0.21092402366648846,0.2640136972717337,1.0658460106014644,1.3237919233244106
FRB20230602B,0,False,,0,-1.114218172176391,-1.1118646222475377,0.22605954119681185,-0.6343204338534568,-0.1941229431594765,-0.15819200442644532,-0.9051218058751701,-1.4372822041774775
FRB20230602C,0,True,FRB20220912A,0,-1.3014479950541697,0.8721484886931484,-0.9444746719381827,-0.2077533001519306,0.3551816155134467,-1.0474685141783278,-0.49278019858735833,-1.4728201718925156
FRB20230602D,0,False,,0,1.9205754200627907,0.6496195200255497,-0.1730589816644961,1.149577349330578,-0.23457462635418583,0.27510780949941516,0.36022800177764075,1.3237919233244106
FRB20230602E,0,False,,0,-0.8399232006526823,-0.26134643002275143,-0.26735306376935786,-0.8063269669734109,0.07133920693438213,-0.5339466967649827,-0.5739952020896386,-1.3294357703601654
FRB20230603A,0,True,FRB20190208A,0,0.27089218768098405,0.15770636076912625,-0.7105148691444442,-1.2491102456449552,0.028101750397801127,-0.26079389311404166,-0.4200877571809964,-1.1416802646286925
FRB20230603B,0,True,FRB20220912A,0,-1.287175010778213,1.3753130121381043,-0.9558462333884754,-0.26773308533628076,0.02825171169556359,0.07794357081473231,0.8011452584458845,-0.21892563470990076
FRB20230603C,0,True,FRB20220529A,0,-1.1374753272076086,0.20732316178639723,-0.6153187046169224,-0.9652658895749727,0.1656089370265026,0.07360359149084333,1.9183528837843509,-0.14476837259933
FRB20230604D,0,True,FRB20190117A,0,-0.3492366673976502,0.5443952282153993,-0.6098973450858123,-0.011233111071411743,-0.09429918779434425,0.11448179007999038,0.1276121892772825,-0.26432384780252166
FRB20230604B,0,True,FRB20200202A,0,0.6576172900706848,0.13351176071213208,0.12997979059310316,-0.17381920528206532,0.9650912148889554,-0.3960880505390059,1.6378603253922162,-0.885519306590239
FRB20230605E,0,False,,0,0.018387432400373337,-2.4937243448750688,-0.6209130115570454,-0.7474568134806658,-0.2657932146698227,0.2874425284045359,-1.0610345595122637,1.2001280125472262
FRB20230605A,0,False,,0,2.1098483138096285,-0.6017535293446382,-0.40574801317512693,-0.44750059142384246,-0.2574327555544479,0.26997462170117087,-1.0610345595122637,0.22827757751921987
FRB20230605C,0,True,FRB20220529A,0,-1.1349383315692674,0.8353012056628399,0.1184059772073998,0.5291928205088343,0.286390504729742,-0.06858358690700408,1.1224959821802156,-0.5638288011465997
FRB20230605C,1,True,FRB20220529A,0,-1.1349383315692674,0.8065056981965758,0.1184059772073998,0.5291928205088343,0.47264255124277815,-0.24241741996126692,0.881357607583939,-0.875248217655257
FRB20230605C,2,True,FRB20220529A,0,-1.1349383315692674,-0.5096149360205053,0.1184059772073998,0.5291928205088343,0.34741634243102654,-0.19054949587963899,0.6883466424704953,-0.8530626655556957
FRB20230605C,3,True,FRB20220529A,0,-1.1349383315692674,-0.8647834820609535,0.1184059772073998,0.5291928205088343,-0.016002145972353027,0.04072564638257956,0.20406458454949075,-0.5282908334315616
FRB20230605D,0,True,FRB20210323C,0,-0.8900759357110966,1.2664352672997454,-0.6473217104683164,-0.29227953141863255,-0.18596481542662127,0.06917093658629732,-0.694063062205664,-1.0108265915970207
FRB20230606A,0,True,FRB20220912A,0,-1.307644616825826,0.9258381977664665,-0.6511994778026993,-0.6337903698467213,0.008600843634972105,0.05938526675102793,0.48856776039852806,-0.3851118536779111
FRB20230606A,1,True,FRB20220912A,0,-1.307644616825826,1.107603555613173,-0.6511994778026993,-0.6337903698467213,-0.10540242317340612,-0.19568012070082905,-0.6908044355219305,-1.2585652567087888
FRB20230606B,0,True,FRB20220505A,0,0.34352957283391977,0.3827343929718455,0.0339548863741295,-0.21509511442476698,0.11576275309543074,0.022952927753830562,0.8999067133221141,-0.39004197636670257
FRB20230607A,0,False,,0,-0.4738751077938707,0.9184374025768334,-0.09218363957879559,0.1846020963834583,-0.15230228545453003,0.24627213353605928,2.4517650055524136,0.49573673338615376
FRB20230608A,0,True,FRB20220912A,0,-1.3068153835999754,0.8817464038875171,-0.6429782512404493,-0.19826656971108056,0.1431554435370596,-0.1328156103094011,0.18977675985927478,-0.8824379799097444
FRB20230608A,1,True,FRB20220912A,0,-1.3068153835999754,1.1409621539058936,-0.6429782512404493,-0.19826656971108056,-0.21923113535707997,0.11841036477865052,-0.8276667562387362,-1.038147688164073
FRB20230614A,0,False,,0,0.6736534509797829,-0.3465066792898484,1.9777491972864256,0.8069521080421631,-0.20553444102624618,0.19473308449286986,-0.4524233604272746,-0.32348532006801856
FRB20230614B,0,False,,0,1.7316141106728455,-0.09360292118507144,1.5687028901829525,1.1316406183730614,-0.24834919017552087,0.24267549450745124,-0.9509932430384951,-0.33581062678999707
FRB20230614C,0,False,,0,-1.5307304488570386,-0.7847100154864196,-0.5060700137416201,-0.9783911109911053,-0.25679351268693273,0.283192737830974,-1.0610345595122637,1.3237919233244106
FRB20230615A,0,False,,0,0.5717034300260241,0.21602362369147282,0.4402181278533843,1.043457810176304,-0.2680736056286193,0.29444769969160767,-1.0610345595122637,1.3237919233244106
FRB20230615B,0,False,,0,0.34867612520941377,-1.6552999118591818,0.2715545463982171,-0.4655455096481518,-0.238554326147442,0.2629219453218357,-0.4534260147915003,0.9421182585004758
FRB20230615C,0,False,,0,0.7131530073470747,-0.7062433595591693,0.3308988499856981,-0.45950683618397326,-0.22313551641254595,0.26787636172685597,0.6138995559267383,1.3237919233244106
FRB20230616A,0,False,,0,1.024457000339392,-1.5335198056149446,1.5230206144328569,1.115930270062599,-0.057230789520653504,0.09478759517197116,0.2790129982753605,-0.30787326488684574
FRB20230617A,0,False,,0,-0.15785276318900543,-0.760922261876179,-0.018466838510546077,0.2736434379191355,-0.2374302833527643,0.272395841245511,-0.06188948556137143,1.3237919233244106
FRB20230618A,0,False,,0,-0.8716647093980158,0.2877700039455777,0.04779224654498599,-0.3616492832932753,-0.03422795238667752,0.08727210204089335,0.3983288676182167,-0.303148563976754
FRB20230619A,0,False,,0,0.3235295012786266,0.015396949400311274,0.5693543548242537,0.2928107515585853,-0.25472722246885554,0.2742787672004321,-1.0610345595122637,0.7541573309903034
FRB20230619B,0,True,FRB20220529A,0,-1.132759098892352,0.6583049432091781,-0.4640508091363001,-0.15153407209417688,-0.17332256459656079,0.19314388889991418,-0.0074954863021281706,0.14384922647366702
FRB20230620A,0,False,,0,0.36768276261577343,-0.5856988198054077,1.0670960115606287,0.26016782818063805,-0.07907580571112932,0.10598135443869815,0.19002742345033122,-0.2852768692298851
FRB20230620B,0,False,,0,0.7383675796901356,-0.7887645123708507,1.2293276106345241,1.0829876535908536,-0.25341832670968334,0.28587204461187,-1.0610345595122637,1.3237919233244106
FRB20230621A,0,False,,0,0.6409905298506031,0.09391665676533602,-0.31797921313739286,-0.7221349867504352,-0.20573925049039854,0.25723850273567855,0.834232852465332,1.3237919233244106
FRB20230623B,0,True,FRB20220912A,0,-1.3069178108926152,1.6140097623704057,-0.941808690986344,-1.0527795875341428,-0.01517056496867136,-0.259382734562773,-0.5233611566962416,-1.1599628029329607
FRB20230624A,0,False,,0,-0.4251875404669452,0.7316506511164902,0.2601177131442594,0.44531598257272514,-0.13369381677649644,0.04703349318939378,-0.45016738810776685,-0.8099240920287708
FRB20230624B,0,True,FRB20220912A,0,-1.3122681847404456,-0.831602357577856,-0.8927855154187175,-0.31560088758555616,0.5629526746271535,-0.8885955892715038,-0.1654135486676731,-1.3931165217570545
FRB20230624B,1,True,FRB20220912A,0,-1.3122681847404456,0.6283031185237606,-0.8927855154187175,-0.31560088758555616,0.1918638434451924,-1.027449603187483,-0.6461863163138877,-1.4871996964014904
FRB20230624C,0,True,FRB20220912A,0,-1.2943249552189724,1.6821488368321502,-0.8439426783521452,-0.033214264160322915,0.009823651626872435,-0.3255121778849037,-0.5308810644279343,-1.2098802951569738
FRB20230624D,0,False,,0,1.5563788040447872,-0.0870024895883113,-0.2799615064936816,-0.5894198187426026,-0.2503298787746226,0.27752692946979174,-0.8517304609801525,1.3237919233244106
FRB20230625A,0,False,,0,-0.06465038848381637,-0.2758150653384164,0.6540360429941946,0.4110100390648926,0.03873059298715923,-0.03707865865579234,0.11908962718136419,-0.7411077961643907
FRB20230625D,0,False,,0,0.7656383513546846,0.5753073519279177,0.13279179445887426,0.4720205249419026,-0.15717511789722027,0.16993913168988983,-0.036321799273616534,-0.034251455658922604
FRB20230625B,0,True,FRB20220912A,0,-1.3112727266521642,0.18163799132668998,-0.275327357781544,-1.023800856504311,0.7366784895751344,-0.2311815741201289,1.8762414004868722,-0.6690047518408164
FRB20230626B,0,False,,0,-0.9374936598466289,-1.1209687097872256,-0.22001210561866472,-1.1742826674178077,-0.1830868069915173,0.06322160419021948,-0.6877964724292535,-1.0151404489497131
FRB20230626C,0,True,FRB20220912A,0,-1.2965555632803987,1.464948305166532,-0.7542526290677091,-0.8438390186236636,-0.0497308212331019,-0.07343957304796678,-0.35541655068843986,-0.9185922129608814
FRB20230626D,0,True,FRB20220912A,0,-1.2878929026322092,1.6430532360696721,-0.7551310404070499,-0.36383400080542566,0.13011566624588233,-0.13447399278714436,0.13788939651059573,-0.8959958173039207
FRB20230626E,0,True,FRB20220912A,0,-1.2968470941088033,1.8499977692302383,-0.6767542760684563,0.25729240755712324,-0.06910116023969883,-0.08707029776848092,-0.4519220332451618,-0.9648121131683008
FRB20230626F,0,True,FRB20220912A,0,-1.3109116817176256,0.022781970721992756,-0.6160006636022046,-1.3140997330168591,-0.0959859218905083,-0.2511535243515175,-0.7081002233048236,-1.3010875648996147
FRB20230627A,0,True,FRB20220912A,0,-1.3009686183036515,1.0980685269146964,-0.3288271539068666,-0.05715102597149495,0.07907515606651125,-0.035387293385049784,0.31535921897854147,-0.6895469297107806
FRB20230627B,0,True,FRB20220912A,0,-1.301727358819061,1.4515402713720136,-0.9397568989764925,-0.9590398560559493,0.270060950933481,-0.6798889927290342,-0.37922959183879984,-1.3573731322633167
FRB20230627C,0,True,FRB20220912A,0,-1.3057405589535798,0.8112363372979624,-0.4737756741543931,-0.3388753528788625,-0.0743262539265038,0.08747568569346666,0.09778322194156845,-0.3959992079489922
FRB20230627D,0,True,FRB20220912A,0,-1.2905848545683491,1.8180317739714371,-0.9341423162160006,-0.6909715818377573,0.22408966828272467,-0.5024168081797028,-0.2932519801064476,-1.271095985209467
FRB20230627G,0,True,FRB20220912A,0,-1.3106136249788705,1.8221371422177768,-0.9049464611654893,-0.19501772813845925,0.13938506348220508,-0.3931060472218037,-0.33210483672019275,-1.218302588083659
FRB20230627E,0,True,FRB20210305A,0,-1.0626666671038796,-0.5409798742880978,0.18767751959500154,-0.27989859226743347,0.008969158081771603,0.021087521779981928,0.241162796025841,-0.5745107336389811
FRB20230628B,0,False,,0,-0.11089711573479047,-0.49628008037770216,-0.2410185238956589,0.4758519801038028,-0.2643765401258255,0.2885081792358853,-1.0610345595122637,1.3237919233244106
FRB20230628B,1,False,,0,-0.11089711573479047,0.16633594126023507,-0.2410185238956589,0.4758519801038028,-0.24726467678768774,0.25000752571179413,-0.9011111884182673,-0.11128462267128836
FRB20230628C,0,False,,0,0.10707377257729914,-0.18632623115580838,-0.1958140811830395,-0.5651748902165495,-0.250050868224259,0.27925154835126276,-0.7988404432672478,1.3237919233244106
FRB20230628D,0,True,FRB20210409B,0,0.5465903073517571,0.7483680710520337,-0.6183838280165517,-0.5799768987989211,0.2396317763722662,-0.19454369065525434,0.31385523743220295,-0.9337934245846549
FRB20230628E,0,True,FRB20220912A,0,-1.3092690707004129,0.03220175195728134,-0.8144133277598403,-0.8207852298776732,0.05515199983759963,-0.4211166429758109,-0.5221078387409596,-1.266576706078075
FRB20230628G,0,True,FRB20220912A,0,-1.305662205584665,0.9762484949959337,-0.5422151029138761,-0.6068153529478224,0.18322553157343893,-0.18710826136135922,0.15643850224877084,-0.9570060855777145
FRB20230629B,0,True,FRB20220912A,0,-1.3117579200955876,0.2917867110021794,-0.5341434878971955,-0.40782340921530713,0.19180281402643504,-0.26098330565777106,-0.001980887298886919,-1.0623874580506307
FRB20230629C,0,True,FRB20220912A,0,-1.2946919057385597,1.5296204741044375,-0.5668738958557784,0.5039392930165982,-0.08275691304439363,0.010102253783134849,-0.2902440170137705,-0.7448053881809843
FRB20230629D,0,True,FRB20220912A,0,-1.2971989455880517,1.1580381958847463,-0.8802216079513211,-0.46132184121095765,-0.14858830081679597,0.13143874342883835,-0.22732745565860898,-0.3933287248258968
FRB20230629E,0,True,FRB20220912A,0,-1.310403627314519,0.2171274027556987,-0.5563088619369311,-1.0656519536969602,0.17471853367144266,-0.36523270242622957,-0.22306617461064981,-1.182148355032522
FRB20230629J,0,False,,0,0.5330108367878473,-1.0593811478673696,-0.09779720015821741,-0.11958282197835865,-0.2509839437630372,0.29695790443467723,3.045587052765074,1.3237919233244106
FRB20230629J,1,False,,0,0.5330108367878473,-0.37549969288483515,-0.09779720015821741,-0.11958282197835865,-0.2609383859603932,0.2964853354690265,-1.0610345595122637,1.3237919233244106
FRB20230629H,0,False,,0,1.0522107113402837,0.4221600011443859,-0.5617754397531711,-0.6590510797734592,-0.2631831821812815,0.29002696715586956,-1.0610345595122637,1.3237919233244106
FRB20230629I,0,False,,0,0.21530742149153095,0.05351133692995721,-0.43382744391080763,1.227131995989639,-0.1687782910211632,0.06560636563459994,-0.6023201878790141,-0.9272199276662664
FRB20230630B,0,False,,0,-0.8868203545565507,-0.6600292817053128,1.9925090019408163,1.0760914327391828,-0.01880105911685183,0.03197929860775146,0.13964404164799069,-0.5718402505158857
FRB20230630C,0,True,FRB20220912A,0,-1.308267587968819,0.2459298038769785,-0.21484812393943306,-0.10126022033260688,0.034825211457926296,-0.2687161652998758,-0.41357050381352944,-1.1468158090961837
FRB20230630D,0,True,FRB20220912A,0,-1.2795635984621858,1.8608472134992917,-0.8899676082489577,-0.6519587391786796,0.1889568866495835,-0.2817534723311267,-0.05186294191911461,-1.0897085546176832
FRB20230701A,0,True,FRB20220912A,0,-1.3072236014252787,0.9011170888342517,-0.7235885396902465,-0.38456929402220186,-0.09350045097002774,-0.10222166696851606,-0.5589553866262533,-1.077177826117005
FRB20230702B,0,False,,0,0.9432258731828498,-1.4721866258904746,0.08843006824506267,-0.5742599669032932,-0.21107251186273412,0.2567898936426907,0.5585029023032694,1.3237919233244106
FRB20230702C,0,False,,0,-0.3359265204147754,0.1273320564257769,-0.720906723980911,-0.573411221402712,-0.10542009314681282,0.08523641187195366,-0.1363365721051283,-0.4779624976501493
FRB20230702D,0,True,FRB20220912A,0,-1.3029258546332072,1.3251849129513704,-0.9051225239359231,-0.9530057255413589,-0.07750300670121898,-0.4539966148687753,-0.7760300564811136,-1.4319412379312868
FRB20230702E,0,True,FRB20220912A,0,-1.3031937912507092,1.083520003149029,-0.71492992286177,-1.3041889858650393,1.1273525896365875,-0.8061248470582107,0.7116583564387423,-1.2513754944543014
FRB20230702E,1,True,FRB20220912A,0,-1.3031937912507092,0.8835884602088422,-0.71492992286177,-1.3041889858650393,0.24064187688547148,-0.2243524497618859,0.2263736441535122,-0.9835054950299683
FRB20230702F,0,False,,0,0.8804019629484899,-0.13983057061582602,-0.28084659451098193,-0.5294039635455684,-0.2780835663413511,0.2980744530507003,-1.0610345595122637,1.2946220307490615
FRB20230702A,0,False,,0,0.32475125790727194,-0.29863118899525737,1.3213828431498145,0.5337934078004071,-0.2461811195816201,0.24831749351128507,-0.8775488108589639,-0.1242261947293658
FRB20230703A,0,False,,0,-0.8553386181194924,-0.6732052403776276,0.7803476619777081,0.2638619548267595,-0.08339198861168631,0.20163899562381488,1.8190901017260082,0.38090595909305386
FRB20230703A,1,False,,0,-0.8553386181194924,-0.43474657676369827,0.7803476619777081,0.2638619548267595,-0.17654216244599125,0.24285152297427173,1.190676478947562,1.1409665402817293
FRB20230703B,0,False,,0,-1.5940529762140918,-0.3789233871983977,-0.46519732604689185,-1.2271400893593052,-0.14849963017760837,0.09429595153657731,-0.3947707344842979,-0.664074629152025
FRB20230703C,0,False,,0,-0.2595856743682617,0.5169982713899124,0.1952284149567235,0.02899470286538206,-0.24331898775528216,0.27339380935336266,-0.43312226391593023,1.3237919233244106
FRB20230703D,0,True,FRB20220912A,0,-1.3093396697879527,-0.08602654299300937,-0.47687939992841294,-0.6117853959306782,0.3769712356492546,-0.32506302950886057,0.32739107134924966,-1.0558139611322424
FRB20230703E,0,False,,0,0.23269253722622407,-0.6105718359794289,0.44460490895903215,-0.66237741750266,-0.25938903195291546,0.2758790139222551,-1.0610345595122637,0.4899849235825638
FRB20230703F,0,False,,0,0.7298973002197882,0.7054962667741037,-0.19984420989740798,-0.352233530441673,-0.19493472032541767,0.21838825984103652,-0.03582047209150369,0.3546119714194997
FRB20230704D,0,False,,0,1.2874589651988835,-1.37586335267378,-0.20171869330148282,-0.9212047298653326,0.28699773587578725,-0.2664490826049726,0.24341876834534878,-1.0210976805320027
FRB20230704B,0,True,FRB20220912A,0,-1.301411752198232,1.0868853509116223,-0.9553347566428825,-0.8190152369450177,-0.12821599072619316,0.08395609424674404,-0.29676127038123745,-0.5901227888201539
FRB20230704C,0,False,,0,0.32799037818520965,0.7583679003740059,-0.4996417444933415,-0.11206549797308424,-0.25059629020687757,0.28745761328815456,-0.5013027606832766,1.3237919233244106
FRB20230705A,0,False,,0,-0.4512287957206981,-0.6312173420295055,0.696047040980127,-0.3708995523165859,-0.13720103211903154,-0.056019933352113624,-0.6527035696813546,-1.127711583677117
FRB20230705B,0,True,FRB20220912A,0,-1.3069510784047638,0.8685818667597514,-0.8885537929615669,-0.9814153536030412,-0.03665649919255175,-0.1865308961415536,-0.4960388252710918,-1.089297711060284
FRB20230705C,0,True,FRB20220912A,0,-1.2932181431783998,0.9149940898797889,-0.8532317177210058,-1.5729582022839415,-0.1894708248061419,0.2031589491583086,-0.13984586237991822,0.08222269286377441
FRB20230705D,0,False,,0,0.8530501847074679,-3.1931175047294813,-0.8555839155690049,-1.2554594869120215,-0.05758675801299622,0.01509380445215612,-0.146864442929498,-0.694477052399572
FRB20230706A,0,True,FRB20220912A,0,-1.2815393842430869,1.9200864419754404,-0.8668279678344566,-0.24058043741261312,-0.058209348277614044,0.07419024749967174,0.12936683441467745,-0.43811067258241876
FRB20230706C,0,False,,0,0.5319982038787578,-0.5372986927365756,-0.6575480144532282,-1.2526306704929686,-0.22066737511164078,0.2782583917988047,2.5786007826269626,1.3237919233244106
FRB20230706D,0,False,,0,1.512908500364027,-0.8300474866865675,-0.08618825281930172,-0.5444801207156544,0.3240223200210356,-0.006995495674380013,1.948933841893234,-0.2963696452796658
FRB20230708B,0,True,FRB20220912A,0,-1.280202800743588,1.6689634668075028,-0.7258488978964905,0.005676200014299161,0.027767579050861076,-0.031813507168398085,0.09001265061881941,-0.7378210477051964
FRB20230708C,0,True,FRB20220912A,0,-1.3066224559264996,1.588171400472022,-0.4902267994624096,0.30265865739123293,-0.10238849162564566,-0.5082225933332022,-0.8344346731972595,-1.4984978942299707
FRB20230708C,1,True,FRB20220912A,0,-1.3066224559264996,0.5637359036540885,-0.4902267994624096,0.30265865739123293,-0.05100488875449395,-0.11956970252555074,-0.44440212551346914,-1.003225985785134
FRB20230709A,0,True,FRB20220912A,0,-1.2956039165691302,2.359133321743019,-0.8671557364668275,-0.3430265618973826,0.3583600473610568,-2.52845594639717,-0.7988404432672478,-1.6753660456903625
FRB20230709B,0,False,,0,0.07639330309299698,-0.9826614556704272,0.16270125248505932,-0.11395728384583453,-0.2560192790417771,0.27602726546922257,-1.0610345595122637,0.8079778370096096
FRB20230710A,0,False,,0,1.5256899036902203,0.9656215124156746,-0.6043011103091118,-0.31461672323522233,-0.23454500485680377,0.26925524982359433,-0.03155919104354454,1.3237919233244106
FRB20230710B,0,True,FRB20220912A,0,-1.2964205603748682,1.2198810607764985,-0.511639932514801,0.08167619063412805,0.20943671260275928,0.012691518326741306,1.4135164113967198,-0.283633495000288
FRB20230712B,0,False,,0,0.2773637932521152,-1.0947887746549854,0.5707841449824245,-0.1411580057169049,-0.23802913936441134,0.24877443814745112,-0.6424263624480414,0.17692213284430938
FRB20230712D,0,True,FRB20220912A,0,-1.2835993698427244,1.902325974743301,-0.8820601525345624,-0.6665836782988815,-0.11228012886984809,-0.16316414918636066,-0.6825325370170686,-1.2330929561500332
FRB20230712E,0,True,FRB20220912A,0,-1.291592268402513,1.5837093742411024,-0.7971523712507431,-0.21983401376041659,-0.0721337613081318,-0.06341130824174682,-0.4200877571809964,-0.9181813694034822
FRB20230712F,0,True,FRB20220912A,0,-1.3078286440051812,2.0445796299801167,-0.3989543484639773,1.347094301460729,-0.06247435487434481,0.054720972786050384,-0.006242168346846068,-0.5449299975062326
FRB20230712J,0,True,FRB20220912A,0,-1.3117203558170905,0.5196872323474848,-0.8501199267373671,-1.3690368922591534,0.02724294845156657,-0.2613493443805273,-0.422845056682617,-1.1425019517434911
FRB20230712G,0,True,FRB20190113A,0,-0.23764509599269357,1.7077305132742937,-0.021296569211254165,-0.05011623771338017,0.258750016372227,-0.7930544708028793,-0.4692178210280548,-1.4062635155938314
FRB20230713A,0,True,FRB20190117A,0,-0.3497870073733531,0.535947820762618,-0.4046122047968563,0.25476446276196063,0.3794134669962342,-0.37033650711458044,0.22486966260717367,-1.1077856711432517
FRB20230713B,0,True,FRB20220912A,0,-1.3119350930155322,-0.6818838825735968,1.662942570571652,0.24155269166835952,0.034758602589879714,-0.18975981709881534,-0.29851591551863244,-1.0523217908943483
FRB20230713C,0,True,FRB20220912A,0,-1.2826898859748972,1.8402647549165214,-0.48844848702851107,0.4378219521938424,-0.1437583825361169,0.20013735433546648,0.5830679342267986,0.6530898158700795
FRB20230713D,0,True,FRB20220912A,0,-1.2945713979217306,1.1963531872959141,-0.728757094515685,0.030723163011722076,-0.11791166813339898,0.04514750869517421,-0.36870172101443016,-0.733507190352504
FRB20230713E,0,True,FRB20220912A,0,-1.2775740572344796,1.529261378006106,-0.6690541831121045,0.1987119752628329,-0.1450806645283264,0.22007880740015676,1.106704175943661,0.9497188643123625
FRB20230713F,0,True,FRB20220912A,0,-1.306973960402883,0.6657021461807335,-0.40285710179237216,-0.45960861651190754,-0.06620255908298776,-0.02099345271042982,-0.2997692334739145,-0.8136216840453644
FRB20230714B,0,True,FRB20220912A,0,-1.2743859086383051,1.471412394273131,-0.5150571728110631,0.37318300255050496,-0.023333238865770184,0.16282375985196682,1.6351030258905956,0.2958613427114021
FRB20230716A,0,False,,0,0.041405465736649216,-0.23819333428246978,-0.3337401714569694,-0.2841337269166617,-0.2454937048334014,0.2836561919186892,0.02158149026041661,1.3237919233244106
FRB20230717A,0,False,,0,-0.8512465303782241,-0.5850207966492118,3.362337106413055,1.784323164256785,-0.23093694332092746,0.2809132924644699,1.8065569221731872,1.3237919233244106
FRB20230717C,0,False,,0,-1.233640666957458,-0.3880936308789544,3.83148466745452,3.1878810828163937,0.021137452417096993,0.091011237733823,0.886120215814011,-0.1330593312134504
FRB20230718B,0,False,,0,1.1556123673861474,1.0131727641457433,-0.7019682894449539,-0.6535754338821769,-0.2239126138455625,0.20687168065584263,-0.6444316711764927,-0.4383160943611184
FRB20230718C,0,False,,0,2.1188426302018546,1.847402576422822,-0.742860257668879,0.13809960636594637,0.03180241288550716,-0.40384981971405143,-0.5524381332587864,-1.2618520051679831
FRB20230719A,0,True,FRB20220912A,0,-1.2738428077944681,1.8910800564036665,-0.9325645350708825,-0.5817920402348264,-0.06844804319399629,0.03016133000341396,-0.1481177608847801,-0.6564740233401383
FRB20230720C,0,False,,0,0.893463064629972,-0.5643778902358226,1.0927386865431243,0.21112464893438604,-0.16173658639633226,0.028272485638383138,-0.6359091090805744,-1.0182217756302079
FRB20230720A,0,False,,0,0.13183448113625704,0.26742620774817116,1.8214898880756436,3.0080138152975016,-0.1705154189283875,0.16326495366543822,-0.24186594393988137,-0.28240096432809014
FRB20230721A,0,False,,0,0.14130086033409922,-0.7369292734744788,0.8722834699280232,-0.08817509854801489,-0.1964062438140843,0.23894224693044114,0.3762704716052517,1.1705472764144778
FRB20230721B,0,True,FRB20220912A,0,-1.311805987803955,0.10307125636443067,0.0009328658658514035,0.2251305446511882,-0.0451179498079417,-0.04306427618624076,-0.2669323030455234,-0.8469000121947063
FRB20230722A,0,False,,0,0.2824570118780203,1.431535601921289,0.2152894901113107,2.271701306333569,-0.2697029673597084,0.28870613557484137,-1.0610345595122637,0.7977067480746275
FRB20230806A,0,True,FRB20220912A,0,-1.3232566113539195,1.816275298588169,-0.8254399875815118,0.2514607429486146,0.3545609248717603,-0.4759184885254503,-0.020780656628118458,-1.2139887307309667
FRB20230806B,0,True,FRB20220912A,0,-1.3089132352652906,0.8318594589395306,-0.8200988229543985,-1.3521767274958247,0.2051010565782721,-0.5716008911568056,-0.38975746266316946,-1.3173158854168865
FRB20230807A,0,False,,0,-0.9565037461982079,-0.7627535933911773,2.2441581046662877,1.0574938070735034,-0.10486517407881117,-0.08311352680095245,-0.5717392297701308,-1.0745073429939096
FRB20230807B,0,True,FRB20220912A,0,-1.2960184416854041,1.819666631696215,-0.9349822155072505,-0.7057715362901452,0.14603122636252178,-0.36692073171449513,-0.28648406314792424,-1.194268239975801
FRB20230807C,0,True,FRB20220912A,0,-1.301376504315495,1.2201106285708123,-0.5307135566790054,0.151390925201495,-0.07178163610166415,-0.020121878087701002,-0.32232895666899236,-0.8175246978406575
FRB20230807D,0,True,FRB20220912A,0,-1.3083066856870704,2.0034289816834083,-0.9131593115237728,-0.30666549956930866,-0.1014668337414141,0.1793477994718882,0.8465153684270966,0.499023481845348
FRB20230808A,0,False,,0,0.9770242839940617,0.9781595791207545,-0.745594063194092,-0.7850787778507099,0.03170399075179686,-0.034407230110959364,0.09778322194156845,-0.7411077961643907
FRB20230808B,0,True,FRB20220912A,0,-1.3087619058514381,1.288547077580551,-0.1360056588139372,0.6751771930763221,-0.03608731155185629,0.09568666770151203,0.455730829970137,-0.24768468372785063
FRB20230808C,0,True,FRB20220912A,0,-1.2747991085852748,2.0005841870038292,-0.9570991073377771,-0.06874194053431792,1.2981577349723346,-0.6587112440262455,1.3746635547829746,-1.0964874733147714
FRB20230808D,0,True,FRB20220912A,0,-1.3110294358460997,0.837754351259117,-0.6239690921100162,-0.08561523333095944,0.13061782000690286,-0.5190665267495532,-0.46771383948171624,-1.3064285311458055
FRB20230808D,1,True,FRB20220912A,0,-1.3110294358460997,-0.2602872202821531,-0.6239690921100162,-0.08561523333095944,-0.0038198658987487573,-0.769879931097185,-0.7765313836632264,-1.496032832885575
FRB20230808E,0,True,FRB20220912A,0,-1.288021364926475,1.259004160061066,-0.7633964211361305,-0.549025155054992,0.12349874964071661,-0.08639734195999328,0.2857809152338838,-0.7912307101671033
FRB20230811A,0,False,,0,-0.5165004367560805,-0.7381305717399859,2.9037319972443023,1.040807482869025,-0.2615758419428387,0.28762670566083093,-1.0610345595122637,1.3237919233244106
FRB20230813A,0,False,,0,1.048644535377861,-1.5051007797502634,-0.6235231254130604,-0.7734833519270551,-0.07620118217155675,0.11205617531956727,0.2627198648566932,-0.23125094143187927
FRB20230814C,0,False,,0,0.5711917472158269,-0.17272038945565465,0.2931419923943726,-0.9347232690285207,-0.03776534800079396,0.13951315384346447,0.9653299105878399,0.1810305684183022
FRB20230814E,0,True,FRB20220912A,0,-1.293445004009673,1.800858029389947,-0.5999497710938663,0.4635626964213433,-0.030281678532369342,-0.004345990758689877,-0.08068925489060297,-0.7226198360814229
FRB20230814G,0,False,,0,-1.2732326228979143,1.3964255774828862,-0.9094461653841382,-0.23333123537411252,0.07325902039799559,0.15566245033843654,2.934793745518136,-0.5765649514259775
FRB20230814H,0,False,,0,0.9092351022897096,-0.5881996880687955,0.5799053643904853,-0.39293213457768333,-0.19316985297640696,0.25479893973022005,1.2703875009035037,1.293184078298164
FRB20230817A,0,False,,0,0.5063274409695673,-0.2152580607013694,-0.4642675846292121,-0.747960837947082,0.34740129076956583,-0.01181436493061742,2.043684679312561,-0.36888353316063943
FRB20230818A,0,True,FRB20220912A,0,-1.287163179556943,2.0100174442655403,-0.7408361784538312,0.7729436574586346,-0.11332208824805352,-0.151533726909206,-0.6752632928764325,-1.2193296969771572
FRB20230825D,0,False,,0,-1.3083118353704988,0.054933228764434475,-0.41385522018180826,-0.3263836238749769,0.3795793363079045,-0.11591480703688901,1.222260091420671,-0.6305908792239833
FRB20230825E,0,False,,0,-1.2990410861751835,1.805818328530416,0.06099256195356263,1.9373171140599974,0.8651997466882718,-0.19273961357081312,2.7610838769160364,-1.0549922740174438
FRB20230825E,1,False,,0,-1.2990410861751835,1.0416207225837182,0.06099256195356263,1.9373171140599974,-0.1047543936608702,0.1619616408487215,0.5083701840919853,0.18801490889409003
FRB20230825F,0,False,,0,-1.3060051518081264,0.7269090292869208,0.5802620451363447,1.4338081703562364,-0.10461106524888948,0.06757856963341592,-0.21078365864888524,-0.5634179575892004
FRB20230825G,0,False,,0,-1.2961446595615194,1.609989200400366,-0.48147143606003867,0.22261865267026007,-0.007992654052361794,-0.31212716505487376,-0.5574514050799149,-1.205771859582981
FRB20230825I,0,False,,0,-1.29447934369952,1.248433543395964,-0.704144054297594,0.7436872597436079,-0.19112010113806668,0.2676759652998239,3.045587052765074,0.7342314184564381
FRB20230825I,1,False,,0,-1.29447934369952,1.4960885127614596,-0.704144054297594,0.7436872597436079,-0.05658404216293786,-0.05141312210368978,-0.33411014544864415,-0.8777132789996527
FRB20230825J,0,False,,0,-0.7465678549029547,-0.806050997093533,0.9433532306178647,-0.37902001901620813,-0.2375112562487462,0.2725011738141653,-0.06188948556137143,1.3237919233244106
FRB20230825A,0,False,,0,1.2271874797639255,-0.1506473415764834,-0.2984019170807761,-0.3427564468291945,-0.14742969316927515,0.10291672887325218,-0.35416323273315775,-0.6030643608782313
FRB20230825B,0,False,,0,0.12986692084799417,0.4955607189497598,0.18474174515427766,-0.17056344575173166,-0.017925353389799573,-0.06530241644136496,-0.21404228533261868,-0.8723723127534619
FRB20230826C,0,True,FRB20220912A,0,-1.3079654777440164,1.0803389373073449,-0.15549495518615097,0.6300751249166453,-0.043812424863314804,0.05430641709284239,0.10831109276593812,-0.513089621807788
FRB20230826D,0,True,FRB20220912A,0,-1.3110002201791695,0.7242077993291876,-0.8049745696816445,-1.3526567827470515,0.08855053377301275,-0.5929424839563815,-0.5827684277766133,-1.3551134926976207
FRB20230826A,0,True,FRB20220912A,0,-1.310744040838171,-0.019395989464841085,1.0169266950797649,0.8535761741292578,0.16868346942444581,0.055993313702440164,1.6619240301336327,-0.05602616420108465
FRB20230826A,1,True,FRB20220912A,0,-1.310744040838171,-4.542436306710094,1.0169266950797649,0.8535761741292578,0.15561919433826144,0.059617533180428096,1.6070287036922766,-0.05643700775848394
FRB20230827A,0,False,,0,0.7627993273800151,-0.6315201454228124,0.4822837886337996,-0.1757060313796265,-0.2376360366656142,0.27710855271377255,0.2624692012656367,1.3237919233244106
FRB20230827B,0,True,FRB20220912A,0,-1.3053139987610025,1.2454144669735343,0.5766995286375345,1.6162753776324352,0.06049643329452488,-0.22556979285275872,-0.28673472673898065,-1.085189275486291
FRB20230827C,0,True,FRB20220912A,0,-1.3027678836558916,1.3548013030145358,-0.8777890637461421,-0.6535199689441715,-0.1606879684427314,-0.08787286883177811,-0.7665048400209695,-1.2616465833892836
FRB20230827D,0,False,,0,-1.127867977920617,0.03379998833942509,-0.09455118581496536,-0.10708345947249955,-0.23842816993348764,0.2584558450028204,-0.5323850459742727,0.6306988419918186
FRB20230828C,0,False,,0,-1.3159163188040148,-1.5628030374738555,-0.3398040025138488,-0.6766426612566652,-0.10453685660904918,0.08556597620624563,-0.12856600078237929,-0.4742649056335558
FRB20230828D,0,True,FRB20220912A,0,-1.2936839660819652,1.7216748115121785,-0.8760371995733693,-0.1432623654571787,0.11326412238754541,-0.7262381661398994,-0.6171093397513429,-1.4064689373725312
FRB20230828A,0,False,,0,-0.43010539053818053,-0.5749947649503998,1.7963524647581548,1.5895298843329047,0.37420493726930565,-0.03141764817671682,1.9687362655866913,-0.3405353277000888
FRB20230829A,0,True,FRB20220912A,0,-1.2988388557539037,2.0974258557904117,-0.8599364843562248,0.7006646216732052,0.04061356563230559,0.03861241717487861,0.5442150776130534,-0.439137781475917
FRB20230829B,0,False,,0,-0.7586165243925098,-0.8986343579610558,1.4270570242350398,-0.006833103296249824,-0.2507476400925396,0.2646139133282721,-0.9667850492750496,0.3346860588856344
FRB20230830A,0,False,,0,0.9486070809634631,0.6284023382577568,-0.7505787747286653,-0.5853984362581758,-0.21925018508098565,0.12742990722997585,-0.8146322495038023,-1.0007609244407383
FRB20230831B,0,True,FRB20220912A,0,-1.2814609007607711,1.689642705763247,-0.810730605826127,-0.8372033182489637,-0.000843757834099139,-0.03655369291992726,-0.05712687733129944,-0.783424682576517
FRB20230831C,0,False,,0,-0.6478571181029302,0.03481615305739102,-0.47679830684001784,-1.0618406808396277,-0.050024841175405614,0.04532900109330047,0.023085471806755135,-0.5656775971548964
FRB20230831D,0,False,,0,0.3003277271975456,-1.0917200145988504,2.304851741272132,0.7841313261858986,-0.013807851843705012,-0.004942290646858818,-0.0017302237078304986,-0.7035156106623562
FRB20230901A,0,True,FRB20220912A,0,-1.3034383675217296,1.6035467038450228,-0.22190862061863192,1.1773270519168737,0.0038454794850123694,-0.51248152095198,-0.6692473666910784,-1.3503887917875288
FRB20230902C,0,False,,0,-0.01802551896646031,0.5204950832075672,-0.8854863536478147,-0.7249241966677359,-0.1455431184586516,-0.019474218191003142,-0.6369117634448002,-1.077177826117005
FRB20230903A,0,True,FRB20220912A,0,-1.2995354257472769,1.555853309109921,-0.7396053990816649,-0.02264601145020803,-0.022061339830823288,-0.4400993043422775,-0.6742606385122067,-1.3362146890572535
FRB20230904A,0,False,,0,-1.9656155146350132,-0.7510539514463851,2.477719903040347,1.1371983500617528,-0.24934286970519948,0.2703305784632975,-0.866268949261425,0.8441320700607465
FRB20230904A,1,False,,0,-1.9656155146350132,0.17623401885870713,2.477719903040347,1.1371983500617528,-0.22406756092301833,0.25555840063381635,-0.04133507109474494,1.1487725678723157
FRB20230904B,0,True,FRB20220912A,0,-1.3095659783387152,-0.03241926507100969,-0.5283094461277399,-0.9776729377309195,0.2879717155089177,-0.01011691439812138,1.6722012373669457,-0.28548229100858474
FRB20230905A,0,False,,0,-0.8529112934309502,-1.2470525364851877,4.477307441167121,2.0179249462873625,-0.1263041347367314,0.07626529199885937,-0.3140570581641305,-0.6231956951907962
FRB20230905B,0,True,FRB20220912A,0,-1.2986328891398766,2.0808748627558193,-0.8144549692786451,0.31647490076672,-0.057589615540622224,-0.035130313177214254,-0.29901724270074526,-0.8403265152763179
FRB20230905C,0,False,,0,-0.8116661575506463,-0.8551205690835243,0.8002552380589254,-0.11197161424321854,-0.25379775851768216,0.2644445265577186,-1.0610345595122637,0.15206609762165268
FRB20230906A,0,False,,0,1.592897480421384,-0.7946534455184271,-0.3750393127903633,-0.09077742135439178,-0.27015396286323884,0.29831389652605345,-1.0610345595122637,1.3237919233244106
FRB20230906B,0,False,,0,-0.03132701752679063,0.5867930673234694,-0.4633319184592923,-0.12281077663549779,0.22159767166190342,-0.3351777230858696,-0.07141470202151541,-1.1346959241529049
FRB20230907A,0,True,FRB20220912A,0,-1.3072316446557886,0.5568151076451607,-0.6741910505836837,-0.3548899668151422,0.2582645678068696,-0.2537909480943489,0.19679534040885457,-1.0180163538515081
FRB20230907B,0,True,FRB20220912A,0,-1.2958519890914517,1.610355259039934,-0.8319677981493261,-0.36415330087043535,-0.2135533304631358,0.21066340605576014,-0.45743663224840303,-0.1981780350612369
FRB20230908A,0,True,FRB20220912A,0,-1.2281356617207277,2.39440177332648,-0.9364610159840575,0.024493202712204277,-0.025926335332169297,-0.02977641769258363,-0.14636311574738514,-0.7924632408393012
FRB20230908B,0,True,FRB20220912A,0,-1.3087827363236464,-0.3090828169844508,-0.6876571930898419,-0.46591429068180673,0.19343984113969812,-0.23546475942054082,0.060183683283105374,-1.0268494903355927
FRB20230908C,0,False,,0,-1.7230132311543045,0.9506870924214522,0.09887072211906354,0.38751873498269307,-0.3003419793369359,0.31480792862040863,-1.0610345595122637,-0.34526002861018057
FRB20230909A,0,False,,0,0.6806397283863794,-0.5249268692566849,0.7563853588951499,1.3896692838351705,-0.2713916039263668,0.2957905669182241,-1.0610345595122637,1.3237919233244106
FRB20230909C,0,True,FRB20220912A,0,-1.2894071786798662,2.0617602034386766,-0.8702833627635636,0.009189330443703323,-0.02108849287437482,-0.14988697640107196,-0.3982800247590878,-1.0297253952373877
FRB20230909F,0,False,,0,0.8508977006779014,-0.17343033812406183,0.5410800112635245,-0.012013284233674459,-0.2259440608612986,0.24951988477629958,-0.2586604045406615,0.671783197731747
FRB20230909D,0,False,,0,0.12175846399267776,-0.5248430957905243,-0.29978142614846587,-0.4910878145929771,-0.26261857695638646,0.2847208665691572,-1.0610345595122637,1.193965359186237
FRB20230910A,0,True,FRB20220912A,0,-1.2915240702765804,1.7365936806909952,-0.7301311426762561,-0.24686869461835323,-0.0761985077702922,-0.19048547047744205,-0.608837441246481,-1.1796832936881263
FRB20230910B,0,True,FRB20220912A,0,-1.2729994846215125,2.006247074802801,-0.838553862100712,0.2122837447148272,-0.008663210507676447,0.08785753653237315,0.6051263302397636,-0.23597564234197105
FRB20230910C,0,False,,0,0.48314186859333325,0.9706412210634692,-0.8579375394439085,-0.6413281831110109,-0.11415856485277728,-0.2609408917630932,-0.7562276327876563,-1.3495671046727302
FRB20230910D,0,False,,0,0.9443519241017501,0.5616371421453544,-1.0068048629511028,-1.3884047917524591,-0.23592510267073444,0.23298465996587062,-0.7123615043527827,-0.21995274360339898
FRB20230911A,0,False,,0,-0.5458700091132936,-0.8062315098876676,5.805564783220315,3.81978895701962,-0.25945366489973076,0.2667996821773289,-1.0610345595122637,-0.042468326806908284
FRB20230911B,0,False,,0,-0.9880821622104967,1.36846602386987,2.5847535630855303,3.0139673617278957,-0.24376564677367263,0.27833719751594954,-0.2408632895756557,1.3237919233244106
FRB20230911B,1,False,,0,-0.9880821622104967,-1.9015312767038535,2.5847535630855303,3.0139673617278957,0.0007539959961197046,0.14622493387018148,1.5659198747590235,0.2796330221941304
FRB20230911B,2,False,,0,-0.9880821622104967,0.3932486786261544,2.5847535630855303,3.0139673617278957,-0.2019218106585612,0.16380197356400364,-0.569483257450623,-0.6207306338464005
FRB20230912A,0,False,,0,0.3383803250263555,0.4494148271742071,-0.5885424886931117,-0.038696898455645154,-0.26389855957418606,0.2855596053863354,-1.0610345595122637,1.1479508807575172
FRB20230912B,0,False,,0,1.9185985734970605,0.38156202719713855,-0.5283473656449549,-0.3728642176326971,-0.2580814139987169,0.28485839203945984,-1.0610345595122637,1.3237919233244106
FRB20230912C,0,False,,0,0.4323938568961021,-0.944863935932758,4.013672238599124,1.7905546523767735,-0.22687773089817784,0.26911289664430216,0.4584881294717576,1.3237919233244106
FRB20230912D,0,True,FRB20190117A,0,-0.3434673914779176,1.2067772544372573,-0.7037347079516407,-0.34891456913768376,-0.14985358900574616,0.19904223145053876,0.45522950278802415,0.5772891795299117
FRB20230912E,0,True,FRB20220505A,0,0.34344518411342,0.7472898837408033,-0.5741322175295127,-0.04590343302705596,0.05919117192508962,-0.40689265535468805,-0.5028067422296152,-1.2552785082495945
FRB20230912E,1,True,FRB20220505A,0,0.34344518411342,1.022631544179351,-0.5741322175295127,-0.04590343302705596,-0.20674560571027603,0.01984711888818424,-0.8574957235744501,-1.2437748886424147
FRB20230913A,0,False,,0,-1.0944467551025052,-1.088151138568236,5.217758299288328,2.1981556517787615,-0.23365645131514554,0.25988679237588364,-0.31104909507145345,0.9823809271256057
FRB20230913B,0,True,FRB20220912A,0,-1.282853823938743,1.9438501852849204,-0.9884890632368086,-0.3792133349252715,0.04095509953521606,-0.7014401543782458,-0.6990763340267924,-1.415712917414015
FRB20230913C,0,True,FRB20220912A,0,-1.2644489555967262,2.5129789299285816,-0.818327894156655,-0.8551979822223228,-0.22744847214561983,0.043748084080738305,-0.9389613906677868,-1.2908164759646328
FRB20230913E,0,True,FRB20190303A,0,-1.3022037072150707,-0.2650122373317675,-0.2788723501753352,-0.6569181671036952,1.32100898292762,-0.6002152018205169,1.6268311273857337,-1.0282874427864903
FRB20230914B,0,True,FRB20220912A,0,-1.2922977844780077,1.9922522548551376,-0.959569892972922,-0.4162471816975065,0.1970283218772635,-0.6726958794067505,-0.4762364015776346,-1.3688767518704967
FRB20230914C,0,False,,0,-0.314470309161864,0.6379391684025085,-0.3839186378304247,-0.4302862715381812,-0.1575914084023149,0.13712322862757606,-0.27545486514144174,-0.4229094609586453
FRB20230915A,0,False,,0,-1.379495884748327,-0.8306160613759691,0.6523452787758646,0.18448160366468758,0.23621655445956055,-0.19520276476407303,0.30082073069726906,-0.9370801730438492
FRB20230915B,0,False,,0,-0.3464572831934781,-0.4644358997458581,-0.10646202087227277,-0.013273517080212596,-0.22575425527167445,0.25166741978948337,-0.20602105041881325,0.8026368707634189
FRB20230915C,0,False,,0,0.8940296721967834,-0.4147198137922568,-0.22265171528473365,-0.8273026905037419,-0.22732978546667523,0.27699549359176784,1.3608770572748714,1.3237919233244106
FRB20230915D,0,False,,0,0.11293776329899909,0.001537925347454895,-0.16752925094176138,-0.40285618807655216,-0.20457024643088934,0.25371493381943244,0.6823307162851411,1.3237919233244106
FRB20230915E,0,False,,0,0.38338290166037886,0.3841186469684283,-0.9122619951118219,-0.9754485303461344,-0.05463788681736535,-0.06526497969894648,-0.3569205322347784,-0.9060614844602033
FRB20230915F,0,False,,0,-0.02200811197968457,-1.021108821218406,-0.5430672869212574,-1.3102470881903174,-0.033898538004555466,0.18153404745326907,2.039423398264602,0.12351247038240246
FRB20230915H,0,False,,0,0.21375646226952813,-0.677175638446517,0.17051454970269955,-0.6534503388958548,-0.26901154925248183,0.28461846686449505,-1.0610345595122637,0.382549333322651
