tns_name,sub_num,is_repeater,repeater_name,catalog1_flag,dm_fitb,width_fitb,flux,fluence,sp_idx,sp_run,peak_freq,bandwidth
FRB20180904A,0,False,,1,361.07144720340096,0.0003791808279699,3.8,6.0,14.02832798974687,-25.76701491952666,525.40283203125,308.251953125
FRB20180906A,0,False,,1,383.2938414662378,0.0003868237366785,1.6,2.7,1.1136926171719874,2.199297059953799,800.18310546875,399.9755859375
FRB20180906B,0,False,,1,3037.860368524311,8.522023927294838e-05,0.36,1.5,3.711585586068033,-12.2937581172414,465.39306640625,317.2119140625
FRB20180907D,0,False,,1,1446.5373189021902,0.0015820016221207,0.89,4.9,20.812899246256272,-17.8438572307686,717.05322265625,299.51171875
FRB20180907A,0,False,,1,877.0772728575181,0.0001962869055236,0.87,2.8,14.710649754669124,-65.34516575200281,447.86376953125,140.13671875
FRB20180907B,0,False,,1,658.1922338951484,0.0002656984488978,1.08,2.9,0.6929893662063304,-5.9846988443242335,424.06005859375,388.28125
FRB20180907C,0,False,,1,638.3333849013429,0.0002445117030637,1.11,1.48,52.463953701897616,-53.45013146225217,653.74755859375,268.9453125
FRB20180907E,0,False,,1,382.47067578150495,0.0026771114945299,0.6773881424306257,4.955269440248365,12.197482882854308,-110.9584694724088,422.81494140625,88.1103515625
FRB20180908B,0,True,FRB20180908B,1,195.5239676244153,0.0018827653214336,1.6717917203006931,6.809678593805146,191.7186213312479,-244.8774982161152,591.93115234375,114.9658203125
FRB20180909A,0,False,,1,408.3021783419224,0.0002242289613921,0.33,1.02,-2.685572643961591,-0.3712285206039263,400.20751953125,399.9755859375
FRB20180910A,0,True,FRB20180910A,1,684.3992945639579,0.0003327193569677,6.5,5.6,1.1691384489379282,-1.396497694382375,608.23974609375,399.9755859375
FRB20180915B,0,False,,1,177.11028224815408,0.000833826510619,0.99,3.8,17.69009469819884,-192.71617372035948,418.98193359375,67.1630859375
FRB20180916A,0,False,,1,296.03651123735074,0.0003048151317692,2.4,4.5,3.9164863390524194,-9.526026501163066,491.54052734375,399.9755859375
FRB20180916C,0,False,,1,2251.4170078955635,0.0008966708592112,0.3731773116498311,2.247504322005461,44.00183017108639,-48.01218522581854,632.82470703125,279.345703125
FRB20180917B,0,False,,1,856.6964662827689,0.0014322007809837,1.03,8.3,2.984267000721765,-9.876765679332122,465.46630859375,354.1259765625
FRB20180917A,0,True,FRB20180814A,1,189.6137381098009,0.0015750499641102,0.9643000973940592,11.23426647025136,239.87572160661784,-182.42899434820976,772.32666015625,109.912109375
FRB20180917A,1,True,FRB20180814A,1,189.6137381098009,0.0021176682715509,0.9643000973940592,11.23426647025136,214.43720683779625,-189.6947884165009,704.28466796875,155.46875
FRB20180917A,2,True,FRB20180814A,1,189.6137381098009,0.0093718295981601,0.9643000973940592,11.23426647025136,119.44204590438244,-129.06822371362273,635.65673828125,170.2880859375
FRB20180918A,0,False,,1,1454.1379337959388,0.0008964334316775,1.45,4.1,12.075218105163506,-13.512431184996808,625.64697265625,386.1328125
FRB20180919B,0,False,,1,560.1749321919282,0.0003114876280394,2.0374688822763978,4.055349466954444,3.8562906305294113,-10.579494620712095,480.21240234375,365.4296875
FRB20180919A,0,True,FRB20180814A,1,188.9012119163705,0.0039796406255372,0.4935378489257974,1.8466292911358395,34.66074230315396,-209.38389566752295,434.72900390625,82.568359375
FRB20180920A,0,False,,1,555.6720862088019,0.0022422321912339,0.9331987308650562,7.081558897433468,38.83018932457282,-46.67355781377732,606.62841796875,271.6796875
FRB20180920B,0,False,,1,463.1048958147969,0.0021775374334348,0.4036588069238241,1.421906264440225,17.67313915231415,-179.76686527065834,420.34912109375,70.5078125
FRB20180921A,0,False,,1,394.3661493342023,0.001055582479262,1.08048264356366,4.5644672420836505,1.384280658031999,-10.92621808581641,426.35498046875,274.5361328125
FRB20180922A,0,False,,1,555.6024621973656,0.0003968643532963,2.6,7.7,-2.080960404305755,-11.904739496700689,400.20751953125,173.974609375
FRB20180924A,0,False,,1,1116.3219072284091,0.0006816432568308,1.2556157395177987,3.62609948314241,19.10861428651233,-16.7137575005702,708.82568359375,311.1328125
FRB20180925A,0,False,,1,236.92967421159327,0.0022720227998504,0.99,8.7,-0.9386236769843852,4.945184836824148,800.18310546875,399.9755859375
FRB20180925B,0,False,,1,668.0081303778755,0.0003773906037717,0.937321435087576,3.4475514613764995,25.579293303969468,-68.96836142496672,481.72607421875,177.001953125
FRB20181012B,0,False,,1,715.1820163624882,0.0010129106243561,0.3834185213520389,2.062877205203899,20.29862987808505,-146.91576483058986,428.82080078125,85.791015625
FRB20181013A,0,False,,1,309.32296162385774,0.0002191059782533,2.5762367432062487,3.2981925233167084,0.4749952293099217,-3.7020595152608617,426.72119140625,399.9755859375
FRB20181013E,0,False,,1,345.16130781341127,0.0004487096551769,0.62,2.03,13.968370918910392,-62.63993649866123,447.39990234375,141.7236328125
FRB20181013B,0,False,,1,277.860867595765,0.0031416596050318,2.1244336392572825,117.90778483122313,0.1030835131593191,-5.095056508120065,404.26025390625,391.6015625
FRB20181013C,0,False,,1,1005.683812019409,0.0001087048450686,0.44,1.64,-4.310698872314565,-1.0468881488501756,400.20751953125,245.60546875
FRB20181014A,0,False,,1,1313.716502239089,0.0005053838716435,1.099841429177285,4.553809209828788,100.79890589289928,-85.16473700308629,723.22998046875,186.5966796875
FRB20181014B,0,False,,1,887.8584769429165,0.0005590480499801,0.65,1.88,3.4605947350676645,-8.679237200546849,488.48876953125,399.9755859375
FRB20181014C,0,False,,1,752.3095952006946,2.8409126266441037e-05,0.5008770278871254,1.620785338430014,14.366096964318896,-26.590744412227146,524.30419921875,303.4912109375
FRB20181014D,0,False,,1,377.0372093311789,0.0006288260322114,7.185178756299596,19.87456301404796,39.13017491752832,-42.17646791567618,636.41357421875,296.3623046875
FRB20181015A,0,False,,1,568.799741210431,0.0007374218853036,1.51,3.4,3.489323179830909,-6.458038731152907,524.32861328125,399.9755859375
FRB20181017B,0,False,,1,306.8901895159143,0.0039931075081323,1.0659002833169149,6.410122316612111,68.81948611009503,-86.3273749184483,596.17919921875,195.5810546875
FRB20181017A,0,True,FRB20181017A,1,1281.4495669322953,0.0018006491035032,0.66,16.0,16.513107656636482,-30.48718132797781,524.67041015625,290.4052734375
FRB20181018B,0,True,FRB20181018B,1,293.81124543587526,0.0004098738790699,5.1,7.9,6.182615901660531,-8.64410729914179,572.25341796875,399.9755859375
FRB20181018A,0,False,,1,1128.966904550911,0.0036549725992112,1.503118714748711,19.54176578997264,2.107953079975937,-1.1837063389787583,800.18310546875,399.9755859375
FRB20181018C,0,False,,1,411.1591723561061,0.0002845312165713,2.3021040911089363,3.1197184419150483,-0.6201096357272271,-7.881621160218178,400.20751953125,261.3037109375
FRB20181019A,0,True,FRB20180916B,1,349.90808052137254,0.0030867606623243,0.81,10.4,236.1840478414088,-219.81649528485883,684.82666015625,140.4052734375
FRB20181019A,1,True,FRB20180916B,1,349.90808052137254,0.0011447509833203,0.81,10.4,131.04102455547022,-139.77537158707185,639.51416015625,164.599609375
FRB20181019B,0,False,,1,725.0794893946677,0.0011559934001379,0.72,2.7,2.20709722374085,-7.891476146536791,460.26611328125,389.7216796875
FRB20181019C,0,False,,1,501.72051460273394,0.0005046420132088,1.0162347697339476,2.505874072810981,92.03692083348506,-76.7871170328735,728.69873046875,187.353515625
FRB20181020A,0,False,,1,1112.1412764297047,0.0014033802837226,0.6685695679466508,3.763048847945341,-1.1435312761811032,-3.983441393770133,400.20751953125,351.3427734375
FRB20181022C,0,False,,1,528.3938586107068,0.0012822551355912,0.91,3.2,4.831668482622883,-15.520617586976432,467.59033203125,287.0849609375
FRB20181022D,0,False,,1,514.1071626402244,0.0003518975527805,2.781481791729892,7.806727591035133,95.61836483910916,-82.6722327052786,713.53759765625,196.2890625
FRB20181022E,0,False,,1,285.9108314364485,0.0003197575996294,0.69,2.08,10.699613947896468,-55.14105983475149,440.97900390625,140.72265625
FRB20181025A,0,False,,1,592.5497011934907,0.0006856686200542,1.1250814381856309,2.904428543174387,-2.6867881759196064,0.0908071595486414,400.20751953125,399.9755859375
FRB20181027A,0,False,,1,727.765271063394,0.0013898386971446,2.909813067136855,11.77123683742705,56.96268716554513,-41.91844744459853,789.48974609375,175.634765625
FRB20181028A,0,True,FRB20180814A,1,188.75299607289392,0.0041676277131289,1.7521707514793063,32.28371670389954,97.03487327435944,-257.43193457190984,483.19091796875,91.50390625
FRB20181028A,1,True,FRB20180814A,1,188.75299607289392,0.0020104544791996,1.7521707514793063,32.28371670389954,105.63975449565125,-336.7320152552367,468.15185546875,77.490234375
FRB20181028A,2,True,FRB20180814A,1,188.75299607289392,0.002519831143562,1.7521707514793063,32.28371670389954,65.01551336020292,-274.05320520447793,450.59814453125,82.6904296875
FRB20181028A,3,True,FRB20180814A,1,188.75299607289392,0.0020293517563572,1.7521707514793063,32.28371670389954,54.16171396335175,-370.3107337284498,430.55419921875,65.673828125
FRB20181030C,0,False,,1,668.7294923509937,0.0004539786205926,2.491665808130401,5.583102566902104,12.151509631663716,-21.93167207586266,527.94189453125,329.7607421875
FRB20181030A,0,True,FRB20181030A,1,103.58897226454428,0.000426359845729,0.8934015347070092,2.2784127848257225,38.41977123066903,-40.162502592311206,645.64208984375,291.9921875
FRB20181030B,0,True,FRB20181030A,1,103.47847143755295,0.001154480485994,1.4861635961270143,4.959344773111501,56.33639551508157,-98.24717605015918,533.06884765625,163.8427734375
FRB20181030D,0,False,,1,289.4924705367226,0.0006943939690683,2.3269256839124477,5.6355008557576864,3.868260270759574,-4.299882863369252,627.50244140625,399.9755859375
FRB20181030E,0,False,,1,159.7133571280553,0.0004431783063527,2.563719579726163,8.48577287309669,25.45906929831241,-71.84658211261471,477.77099609375,171.2158203125
FRB20181030E,1,False,,1,159.7133571280553,0.0014049403473303,2.563719579726163,8.48577287309669,21.43800216871826,-56.54682195027212,483.72802734375,191.650390625
FRB20181101A,0,False,,1,1471.7576782713547,0.0016912461660611,0.5425647586297528,15.30614917655945,32.590016772097265,-78.39928354331872,492.63916015625,169.6533203125
FRB20181102A,0,False,,1,414.6011516162708,3.153228912074904e-05,1.4110520610957578,3.0968009904181417,41.2234197001699,-39.108821115373175,677.89306640625,268.3349609375
FRB20181104A,0,True,FRB20180916B,1,349.3950925100448,0.0008812913477166,1.479280682784092,5.021904047973811,64.42619711262624,-111.59115745506496,534.11865234375,153.955078125
FRB20181104B,0,True,FRB20180916B,1,350.0380421742416,0.0064870827123049,0.3191208200240721,4.445074306520098,8.24183357839323,-56.838626128558246,430.28564453125,126.0009765625
FRB20181104C,0,False,,1,580.781687263063,0.0003083122389043,9.959387901788752,18.46967696624004,4.680879362150654,-8.18601576541196,532.65380859375,399.9755859375
FRB20181115A,0,False,,1,981.2282829098522,0.0004498800804737,0.4019534072412,1.3509981948291867,20.367965698213556,-67.00097749880881,465.88134765625,160.5712890625
FRB20181116A,0,False,,1,355.38002290545444,0.0002317765477976,3.712124279680317,5.574859255090571,6.333397111647034,-17.934411094222213,477.47802734375,283.0078125
FRB20181116B,0,False,,1,409.8397410528309,0.0009050858074469,0.9503614486894324,1.714285957485718,-4.1371439658114815,-34.79170113143747,400.20751953125,90.8203125
FRB20181117C,0,False,,1,1774.1546847502484,0.0007198636632649,1.4901144501534995,2.8955091384766694,106.01064189379773,-99.3826618230896,682.18994140625,208.447265625
FRB20181117A,0,False,,1,959.0751956217576,0.0015818137227994,0.7084869906182519,3.7925475411229455,2.327694251198909,-1.2702858772721275,800.18310546875,399.9755859375
FRB20181117B,0,False,,1,537.9932076250487,0.000600998313017,1.4226063239496547,5.185925033190192,3.33490412101461,-6.064218095250824,526.84326171875,399.9755859375
FRB20181117B,1,False,,1,537.9932076250487,0.0009270741399761,1.4226063239496547,5.185925033190192,10.337887071011137,-31.01687165163669,472.76611328125,220.60546875
FRB20181118A,0,False,,1,557.2560775428647,0.0003375943836117,3.2209932406323096,12.071635605279692,3.60219145983746,-3.0602515057659496,720.88623046875,399.9755859375
FRB20181118B,0,False,,1,422.1738254098382,0.0013330372001922,0.7687384512259036,3.421139151448134,6.740930496347818,-11.461087708717823,537.02392578125,399.9755859375
FRB20181118C,0,True,FRB20180814A,1,188.3900434732976,0.0024278581153248,0.33,1.72,195.80450433044476,-372.1894356022677,520.61767578125,81.9580078125
FRB20181118C,1,True,FRB20180814A,1,188.3900434732976,0.0013221364784346,0.33,1.72,178.12029775043462,-457.14570530476055,486.26708984375,69.0673828125
FRB20181119B,0,False,,1,608.4747036510498,0.0027941603215863,4.5,94.0,2.221810021284274,-4.297851525266101,518.22509765625,399.9755859375
FRB20181119E,0,False,,1,1169.698843011722,0.0010901589908231,0.6174777245658212,2.013820612578525,-2.2091349907579936,0.5024348132975128,400.20751953125,399.9755859375
FRB20181119D,0,False,,1,566.2390399710612,0.0072904033449854,0.46,12.6,165.72840381753238,-168.29316866034603,654.79736328125,153.515625
FRB20181119D,1,False,,1,566.2390399710612,0.0175315104644573,0.46,12.6,3330.8479451109724,-3925.9317905954863,611.65771484375,29.58984375
FRB20181119D,2,False,,1,566.2390399710612,0.0076579425117581,0.46,12.6,65.6844580278491,-81.4424166995706,598.96240234375,202.34375
FRB20181119A,0,True,FRB20181119A,1,363.88751923705337,0.0062789333838961,0.3700346798834623,4.250146856672751,54.049208153338206,-126.36161864057516,495.61767578125,134.2041015625
FRB20181119C,0,False,,1,284.9338761292136,0.000248832433156,2.8,3.5,-1.8519756838673704,-4.989172704227958,400.20751953125,272.021484375
FRB20181120B,0,True,FRB20180916B,1,349.76170409780224,0.0010670833171369,1.11557962947796,2.7220010769842635,38.92085029238971,-39.31487347107599,656.50634765625,284.765625
FRB20181120C,0,True,FRB20180814A,1,192.14143211269464,0.0032215163249015,0.4172297739559921,3.9172312866737817,211.67975136776911,-187.28394006760212,704.21142578125,156.4697265625
FRB20181122A,0,False,,1,662.8555620037214,0.0008570441887435,0.5348808749960663,1.1812064512588103,2.778408051289196,-37.59999901341367,415.24658203125,131.640625
FRB20181122B,0,False,,1,225.7466782218584,0.0003648465437709,9.787101329962038,18.43979926309395,5.870871648032588,-14.216430969304376,491.97998046875,335.5224609375
FRB20181123A,0,False,,1,798.6392379291469,0.0003997621161655,0.882057181603456,2.4058049750862653,24.093321289411303,-61.68546933566008,486.51123046875,189.1357421875
FRB20181124B,0,False,,1,801.7134622844046,0.0009428978269274,7.251128966559683,19.597914179519545,6.848442716812501,-6.838480727323237,660.29052734375,399.9755859375
FRB20181124A,0,False,,1,1108.3194101231422,0.0011881673955998,0.8188798319947479,2.1365977135536443,8.753820920017198,-9.403166687192767,637.41455078125,399.9755859375
FRB20181125A,0,False,,1,272.29995143071795,0.0011601456800609,0.39,3.2,11.468827417196202,-71.45333029626383,433.63037109375,118.6767578125
FRB20181125A,1,False,,1,272.29995143071795,0.0004727888291227,0.39,3.2,15.110438392336018,-61.14062712063243,452.84423828125,149.609375
FRB20181126A,0,False,,1,494.1707664066099,0.0004191744997499,3.743205318517841,9.72047963989363,14.175202055325649,-73.38209973372092,440.78369140625,125.9765625
FRB20181127A,0,False,,1,930.1729156492006,0.000605816339135,0.6909938597171742,2.25967001343589,19.859479765098456,-53.92007474258197,481.11572265625,191.3330078125
FRB20181128A,0,True,FRB20181128A,1,450.9017297737041,0.0012420779415288,0.64,8.1,97.34440793220436,-109.2187391297785,624.89013671875,182.080078125
FRB20181128A,1,True,FRB20181128A,1,450.9017297737041,0.0015823848852771,0.64,8.1,10.452727894067674,-30.52826506959037,474.91455078125,224.8046875
FRB20181128B,0,False,,1,456.34089812390783,0.0001066418374564,0.5428633668270194,1.9950421558612563,-3.529843197354101,-4.314481360776274,400.20751953125,213.8916015625
FRB20181128D,0,False,,1,146.43265354877505,0.000237669612598,2.5048954388932545,8.356491876703679,-4.157788578272135,0.7582985885056158,400.20751953125,347.509765625
FRB20181128C,0,False,,1,618.3882681192373,0.0006316311849557,0.3132551047935985,3.940297284452768,31.388886801339083,-82.96704082758468,483.53271484375,161.8408203125
FRB20181128C,1,False,,1,618.3882681192373,7.241028054417438e-05,0.3132551047935985,3.940297284452768,28.662880634857192,-71.89153725219579,488.48876953125,175.732421875
FRB20181129A,0,False,,1,385.9433866110852,0.0004253155964646,1.4622853447477036,3.502094717538333,2.2002898804067588,-4.837346072732824,502.38037109375,399.9755859375
FRB20181129B,0,False,,1,405.9096634912656,0.0007377858426138,0.1577912412478007,0.5171811607256499,54.96698115624705,-81.55685288823811,560.55908203125,189.2578125
FRB20181129C,0,False,,1,501.9948276669717,0.0004616604117843,0.751579579140127,4.184874537277623,-0.3891200044450575,-0.7181951755899532,400.20751953125,399.9755859375
FRB20181130A,0,False,,1,220.05147040640804,0.0003498503964528,0.7481249493754052,1.4994728422797263,6.21876993677254,-59.14575575196708,421.78955078125,113.57421875
FRB20181201A,0,False,,1,694.3204628553178,0.0047750110044228,0.3736086525906845,25.02690177547015,1.9220272593375436,-6.758351942585406,461.34033203125,399.9755859375
FRB20181201D,0,True,FRB20181201D,0,448.3319830622382,0.0004114104462225,0.6492818921593768,1.150041896548601,-1.9695255690244635,-30.510992216805956,400.20751953125,110.7421875
FRB20181201B,0,False,,1,876.3450365448617,0.0004329667873417,0.5919197363070293,3.2804361385547165,-0.982828353079684,-3.7284763283388553,400.20751953125,377.978515625
FRB20181202A,0,False,,1,667.9227804811575,0.0006232212820329,2.3089770429138627,12.478364756395958,4.550899563082009,-9.333720636092512,510.68115234375,399.9755859375
FRB20181202B,0,False,,1,825.8870092223204,0.000263345273629,0.925571471285601,3.778556298645148,4.637381913760055,-6.732612063549972,564.73388671875,399.9755859375
FRB20181202C,0,False,,1,557.1114927437364,0.0005047030411926,0.5880364928748633,3.18696099443888,3.098523460863144,-5.91971442848812,519.90966796875,399.9755859375
FRB20181203A,0,False,,1,635.9806295050386,0.0004614889028311,1.6787851969797412,3.071348443699199,58.47539168402389,-46.43986789438173,751.08642578125,198.9990234375
FRB20181203B,0,False,,1,375.3476825471672,0.0011364277987484,1.3887815663745426,4.717399658851482,75.02943894283258,-67.24358418536102,699.13330078125,219.140625
FRB20181203C,0,False,,1,2444.366284561854,0.0006770943221149,0.8964583696263768,4.022977953923346,-1.959670907105746,-1.030137706481715,400.20751953125,399.9755859375
FRB20181213A,0,False,,1,678.6193782702051,0.0012314988069298,0.7147810389084321,2.691327825287878,-2.426099829045463,1.3375409695465506,400.20751953125,399.9755859375
FRB20181213B,0,False,,1,626.440942546811,0.0007017344263032,0.8319285021132943,2.5153162709794548,49.00781026951096,-47.45364853270223,670.71533203125,262.060546875
FRB20181213C,0,False,,1,380.7077405761013,0.001044208429311,0.5652571733165449,2.023919983881641,0.8871726579032989,-1.9175785789067603,504.35791015625,399.9755859375
FRB20181214A,0,False,,1,468.10953894465234,0.0003896849368522,0.1890436766175352,0.5142027255019482,23.35323182618497,-132.5717662321435,437.04833984375,98.388671875
FRB20181214B,0,False,,1,1120.6474399214026,0.000702271786434,0.4476680578576019,0.9741162349843018,3.4565275674209395,-8.58710330163435,489.41650390625,399.9755859375
FRB20181214C,0,False,,1,632.7439752819263,0.0006415721070215,1.0518987981069154,5.250223148991061,-1.588414609576592,-1.466585149539224,400.20751953125,399.9755859375
FRB20181214D,0,False,,1,1177.069513699482,0.0006349447835904,0.5559676434474486,7.17912055885666,15.318570883849016,-13.44402673585337,707.45849609375,332.470703125
FRB20181214F,0,False,,1,2105.679439998787,0.0020586016189085,0.4053848887459818,2.4402738422324832,7.136721386268183,-68.18639751333623,421.69189453125,106.54296875
FRB20181215A,0,False,,1,412.6633068983315,0.0002384115966764,0.2642501700903239,0.9326767958155722,-6.280722241102683,1.9677452918699168,400.20751953125,210.44921875
FRB20181215B,0,False,,1,494.04250649642574,0.0003739693006239,1.378061068959635,2.913952143280184,0.5075981929505926,-1.1286409835411064,501.11083984375,399.9755859375
FRB20181216A,0,False,,1,542.7534536786576,0.0002700502871707,0.9862524434326512,2.2008597181798386,16.892292520408574,-16.678686083667277,664.05029296875,342.2119140625
FRB20181217A,0,False,,1,1177.0902246519693,0.0007299329829233,0.5941924274910365,1.9574562998859624,14.353099467311567,-14.920456814387562,647.37548828125,363.1103515625
FRB20181218A,0,False,,1,1874.231586332636,0.0005612297663901,0.7971638722092232,1.8432006503247624,20.8617154624352,-87.81903480877043,450.67138671875,129.6630859375
FRB20181218B,0,False,,1,753.2003926721854,0.0001169748154813,0.7114954184249868,1.7570756357264812,-2.2809038951066034,-5.515873289879133,400.20751953125,241.1376953125
FRB20181218C,0,False,,1,383.9178487895719,8.909872785093324e-05,0.3915802894766414,1.7704406944240607,5.577053504171349,-21.12029370475544,456.67724609375,235.1318359375
FRB20181219B,0,False,,1,1951.507270582547,0.0003537330306949,1.6366478143706216,8.36633255830765,98.37761353819124,-74.21172165158224,776.47705078125,149.0966796875
FRB20181219C,0,False,,1,647.7604767602824,0.0007599740754757,1.3234753615899209,6.4148815756731326,-3.325666469925019,-3.145049170066532,400.20751953125,244.6533203125
FRB20181219A,0,True,FRB20181128A,1,451.1951080523401,0.001820449791138,0.3862324472180183,4.996062836216622,15.90141808577509,-28.09631482125632,531.09130859375,306.9091796875
FRB20181220A,0,False,,1,209.50588017179643,0.0001808929149532,1.094907340597531,3.2469907426632574,10.37068980624104,-69.70508232137888,431.09130859375,116.796875
FRB20181220B,0,False,,1,257.7457215247981,0.000211132863161,1.432425054663917,2.020973484460488,5.366968170154681,-16.259124300576772,472.00927734375,287.451171875
FRB20181221A,0,False,,1,316.32129053785667,0.0006534363583716,1.0825552971782604,7.295992924180873,58.53435214145732,-119.48040807514454,511.26708984375,142.3828125
FRB20181221B,0,False,,1,1394.8667734864302,0.0006473229087524,1.110976705300712,3.8105273680483833,24.243873711999026,-60.4475815943121,489.05029296875,192.08984375
FRB20181222A,0,True,FRB20180916B,1,348.7977796879145,0.0002977023413692,4.935109650222028,52.78093564044,537.8793214727807,-478.1262837361289,702.35595703125,97.5341796875
FRB20181222A,1,True,FRB20180916B,1,348.7977796879145,0.0033133206247618,4.935109650222028,52.78093564044,521.5556511694651,-447.3842758388765,716.83349609375,102.9052734375
FRB20181222A,2,True,FRB20180916B,1,348.7977796879145,0.0003330617616122,4.935109650222028,52.78093564044,405.1546154182808,-367.8485404566105,694.12841796875,109.912109375
FRB20181222A,3,True,FRB20180916B,1,348.7977796879145,0.005413355916506,4.935109650222028,52.78093564044,270.08953534411853,-280.1045364042137,648.10791015625,117.6513671875
FRB20181222A,4,True,FRB20180916B,1,348.7977796879145,0.0019376398873352,4.935109650222028,52.78093564044,356.1919999620337,-342.7643508494991,672.86376953125,110.3759765625
FRB20181222B,0,False,,1,619.2322060839208,0.0002984135450836,0.4319135277461892,0.5324396462671768,-0.3217754064436832,-5.028091860592346,400.20751953125,362.9150390625
FRB20181222C,0,False,,1,1104.7220564628683,6.725667570552488e-05,0.8701048655533481,3.084448694564754,-2.653795142065274,-5.323329700998981,400.20751953125,229.98046875
FRB20181222D,0,False,,1,1417.5384013389505,0.0058732274650499,0.22,1.23,10.380605876055013,-46.32227999599129,447.64404296875,159.228515625
FRB20181222E,0,False,,1,327.96723278671686,0.0003472140018728,0.9369773292484912,0.638081743904616,4.682469348360937,-18.36698200417097,454.60205078125,247.5341796875
FRB20181222E,1,False,,1,327.96723278671686,0.0010298208450486,0.9369773292484912,0.638081743904616,10.867978094128349,-23.66109610463098,503.50341796875,287.6220703125
FRB20181223A,0,True,FRB20180916B,1,349.4810999313743,0.0008230842157758,2.117479494554266,14.109882900247287,130.50722534694685,-133.8536358131122,651.62353515625,171.4111328125
FRB20181223B,0,False,,1,565.4368841602122,0.0013075623510048,0.7215728598369525,3.700079667215005,135.19784775625232,-154.88200227415012,619.17724609375,151.3427734375
FRB20181223C,0,False,,1,112.49733045702688,0.0006378626862698,1.280764940555804,3.0156153847778358,4.156635847498677,-9.12871739329424,502.50244140625,399.9755859375
FRB20181224A,0,False,,1,310.1776122100572,0.0002081932637202,4.715325708817021,6.673942525527743,3.26592371718068,-5.406039843509015,541.32080078125,399.9755859375
FRB20181224B,0,False,,1,780.9743180148611,0.001054375314209,0.676156303797803,2.7442495971564345,-1.479950965831361,-1.2824952202099802,400.20751953125,399.9755859375
FRB20181224C,0,False,,1,596.2818648404713,0.0030495717867066,0.4588166435826624,10.51627728524204,-0.7599492366129816,-1.7151327621733272,400.20751953125,399.9755859375
FRB20181224D,0,False,,1,690.0329186494126,0.0013744864916256,0.2587043462803481,1.385699520432061,-3.3133703960992644,1.081653876752875,400.20751953125,399.9755859375
FRB20181224E,0,False,,1,581.8734166614249,0.000892506770124,3.7015604785149896,8.082895740371603,5.427900317369522,-16.776399996262377,470.47119140625,281.2255859375
FRB20181224E,1,False,,1,581.8734166614249,0.0005160507402825,3.7015604785149896,8.082895740371603,1.8825221642467564,-4.224049264948101,500.08544921875,399.9755859375
FRB20181225A,0,True,FRB20180916B,1,349.49768550421226,0.003185337772117,0.6064464267230747,3.107792802430593,31.940306300911423,-141.260094321787,448.10791015625,108.88671875
FRB20181225B,0,False,,1,299.26979279189936,0.0012512435389827,1.7920074580591705,5.990222515200024,6.963416221188091,-10.652400522471808,554.89501953125,399.9755859375
FRB20181226G,0,False,,1,408.967484309758,0.0004638139959225,0.7338533203280468,4.3550771798597925,-1.6781715021209027,-1.1935719902467052,400.20751953125,399.9755859375
FRB20181226A,0,True,FRB20180916B,1,348.8110553110937,0.000459877381076,1.535100995796032,6.4242702602240565,151.94139991579854,-229.68750143331283,557.09228515625,111.71875
FRB20181226A,1,True,FRB20180916B,1,348.8110553110937,0.002858466695449,1.535100995796032,6.4242702602240565,56.50691906388968,-114.32736902312163,512.39013671875,145.8984375
FRB20181226D,0,False,,1,385.34500980435007,0.0003517842652396,2.2139980437325533,2.7311310856768736,0.4942921887424919,-4.1570341795122925,424.71923828125,399.9755859375
FRB20181226B,0,False,,1,287.00752602899973,0.0003080451805494,7.940881345973585,51.36861138318486,3.1451488188803194,-13.31597183524566,450.35400390625,282.373046875
FRB20181226B,1,False,,1,287.00752602899973,0.0008535675855911,7.940881345973585,51.36861138318486,1.583418941862591,-8.135082839650378,441.10107421875,350.68359375
FRB20181226E,0,False,,1,308.8138936047295,0.0002306112864494,0.4292308822174469,1.1702302011458865,11.27377024966639,-54.99286250284597,443.39599609375,143.84765625
FRB20181227A,0,False,,1,791.188385753159,0.0005122765598286,0.9375082727149048,2.030168091618279,6.867923534358119,-9.01329157086892,585.77880859375,399.9755859375
FRB20181228A,0,False,,1,748.6318201925366,0.0004377726444289,1.0741674044874745,4.857933790153556,5.081539700053983,-16.619171792589103,466.29638671875,276.3671875
FRB20181228B,0,False,,1,568.5811213376261,0.0001175753035767,0.3942248311816587,2.7536801593268896,47.3805707220313,-286.1897261987439,434.72900390625,75.3173828125
FRB20181228C,0,False,,1,510.5432421185031,0.0003300423644391,0.3837417070784029,1.0252089874328725,0.4580033734774439,-4.562064728838669,420.78857421875,399.9755859375
FRB20181229A,0,False,,1,955.4464872507672,6.406004440468374e-05,1.0329020545107386,4.04533771832682,4.101624707278127,-6.898989068036944,538.73291015625,399.9755859375
FRB20181229B,0,False,,1,389.0287764187809,0.0013812031203966,0.3836235461602242,6.045074438860645,18.68810777806679,-88.1325047381433,444.95849609375,122.802734375
FRB20181230A,0,False,,1,769.8045378439344,0.0011555315361047,0.6358320693373908,12.289611008115005,103.83065967321622,-87.59006091784983,723.91357421875,184.619140625
FRB20181230B,0,False,,1,1136.8848600928015,0.0005163755260729,0.9290169404743148,8.772510677400618,0.208505260148567,-3.556705090110547,412.09716796875,399.9755859375
FRB20181230C,0,False,,1,1037.1314740178032,0.0005586776409094,0.8203970469308215,2.1262564297251534,15.15821484387495,-14.053005170232252,686.26708984375,342.333984375
FRB20181230D,0,False,,1,223.92181263744996,0.0002005361257099,0.978934182105688,1.5595261753709564,4.219418129888691,-5.091585609320943,605.65185546875,399.9755859375
FRB20181230E,0,False,,1,1041.4362373698923,0.0015365119777021,0.7570670619744424,6.565660472073883,6.813735534821511,-16.781681544719312,490.27099609375,309.86328125
FRB20181231A,0,False,,1,1376.6223139526164,0.000537843439116,0.8150174422553739,2.367307905641562,21.61248714413904,-21.556829975120788,660.65673828125,323.7060546875
FRB20181231B,0,False,,1,197.40194461974843,0.0005808006242676,1.0566471471584422,2.275274155362826,66.83346633070805,-64.77978100037991,670.34912109375,244.9951171875
FRB20181231C,0,False,,1,556.1104077216206,0.0004320934492744,0.5763021658330533,1.4615069855203868,0.4072049641208348,-7.130975666956156,411.77978515625,326.66015625
FRB20190101A,0,False,,1,854.846822654889,0.0008440803598105,0.5839447485683021,14.477032852144276,-1.942019104945521,-2.5622494579019697,400.20751953125,360.2294921875
FRB20190101B,0,False,,1,1323.9029564297614,0.001262821320744,0.3801760868954675,1.9678028975553157,81.42054233057513,-69.58015556406471,718.39599609375,201.2451171875
FRB20190102A,0,False,,1,699.0726964366352,0.0007929039647053,1.001927645135266,5.098680818991399,28.638663748793995,-66.45363165576056,496.42333984375,185.8642578125
FRB20190102B,0,False,,1,367.0824283310994,0.000335039854683,1.6714751133825916,4.766335254171615,-1.9680182421368853,-2.115233231824722,400.20751953125,387.4755859375
FRB20190103B,0,False,,1,540.7127240162814,0.0040582846451246,0.7277214861620411,14.65701756404305,5.260453709252552,-13.221871580736895,488.26904296875,340.91796875
FRB20190103C,0,False,,1,1348.92285303511,0.0014730969761193,2.1366945204384544,13.53278623429562,10.256035383830996,-16.571761964275407,545.32470703125,391.455078125
FRB20190103A,0,True,FRB20181119A,1,364.8352876344293,0.0023906264018573,0.9170570486406464,5.962190406825326,337.9889409135975,-278.68963560917007,733.87451171875,130.0537109375
FRB20190103D,0,False,,1,1913.5350213508136,0.0002782919711566,0.4275415020320396,1.1087906843815485,-3.585272093107772,0.3482903928005979,400.20751953125,396.2890625
FRB20190103E,0,False,,1,736.0488266107159,0.0006923574039797,0.4337909442854235,2.003960338411237,0.8931419471595272,-3.1110259243447245,461.97509765625,399.9755859375
FRB20190104A,0,False,,1,549.4029314877743,0.0003631074374932,1.3533683286746292,3.3437683442771142,7.341003096920257,-12.129062136633504,541.61376953125,399.9755859375
FRB20190104A,1,False,,1,549.4029314877743,0.0007129669507967,1.3533683286746292,3.3437683442771142,0.3804745737935978,-0.1935386372071392,800.18310546875,399.9755859375
FRB20190104B,0,False,,1,530.1814128306829,0.0014546347097713,2.428722013337157,12.277074455180172,-5.375931484461604,9.909614066133416,800.18310546875,399.9755859375
FRB20190105A,0,False,,1,383.71742932124016,0.0004340223558284,0.4561298381475486,3.22666794841761,-1.8108225301339032,0.5592718159123073,400.20751953125,399.9755859375
FRB20190106A,0,False,,1,339.91027254359466,0.0004656520846024,0.1912091130535521,0.8973550121501345,118.55252288170004,-99.97529322215148,724.06005859375,178.076171875
FRB20190106B,0,False,,1,316.5274108367501,0.000440472705031,1.77505214311051,3.890282776736183,18.05233404691834,-73.95795902680571,452.13623046875,139.1845703125
FRB20190107A,0,False,,1,849.19,0.0259,0.369799292804028,8.050952533518908,-4.3,-0.4,400.2,266.7
FRB20190107B,0,False,,1,166.0885636993537,0.0003204356146341,1.8169950310753844,3.0287032755305523,-1.6744826455078057,-2.2943079707936183,400.20751953125,399.9755859375
FRB20190109A,0,False,,1,324.4693126115181,0.0012770510771999,1.3593691727718908,4.546198567312349,4.595640220645285,-5.607667925731084,602.86865234375,399.9755859375
FRB20190109A,1,False,,1,324.4693126115181,0.0053542314209202,1.3593691727718908,4.546198567312349,11.581898022351766,-18.010336047544637,551.96533203125,388.9892578125
FRB20190109B,0,False,,1,175.29131230523183,0.0006126007834179,1.0738299045100574,2.461815188720975,5.157681032277306,-63.33701996380619,416.83349609375,104.1748046875
FRB20190110A,0,False,,1,472.7942267984751,0.0001088744713896,1.6103802817089077,4.279046162012284,0.1802865113423174,-78.87966763677842,400.64697265625,75.0732421875
FRB20190110B,0,False,,1,486.1026641732296,0.0006927165873541,0.4658551503971536,2.3021982841174093,-0.31095625845419,-3.142432000852698,400.20751953125,399.9755859375
FRB20190110C,0,True,FRB20190110C,1,222.06621679143544,0.0006347168719609,0.5303092053991653,1.916209266318962,8.442996469109495,-76.87088804153589,422.79052734375,102.4658203125
FRB20190111A,0,False,,1,172.0998471027698,0.0001924621567289,3.54342383854138,16.653452196902496,22.77939763477145,-24.094553601969288,642.05322265625,328.857421875
FRB20190111A,1,False,,1,172.0998471027698,0.0005565439554569,3.54342383854138,16.653452196902496,3.608786231320176,-11.562884931402728,467.78564453125,330.6640625
FRB20190111A,2,False,,1,172.0998471027698,0.0001632240839303,3.54342383854138,16.653452196902496,20.017333116677708,-83.54485915560883,451.13525390625,132.373046875
FRB20190111B,0,False,,1,1336.888184502357,0.0005044674595666,1.952965869277974,6.832002567709321,2.48641545603833,-18.399839098597035,428.16162109375,209.66796875
FRB20190112A,0,False,,1,425.64675632392033,0.001659128135543,1.4031300566940952,15.412280860354604,78.28611663847923,-69.10720349969048,705.11474609375,212.6953125
FRB20190113A,0,True,FRB20190113A,1,428.2052537874114,0.002069991357048,1.1644260782444953,6.58647659565192,99.1224210289222,-82.65329640847133,728.94287109375,183.30078125
FRB20190114A,0,False,,1,887.5325999447554,0.0017745285069045,0.4560586408103299,2.031771322527369,9.865148937791483,-80.84675349742984,425.37841796875,103.3447265625
FRB20190115A,0,False,,1,1021.5921428812754,0.0006312644008478,0.4942418143426705,1.2491134260942192,-0.7246185589813844,-1.1238229027745397,400.20751953125,399.9755859375
FRB20190115B,0,False,,1,748.2495320488981,0.001257899967201,1.5728524392737964,4.49130853690788,2.774605277609049,-8.016350258307645,475.81787109375,399.9755859375
FRB20190116E,0,False,,1,1490.9291782874573,0.0002792121979521,0.4355928746763406,1.3101036829316213,15.954150496806356,-16.011161675709353,658.63037109375,349.4140625
FRB20190116D,0,False,,1,1163.9455521510251,0.0008480958991264,0.5971972416391609,6.9260871184074935,-1.6245289743802414,-2.345437307071055,400.20751953125,399.9755859375
FRB20190116A,0,True,FRB20190116A,1,445.5866574067958,0.0053441649857888,0.3751534884252475,4.106784747163389,56.350682159040645,-58.21140586454767,649.35302734375,259.9853515625
FRB20190116B,0,True,FRB20190116A,1,443.5566992135716,0.0015515232927514,0.5454021753678049,2.448128103365378,29.423532660326703,-76.25972129494372,485.33935546875,169.5068359375
FRB20190116C,0,False,,1,629.1856069905136,0.0006028114047937,30.48875950563107,65.80925400005798,68.78345445350074,-66.8530189325876,669.39697265625,244.140625
FRB20190116F,0,False,,1,316.64937051374034,0.000456772770118,0.5482044871977434,1.6031402124676897,34.71929569852138,-33.964000422012006,667.19970703125,285.9375
FRB20190117C,0,False,,1,865.9531656930077,0.0004588328124854,0.3858013435288123,0.8320038841629314,18.26142326236277,-17.784098680108585,668.71337890625,333.544921875
FRB20190117D,0,False,,1,1177.9801422464727,0.0003021023056967,0.78,3.5,5.825116199099898,-27.52827167910032,444.86083984375,193.8232421875
FRB20190117A,0,True,FRB20190117A,1,393.0962588662899,0.0010953974628116,2.389211655695157,11.230276414779642,67.25455054581802,-119.37686607774388,530.40771484375,147.7783203125
FRB20190117A,1,True,FRB20190117A,1,393.0962588662899,0.0006678542938914,2.389211655695157,11.230276414779642,54.38232928576515,-118.01578921330778,503.89404296875,141.1865234375
FRB20190118B,0,False,,1,669.3799011541774,0.0007759161280646,0.2357776112289013,4.096158127627697,16.6322437242818,-16.784068323547263,656.82373046875,346.6552734375
FRB20190118A,0,False,,1,225.1285026512454,0.0004663726751353,8.644224088686224,19.808847343916508,20.838967242211776,-57.432618048737055,479.79736328125,185.9375
FRB20190121A,0,False,,1,425.3150433711498,0.0007742029763862,1.703306643702803,10.792930409617847,4.626146706691753,-8.97169583815406,517.88330078125,399.9755859375
FRB20190122B,0,False,,1,469.3734600114018,0.0013678653693553,0.3972659434677217,1.900776081183563,3.293206884381075,-3.129220246700836,677.33154296875,399.9755859375
FRB20190122C,0,False,,1,689.7991010806945,0.0013643223258921,4.302230105906005,47.4240227041433,3.850008266789442,-10.541262381045806,480.38330078125,366.357421875
FRB20190122C,1,False,,1,689.7991010806945,0.0052083459862614,4.302230105906005,47.4240227041433,0.7800779479849657,-6.543532193912203,424.76806640625,368.5302734375
FRB20190122A,0,False,,1,1233.502487401459,0.0094261679283201,0.3220659197709362,5.704297047992001,85.91965779154336,-74.34246590456033,713.24462890625,202.0263671875
FRB20190124A,0,False,,1,1276.314940567927,0.0009394615967835,0.6445686483637892,12.931637295823728,4.207573545605203,-7.677260007629561,526.35498046875,399.9755859375
FRB20190124B,0,False,,1,441.590240354558,0.0013416304691194,0.8856957567359247,10.050727980036116,0.4643495484092834,-4.324302143970928,422.27783203125,399.9755859375
FRB20190124C,0,False,,1,303.68150981059296,0.0007735371824475,3.260981310215655,14.925171350444298,2.529590258307413,-5.0883544931091365,513.12255859375,399.9755859375
FRB20190124C,1,False,,1,303.68150981059296,0.0022995628997781,3.260981310215655,14.925171350444298,2.688761071826823,-10.177219538563309,456.70166015625,334.66796875
FRB20190124D,0,False,,1,340.19717451574115,0.0008920492078046,0.4581727530675161,1.834924663342332,4.221672210724489,-15.457571749934491,458.75244140625,274.609375
FRB20190124E,0,False,,1,617.64609198694,0.0054617365165535,0.59241818614641,7.229838644959679,11.549729313028456,-12.574863481645524,633.45947265625,387.2314453125
FRB20190124F,0,False,,1,254.78248045961544,0.000874301895072,3.790632979125727,7.620892973783424,5.430233827513673,-23.60967791124877,448.96240234375,213.330078125
FRB20190125A,0,False,,1,563.8009690545301,0.0018217162527849,0.4292628581701063,1.949093698870524,127.680069159645,-124.01321175147191,669.64111328125,183.0322265625
FRB20190126A,0,True,FRB20180916B,1,349.89299557043665,0.0018873344867378,0.8719153154019409,3.7286053801998698,252.6774238731872,-307.1137954472057,603.84521484375,104.6875
FRB20190127B,0,False,,1,663.5882670972184,0.0019992993771373,0.8735895617311545,15.93469093468898,3.606479133198291,-4.98095070549117,574.76806640625,399.9755859375
FRB20190128A,0,False,,1,695.8723511827354,0.0003171709563797,0.5917846062452873,2.2162783282000387,-1.8686832576902228,-5.8450750949152575,400.20751953125,251.611328125
FRB20190128B,0,False,,1,248.25004006547363,0.0006466221818152,0.615035730776533,1.6096586538692024,17.050548572057423,-30.381183592412683,529.82177734375,295.41015625
FRB20190128C,0,False,,1,309.6284639286916,0.0001516629005751,0.5039210560582379,3.902817614849377,44.05521822210494,-108.25975283362668,490.49072265625,143.5546875
FRB20190128D,0,False,,1,430.2589578367768,0.0010663743353334,1.2115935721714282,4.923326836346316,23.7887304890354,-52.60208539392703,501.74560546875,211.474609375
FRB20190129A,0,False,,1,485.9646307880592,0.0044759954825658,0.4730768656617748,4.108374918016314,115.57736570074827,-101.5067015108051,707.16552734375,191.8701171875
FRB20190130A,0,False,,1,1367.1441222237345,0.0005410500908937,0.5452935021721422,4.52022387453627,22.881390484499672,-73.92579911416406,467.17529296875,157.12890625
FRB20190130B,0,False,,1,988.6963741789988,8.741580830975278e-05,0.8242294356632415,3.8361892242212288,56.10704268851716,-144.88912978886154,485.68115234375,122.75390625
FRB20190131E,0,False,,1,279.81791704775446,0.0002507712634998,1.2640340565007102,2.4925372098569216,30.82367727008936,-82.03843735794662,482.89794921875,162.5244140625
FRB20190131D,0,False,,1,642.1492552220595,0.0002731695515483,2.412722561581088,6.800262427232899,2.692353827760155,-3.7726946888498336,571.78955078125,399.9755859375
FRB20190131D,1,False,,1,642.1492552220595,0.0002729436647381,2.412722561581088,6.800262427232899,7.035730107403175,-9.111288228501556,588.78173828125,399.9755859375
FRB20190131C,0,False,,1,507.7073271258085,0.0001662567350364,1.6525942658256776,2.7044833721624624,5.332818722861018,-11.448590603577408,505.13916015625,390.7958984375
FRB20190131B,0,False,,1,1805.5792828363656,0.0007489840444259,1.1299217100006125,3.2698764250458883,73.48609204780524,-62.530695529369886,720.22705078125,205.712890625
FRB20190201B,0,False,,1,749.112897256937,0.0005096814315812,0.6402430103757822,2.2582237874044586,0.3015000986520811,-10.12057720169788,406.18896484375,254.248046875
FRB20190201A,0,True,FRB20181226F,1,241.96253090517712,0.0001786439547559,1.030760783539599,2.0960212502723548,3.69096978363732,-10.761748501589288,475.06103515625,354.248046875
FRB20190202A,0,False,,1,307.4370880168952,0.0004330267273723,51.87170811700986,103.58021240604212,2.9536959291870857,-9.052565830424584,471.10595703125,379.8828125
FRB20190203B,0,False,,1,582.2946338158915,0.0006119583520959,0.5765645769151541,0.9488197515583982,0.0118126821103113,-4.399546980385206,400.74462890625,399.9755859375
FRB20190203A,0,False,,1,420.5322782589497,0.0005518072206633,1.2412424230371188,5.216348176245281,26.28852706325117,-79.38039432588205,472.25341796875,159.7412109375
FRB20190203C,0,False,,1,370.3073895929003,0.0010003535274197,1.40458512526368,4.597165496930884,2.8931479717312807,-2.087213701514092,800.18310546875,399.9755859375
FRB20190204A,0,False,,1,449.3840323240427,0.0019193353690864,0.334783737322335,2.019877497231426,10.57956543935966,-46.28856944225945,448.64501953125,160.5224609375
FRB20190204B,0,False,,1,1464.907918519635,0.0011070760676459,1.2837005013922749,4.635826524422778,7.397242092326151,-10.030005219666409,578.64990234375,399.9755859375
FRB20190205A,0,False,,1,695.2668144445428,0.0004234317630661,0.8434113718595658,1.9127118870228248,25.83915224284848,-67.61378902118678,484.46044921875,179.78515625
FRB20190206C,0,False,,1,1042.793769830066,0.0012190677227779,0.601049351013868,4.175102355129396,1.975059584163356,-7.285746086558506,458.28857421875,399.9755859375
FRB20190206B,0,False,,1,351.4831929281295,0.0023171281665412,0.6501565649981175,4.726277895673266,7.339928259046225,-19.91603390791713,481.16455078125,275.8056640625
FRB20190206A,0,False,,1,188.24076085985124,0.0008643707571817,1.3973845579686752,7.668523283819334,34.50578895388637,-60.06538868765114,533.36181640625,210.15625
FRB20190208B,0,False,,1,714.2520300150773,0.0003708507108543,18.299110140275214,37.79956401340748,0.8369059372099065,-7.62922355811546,422.76611328125,332.080078125
FRB20190208C,0,True,FRB20190208C,1,238.331545376691,0.00024315443387,1.113005531169481,1.869882628991025,26.05499360471907,-75.18022616521166,475.91552734375,166.7236328125
FRB20190208A,0,True,FRB20190208A,1,579.9609009053152,0.0014218375679912,0.5541149400992743,3.84150135614464,68.35192478503333,-82.84256082343086,604.55322265625,202.490234375
FRB20190208A,1,True,FRB20190208A,1,579.9609009053152,0.0007930956205384,0.5541149400992743,3.84150135614464,137.44061975104688,-199.74384034265293,564.53857421875,121.435546875
FRB20190208A,2,True,FRB20190208A,1,579.9609009053152,0.0009908753950128,0.5541149400992743,3.84150135614464,82.19655606931109,-138.72044961724364,538.19580078125,139.0380859375
FRB20190208A,3,True,FRB20190208A,1,579.9609009053152,0.0064097227185401,0.5541149400992743,3.84150135614464,27.647473730595184,-91.16111083116948,465.73486328125,145.7275390625
FRB20190209A,0,True,FRB20190209A,1,424.5984574867779,0.0011497775799969,0.750118633867236,3.372087823880689,31.5372328397358,-97.53921631689352,470.42236328125,145.0927734375
FRB20190210B,0,False,,1,624.2008510452242,0.0006015417655499,2.3148363987995,5.048680653698501,-1.4131749713231423,-4.687101637512799,400.20751953125,304.736328125
FRB20190210C,0,False,,1,643.3600319350433,0.0003578979469062,1.7962381558422118,3.9555244609379248,0.6902744261645285,-1.4126288631168331,510.94970703125,399.9755859375
FRB20190210A,0,True,FRB20190209A,1,426.7316787666926,0.0062707779536437,0.3713137347478726,4.90150745317697,25.82703646525685,-86.30682365633815,464.78271484375,147.0458984375
FRB20190210E,0,False,,1,580.4842761761635,0.0007578030829165,0.7860183069759417,1.8763766564054736,22.402227910388152,-64.27039226756881,476.37939453125,175.439453125
FRB20190211A,0,False,,1,1188.3974343272646,0.0010640156181594,1.3296027463313054,5.766349886826682,20.467796850676187,-20.13551074299444,665.27099609375,325.78125
FRB20190211B,0,False,,1,260.7144253987256,0.0002939604240908,0.9092914817717312,1.2494912579284054,2.5521076958455007,-8.326665501346593,466.46728515625,389.013671875
FRB20190212B,0,False,,1,600.1373229200713,0.0001726651770193,1.3361203443289131,4.136111805577492,-1.7595133872093025,-4.171127968778207,400.20751953125,301.3916015625
FRB20190212C,0,False,,1,1015.6789592109692,0.0023136921957286,0.654505161970928,8.552714389207264,3.008989372880203,-7.238296951704048,492.66357421875,399.9755859375
FRB20190212D,0,False,,1,1139.9261717593736,0.001434053470115,0.5287701786243452,6.139400693756503,-4.008347081990704,0.5062887767753558,400.20751953125,346.38671875
FRB20190212A,0,True,FRB20190212A,1,301.4410203576564,0.000987923366412,0.5269721399504477,2.9317465680632497,11.62921140305538,-35.543991680487075,471.32568359375,207.71484375
FRB20190213A,0,True,FRB20190213A,1,651.229916085134,0.001726530699404,0.3632725183564447,2.263641621226311,21.24263826466026,-128.09290485457464,434.80224609375,96.9482421875
FRB20190213C,0,False,,1,356.9590102315731,0.0002071821495182,0.7935686048041621,0.7415681773379456,-2.585285637771223,2.5534835508485694,400.20751953125,399.9755859375
FRB20190213B,0,True,FRB20190212A,1,301.29796432941794,0.0008653282376435,0.7694140991144728,3.45692733077182,322.73826569118444,-329.25940615800806,653.30810546875,109.375
FRB20190213B,1,True,FRB20190212A,1,301.29796432941794,0.0007816218772541,0.7694140991144728,3.45692733077182,74.92594251365966,-143.55711645902198,519.51904296875,131.93359375
FRB20190213D,0,False,,1,1346.6302520468987,0.0004927124831675,0.6544557950915358,2.2864393914446253,113.36818659307012,-109.40249054479403,671.88720703125,195.60546875
FRB20190214A,0,False,,1,497.40488867624487,0.0008558423688485,0.4195246134287003,2.348213114996615,4.717278457973965,-6.3363993230880205,580.67626953125,399.9755859375
FRB20190214C,0,False,,1,532.8294209350935,0.0002707451491855,0.9274739134391043,6.9386747653920064,2.055793201182329,-12.403991430067103,434.77783203125,268.701171875
FRB20190215B,0,False,,1,274.56091678718525,0.0006695334092248,2.4269246469729207,5.575911287579563,-2.1213620958755803,-1.2177708207975722,400.20751953125,399.9755859375
FRB20190216A,0,True,FRB20181017A,1,1282.0926344296042,0.0198951794497682,0.8589650101122768,49.575561769255216,22.899297921545703,-55.93579356449734,491.10107421875,200.6103515625
FRB20190217A,0,False,,1,798.2906367369383,0.0002824585982271,0.2827312015193908,1.1703980350688274,1.9896088951811683,-4.998244821955133,488.31787109375,399.9755859375
FRB20190217B,0,False,,1,846.2401481038405,0.0006508589982418,0.5315942569385494,5.291182890889568,-2.8198705188207,-0.2522401937585862,400.20751953125,399.9755859375
FRB20190218A,0,False,,1,1285.0811551013408,0.0010550230748709,0.5539940971491625,1.7338351383491852,2.7788321538320733,-5.741680241886279,509.75341796875,399.9755859375
FRB20190218B,0,False,,1,548.0060267973605,0.0016198317435994,0.6891041482317739,7.138768174999495,64.73590532273371,-81.22975983203075,596.10595703125,201.66015625
FRB20190218C,0,False,,1,319.3213143281991,0.0003046563846904,6.742435270093155,15.00561326063471,9.284012422610791,-26.76333551768262,475.98876953125,238.0126953125
FRB20190219A,0,False,,1,657.000064441029,0.0009030830366801,0.3409980631556799,0.8937520772145753,-4.16173477074769,1.0517468366048517,400.20751953125,378.02734375
FRB20190219B,0,False,,1,1680.7889029124683,0.0009541178982028,1.0821781532177046,13.092794641220488,4.6262033524311095,-5.210382921710242,623.84033203125,399.9755859375
FRB20190219C,0,False,,1,806.4659789987955,0.0015798104772514,0.4319133839671445,1.6475316904914252,9.057475920991267,-10.692994196213114,611.24267578125,399.9755859375
FRB20190220A,0,False,,1,216.1111355195231,0.0006558036422234,0.3955204607852761,0.9221920933145944,10.107533832698914,-55.37086611376672,438.43994140625,137.40234375
FRB20190221A,0,False,,1,223.9566537953971,0.0006654556152007,1.2585249618980368,2.846818063428747,6.804083063705554,-24.575923924240826,459.60693359375,223.974609375
FRB20190221B,0,False,,1,392.83380546488354,0.0014783957686917,0.6908207259604917,5.153354166581021,-3.215261081715992,1.2840529523207689,400.20751953125,399.9755859375
FRB20190221C,0,False,,1,2041.6579946680035,0.0007753351897195,0.547966494841649,6.219214215580585,24.8707374984043,-23.98805835159318,672.05810546875,307.1533203125
FRB20190221D,0,False,,1,473.72749217722736,0.0003635963275094,0.6618289785923885,1.467025073221274,0.7998717540233332,-3.0676408134148496,455.92041015625,399.9755859375
FRB20190222B,0,False,,1,497.9701879471485,0.0007725410023775,0.6360423104369564,4.961342281558336,-1.579354824659264,-10.665786092486204,400.20751953125,194.7021484375
FRB20190222C,0,False,,1,523.9014577804702,0.0004835364174955,0.4242837961346842,0.9114005151857916,13.278060811871434,-70.87186631813815,439.48974609375,126.07421875
FRB20190222A,0,True,FRB20190222A,1,460.37442502495,0.0020244708578598,1.597166712374923,13.3393541648591,36.64897488237599,-173.17878259597558,444.86083984375,99.0234375
FRB20190222D,0,False,,1,895.2341489068019,0.0002013557878888,0.8414916537624186,1.0785894069372617,9.765346034389276,-12.64015969702969,588.87939453125,399.9755859375
FRB20190223A,0,False,,1,389.122159419938,0.0001543532921027,0.7416691465466667,1.778388914375159,21.20060480260936,-107.0819852139022,441.83349609375,111.4013671875
FRB20190223B,0,False,,1,536.6199316575894,0.0003491121258048,0.601541021670451,0.6222851008882249,4.325571138195159,-5.176548774113596,607.75146484375,399.9755859375
FRB20190224A,0,False,,1,818.4191122863253,7.566626903043807e-05,0.6340641435596744,9.848228375091791,-0.2990341812993469,-54.55117876094731,400.20751953125,89.9169921875
FRB20190224B,0,False,,1,839.3019793019008,0.0002632840869793,1.302518005878201,2.0942319871610624,8.705485230099868,-20.77473118937641,493.46923828125,288.2080078125
FRB20190224D,0,True,FRB20190224D,1,752.8890276954152,0.0005139270928616,2.882515488095546,6.38263496527208,8.411651636809674,-14.888573986083532,530.82275390625,386.376953125
FRB20190224E,0,False,,1,435.86173908352174,0.0004802648257858,1.987343270931652,4.20946547771131,1.551452926678401,-7.802728257633047,442.02880859375,360.7666015625
FRB20190226A,0,False,,1,601.5551783572134,0.000248939212825,1.599667865052701,3.17625922641892,7.968381505567763,-10.799541172946656,578.74755859375,399.9755859375
FRB20190226B,0,True,FRB20190226B,1,633.0302989891111,0.002629533285683,0.3620303459868024,2.217613695952297,47.95524728999331,-62.81729268159617,586.19384765625,225.8056640625
FRB20190226C,0,False,,1,827.6793019166965,0.00101681033569,0.3296421689251496,1.602019989135345,5.429539417943998,-39.57483615928374,428.60107421875,145.3125
FRB20190227A,0,False,,1,393.9582757186719,0.0011989088546812,3.525374210670521,12.96869372687236,1.5055390909637338,-2.0992548413112977,572.81494140625,399.9755859375
FRB20190227B,0,False,,1,331.2006407834992,0.0002386809490823,0.5080882246683496,0.6277368976002153,-0.8660281523526364,-0.7219079017757825,400.20751953125,399.9755859375
FRB20190228A,0,False,,1,418.81128245569926,0.0018807383079192,1.8207696897590229,36.162123272655855,80.92622601224886,-78.72288371563981,669.10400390625,229.98046875
FRB20190228B,0,False,,1,1115.254697806497,0.0009430997655566,1.8818691048852552,29.377390142911786,5.424291114483552,-13.865194870467588,486.65771484375,331.2744140625
FRB20190302A,0,False,,1,1033.748840806366,0.0060195508702408,0.6119976595593489,37.26396639729133,-3.81187611260408,2.1943855874831506,400.20751953125,399.9755859375
FRB20190303B,0,False,,1,193.51886150589883,0.0006710322833469,9.293384491311151,45.51081186282875,-1.7356980915339255,-2.379859758825328,400.20751953125,393.1884765625
FRB20190303C,0,False,,1,1089.5723272878147,0.0016695215427504,0.8658688704031114,3.9746931346918974,-0.1727451486988453,-0.9904708582102274,400.20751953125,399.9755859375
FRB20190303D,0,False,,1,711.2434103525555,0.0004916791993495,0.4732689094855471,1.5995011586303212,1.888284819342318,-21.04789690744193,418.56689453125,182.421875
FRB20190303A,0,True,FRB20190303A,1,222.01151695907407,0.0022883855973908,0.3806505800441768,2.28246664276658,414.01374052388576,-448.3557956225679,635.02197265625,91.064453125
FRB20190304A,0,False,,1,483.4975829726783,2.587066936152104e-05,0.6997201249214333,3.86919071569708,7.004050960472636,-75.07994404213011,419.29931640625,99.3408203125
FRB20190304B,0,False,,1,469.9277300083367,0.0002210857145541,0.8216677395248806,3.060456441721753,-1.648863293465783,-6.586000880640595,400.20751953125,246.0205078125
FRB20190304C,0,False,,1,564.965729805857,0.0007975089130323,0.3784369046332819,1.3169980234455354,18.7671408852846,-71.9031469913182,455.99365234375,145.1171875
FRB20190308C,0,False,,1,500.47370605324926,0.0001397561282193,0.5328733298357062,5.658821407639094,15.695823142321542,-66.93116579003897,449.98779296875,141.455078125
FRB20190308C,1,False,,1,500.47370605324926,0.0004011338699427,0.5328733298357062,5.658821407639094,13.999701925046397,-60.59396804210721,449.20654296875,145.654296875
FRB20190308B,0,False,,1,180.192217146858,0.0002658758403675,1.1289656268513073,2.721569684506517,29.40235825895161,-79.49091240545677,481.50634765625,164.6484375
FRB20190309A,0,False,,1,356.8736696928344,0.00041851492637,0.3611895629915831,0.886695369207847,14.039464724509912,-65.75385848497935,445.27587890625,136.6943359375
FRB20190313B,0,False,,1,1191.1609880539652,0.0006329237928674,0.660950925594879,2.537514539920526,-1.4454803686854163,0.7871979428500858,400.20751953125,399.9755859375
FRB20190313A,0,True,FRB20181119A,1,364.0544597422225,0.001515460620871,0.4593808340734563,1.7157518318967062,141.98816319452175,-122.67748119155212,713.83056640625,177.734375
FRB20190316A,0,False,,1,515.7984547567419,0.000490131028612,1.0455625746873505,2.26685886997512,8.422856153630303,-14.25611532329604,537.73193359375,399.9755859375
FRB20190317A,0,False,,1,1157.226589489607,0.0006355509297486,0.455742150209391,1.3383735596842952,3.070434230823494,-5.419243282870862,531.26220703125,399.9755859375
FRB20190317B,0,False,,1,424.2691732481025,0.0008729695499741,0.7193681470863064,2.289013100306412,-3.3933133564377798,4.573896060117126,400.20751953125,399.9755859375
FRB20190317C,0,False,,1,598.346319666817,0.0011151916426982,0.4652477588765064,9.15982777589766,4.161188089966052,-10.990942965314536,483.60595703125,364.0869140625
FRB20190317D,0,False,,1,1117.969491603345,0.0009544969084685,1.165929683060021,8.500804006824781,77.43604322493805,-75.09063644614272,670.20263671875,235.888671875
FRB20190317E,0,False,,1,800.597484840677,0.0004185588712509,2.182463551180484,6.88381055374011,1.23215239849436,-3.180143648446366,485.75439453125,399.9755859375
FRB20190318A,0,False,,1,419.2590255671169,0.000894843124928,1.3809281375900009,16.11618228941947,0.2673144342298706,-3.1339496356132166,417.63916015625,399.9755859375
FRB20190319A,0,False,,1,2039.25603682156,0.0008295250901291,3.063324011309408,17.810974035922595,2.805059057147925,-3.827275516829714,577.33154296875,399.9755859375
FRB20190320A,0,False,,1,614.0322359248743,0.0007575851521819,0.969151670708319,4.439111836804395,-0.6935347960659409,-1.1307553308078897,400.20751953125,399.9755859375
FRB20190320B,0,False,,1,489.4876077517257,0.0008668746292379,0.5965404079738316,1.771574841990721,-2.176474150516673,-3.629788742661949,400.20751953125,294.2626953125
FRB20190320C,0,False,,1,368.7486187027008,0.0007259898014392,1.220081050728939,2.885652352475731,0.3127966001672401,-2.9557306054221675,421.93603515625,399.9755859375
FRB20190320D,0,False,,1,1139.0592100536765,0.0008141745688869,0.4522721424908372,11.190551258767096,8.053183782023622,-9.193708494124104,620.12939453125,399.9755859375
FRB20190320E,0,True,FRB20190320E,1,299.196738684742,0.0009435186603297,3.4956041709625247,12.722774806564717,7.477218155211322,-8.277931139730832,628.64990234375,399.9755859375
FRB20190322A,0,False,,1,1060.2331922512228,0.0009308715613866,0.7383331116584233,11.06550358579609,4.093792550431797,-6.34410233399798,552.57568359375,399.9755859375
FRB20190322B,0,False,,1,577.0329765785203,0.0008740966564108,0.4895755126850311,1.974976689840268,3.2272271204340277,-15.911656531679636,442.90771484375,247.705078125
FRB20190322C,0,False,,1,1192.0011492427373,0.000225243188258,3.716601998546643,13.527181906828266,-0.4296220054987409,-1.0863193881446276,400.20751953125,399.9755859375
FRB20190323A,0,False,,1,857.5237495354514,0.0012012841174432,0.7139470055918257,2.5942490742884985,2.898251790816071,-2.041602131972364,800.18310546875,399.9755859375
FRB20190323B,0,False,,1,789.5304923119546,0.0002348507231405,5.075716518711503,11.169234143286763,6.329554540227135,-7.93507013787919,596.32568359375,399.9755859375
FRB20190323C,0,False,,1,381.1024981815252,0.0001039967310818,0.4066020862237345,1.0547861638668796,3.327489984360805,-12.949754627563694,455.06591796875,293.5302734375
FRB20190323D,0,False,,1,763.2123353944166,0.0024438086428154,0.35576202779522,2.157827156392899,20.73279042339633,-415.6043552681951,410.31494140625,41.796875
FRB20190325A,0,False,,1,359.16852391051134,0.0005350741252556,1.1832896750222557,4.676489837944566,-1.059753662602389,-6.88569891624006,400.20751953125,263.8427734375
FRB20190325B,0,False,,1,1733.7080621518523,0.000528898117474,0.6879319473049725,2.7898817303275303,0.2378248730404311,-4.235625958629273,411.58447265625,399.9755859375
FRB20190325C,0,False,,1,797.818771305425,0.0026598140997011,0.6648967989361176,3.8070772327579503,1.5758839625714591,-2.5762424481304254,543.37158203125,399.9755859375
FRB20190326A,0,False,,1,283.2874268895888,0.0003513379728535,0.7659691255273245,1.066050809478115,7.548160960472071,-17.681292018324214,495.42236328125,310.498046875
FRB20190328A,0,False,,1,1303.6684877408495,0.0035841340109009,0.4211140342341931,3.6825933478248265,-4.570599754102267,2.5077796807188752,400.20751953125,399.9755859375
FRB20190328B,0,False,,1,564.7755020657756,0.0002867756344178,0.8260102399071357,1.8778816748679363,8.322619757544537,-14.926917287315346,528.86962890625,383.056640625
FRB20190328C,0,False,,1,472.71257352585695,0.0007057573010712,4.7,14.9,1.6379246122904505,-4.26575181816182,484.89990234375,399.9755859375
FRB20190329A,0,True,FRB20180814A,1,188.6792413984955,0.000947343862254,0.4838300648625145,2.614156902206627,41.69966958639591,-284.1194998357406,430.67626953125,71.0205078125
FRB20190330A,0,False,,1,508.9352158945477,0.0001888415716504,0.3257662996076946,1.101994374372007,-1.7632216810449124,-4.016723366617589,400.20751953125,306.591796875
FRB20190330B,0,False,,1,668.000188720347,0.0002405975863282,2.4615064701163787,5.8617667844515005,4.411554888889107,-12.62952376442348,476.57470703125,330.17578125
FRB20190401A,0,False,,1,783.0687668997818,0.003432690674761,1.2470166601458168,8.123034177802758,2.728359275696607,-7.1576161153078735,484.21630859375,399.9755859375
FRB20190402A,0,False,,1,1291.344910904795,0.0047523309978456,0.3053198636441597,0.5855886030732185,4.472932964985046,-14.567214159293796,466.61376953125,294.189453125
FRB20190403G,0,False,,1,865.2290011709607,0.0003726167986185,0.4445336922036573,1.3962162203838662,33.09441477490562,-74.77107782252014,499.32861328125,176.123046875
FRB20190403A,0,False,,1,518.6510090786192,2.47174933578775e-05,1.12,3.19,2.5154371181655737,-8.088260954206255,467.51708984375,396.8994140625
FRB20190403B,0,False,,1,292.4621555442887,0.0019413349681638,2.795240539343031,20.93276415713584,1.0010864266219763,-7.431856639559747,428.08837890625,346.6796875
FRB20190403C,0,False,,1,934.743436676458,0.000135441794515,0.4869428782059362,0.9977583240502932,-0.9278309805591242,-7.1815523887844375,400.20751953125,263.1103515625
FRB20190403D,0,False,,1,613.5122978229073,0.000976805025415,0.6516530486612606,1.2799924742786983,2.9676145793134685,-13.940477107930125,445.12939453125,268.115234375
FRB20190403E,0,False,,1,225.79157378653755,0.0019447865863661,3.9,76.0,55.93162069150184,-62.20580420089836,627.35595703125,242.87109375
FRB20190403F,0,False,,1,664.071306036586,0.00092026281263,0.514669306717716,6.414411771843135,-2.792174145591752,0.0632751482956603,400.20751953125,399.9755859375
FRB20190404A,0,False,,1,1353.6551215734362,0.000703712594153,1.1026777152549647,4.467906524580916,-2.4743455385088,1.6981927271498332,400.20751953125,399.9755859375
FRB20190404B,0,False,,1,489.408416874645,0.0004518033207612,6.117214156688276,11.463124031055305,-1.3114712532910813,-3.5046390197777626,400.20751953125,362.3779296875
FRB20190405A,0,False,,1,424.9181057304699,0.0023055824380652,0.6509492239114707,2.029872356661965,4.800471331463929,-12.63846653070748,483.89892578125,341.30859375
FRB20190405B,0,False,,1,1113.7108194978528,0.001296555320341,1.510845817588664,5.673234365957828,49.82848252487882,-48.28931465739704,670.39794921875,261.279296875
FRB20190406A,0,True,FRB20190208A,1,580.1727471782349,0.0011874368451958,0.6040835746129707,2.3950713090611577,21.77632071569157,-37.107051675552285,536.65771484375,270.1171875
FRB20190408A,0,False,,1,863.0783071013797,0.0006466581270024,0.7349602279610028,1.6341883545426257,64.54236566942548,-86.78842908890152,580.43212890625,189.9169921875
FRB20190409A,0,False,,1,1791.8694201042797,0.0008421581319551,2.635540280006433,8.517267624849646,6.421401541195695,-8.36421610068326,587.46337890625,399.9755859375
FRB20190409B,0,False,,1,285.4878179838414,0.0021917075436582,0.3632570097061856,6.300645032326029,32.18667646724348,-48.6357267082057,557.16552734375,244.3359375
FRB20190409C,0,False,,1,674.63751896917,0.0006214785129802,0.737109238228,1.8942054667595092,0.897442935680495,-5.462593533193659,434.46044921875,399.9755859375
FRB20190409D,0,False,,1,1300.1049586950614,0.0013226599105775,0.6680070735682514,2.736547429001672,37.94486926067295,-62.06154449491857,543.29833984375,210.5712890625
FRB20190410A,0,False,,1,283.8014327635765,0.0008322784214546,2.5209001176989787,7.386284636067145,35.35424445828783,-67.97299835361491,519.05517578125,192.1142578125
FRB20190410B,0,False,,1,642.1764690669588,0.0005758938071997,1.0004914627179315,2.70986476123378,18.485822045008536,-70.48531514327478,456.26220703125,146.435546875
FRB20190411A,0,False,,1,460.5785409443756,0.0002456895272118,1.1594669841248937,1.2335906276952595,21.09030904367187,-21.247580289182856,657.38525390625,327.197265625
FRB20190411B,0,False,,1,1229.4789615709203,0.0010872950716992,0.960280351457844,3.3274153538685822,1.697185606015493,-3.785561010627576,500.74462890625,399.9755859375
FRB20190411C,0,False,,1,233.65698154566277,0.0009777805631257,3.5732109903308693,10.704996898770716,95.09706467132736,-98.8760487447497,647.32666015625,198.291015625
FRB20190411C,1,False,,1,233.65698154566277,0.0007003996505518,3.5732109903308693,10.704996898770716,164.30769725229928,-166.06760503517197,656.33544921875,154.8828125
FRB20190412A,0,False,,1,364.6820352508662,0.0011883350969597,1.7975226631773908,7.054912685052416,17.177877530091816,-16.461381193279877,674.32861328125,336.2548828125
FRB20190412B,0,False,,1,375.98543620587066,0.0072829167998573,0.9276590413781178,16.088041273599767,-2.620311204489209,-4.31284232291956,400.20751953125,251.416015625
FRB20190414A,0,False,,1,811.9000653015601,0.0017429301830893,0.2557698069040859,0.2233608691642303,-1.948072506288736,-4.7169797061905605,400.20751953125,274.31640625
FRB20190414B,0,False,,1,506.03825060628577,0.0001296333999007,0.4883572027713949,3.5892226185907523,-2.803723677325035,-4.717101385162707,400.20751953125,235.0341796875
FRB20190415A,0,False,,1,633.2793512252982,0.0002945964550293,0.7818398085317323,4.376111234271226,1.1592041949506984,-5.60008452852525,443.83544921875,399.9755859375
FRB20190415B,0,False,,1,723.0181323744964,0.0037757913431052,0.897851274155127,24.22018026363258,6.0163754888661565,-11.62947984948875,518.34716796875,399.9755859375
FRB20190415C,0,False,,1,650.182,0.00055,0.46,0.77,13.4,-32.0,495.3,248.7
FRB20190416A,0,False,,1,2287.1095359398983,0.0007143163124332,0.5298491230189589,2.90502941632046,3.5338692936955955,-9.960350829814772,477.86865234375,372.6806640625
FRB20190416B,0,False,,1,575.332181150704,7.784222992385687e-06,0.4846964775376435,1.6257390467416295,-4.293816176545336,-20.106876883620284,400.20751953125,112.646484375
FRB20190417B,0,False,,1,1161.1832029933548,0.002275085294444,0.455348414890926,9.810250789314084,5.160742822856,-7.4704118818835425,565.29541015625,399.9755859375
FRB20190417A,0,True,FRB20190417A,1,1379.8717428704558,0.0027025244877267,0.4975492957319838,3.675720471589648,120.78177931242236,-178.6675483261869,561.14501953125,127.6611328125
FRB20190417C,0,False,,1,320.2902304442248,0.0002285470556716,8.034587021812435,11.316671028051925,22.396950115198624,-29.640502075501747,583.92333984375,329.6875
FRB20190418A,0,False,,1,184.4564783573063,0.0004125995648993,1.0412032253187429,2.659559254804889,-6.485687780975469,-1.7243305931748407,400.20751953125,154.58984375
FRB20190419A,0,False,,1,439.7308643823026,0.0009649683284085,0.188529924512085,0.8340054637702842,5.3476693474760815,-30.228664834348336,437.19482421875,175.9521484375
FRB20190419B,0,False,,1,165.11725333958813,0.0002795828262249,3.631175986264333,6.242854580942027,5.28873037600865,-15.648132980929988,473.86474609375,295.21484375
FRB20190420B,0,False,,1,846.8608828550659,0.0003711433737551,1.96804725701146,16.68763810235586,2.947603964661217,-8.053252723462789,480.55419921875,399.9755859375
FRB20190420A,0,False,,1,608.8540605655486,0.0009865539307631,0.9585425000695946,3.676234728405931,358.2393564991264,-289.6073734182192,742.81005859375,120.7275390625
FRB20190420C,0,False,,1,630.390895469446,0.0011164140293151,0.5832832686816465,3.472026408845918,0.5547331686937795,-8.250697082231413,413.87939453125,301.708984375
FRB20190421A,0,True,FRB20190303A,1,222.995597298278,0.002951923739225,0.399257495930767,4.4898405233955225,410.70610268294666,-436.45087668225466,640.63720703125,93.115234375
FRB20190421A,1,True,FRB20190303A,1,222.995597298278,0.0033088102135335,0.399257495930767,4.4898405233955225,42.971390375349735,-58.15021311895819,579.08935546875,231.9580078125
FRB20190421B,0,False,,1,392.1036882737102,0.0007975034119215,4.967797653171578,17.075088716268027,-2.697059988780907,1.2934693067215763,400.20751953125,399.9755859375
FRB20190422B,0,False,,1,977.386,0.00324,0.22,1.57,-7.2,7.6,400.2,400.00000000000006
FRB20190422A,0,False,,1,452.8630924578071,0.0005552741443695,0.7323424025187911,9.349313536959404,376.8173106256636,-394.70901172811534,645.03173828125,98.6083984375
FRB20190422A,1,False,,1,452.8630924578071,0.0007716756095164,0.7323424025187911,9.349313536959404,52.11180239602256,-65.46368654361197,595.83740234375,224.7802734375
FRB20190423A,0,False,,1,242.65578828727263,0.0006362583167998,8.248913161812807,43.29765251375887,13.0459149543868,-32.02351037010691,490.61279296875,241.259765625
FRB20190423A,1,False,,1,242.65578828727263,0.0026349707343305,8.248913161812807,43.29765251375887,1.2163217552939138,-17.565035724005384,414.29443359375,194.82421875
FRB20190423B,0,False,,1,584.7655318230705,0.0014784276895061,0.7522042549274274,6.438582941911223,36.74434623876821,-68.2609237857074,523.79150390625,193.45703125
FRB20190423C,0,False,,1,855.6470278430307,0.0008493413382301,1.313199143016993,4.56697242263381,7.1574159015364245,-16.080010110081982,499.93896484375,329.6875
FRB20190423D,0,False,,1,496.2452935559925,0.0014321361939632,1.657378008341046,17.368420928094384,10.409188360909432,-15.003884475250972,566.12548828125,399.9755859375
FRB20190424A,0,False,,1,758.6079038152686,0.0003256333559249,0.9128072901582256,1.902178883776218,1.602931824320974,-6.524827941546606,452.50244140625,399.9755859375
FRB20190425A,0,False,,1,128.1372806439129,0.0002245018491002,19.701499557582327,33.268144690808896,7.463805910517026,-9.61359166468206,590.00244140625,399.9755859375
FRB20190425B,0,False,,1,1031.5592392409014,0.0006639120804446,1.1228825593263234,3.545213099428433,17.364091975619548,-51.85149972210423,473.13232421875,183.9111328125
FRB20190426A,0,False,,1,340.59323071060044,0.0002177496512585,0.9964673384442532,1.6558269548223137,25.84949341497242,-70.30573961019525,480.96923828125,175.0
FRB20190427A,0,False,,1,455.8286532661456,0.0005096960100706,4.976971352927896,10.470857443415069,-0.7017257961302942,1.9832080798349807,800.18310546875,399.9755859375
FRB20190428A,0,False,,1,969.4292396229426,0.001406434849159,1.8138267732336597,7.422477971211694,72.01625307669948,-64.10617565258836,701.79443359375,219.53125
FRB20190429A,0,False,,1,470.8600626041895,0.0007018065472155,0.8211546437386165,1.76205474051059,8.088739397225437,-8.46171693469576,645.42236328125,399.9755859375
FRB20190429B,0,False,,1,295.6033074240933,0.0062236916357315,0.7688058248577286,6.51994591409951,116.89610684201264,-1060.8272913076812,422.86376953125,39.404296875
FRB20190430B,0,False,,1,2619.349108073105,0.0001007169828734,0.3789679289350443,1.3188147382143358,-0.0108750833229644,-0.03811372613423,400.20751953125,399.9755859375
FRB20190430A,0,False,,1,339.65196793340976,0.0082146758261539,0.7143463893119066,3.827997692583802,6.300010376745449,-26.74292919974921,450.23193359375,203.5400390625
FRB20190430C,0,True,FRB20190430C,1,400.3928468087058,0.0008401834826899,1.9642454484477323,6.848178376560303,74.47578097528483,-74.26173477840469,660.75439453125,233.88671875
FRB20190501B,0,False,,1,784.0074823449761,0.0006416960551267,0.9029801354557389,3.187051138222263,-0.0912984745144219,-7.693318893256481,400.20751953125,287.3291015625
FRB20190501B,1,False,,1,784.0074823449761,0.0009153477552915,0.9029801354557389,3.187051138222263,-1.9103049652520625,-0.584293933857087,400.20751953125,399.9755859375
FRB20190502A,0,False,,1,625.7245907940184,0.0008361493316905,2.8490928684496644,11.982541318725234,-4.814709451412435,3.9371417621168394,400.20751953125,399.9755859375
FRB20190502B,0,False,,1,918.5370728707626,0.0011305280471809,2.4610510875376037,10.3819967243281,1.4246952995321305,-3.8490237891555226,481.55517578125,399.9755859375
FRB20190502C,0,False,,1,396.8768752219259,0.0002961086026781,2.014758137795611,4.307765434837239,12.536621069741877,-33.66631616232369,482.09228515625,225.9765625
FRB20190515A,0,False,,1,450.4331466148967,0.0020350503121755,0.5695075042442046,16.75327401933,5.351504731396587,-10.105652539655106,521.52099609375,399.9755859375
FRB20190515B,0,False,,1,822.2376756326688,0.0004440792183694,2.5690661577086598,13.360595734759308,0.6786983315605538,-8.727560164313083,416.05224609375,295.166015625
FRB20190515C,0,True,FRB20190213A,1,651.3527190638564,0.0015802536725872,0.6412829809960339,4.103834512294966,63.92019318987072,-107.95114621467928,538.07373046875,157.71484375
FRB20190515D,0,False,,1,426.0426300568421,0.0002942408406307,2.617350270801305,8.959844861635222,50.14237958818188,-85.85333934225133,535.92529296875,176.2939453125
FRB20190516B,0,False,,1,1235.4453041003642,0.0013736321114267,1.0123556136640068,8.903781511092758,1.9279711482678417,-13.065949966235998,430.84716796875,255.37109375
FRB20190517D,0,False,,1,1180.148,0.0023,0.45,5.8,0.1,-3.6,406.8,400.00000000000006
FRB20190517B,0,True,FRB20180814A,1,189.80673497936843,0.0038006858041865,0.4657650998060508,4.139632459392824,105.59996447326304,-295.82065085743545,478.40576171875,84.4970703125
FRB20190517C,0,False,,1,335.4969257188069,0.0003203981188038,3.4159342201781606,8.973404001644882,13.80062855320707,-83.28296454005132,434.75341796875,113.18359375
FRB20190518B,0,False,,1,913.7031214252372,0.000287777435728,1.1970129145956572,1.99495830298554,5.792171905255355,-7.527205231746016,587.97607421875,399.9755859375
FRB20190518C,0,False,,1,443.94111267366696,0.0004966626816903,6.723896236843723,17.368555630892086,8.62752540825482,-17.954681874171765,508.87451171875,327.8076171875
FRB20190518D,0,False,,1,202.47061307798808,0.000472403119893,1.5418612795638484,2.782076014918628,7.369118579893182,-17.170461070814,495.98388671875,315.1123046875
FRB20190518A,0,True,FRB20180916B,1,349.587647613798,0.0018577440694987,0.2606264210462997,1.84142864839098,7.023100052859367,-41.58043048873911,435.46142578125,150.78125
FRB20190518E,0,True,FRB20180916B,1,350.6234741898924,0.0016555248705462,0.856012842720077,3.6995658608881703,55.19102191043322,-45.30667280432855,735.85205078125,212.841796875
FRB20190518G,0,False,,1,524.8871485361973,0.0003586058841865,0.521750710634408,1.4767566010488211,19.697602034954222,-72.68437257217556,458.26416015625,147.314453125
FRB20190519D,0,False,,1,539.771,0.00183,0.3773446521679516,0.8716963451151235,-1.46,-1.9,400.2,400.00000000000006
FRB20190519E,0,False,,1,693.6282425316086,0.0001708686151539,0.5720423229302567,1.25706749200066,130.32459403243544,-106.26599529451136,738.90380859375,162.4267578125
FRB20190519F,0,False,,1,797.5514841152922,0.0010633052057128,0.655092775011581,4.409857757105735,22.307400132965288,-84.79713808227456,456.45751953125,138.0126953125
FRB20190519G,0,False,,1,429.9198783620437,0.0029513959259887,1.0942788361601794,19.75418128833318,1.385444948240689,-4.896207844783796,461.02294921875,399.9755859375
FRB20190519H,0,False,,1,1170.8856671134254,0.000300619147594,2.1477222854682405,1.6343817451404408,3.2773370710125107,-14.717307170684526,447.32666015625,264.16015625
FRB20190519A,0,True,FRB20180916B,1,348.8198496625516,0.0003604508440473,0.6464888220985389,3.907208499836889,197.66872912747684,-330.988154103811,539.46533203125,90.0634765625
FRB20190519A,1,True,FRB20180916B,1,348.8198496625516,0.0005023185786995,0.6464888220985389,3.907208499836889,183.62129232180064,-338.57207003074467,524.86572265625,86.6455078125
FRB20190519A,2,True,FRB20180916B,1,348.8198496625516,0.0014518208291389,0.6464888220985389,3.907208499836889,74.85324637793514,-202.4019399817901,481.48193359375,102.880859375
FRB20190519B,0,True,FRB20180916B,1,349.4753433983698,0.001574780532654,0.9147439406709154,14.271455506522392,74.35549926073895,-72.91868916614644,666.34521484375,238.037109375
FRB20190519B,1,True,FRB20180916B,1,349.4753433983698,0.0032772938272166,0.9147439406709154,14.271455506522392,15.829815965651871,-26.24949980599682,541.02783203125,325.1708984375
FRB20190519B,2,True,FRB20180916B,1,349.4753433983698,0.0042801871406648,0.9147439406709154,14.271455506522392,54.78901065821694,-109.07607936443172,514.44091796875,150.0
FRB20190519B,3,True,FRB20180916B,1,349.4753433983698,0.0021287831897191,0.9147439406709154,14.271455506522392,38.01262457221954,-114.6828181695354,472.32666015625,134.27734375
FRB20190519C,0,True,FRB20180916B,1,349.4204905473912,0.0023043938720314,0.6038828112678565,3.973806249390596,57.880231524556905,-144.74756218802975,488.75732421875,123.583984375
FRB20190519J,0,False,,1,642.6946225993918,0.0011533956026247,0.342597000335327,0.9403871277258552,-0.7890036767484498,-57.55810981146601,400.20751953125,85.302734375
FRB20190520A,0,False,,1,432.4110107251989,0.0002040528307493,0.8838010141794898,2.6332968953484754,13.759467781436037,-67.6325351050026,443.05419921875,132.5927734375
FRB20190527A,0,False,,1,586.1563789743185,0.0035380412059419,0.7399373408803429,18.26437244968112,108.74464105250652,-262.3173365500606,492.37060546875,92.3583984375
FRB20190527A,1,False,,1,586.1563789743185,0.0099026627512853,0.7399373408803429,18.26437244968112,36.085595614626406,-129.52937069020527,460.02197265625,122.998046875
FRB20190527B,0,True,FRB20181128A,1,450.23550447991374,0.0021454207211174,0.4397377680886515,0.9343301427684833,97.98872058199964,-96.32613159067304,665.53955078125,206.591796875
FRB20190527C,0,False,,1,535.4865764077,0.0005881058459278,3.2041422400127337,21.09113124370904,0.6071438179663212,-3.7918096145446176,433.55712890625,399.9755859375
FRB20190529A,0,False,,1,704.3900271072304,0.0010275500306807,0.3272743401934164,1.4636405490617792,28.57781738388013,-122.0193804516505,449.91455078125,115.9423828125
FRB20190530A,0,False,,1,555.31904106598,0.001069912004333,0.3753555004240116,1.2307316533243693,11.273836527773629,-69.2150509496274,434.14306640625,120.80078125
FRB20190531C,0,False,,1,478.0379024449365,0.0012040879664974,0.37,1.2,18.347187590210183,-74.03948355634373,452.99072265625,140.1123046875
FRB20190531E,0,False,,1,328.08858658551384,0.0003209292496051,2.260272367103502,6.453634276631389,0.1510800548415076,5.647316918345847,800.18310546875,266.1865234375
FRB20190601A,0,False,,1,2227.8797107700834,0.0010677243577305,0.73,2.7,16.98250536760079,-18.87165774854961,627.60009765625,357.5927734375
FRB20190601B,0,False,,1,787.8327165384474,0.0041183727329158,0.4760547911415146,7.826795005286567,15.21850912964982,-104.16078922260164,430.52978515625,99.31640625
FRB20190601D,0,False,,1,668.3683854576019,0.0030890865716605,0.6525753465978946,5.18754480675315,-5.091428891952538,-0.1933264209623605,400.20751953125,224.1455078125
FRB20190601C,0,False,,1,424.0067362397438,0.0008729421160823,1.32,5.8,77.0475488934007,-176.757147596371,497.64404296875,113.818359375
FRB20190601C,1,False,,1,424.0067362397438,0.0004904099061352,1.32,5.8,77.31329620649988,-184.2573610767939,493.61572265625,110.5712890625
FRB20190603B,0,False,,1,504.2382701401749,0.0012668790144076,0.6161301062133776,2.6516012292411317,5.684822588170808,-21.069502708737254,457.99560546875,237.20703125
FRB20190603A,0,True,FRB20180916B,1,349.4956591818002,0.0009690343840125,0.6525050993656708,0.794837006776381,389.1276430381224,-346.1075853343803,702.11181640625,114.6484375
FRB20190604D,0,False,,1,1020.7833517520684,0.0008298701205585,0.8316112525681857,2.036883834265907,22.095626511240315,-26.372671212091443,608.41064453125,347.412109375
FRB20190604A,0,True,FRB20190604A,1,552.9255691891174,0.0022898407480843,0.9104205550714092,8.840551142375261,51.54995647237286,-373.73716366064497,428.77197265625,63.5498046875
FRB20190604E,0,False,,1,1218.5780876859494,0.0004552280016207,0.950938547093354,2.53811723804649,-1.3876580927546271,-1.2653578810000152,400.20751953125,399.9755859375
FRB20190604F,0,True,FRB20180916B,1,349.4588440217028,0.0010492655811256,3.344610787896896,21.22929136623132,635.6515027812289,-584.3132301489444,689.44091796875,86.5966796875
FRB20190604F,1,True,FRB20180916B,1,349.4588440217028,0.002104879587629,3.344610787896896,21.22929136623132,765.5422101307969,-848.6386406576911,628.28369140625,65.478515625
FRB20190604F,2,True,FRB20180916B,1,349.4588440217028,0.0020126127451949,3.344610787896896,21.22929136623132,64.5915725013199,-84.14362043352939,587.43896484375,195.21484375
FRB20190604C,0,False,,1,515.634888394708,0.0049604182596327,1.3587370478380574,24.81604172541032,10.594117579162598,-25.13557876671607,494.07958984375,268.505859375
FRB20190604G,0,False,,1,233.07322739268105,0.0012850493756071,1.0898908148351438,4.659870118329657,-4.67188251812512,3.644760921023253,400.20751953125,399.9755859375
FRB20190605C,0,False,,1,187.71194817373083,0.0002300136739283,2.68087974717454,3.001221019266189,18.594036183716373,-79.50823261840944,449.84130859375,133.056640625
FRB20190605D,0,False,,1,1656.662539990847,0.0008280375493507,0.713310770399036,2.940715143074049,83.00650872596204,-89.26791206205823,637.07275390625,205.4931640625
FRB20190605A,0,True,FRB20180916B,1,349.89403473235546,0.0023853694485335,1.156724171517637,6.215060017680737,61.42052442964153,-126.3677222412054,510.29052734375,138.1591796875
FRB20190605B,0,True,FRB20180916B,1,348.9407180237831,0.0036919162276548,1.6750070598978914,25.46747816139265,14.836088504288368,-73.17929601756384,442.88330078125,128.6376953125
FRB20190605B,1,True,FRB20180916B,1,348.9407180237831,0.001772895253695,1.6750070598978914,25.46747816139265,14.144015164221768,-69.4977931589315,443.05419921875,131.298828125
FRB20190605B,2,True,FRB20180916B,1,348.9407180237831,0.0056913436459769,1.6750070598978914,25.46747816139265,37.48298727851268,-127.60429919656552,463.51318359375,124.8779296875
FRB20190606A,0,True,FRB20190604A,1,552.5362818789039,0.0013240045173006,0.4575187135646925,2.3687947411794106,56.47769876182493,-82.62557405010375,563.24462890625,188.8916015625
FRB20190606B,0,False,,1,277.48582738143665,0.0003940377557475,2.908269331217434,16.128516623698758,5.45905051920658,-9.230810467424948,537.87841796875,399.9755859375
FRB20190607C,0,False,,0,310.6142335373766,0.0022786247405419,0.756698197621256,2.223935974722535,49.454905294688494,-285.19789255085647,436.43798828125,77.24609375
FRB20190607A,0,False,,1,562.414537791708,0.0017711677380129,4.4131529436565815,22.511618298499293,-0.247832100765787,-4.823847645774467,400.20751953125,378.4912109375
FRB20190607B,0,False,,1,289.4294638171785,0.0006155234654057,1.01174399999534,3.338087450746992,47.687727558513735,-51.989257596236456,633.06884765625,268.408203125
FRB20190609B,0,False,,1,292.1483183495628,0.0004034351903889,5.37892365534788,4.307808663057704,6.82830938443103,-14.407877758214868,507.21435546875,356.2744140625
FRB20190609C,0,True,FRB20190609C,1,479.9693058386304,2.485076453337682e-05,0.4666691804656491,1.1974539113479787,12.538331435371118,-128.39479177584724,420.22705078125,80.224609375
FRB20190609D,0,False,,1,511.6629163112913,0.0012645025675076,0.6723866057284433,2.703186824473268,6.667325183448113,-52.311749055720135,426.52587890625,125.87890625
FRB20190622A,0,False,,1,1122.8376075906124,0.0001345657530269,0.61,1.28,1.574592947746723,-20.553310633482017,415.83251953125,180.908203125
FRB20190623A,0,False,,1,1082.1317143518802,0.0006180539398017,0.41,0.86,2.3287553808790937,-9.8919060778246,450.18310546875,329.1015625
FRB20190623B,0,False,,1,1556.841695220852,0.0003293761191472,1.5119144012088055,2.892912433030792,80.6824746366475,-83.17592555691348,649.98779296875,217.2607421875
FRB20190623C,0,False,,1,1049.9307748392189,0.000641622695001,1.92,5.9,0.8039367872274034,0.0831479750410271,800.18310546875,399.9755859375
FRB20190624A,0,False,,1,973.796167061655,0.0014148244186234,0.6134828433818547,2.8317423879523917,-4.288553312242856,0.3586638583488996,400.20751953125,302.8564453125
FRB20190624B,0,False,,1,213.9255907818079,0.0001849910229171,2.0431884706210703,5.572536052670286,34.40123278138234,-42.80584263767119,598.10791015625,279.9072265625
FRB20190625A,0,False,,1,302.1194154033304,0.0035037438543396,0.4356694922580147,10.359790804182971,-0.7283082682122781,-8.369965277802402,400.20751953125,248.33984375
FRB20190625E,0,True,FRB20180814A,1,188.6706473905089,0.0011744795246228,0.8387715909463189,4.151633954673074,601.2756550684549,-4478.392929151336,427.99072265625,19.384765625
FRB20190625E,1,True,FRB20180814A,1,188.6706473905089,0.0020251323721871,0.8387715909463189,4.151633954673074,722.0386680945983,-5236.451126292675,428.74755859375,17.9443359375
FRB20190625E,2,True,FRB20180814A,1,188.6706473905089,0.0007635120989133,0.8387715909463189,4.151633954673074,43.50476979078537,-870.5264510223502,410.31494140625,31.7626953125
FRB20190625C,0,False,,1,442.1705480419624,0.0002440739257765,2.819792656837594,4.413910409260402,-0.8538963625578784,-7.157449641628246,400.20751953125,266.6748046875
FRB20190625D,0,False,,1,717.7910319966802,0.0003314730524446,5.284544040567425,10.77860479207228,12.306359387167651,-62.108825527320114,441.88232421875,135.4736328125
FRB20190626A,0,True,FRB20180814A,1,192.49,0.00835,0.43,5.3,28.0,-248.0,423.0,64.0
FRB20190627A,0,False,,1,404.2650322930973,0.0004508508879169,1.0491945383339014,1.6178654535667034,13.356944531138083,-46.24704474127245,462.36572265625,177.734375
FRB20190627B,0,False,,1,430.28944439574326,0.0004881716188344,3.751145532450706,11.434827537733552,12.63089251843472,-22.62917938553571,529.01611328125,327.587890625
FRB20190627C,0,False,,1,968.4857237024264,0.0004271117543336,4.176029570994328,12.557191179763215,-1.1245598448052647,-3.203356167765643,400.20751953125,397.8759765625
FRB20190627D,0,False,,1,2002.11949754624,9.003643184165089e-05,0.2361846299976155,1.8061036296117503,8.627237899591153,-20.334655199012325,494.76318359375,292.48046875
FRB20190628A,0,False,,1,745.7990798057427,0.0002818787704626,0.5885940125934134,1.133257101541598,3.6999026196880607,-5.671899802088316,554.52880859375,399.9755859375
FRB20190628B,0,False,,1,407.9764055966993,0.0003318227529149,0.7927020777526215,2.11411574753154,-4.863220122376037,-2.4011698117123763,400.20751953125,194.4580078125
FRB20190628C,0,False,,1,1747.8505152489688,9.288529658499872e-05,0.7176593626258929,9.536243369952588,-0.4580672031289585,-6.296927479517961,400.20751953125,307.03125
FRB20190629A,0,False,,1,503.6563438055982,0.0011484753953302,1.013707194796155,2.9306543815851387,38.495915743674445,-55.256523948490766,566.95556640625,233.056640625
FRB20190630B,0,False,,1,652.0306589453345,0.0016915461187978,0.9492320870473852,15.045701190947147,2.431112382907725,-4.431726566583034,526.50146484375,399.9755859375
FRB20190630A,0,True,FRB20190117A,1,392.75852505228414,0.0008606370405083,0.7480572402331787,7.170360721709597,43.01533617366896,-121.94762188073987,477.38037109375,131.591796875
FRB20190630A,1,True,FRB20190117A,1,392.75852505228414,0.0012745798597137,0.7480572402331787,7.170360721709597,87.70043062616305,-258.8004892080636,474.08447265625,89.5263671875
FRB20190630C,0,False,,1,1660.2516807578086,0.0005685913181704,0.6463860611321391,1.8471386803798504,1.2689311961933465,-14.08638634539932,418.64013671875,227.001953125
FRB20190630D,0,False,,1,323.4861114710944,0.0004478564006659,1.1618099022842652,2.878601875825374,-0.265052272842183,-5.35582557791393,400.20751953125,352.24609375
FRB20190701A,0,False,,1,637.0883468472822,0.0003012194229269,0.9455040454295104,1.8253576282367967,-2.4416219410935205,4.112648865862065,800.18310546875,399.9755859375
FRB20190701B,0,False,,1,749.1459347963221,0.0004263150143143,1.1306503171093716,2.182460846939366,3.2535233888376727,-12.219008157156022,457.18994140625,305.46875
FRB20190701C,0,False,,1,973.7864365958492,0.0003644821265323,0.6860449966753784,1.8038201427464728,4.469541599296165,-37.088893876727326,425.06103515625,145.0927734375
FRB20190701D,0,False,,1,933.3709920553384,0.0004971768697178,1.3445095730495764,8.255296862022265,5.310090857713809,-19.103450471833487,459.87548828125,250.5126953125
FRB20190701E,0,False,,1,890.4935367577114,0.000940203077428,0.7396386797581042,2.008879793034293,3.003598129218884,-9.190103679043894,471.22802734375,377.1484375
FRB20190702A,0,True,FRB20180908B,0,195.53950002389007,0.0017805854972472,0.4279778078395678,1.6125743119487017,64.21947684653314,-71.67530333276129,626.37939453125,225.7080078125
FRB20190702B,0,True,FRB20190303A,0,222.11886355065943,0.0040953738146132,0.9446646159975278,8.153470036052699,578.8234071091418,-475.659613742846,735.38818359375,102.392578125
FRB20190702B,1,True,FRB20190303A,0,222.11886355065943,0.0020703176096357,0.9446646159975278,8.153470036052699,352.9672456844662,-305.1919913255996,713.53759765625,124.072265625
FRB20190702C,0,False,,0,1560.9408492800733,0.0015441661480225,1.0756745056552623,3.873568768724653,5.289010524520863,-9.363030336469055,530.79833984375,399.9755859375
FRB20190708A,0,False,,0,849.3288753969497,0.0003827054606635,1.7306269640628604,5.338822920672722,8.99765260730894,-44.75151522507322,442.51708984375,154.98046875
FRB20190710B,0,False,,0,260.40078048865473,0.0002300585190641,0.3306046330688167,0.7455454843377407,18.157461916804746,-55.3169992784899,471.56982421875,178.076171875
FRB20190710C,0,False,,0,763.9015720230783,0.0003214418894661,8.196273456792667,19.820812285145376,4.657060283465706,-4.149714565558202,701.40380859375,399.9755859375
FRB20190710A,0,False,,0,203.9260404485063,0.0001900976800526,1.3542816261572606,2.9489812946826848,18.214135079828026,-46.62362509539603,486.51123046875,207.373046875
FRB20190712A,0,False,,0,682.4075686519886,0.0002316582556363,2.135682598489545,3.473444310034511,2.92974102264435,-4.806934171148201,542.78564453125,399.9755859375
FRB20190712B,0,False,,0,372.2120172044157,0.0001503322263601,10.785740166350651,34.488821669059675,5.276192200980141,-17.771486271814027,464.24560546875,265.1611328125
FRB20190713A,0,False,,0,334.7839291415951,0.000257865303982,0.529001226365931,1.07648147379645,126.5283440900524,-102.74314941342456,740.78369140625,162.3779296875
FRB20190713B,0,False,,0,416.0573947085782,0.0003527642373168,0.539991811067103,1.0935290253130907,128.05542297060848,-302.85994004409446,494.39697265625,86.3037109375
FRB20190714D,0,False,,0,1983.871460206774,0.0022931963659023,0.4713856365232888,2.824037558433739,26.72492521295339,-29.49983838474543,629.50439453125,324.12109375
FRB20190714C,0,False,,0,1068.294532696352,0.0014421598552187,0.4081627169634626,2.038997942590988,16.809311994426263,-99.30548201689034,435.53466796875,106.9580078125
FRB20190715C,0,False,,0,880.6724320577472,0.0026048198636975,0.3471498826916469,4.101371226682195,-7.341760751518933,3.2058481778089387,400.20751953125,182.1044921875
FRB20190715B,0,False,,0,182.2892218001801,0.000258253704941,8.94585804745422,21.05991736888092,0.4544143077303014,-0.739624572073844,544.10400390625,399.9755859375
FRB20190716D,0,False,,0,651.3434333058797,0.000534492408421,1.1631408592972727,2.774238870559084,0.7931438332852724,-2.173229659874552,480.31005859375,399.9755859375
FRB20190716B,0,False,,0,256.57470576272306,0.0015199312552189,1.3664878760067818,7.799596746762223,0.3537768756528531,-5.3819659770045565,413.56201171875,395.2392578125
FRB20190718A,0,True,FRB20180908B,0,195.06076290638228,0.0009552692017148,0.4314234276036586,6.140590630590733,37.61000378336301,-383.8508697800024,420.30029296875,53.90625
FRB20190720B,0,False,,0,687.9338275500872,0.0002041333423616,0.3791332151248696,0.438781471976351,-0.8033653598562777,-17.66506193844082,400.20751953125,161.474609375
FRB20190720A,0,False,,0,432.99639757964223,0.000257355821023,2.713080214027088,6.600647342642606,-2.2603101036802054,-2.264966341389189,400.20751953125,348.2177734375
FRB20190721D,0,False,,0,542.327561274296,0.000532935998677,3.2892582264430668,18.71940819663766,-1.790282443723548,-1.8486351157718357,400.20751953125,399.9755859375
FRB20190722B,0,False,,0,508.42646364058726,0.0003902208242228,2.848800404068259,6.83564820800275,3.039152676280399,-9.460726214293755,469.93408203125,369.4091796875
FRB20190722A,0,False,,0,251.4587468549636,0.0039333808631461,0.3826872531834282,2.6573611141949143,86.74461349876384,-451.865816985198,440.51513671875,62.9150390625
FRB20190723A,0,False,,0,366.6564063930449,0.002317146228047,0.4943021464348698,2.491713848358644,16.257181603767236,-43.85457955842802,481.70166015625,205.517578125
FRB20190725A,0,False,,0,363.0990150259124,0.0003298935418189,0.6062760946930694,1.8387363859434471,0.7837612681665311,-1.8924354849995368,492.27294921875,399.9755859375
FRB20190726A,0,False,,0,288.024603794375,0.0007720159819819,5.834400702271886,16.399524259073843,-2.2912558006332,0.7712529352182498,400.20751953125,399.9755859375
FRB20190727B,0,False,,0,729.5349566668086,0.000275189808866,0.226576145190853,0.3514618189789394,1.2709841134551016,-3.0046544684539,494.44580078125,399.9755859375
FRB20190727A,0,False,,0,596.7246660281949,0.0009594565326391,1.2689242212369558,4.920533630254562,0.686885593919458,-3.7000276364679374,439.12353515625,399.9755859375
FRB20190728A,0,False,,0,384.7607615273796,0.0004479620115844,0.4819923588176217,1.1042057288548963,-3.835163885486241,0.3975347636523058,400.20751953125,361.2548828125
FRB20190729A,0,False,,0,618.1528372607315,0.0008204548998368,0.4802693086164935,2.197568376226685,9.322414312453404,-48.279920454747206,440.75927734375,148.1201171875
FRB20190804E,0,True,FRB20190804E,0,362.82728277343546,0.0040333963083006,0.9340361760014668,6.458921704859561,72.64253092141219,-176.55475263214836,491.61376953125,112.5
FRB20190804E,1,True,FRB20190804E,0,362.82728277343546,0.0039548181497996,0.9340361760014668,6.458921704859561,49.21211737078804,-203.767131736868,451.55029296875,96.142578125
FRB20190804E,2,True,FRB20190804E,0,362.82728277343546,0.0009840236970226,0.9340361760014668,6.458921704859561,47.45422023023768,-275.6568537160546,436.16943359375,77.685546875
FRB20190804D,0,False,,0,416.0694455911464,5.740394083531451e-05,0.7466910830069291,1.433461415567069,4.100176320538825,-17.24622184165208,450.72021484375,249.2919921875
FRB20190804C,0,False,,0,648.5056963798488,0.0006005406522504,0.484709871856726,4.671238292514321,30.80608085956336,-29.86207425658128,670.32470703125,292.3828125
FRB20190804B,0,False,,0,716.0454093867313,0.0002733747373983,0.6696743720815292,0.5660364707889856,11.44005769014057,-25.915647104290343,499.03564453125,272.119140625
FRB20190805D,0,False,,0,261.84666388602346,0.0031080161138451,0.3606014057861982,2.451498873938412,89.21587688340502,-90.50799338952976,655.11474609375,209.8388671875
FRB20190805C,0,False,,0,1183.230399773727,0.0005801690394993,0.3372603403234893,3.9267851790962185,-0.6998421787351031,-5.92896858127184,400.20751953125,305.2734375
FRB20190805E,0,False,,0,321.415106953126,0.0013265610798932,0.8727979715379472,4.287105483448109,2.0506863970621625,-104.69626202936452,404.13818359375,68.5302734375
FRB20190805E,1,False,,0,321.415106953126,0.0004472849686222,0.8727979715379472,4.287105483448109,-7.2808109507747005,-42.36680696196581,400.20751953125,70.60546875
FRB20190805B,0,True,FRB20171019A,0,463.6731252127783,0.007153861981574,1.730681893359116,22.22596841918129,65.63214640759904,-71.76103563603735,632.23876953125,227.685546875
FRB20190805A,0,False,,0,773.8066664160614,0.0008164050763199,0.1743754370130819,0.5051821049194761,6.615436589215043,-29.829469566542556,447.13134765625,190.1123046875
FRB20190806A,0,True,FRB20190417A,0,1378.91478282222,0.0038182511734452,0.3156037786172815,5.191888555012133,43.5386191311077,-143.9243831147619,465.53955078125,118.06640625
FRB20190806C,0,False,,0,1503.0861668376956,0.0013532123694504,0.5681423529031002,5.261218693751872,64.36656852385673,-181.03317018812692,478.06396484375,108.0322265625
FRB20190806C,1,False,,0,1503.0861668376956,0.0024795512438449,0.5681423529031002,5.261218693751872,113.66738336109378,-329.5116096906,475.52490234375,79.5654296875
FRB20190806C,2,False,,0,1503.0861668376956,2.827286217441813e-05,0.5681423529031002,5.261218693751872,48.688238406208704,-165.38977860877424,463.65966796875,109.6435546875
FRB20190806B,0,False,,0,849.9872293293053,0.0003567984612569,1.0751070915939622,5.414463636389442,818.5927264462366,-786.8086498174323,673.27880859375,72.8515625
FRB20190806B,1,False,,0,849.9872293293053,0.0013486336316617,1.0751070915939622,5.414463636389442,142.0667582110125,-145.10957626218575,652.91748046875,164.892578125
FRB20190807B,0,False,,0,396.6304850062074,0.0044934263334194,1.034925059583261,11.240002256269824,-2.9265871025317973,1.405192784610097,400.20751953125,399.9755859375
FRB20190807A,0,False,,0,1480.5833154484874,0.0002172002957563,0.4356140691266972,2.7970401298948104,-0.0008918340405222,-3.361877415741499,400.20751953125,399.9755859375
FRB20190808A,0,False,,0,793.0170323398299,0.0007929782762474,0.2689190921452056,1.6933679504186834,4.518456634809072,-15.4548241812661,463.19580078125,281.15234375
FRB20190809A,0,True,FRB20180916B,0,352.1755314216481,0.0032615065839528,1.0131825834144537,5.424680137222415,434.4457278493064,-369.9835452590294,719.86083984375,113.671875
FRB20190809B,0,False,,0,1207.9977418455271,0.0026037806781074,0.2662429713440417,1.8546874248222904,27.392595003586816,-115.229391837622,450.69580078125,118.9208984375
FRB20190810F,0,False,,0,394.71469087105993,0.0002301550897847,0.7595466720095947,1.583365479098905,0.4978491462750359,-1.5553019739350875,469.66552734375,399.9755859375
FRB20190810A,0,True,FRB20190117A,0,392.80589538632137,0.0028637409295967,2.70269781488228,33.04502249760659,73.19949702308504,-58.70773655746989,746.49658203125,187.79296875
FRB20190810A,1,True,FRB20190117A,0,392.80589538632137,0.002861717899588,2.70269781488228,33.04502249760659,88.8526660142222,-80.58983467498464,694.51904296875,213.671875
FRB20190810A,2,True,FRB20190117A,0,392.80589538632137,0.0005831217771436,2.70269781488228,33.04502249760659,36.631389569089606,-40.032235666421485,632.36083984375,302.63671875
FRB20190810C,0,False,,0,776.7304150719784,0.0004727815628781,1.9043124342365845,6.208028442359151,15.944935458061668,-122.55995134103394,427.08740234375,89.6240234375
FRB20190811C,0,False,,0,801.3207675856755,0.0003560084303296,0.6915380755165865,2.429312673206624,21.23385042074804,-22.247741579741287,644.93408203125,332.6416015625
FRB20190811B,0,False,,0,444.0228081355367,0.0025264939740981,0.5972645046383809,5.886678783159367,-0.5686914933525953,-10.232834992287716,400.20751953125,225.78125
FRB20190811A,0,False,,0,951.1797509201504,0.0002228461447379,0.7104848548585289,1.0846658055601266,22.81040513457349,-24.49282873979564,637.53662109375,330.9814453125
FRB20190812A,0,False,,0,254.45285481786237,0.0002837190434967,3.4853938824284723,14.2432070555831,-1.804445398012912,-2.494730468566798,400.20751953125,377.880859375
FRB20190812C,0,False,,0,341.1914221902224,0.0003827523541984,6.627876889713487,14.667916561728576,39.35857961744596,-58.60975975222476,559.87548828125,223.388671875
FRB20190812B,0,False,,0,813.1234294759546,0.0009465204363382,0.8171010499020227,4.202846834007627,-4.116644841442701,1.4304517460943251,400.20751953125,399.9755859375
FRB20190813C,0,False,,0,1921.9597087681009,0.0017785744818752,0.6657268718592799,3.647035139836347,4.2901811886591945,-10.18952908051582,493.95751953125,394.384765625
FRB20190813B,0,False,,0,249.5828016059279,0.0004908511276986,1.9915624819139188,9.14703791383634,-0.1813162605651345,-3.7532636739016656,400.20751953125,399.9755859375
FRB20190813A,0,False,,0,408.6394892952025,0.0004610806808698,2.1997625600556074,6.789445639363973,6.087180723413852,-15.54570679127567,486.73095703125,315.0146484375
FRB20190814A,0,False,,0,376.0093536675671,0.0002303363243079,0.990426722695779,1.5167698767837965,8.778368231609747,-27.51779187111341,469.39697265625,226.6357421875
FRB20190815D,0,False,,0,803.7361963950068,0.0003411706477168,4.273786721024276,7.996196323173493,2.5945690908950234,-3.503884967662076,579.52880859375,399.9755859375
FRB20190815A,0,True,FRB20190117A,0,394.7857824251299,0.0027648382244372,1.875588887798986,12.86486627010873,29.748004131756574,-21.860212414476823,790.27099609375,228.9306640625
FRB20190815C,0,False,,0,1494.2586257936214,0.0007260781729439,1.769403261177786,6.049453065687266,3.9102574708452464,-6.603599694082625,538.09814453125,399.9755859375
FRB20190815B,0,False,,0,701.3818973893564,0.001436356949162,1.8684197058727725,8.630204851767573,5.237769655120972,-5.406736494993249,649.57275390625,399.9755859375
FRB20190816B,0,False,,0,884.8634423547952,0.000465957456092,25.637235301431357,95.02316114617378,0.0998420760579831,-6.760350001205415,403.16162109375,322.4365234375
FRB20190816A,0,False,,0,827.9421392156682,0.000740724604683,2.7125497413153936,14.56578355885297,10.385461505706408,-13.920231095060965,581.14013671875,399.9755859375
FRB20190817E,0,False,,0,438.42635573590496,0.0001072633545278,0.5287544830583492,3.663030809821024,33.714973476386675,-31.89879395178291,678.86962890625,281.25
FRB20190817A,0,True,FRB20180814A,0,191.6400383888454,0.007836082835616,0.3554082139916031,4.900903728677861,51.74274923136373,-141.75748146702418,480.31005859375,122.7294921875
FRB20190817C,0,False,,0,1047.545137028816,0.0007832731242139,0.6234391153787053,1.3928160437806547,2.913468645871477,-4.801895522849155,542.02880859375,399.9755859375
FRB20190817B,0,False,,0,577.6913200321436,0.0023675416483925,0.3609907180171463,3.5962519844117016,18.042545423362697,-65.25535396450805,459.53369140625,154.2724609375
FRB20190818D,0,False,,0,682.8207833977906,0.0002664378220238,0.3113273716036592,0.5833022041727942,15.280076336144328,-115.20520626038608,427.62451171875,92.3583984375
FRB20190818C,0,False,,0,555.2540602020523,0.0003279451155831,1.1733338068801815,3.549234602256442,-2.343214138271472,-1.942934680625812,400.20751953125,359.86328125
FRB20190818B,0,False,,0,460.9519964420462,0.0006464164834711,1.0659641383082377,3.6291752608295247,-2.222467881772994,-0.7018711474609266,400.20751953125,399.9755859375
FRB20190818A,0,False,,0,266.0419100753989,0.0008239757494097,0.4237112651025299,1.403146543250887,76.80349835671343,-64.23572165206558,727.62451171875,198.046875
FRB20190819A,0,False,,0,824.8317971939026,0.0006732785233456,0.8355782448394511,2.223647772587931,20.016831426231107,-18.439285699936256,688.63525390625,316.5283203125
FRB20190820B,0,False,,0,846.9124245004875,0.0002243061898498,1.100869694176802,1.7322956971952723,0.5034841805967122,-2.887630788073162,436.65771484375,399.9755859375
FRB20190820A,0,False,,0,1526.301681935688,0.0010281752522487,0.8131830663051621,11.20723082378528,-3.537105134999034,-0.7875085999744176,400.20751953125,312.3291015625
FRB20190821E,0,False,,0,351.5709956485897,0.0012404529040439,1.101481949529598,3.940654623057872,13.396291972447022,-17.91624760519439,581.62841796875,393.7744140625
FRB20190821D,0,False,,0,296.10503768839646,0.0003574871389697,0.6527521645590458,1.2696166830053146,-0.9664905205781812,-3.576541467595521,400.20751953125,388.57421875
FRB20190821C,0,False,,0,521.8037945888144,0.0003633500967068,3.477571565124244,11.519663777599677,3.2382896140258044,-5.704749551058509,531.53076171875,399.9755859375
FRB20190821B,0,False,,0,163.38742745968173,0.0002865783083695,3.871564618410666,4.504153099305123,-0.9592215433472194,-9.506591171229008,400.20751953125,223.828125
FRB20190821A,0,False,,0,535.7673398791353,0.0006072132062723,1.892147618192388,15.541074662706144,5.035004199334041,-11.270561164670609,500.35400390625,386.0595703125
FRB20190822A,0,False,,0,1625.4789118213591,0.0019489996487985,0.3934445559902382,2.0319573765241272,111.3986205382671,-96.02737523076644,714.78271484375,187.9150390625
FRB20190823A,0,False,,0,1440.507936898431,0.0019849576254091,0.6108488526061008,3.452710718494234,8.39529732232321,-10.354688798974804,600.25634765625,399.9755859375
FRB20190824A,0,True,FRB20190117A,0,396.3799610375419,0.0045066623786996,0.6166733933058487,6.271641401944011,12.494519127527084,-11.005484671744457,705.99365234375,353.3447265625
FRB20190824E,0,False,,0,570.4251509277344,0.0008612482550613,0.6375743540447978,5.173789587941258,1.9592125675637089,-7.902897563378082,453.01513671875,376.9775390625
FRB20190824D,0,False,,0,2288.3182673623364,0.0008307120828552,1.2477385134807348,4.063632957410866,2.872532570872268,-4.229161893659565,562.02392578125,399.9755859375
FRB20190824I,0,False,,0,585.659641997523,0.0002247243869762,3.528684720111198,10.594588775784183,3.0846995289538266,-9.23331896422252,472.96142578125,379.052734375
FRB20190824C,0,False,,0,377.7962034639204,0.0003573899290225,1.4855637282498504,3.662583970403946,9.154510051247229,-11.090230053420386,604.67529296875,399.9755859375
FRB20190824B,0,False,,0,397.5421079611007,0.0025870349564711,0.1884286969510132,3.582785890749142,3.1824432697992444,-8.459851284170098,483.02001953125,399.9755859375
FRB20190825G,0,False,,0,636.8542341322062,0.0001739503863735,0.782741119994063,1.1197217236115151,8.806939221765129,-12.844917384819666,563.83056640625,399.9755859375
FRB20190825A,0,True,FRB20180916B,0,349.2525975225298,0.0014166031899504,3.190859162098414,17.585793834009223,120.02407634672872,-154.0036014945116,590.88134765625,144.8486328125
FRB20190825A,1,True,FRB20180916B,0,349.2525975225298,0.0012032113598358,3.190859162098414,17.585793834009223,31.29530657072224,-68.59804791223291,502.72216796875,185.205078125
FRB20190825B,0,True,FRB20180916B,0,348.8606004705037,0.00032832483376,0.3324107533638611,2.6699350180087147,17.045194581376123,-66.94889030564593,454.52880859375,146.923828125
FRB20190825B,1,True,FRB20180916B,0,348.8606004705037,0.0014227129512227,0.3324107533638611,2.6699350180087147,60.92609126672111,-120.66999982441912,515.12451171875,142.7490234375
FRB20190825E,0,False,,0,450.84249267443096,0.000221017623885,1.909451619191404,3.198612513370238,26.23284716946712,-25.379371917753005,671.00830078125,303.6865234375
FRB20190825C,0,True,FRB20180916B,0,350.15131648802026,0.0012101988717114,0.8114151751821175,3.235873417298885,76.57906913950397,-100.82399617217904,585.07080078125,177.490234375
FRB20190825D,0,False,,0,711.8296325161604,0.0084326531224098,0.3403949223888472,2.7249153241953468,29.29225824921284,-122.11507773275248,451.18408203125,117.3828125
FRB20190826B,0,False,,0,313.4295224883022,0.000398226913748,6.326040000610714,16.722465004358842,16.090138100800687,-78.72273811373351,443.24951171875,125.7080078125
FRB20190826A,0,False,,0,2310.264082937724,0.0011402407681801,0.9923742827451488,11.803584156915486,11.719714821256124,-14.619509476055905,597.52197265625,398.388671875
FRB20190827A,0,False,,0,701.0958804588491,0.0036416525370986,0.5970138227080565,5.528834152501636,-0.2291868992497913,-0.9651428281762906,400.20751953125,399.9755859375
FRB20190829B,0,False,,0,1398.681116757108,0.0014109181272977,0.4553119641737227,1.508305991827134,5.135423441458617,-18.38430706207299,460.19287109375,255.37109375
FRB20190829C,0,False,,0,435.1610738196795,0.0003363207679557,0.7134385773602893,1.2082844738053935,-0.1868108721599707,-9.403084068456304,400.20751953125,249.7802734375
FRB20190829A,0,False,,0,771.7663181975835,0.0007863793219788,2.1100177116326715,5.850103838775402,62.57229941030182,-63.85530888900555,653.21044921875,249.560546875
FRB20190901B,0,False,,0,762.6755041877954,0.000297989465101,5.911416817691935,12.44048665789693,1.2920319727906002,-4.626134787786111,460.16845703125,399.9755859375
FRB20190901A,0,False,,0,131.64221207948586,0.0001723968739769,0.5104551784602187,1.244397104930388,11.918012904774946,-74.13040854816468,433.70361328125,117.0654296875
FRB20190902C,0,False,,0,845.0831730298032,0.0002702538880282,0.8403216130549954,1.793003309159391,3.052385125193237,-4.213782342007221,574.86572265625,399.9755859375
FRB20190902D,0,False,,0,178.22309123140158,0.0004420363802548,0.8496841787096975,1.7451257083366107,3.2042402703425834,-42.85728939762702,415.44189453125,123.583984375
FRB20190902B,0,False,,0,758.17746957197,0.001097980389063,0.6587197453804763,2.201392164759832,2.387077522207508,-31.618171589557228,415.58837890625,144.1162109375
FRB20190902E,0,False,,0,1660.8294708958022,3.610030862707891e-05,1.2612044781790193,4.026459346321258,2.6954771806491804,-9.242401766526024,463.02490234375,362.5
FRB20190902A,0,False,,0,577.7529854268861,0.0005329804701945,0.5492586562444326,2.6517819026760674,5.024641987161722,-28.00047072438448,437.75634765625,182.9345703125
FRB20190903D,0,False,,0,707.2179636196234,0.00022453051634,0.5081686862194817,0.9201807166524034,5.185068037827773,-6.722277062447509,588.51318359375,399.9755859375
FRB20190903C,0,False,,0,876.969192183107,0.0004085309398521,1.910064737639988,4.826731184286143,9.20143601629044,-9.974744486181091,634.72900390625,399.9755859375
FRB20190903A,0,False,,0,213.1450730727057,0.0003874262250532,5.699822359072225,12.308530692161836,-2.742227679299346,2.749332050648071,400.20751953125,399.9755859375
FRB20190903B,0,False,,0,794.2791338549968,0.0002427279663188,0.5598504170515706,1.5803381989384533,130.5670877077983,-117.65960702495518,697.00927734375,194.140625
FRB20190903E,0,False,,0,543.5055091368625,0.0008593246368271,2.021494624935276,5.757151844531746,118.87597249973425,-94.24200301078712,751.94091796875,157.0556640625
FRB20190904A,0,False,,0,906.113531599266,0.0005281219978538,0.9561010117193388,7.028440464344247,3.1895341189677366,-13.947191909995842,448.66943359375,273.3642578125
FRB20190905B,0,False,,0,252.8726706098649,2.428988730297964e-05,1.20949649594519,5.1431601296397655,23.913306352244245,-73.8914224694875,470.49560546875,161.1083984375
FRB20190907C,0,False,,0,458.0366566798968,0.0005764646509133,4.396288542356947,17.99920728059656,4.69202680156748,-7.862507293954315,539.34326171875,399.9755859375
FRB20190907B,0,False,,0,619.1129875228646,0.0009301715662864,1.093311766099042,4.436873504145133,13.410406278963396,-15.023968571093388,625.30517578125,377.4169921875
FRB20190907A,0,True,FRB20190907A,0,309.2918438419634,0.0013616680161569,0.3352756930888676,0.4804862139921662,94.54348741712728,-123.62588076503374,586.58447265625,160.5712890625
FRB20190907A,1,True,FRB20190907A,0,309.2918438419634,0.0005823518671513,0.3352756930888676,0.4804862139921662,124.82814016582653,-141.37662613433255,622.30224609375,159.228515625
FRB20190910B,0,False,,0,1048.195304761848,0.000371382247458,0.7084585597672253,1.801147810236381,22.23478359310956,-22.155227647726704,660.99853515625,321.337890625
FRB20190912F,0,False,,0,574.6685080923668,4.13964559564233e-06,0.6552563735587991,4.511575916954609,277.1801339571405,-311.34901602315574,624.57275390625,107.51953125
FRB20190912F,1,False,,0,574.6685080923668,0.0007257646956336,0.6552563735587991,4.511575916954609,248.43090032478707,-300.75826490457246,604.84619140625,105.95703125
FRB20190912F,2,False,,0,574.6685080923668,0.0017231857528661,0.6552563735587991,4.511575916954609,255.49988133215896,-387.17954053022135,556.62841796875,85.9130859375
FRB20190912A,0,False,,0,211.80046951535775,0.0001995896560342,1.32191156004252,2.957703279614814,94.08797481782412,-86.76575068734432,688.24462890625,215.380859375
FRB20190912E,0,False,,0,584.2315178786092,0.0001919574627743,1.02238610340908,2.766670678989754,0.8621145188329046,-8.605565886013096,420.73974609375,305.56640625
FRB20190912B,0,False,,0,129.1782586604958,0.0001602490483307,3.665842901859393,13.498405535767343,38.54088997668039,-59.10327872492223,554.45556640625,220.263671875
FRB20190912D,0,False,,0,786.1143255010447,0.0007448439205052,0.582469561393846,1.647381730792692,4.7045653738604445,-17.82732966565047,456.65283203125,253.90625
FRB20190912C,0,False,,0,337.62516225725085,0.0005533626535545,0.5707071975799236,2.307512441606438,15.32207251887614,-61.933170879644,452.89306640625,148.974609375
FRB20190913D,0,False,,0,1084.5083201806303,0.0022699184038389,0.65999078350818,6.916497946718395,77.05406473324824,-64.03944420356491,730.38330078125,195.947265625
FRB20190913A,0,False,,0,225.6988920304958,0.0003003875516229,1.0009255650620363,4.651118500445134,1.7358944982304738,-1.8625761545571409,637.75634765625,399.9755859375
FRB20190913B,0,False,,0,346.8221943206898,0.001216845259361,0.2394290977298173,2.009697526574971,18.463464547680783,-101.91412051250364,438.14697265625,108.984375
FRB20190913E,0,False,,0,850.1785281055422,0.0011879601637231,0.5838054349819874,3.067687757977708,2.70924929812361,-1.226371610429001,800.18310546875,399.9755859375
FRB20190914B,0,False,,0,535.1673198764057,0.0029156297881132,0.9414484310971448,7.184285678882949,15.618002375542805,-16.8548125310931,636.04736328125,360.6689453125
FRB20190914A,0,False,,0,477.4511350568842,0.0015666475078441,1.879479137319158,5.81823397685776,51.921626726515,-94.17251332603944,527.23388671875,165.52734375
FRB20190915F,0,False,,0,221.6681261737868,0.0005392629587814,1.2706561572841495,3.45388990243929,6.4724204206857054,-13.97608488492246,504.47998046875,356.8115234375
FRB20190915E,0,False,,0,370.1438276000908,0.0003945180850442,2.5356201797895435,14.261681393645016,36.64557044587421,-35.28604731039625,672.64404296875,279.150390625
FRB20190915E,1,False,,0,370.1438276000908,0.0008790077266387,2.5356201797895435,14.261681393645016,26.901198026831,-24.824495234163468,688.00048828125,292.7978515625
FRB20190915E,2,False,,0,370.1438276000908,0.0016774302731824,2.5356201797895435,14.261681393645016,37.30109569410908,-32.46097558446993,710.87646484375,255.517578125
FRB20190915D,0,True,FRB20190915D,0,488.70764396302434,0.0041588402930837,1.183836825139249,13.392511600103576,6.611154471714449,-11.31434390283707,535.99853515625,399.9755859375
FRB20190915A,0,True,FRB20190907A,0,308.8580700036957,0.0006322640468412,0.575188592616046,1.905954330848368,245.3272538988745,-238.86092121538263,668.81103515625,131.5185546875
FRB20190915B,0,False,,0,977.819916325748,0.0002897793478176,0.8383561534474181,1.697410431933278,0.3667324060249148,-3.716805957382429,420.42236328125,399.9755859375
FRB20190916A,0,False,,0,1085.418753315554,0.0008048575196928,1.0045555490806657,2.6258431367276005,1.1665584933724038,-3.0871838808950045,483.41064453125,399.9755859375
FRB20190918F,0,False,,0,768.7536470606524,8.246490915045345e-05,0.4719238533431639,0.8114297379672071,9.644032533452718,-51.47221172914248,439.48974609375,142.7978515625
FRB20190918E,0,False,,0,541.2669020730748,0.0013254910310259,0.6949043635616392,6.386229991427928,-1.0551795867832967,-0.1840694332923535,400.20751953125,399.9755859375
FRB20190918D,0,False,,0,673.7763403547204,0.0002843908612411,1.293940531823907,3.062993422179788,-0.6131605560863349,-8.403360168883768,400.20751953125,251.8798828125
FRB20190918C,0,False,,0,469.3198578850841,0.0020556495241188,0.8496888558249756,18.308268126179527,50.46500804824903,-58.34933974468184,616.71142578125,246.6064453125
FRB20190918B,0,False,,0,485.6056071454918,0.0017898448494171,0.2628911062084885,2.581004331202556,12.09444692442321,-78.77365478079568,432.11669921875,112.4755859375
FRB20190918A,0,False,,0,1385.737181513162,0.0004120542607819,1.1597306985440474,2.4184405641660485,68.81571483136601,-59.13458423266537,716.10107421875,212.3046875
FRB20190919D,0,False,,0,407.07478398279744,0.0011584531594601,0.8691480038776388,3.7715553720021298,11.84367903459994,-11.549738798530608,668.24951171875,372.5830078125
FRB20190919C,0,False,,0,657.516702785855,0.0003759820455701,1.105406816378272,6.582688561730303,3.91539437773117,-9.0629448602967,496.69189453125,399.9755859375
FRB20190919B,0,False,,0,1699.198383770556,0.0004024876446919,1.061236790782955,6.048507904458829,1.775784015850708,-9.211497284946368,440.68603515625,326.3427734375
FRB20190919A,0,False,,0,1112.4479903155066,0.000353929959711,1.424100990392822,5.553204961938087,-1.401585381872902,-1.6248679644548154,400.20751953125,399.9755859375
FRB20190920A,0,False,,0,841.8828749396462,0.0010159504817385,5.049767513356092,21.32944029163137,64.52600893889381,-70.25542273705646,633.45947265625,230.5908203125
FRB20190922A,0,False,,0,199.2977319911069,0.0004132994339695,1.890423749741004,3.4828330619622574,-1.9681968490776944,-9.98314729874031,400.20751953125,191.8701171875
FRB20190923A,0,False,,0,523.3781849748879,0.0011313398509701,0.3166528117776215,2.763902301961596,13.60955025456004,-54.452418352869415,453.45458984375,156.787109375
FRB20190924A,0,False,,0,497.5910727587544,0.0002960398506924,1.1484550667489115,3.5207015091407543,67.6361665419762,-76.17134604079345,623.86474609375,218.017578125
FRB20190925C,0,True,FRB20180910A,0,690.0499456686114,0.0003417761946185,2.355225898459689,9.927124785153667,41.37375125059204,-70.5611218769105,536.53564453125,194.8974609375
FRB20190925B,0,False,,0,722.3867125982448,0.000553102958739,11.893739813569692,37.69491036347949,-1.9246959087101017,1.9416220218075808,400.20751953125,399.9755859375
FRB20190925A,0,True,FRB20190907A,0,309.4867618392938,0.0019895188441629,0.2276326972639707,0.7911909660846832,18.95661171395645,-101.15910912902594,439.51416015625,110.8642578125
FRB20190925E,0,False,,0,367.5109698526408,0.0005283729422475,0.3499620853504357,0.7516462444134947,-5.145449404717515,4.070269805610794,400.20751953125,399.9755859375
FRB20190926D,0,False,,0,1008.2687130606276,0.0007619011012391,0.6132177292818938,1.680628313065261,0.7289589207457876,-3.3308603056236263,446.47216796875,399.9755859375
FRB20190926C,0,False,,0,712.6410066866479,0.0006129772686815,0.7552935207282011,1.7495167359948776,3.956357229723352,-12.180697516975265,470.76416015625,326.9287109375
FRB20190926A,0,True,FRB20181119A,0,365.910973433234,0.0054871568544029,0.3196767331569551,2.28787318922519,18.76708785806273,-20.86919789785943,627.40478515625,350.09765625
FRB20190927D,0,False,,0,998.778790394869,0.0004227770500069,1.832374064834196,4.202071523349085,61.25438272766164,-62.34449810402161,654.06494140625,252.9296875
FRB20190927C,0,False,,0,542.1354608404822,0.0003250258066164,1.4363140239779004,3.4882866052774686,-1.166423092501376,-2.339319642700437,400.20751953125,399.9755859375
FRB20190927B,0,False,,0,983.6773908323746,0.0021984606376743,0.6699415315779309,2.431774010649417,5.084315142959789,-6.495109925711987,591.90673828125,399.9755859375
FRB20190927A,0,False,,0,384.5040047881064,0.0002456709523705,2.0503300975524588,2.64361476424029,0.3743839231208421,-2.1832059301875093,436.02294921875,399.9755859375
FRB20190928A,0,False,,0,143.1460098600896,0.0001269311035685,0.6995419527770559,2.077227534101431,6.009590703194998,-58.86201004812432,421.15478515625,113.037109375
FRB20190929A,0,True,FRB20190417A,0,1378.43430664148,0.0012983619547292,0.6542158506839346,3.519066573323973,184.50790385854896,-152.32591685125698,733.31298828125,151.6845703125
FRB20190929E,0,True,FRB20190929E,0,512.6400181082886,0.0015519947801045,0.5561601836122183,3.959043547564399,25.69978237140002,-160.7478610156033,433.50830078125,88.4033203125
FRB20190929D,0,False,,0,510.96312791663615,0.000332918244468,1.4275359935045782,2.638537997663567,0.4138453617653503,-6.6674420824179,412.80517578125,342.7490234375
FRB20190929C,0,True,FRB20180814A,0,188.7737807488585,0.0018178662168783,0.7281839521681431,5.165854011280487,151.00750627720555,-224.7463036179157,559.97314453125,113.525390625
FRB20190929C,1,True,FRB20180814A,0,188.7737807488585,0.0011962637260968,0.7281839521681431,5.165854011280487,5900.074299681073,-12301.200741114397,508.65478515625,13.916015625
FRB20190929B,0,False,,0,376.96826841769655,0.0003783625165575,1.3616774889436027,2.713176140655401,5.81275367949451,-9.938111224588344,536.14501953125,399.9755859375
FRB20191009A,0,False,,0,790.0092445911973,0.0010082435839127,0.5330562043040815,1.1185806263475704,53.89647972133238,-56.06405472226703,647.18017578125,264.0869140625
FRB20191010B,0,False,,0,554.0135920583214,0.0001054926218661,1.2953288641006149,3.196041976680663,58.19870456057927,-72.59585308017982,597.52197265625,213.9404296875
FRB20191010A,0,False,,0,1218.2019444300047,0.000907335786939,0.6127563192395733,4.599506936222163,2.351626524866791,-3.2137439948546525,576.98974609375,399.9755859375
FRB20191012B,0,False,,0,613.850363821241,0.00050318873065,0.5484873291360598,0.9057227962547564,2.175466840658628,-7.362369468666854,463.90380859375,399.9755859375
FRB20191013D,0,True,FRB20191013D,0,523.8712046403467,0.0047818770887279,1.205787372384845,11.335696043101375,76.94234058301434,-72.90820478244541,678.30810546875,232.2998046875
FRB20191013C,0,False,,0,229.14848654554996,0.0004212484440613,1.1299256183139357,3.0788142409310337,13.963424918254304,-44.05382208071349,468.93310546875,189.16015625
FRB20191013C,1,False,,0,229.14848654554996,0.0007112124009036,1.1299256183139357,3.0788142409310337,12.26844954456543,-42.79178323323203,461.87744140625,182.2509765625
FRB20191013A,0,True,FRB20190303A,0,224.9271764952668,0.0073059962942734,0.2329299733158699,1.2344493034512591,58.63949292954121,-113.12215609265942,518.59130859375,148.4375
FRB20191014B,0,False,,0,278.16511704744755,0.0003265380939241,0.8359633739995114,2.680261906277313,47.98472786569277,-384.8223061980887,425.93994140625,59.9853515625
FRB20191014A,0,False,,0,1229.8241487050364,0.0012361561903435,0.4380421829891249,3.074065734238121,11.37944269099397,-15.536016162099187,577.18505859375,399.9755859375
FRB20191015B,0,False,,0,338.69435260336184,0.0018605595644725,0.6876867273821355,3.989488993964799,6.477929310684455,-9.36859889021463,565.49072265625,399.9755859375
FRB20191017A,0,False,,0,915.1068287093224,0.0005304659552685,0.5221603051533199,1.4658523829568808,-3.126890704454721,1.566885207918121,400.20751953125,399.9755859375
FRB20191019E,0,False,,0,725.145615198203,0.0009474425197257,0.6795493459790762,0.8086708935296348,17.187694069429213,-18.334554532356503,639.48974609375,351.4892578125
FRB20191021B,0,False,,0,295.91115210984634,0.0003605954756217,2.399290134360246,6.722462382506661,27.889568919729943,-102.36267172967077,458.60595703125,132.5927734375
FRB20191021A,0,False,,0,388.6664271960656,0.0002198887950014,7.974057883044463,14.279416470457049,1.081940637596552,-4.777011429945924,448.18115234375,399.9755859375
FRB20191024B,0,True,FRB20190430C,0,401.5025142920487,0.0034397230095349,0.3668161137470841,2.628629569505073,39.6774009227299,-97.28825661336774,490.71044921875,151.5625
FRB20191025C,0,False,,0,202.20560014788649,7.698745292238972e-05,0.2215321226774391,0.6072743783307848,7.98531164087724,-107.36138853551212,415.36865234375,80.6396484375
FRB20191025B,0,False,,0,469.6565944985662,0.0028106201689736,0.7435176977153789,6.2156669761183085,3.355489609069793,-5.982060645647841,529.74853515625,399.9755859375
FRB20191029A,0,True,FRB20180814A,0,190.93537823936367,0.0024736083348169,0.6244632249873077,3.9840903832379686,187.4661723206844,-168.17722880702956,698.74267578125,163.8671875
FRB20191029D,0,False,,0,830.4504218944974,0.000842976015554,0.4768150849107476,5.956383226320503,3.673047760749111,-6.587226930191912,528.86962890625,399.9755859375
FRB20191029C,0,False,,0,219.77675308348012,0.0013936103897159,0.3130717240434371,1.7968642498682563,133.57060295440652,-117.02482982327496,708.14208984375,184.716796875
FRB20191030A,0,True,FRB20180916B,0,349.6634361029709,0.0024432452348837,0.2487391857216275,1.222823898097192,26.210110290054462,-71.41556042690955,480.79833984375,173.5595703125
FRB20191030B,0,True,FRB20180916B,0,348.8543633047635,0.0032065120716831,0.3800759140892682,3.5659932163946952,29.75275376215994,-179.27564305440256,434.82666015625,86.7919921875
FRB20191030E,0,False,,0,663.8819143209176,0.0066326627226541,0.2913427192412717,4.399380932164881,254.76321617883,-234.67546786428943,688.65966796875,136.6455078125
FRB20191030C,0,False,,0,338.02369808662115,0.000162356950777,1.0703708128968106,3.916242889893765,77.4742107708471,-79.72688207799376,650.54931640625,222.16796875
FRB20191101E,0,False,,0,709.6390937602312,0.0012224275338957,0.2187048610707258,1.1275818921935803,12.918166106911034,-51.80257436976279,453.33251953125,159.521484375
FRB20191101D,0,False,,0,777.1504061813059,9.2245329426863e-06,1.143126757875392,3.178539090473167,9.88284441309128,-11.39445172330419,617.46826171875,399.9755859375
FRB20191101C,0,False,,0,1144.541244874711,0.0008027266683151,0.744964808697232,2.3525337011209944,-0.3798726494942548,-0.1817570551516576,400.20751953125,399.9755859375
FRB20191101B,0,False,,0,453.32196114608297,0.0005683724357036,0.2659687688509321,0.4006569165835281,22.74126153134556,-89.9126087905433,454.13818359375,132.7392578125
FRB20191101A,0,False,,0,635.7954450337293,0.000780598515202,4.135695370020291,14.028348091781464,-0.6862258849820673,-4.688310505702776,400.20751953125,352.2705078125
FRB20191102C,0,False,,0,1112.55270605056,0.0024444433262545,0.7845116206439303,12.95438248168226,-0.2863765890364351,-0.387385824846732,400.20751953125,399.9755859375
FRB20191102B,0,False,,0,595.6220558086947,0.0016376333393617,0.4623293402443158,1.2738628488211934,-4.210945076865905,-2.7885155498295098,400.20751953125,212.79296875
FRB20191102A,0,False,,0,1106.433589807496,0.0031004389776578,0.0829463949987682,0.9936580382755232,57.470534838585095,-135.6006984705652,494.66552734375,129.248046875
FRB20191103F,0,False,,0,360.9326493002378,0.0001762490066019,0.5819990322740349,0.9253059017762838,7.600363920606639,-22.43993804021082,474.03564453125,252.8076171875
FRB20191103E,0,False,,0,356.34452334894337,0.0051208445499828,0.4472962162955979,3.2425549934672504,0.7487812269663481,-16.105672450033467,409.60693359375,197.607421875
FRB20191103D,0,False,,0,447.6074759763154,0.0003348814497787,0.3704645040267335,2.0644846675113726,23.94540090918172,-74.35692329374275,470.10498046875,160.3515625
FRB20191103C,0,False,,0,329.3433204132279,0.000261443348785,0.4546012812891035,0.6939349788102874,9.66217241425146,-8.999764742688201,684.53369140625,387.3779296875
FRB20191103B,0,False,,0,884.8534867870686,0.0029688301435804,0.7140693682923419,7.09283967846875,164.4817510797237,-165.66523066282977,657.45849609375,155.3466796875
FRB20191104E,0,False,,0,215.78242679654244,0.0002420818082863,0.9490346168606424,1.430515530913688,11.959029964914102,-64.37656554632932,439.14794921875,130.3466796875
FRB20191104C,0,False,,0,537.9838375159692,0.0002860401263545,0.6911725893518003,1.726697856702013,7.992776788295668,-34.67618190437147,449.08447265625,180.859375
FRB20191104B,0,False,,0,731.9361074718698,0.0003491925088774,0.5228891855667751,1.185929380635642,-2.43935091966767,0.8139034451417462,400.20751953125,399.9755859375
FRB20191104A,0,False,,0,775.4629521271934,0.0006756434449816,0.4561134787133348,0.630952804743254,2.230779461285336,-11.299275294517262,441.71142578125,293.505859375
FRB20191105A,0,False,,0,721.2744347694832,0.0004085103213002,2.608671981783319,9.445333018364453,3.32992860256738,-12.82331509162281,455.67626953125,295.9228515625
FRB20191105A,1,False,,0,721.2744347694832,0.0006643057228469,2.608671981783319,9.445333018364453,2.468652758183884,-5.887550062445985,493.54248046875,399.9755859375
FRB20191106C,0,True,FRB20191106C,0,332.3231220768045,0.0049095378280955,0.1749600175169376,1.6786157212592028,63.584678863699935,-66.70671425597345,644.54345703125,240.869140625
FRB20191106B,0,False,,0,703.2334964455995,0.0059872848253199,0.3634351012229219,3.5435140823785614,15.226377543486011,-16.349514583427478,637.53662109375,362.1337890625
FRB20191106A,0,False,,0,1236.2108310366532,0.0004817961032261,0.3413077674621224,1.4926986798046524,-3.76012051625866,-1.6291629052027914,400.20751953125,261.474609375
FRB20191107A,0,True,FRB20180814A,0,192.82964739204152,0.0129934574259919,0.2957415117826965,0.9327428024561708,-4.9565276108473375,-29.1198180523218,400.20751953125,92.8466796875
FRB20191107C,0,True,FRB20190110C,0,222.22132545790623,0.0008457678100777,0.6197630417726512,2.5608916802008728,66.08073498158211,-183.3480343515164,479.21142578125,107.6171875
FRB20191107C,1,True,FRB20190110C,0,222.22132545790623,0.0009986592023115,0.6197630417726512,2.5608916802008728,50.63977674589296,-265.9248328788645,440.17333984375,82.03125
FRB20191108D,0,False,,0,327.64377969230947,0.0024882350096324,0.3443250420362832,1.8069774936057252,24.32309925250656,-75.91999711455722,469.71435546875,158.8623046875
FRB20191108C,0,False,,0,227.7555967316949,0.0003772449171418,0.2293892078536577,0.3710364540469387,113.49551486297956,-438.90149325053073,455.43212890625,66.015625
FRB20191108B,0,False,,0,259.1673006291359,0.000228384874477,1.166137961522266,1.903318019721633,31.360606711371947,-164.52711277674422,440.22216796875,95.2880859375
FRB20191109C,0,False,,0,600.4304438332242,0.0008136357587057,0.5338916937478653,1.0957340051809477,45.16179467830421,-110.89485204077494,490.56396484375,141.845703125
FRB20191109B,0,False,,0,551.5642670731966,0.0004132070481498,0.2992556451545037,1.0034971682700666,10.159188603183749,-34.80520417539508,463.07373046875,198.681640625
FRB20191110D,0,False,,0,1419.081282868207,0.0009796083413045,0.7523513245113126,2.917532058475177,4.052160534976266,-4.373531395187472,635.99853515625,399.9755859375
FRB20191110C,0,False,,0,337.74181618268096,0.0002422852625694,0.6633366568283319,0.8519668177195383,160.7241776534784,-139.50534271024313,711.95068359375,174.0478515625
FRB20191110A,0,True,FRB20190303A,0,221.4155091646418,0.0011758674887879,1.0884013103737271,13.357302253358592,404.1549570051317,-450.51825805599066,626.72119140625,89.6728515625
FRB20191110A,1,True,FRB20190303A,0,221.4155091646418,0.0016677737892463,1.0884013103737271,13.357302253358592,136.4186395230564,-182.37045764593464,581.70166015625,130.9814453125
FRB20191110A,2,True,FRB20190303A,0,221.4155091646418,0.0004883869006766,1.0884013103737271,13.357302253358592,203.57914925368812,-302.5540380575709,560.24169921875,97.8515625
FRB20191110A,3,True,FRB20190303A,0,221.4155091646418,0.0006624405645103,1.0884013103737271,13.357302253358592,215.1230516915989,-350.31566806187027,544.03076171875,88.28125
FRB20191110A,4,True,FRB20190303A,0,221.4155091646418,0.0003477819109867,1.0884013103737271,13.357302253358592,153.21943628114917,-277.9545078773141,527.18505859375,96.09375
FRB20191111A,0,True,FRB20180814A,0,188.9881221082792,0.0022940904574453,0.4998682072219351,3.844628685928009,177.73689817293285,-225.5879865145967,593.42041015625,120.068359375
FRB20191113D,0,False,,0,574.1333140583239,0.000237907375343,0.5948803015229469,1.4216775361447591,-5.263692251316411,3.5104734612523463,400.20751953125,399.9755859375
FRB20191113C,0,True,FRB20191113C,0,617.3543286290829,0.0009206024545164,0.3250652084285633,1.257333027164773,191.3484662829963,-178.06502170458052,684.87548828125,156.0546875
FRB20191113B,0,False,,0,792.25876532195,0.0001760304187366,0.5788438756235387,2.133118113854638,-2.46823966564056,-1.2629545003069091,400.20751953125,397.3388671875
FRB20191113A,0,True,FRB20190303A,0,222.11652515552484,0.0022794735567563,0.5772517086299156,8.655852298405694,177.58739840356043,-234.99263261750212,583.94775390625,115.771484375
FRB20191113A,1,True,FRB20190303A,0,222.11652515552484,0.0024199734488886,0.5772517086299156,8.655852298405694,216.44620212507516,-330.13961391772386,555.43212890625,92.8466796875
FRB20191114E,0,False,,0,923.3215627279706,0.0005882014863029,1.871743369122888,9.063716816827672,0.8865799166074756,-6.109715848532226,430.31005859375,394.82421875
FRB20191114F,0,False,,0,1118.2483759722531,0.0072825705321019,0.3593915261863979,5.013738959224919,96.11371081298864,-80.93494711994286,724.67041015625,187.9638671875
FRB20191114D,0,False,,0,522.8885657198631,0.0007375020977372,3.343051754278966,30.18045620130227,9.617262443935235,-21.45097719720564,500.76904296875,294.677734375
FRB20191114C,0,False,,0,751.3706497396025,0.0006357611408809,0.5508091916807674,1.043386250824648,22.492652918142856,-46.60186973082453,509.43603515625,228.3203125
FRB20191114B,0,False,,0,817.7309033108311,0.0020315583847857,0.3228178787629088,1.8035628244946635,18.868224458716547,-17.01131679077015,696.81396484375,317.8466796875
FRB20191114A,0,True,FRB20191114A,0,552.1070668201797,0.0019492768681067,0.4109915389891498,4.692593998274659,91.20058303616544,-283.55917201722923,470.00732421875,84.7900390625
FRB20191115B,0,False,,0,769.35845412374,0.0001989634819222,2.064232589071359,5.012170188200706,0.794489902515059,-5.840959795639222,428.35693359375,399.9755859375
FRB20191117B,0,False,,0,250.09554883213747,0.0002544409219871,0.8931231051902356,1.4685154350453002,-4.873555094892279,5.016260356120781,400.20751953125,399.9755859375
FRB20191117A,0,True,FRB20190303A,0,221.33396608277863,0.00083934417518,0.4159402754070906,3.8475867013345337,43.870202953733326,-242.91441125519495,438.02490234375,82.5927734375
FRB20191118B,0,False,,0,362.1264374285601,0.0062246889579527,0.5083258083958172,17.458200901342742,16.770259072754815,-61.50207129418849,458.65478515625,156.34765625
FRB20191118A,0,False,,0,403.0627720094012,0.0095897615426109,0.4999189657246993,5.035952326551994,52.28611144388369,-97.5086369864448,523.25439453125,161.42578125
FRB20191202C,0,False,,0,954.1763660345638,0.0002327703063033,0.9368100231763152,2.0593186214807173,17.475206217301825,-50.47200174230956,475.84228515625,188.916015625
FRB20191202D,0,False,,0,1097.373973652637,1.915132149523588e-05,0.5168101789749603,1.7890962844948202,1.0345630912855308,-6.147340718978112,435.33935546875,399.9755859375
FRB20191202B,0,False,,0,691.2239950644596,0.0004841816382376,5.183559277330659,10.187657611862662,12.47477680545834,-15.839582906342011,593.32275390625,394.9462890625
FRB20191205D,0,False,,0,457.7787878141799,0.0007026808317551,1.217056873897485,5.183399965522855,0.9170756390522294,-5.661849486986163,433.94775390625,399.9755859375
FRB20191205A,0,True,FRB20181119A,0,364.6315162080799,0.0050806484724075,0.2956015803917944,2.435055475819283,43.94707225110363,-60.41359442443972,575.74462890625,226.220703125
FRB20191205F,0,False,,0,575.9494499293965,0.0001371161638712,0.2991690496401582,0.874297045490825,4.603697894096215,-102.91716227858538,409.24072265625,75.048828125
FRB20191205G,0,False,,0,931.798888938794,0.0002091734510988,0.4595806849024195,2.668222106848173,55.28650960088916,-54.29115419642285,665.88134765625,258.2275390625
FRB20191206D,0,False,,0,341.47134778228684,0.0002369107642137,0.6043525500957616,2.116920126471885,39.86066474705885,-94.01213616377856,494.68994140625,155.46875
FRB20191206C,0,False,,0,325.03090773831724,0.0011874386836732,0.7314362824708134,4.8434618903687685,-0.0561041903820297,-3.012769208730609,400.20751953125,399.9755859375
FRB20191206A,0,False,,0,373.5259119057367,0.0002068814572691,1.65278969685015,4.546376856706183,16.260689300587266,-81.91631544585653,441.95556640625,122.412109375
FRB20191207B,0,False,,0,579.2345297072504,0.0003190559502671,0.4264123260595546,2.642560593727935,0.7011135495656867,-6.19508752616352,423.49853515625,378.9306640625
FRB20191207A,0,False,,0,658.5640013085458,0.0004561085028625,2.491941893357714,5.077474091396296,-0.3268783366274676,-2.5783475901905173,400.20751953125,399.9755859375
FRB20191208A,0,False,,0,1011.7914541688016,0.001298714001269,0.6055313815785611,1.2009349860093723,14.540710551078003,-71.20545600479,443.22509765625,130.322265625
FRB20191209D,0,False,,0,2559.6760419004017,0.0005338758832859,0.2560943497540891,2.2606415024111257,-4.714993310948884,-3.319996142575278,400.20751953125,187.548828125
FRB20191209C,0,False,,0,294.2784598903427,0.0036006307506234,0.2616014976485157,5.079099197463364,23.153828755252206,-53.6143313557909,496.64306640625,207.2998046875
FRB20191209B,0,False,,0,910.6358827676386,0.0004840527529596,0.7457001424489771,2.365540844706369,4.476338425596925,-5.208073533173428,615.05126953125,399.9755859375
FRB20191209A,0,False,,0,989.1751080561066,0.0006319500490536,0.5191830927354388,2.914642558571519,-1.1488452833843588,-4.501326846579772,400.20751953125,328.173828125
FRB20191211A,0,False,,0,322.2410325164494,0.0004532357697923,0.6755974173071965,1.2161393204141668,11.40857641469488,-39.06879901493439,463.09814453125,190.13671875
FRB20191212E,0,False,,0,427.1289623809549,0.0006674195853269,0.5187990083417795,1.1627646877655378,53.19254289022646,-55.86311012127256,644.22607421875,263.3544921875
FRB20191212F,0,False,,0,712.8386962876132,0.0007428622554021,1.9730481990075883,13.069530217726122,14.75346807160196,-113.31144237251232,427.11181640625,92.333984375
FRB20191212D,0,False,,0,539.2491797327464,0.0009954881589398,0.801108321696197,4.084189017337935,3.850140146318115,-5.774387326948434,558.53271484375,399.9755859375
FRB20191212C,0,False,,0,146.31991442490383,0.000426185939706,1.4183334369707188,3.2702827351947428,92.83206618770132,-85.53088502471732,688.58642578125,215.7958984375
FRB20191212B,0,False,,0,907.1333702258836,0.0010349396869387,0.2982085211641551,3.350559231892016,-4.951463402029649,1.6499452935283494,400.20751953125,311.2548828125
FRB20191212A,0,False,,0,776.1660834488613,0.0002494928334612,0.2893690155048697,0.7065793250345945,-0.6438424684223516,-14.479905333293072,400.20751953125,183.3251953125
FRB20191213C,0,False,,0,571.3013345770224,0.0011747662622258,1.5401845079603378,20.738062812254693,2.518600672215007,-7.524162495396788,473.10791015625,399.9755859375
FRB20191213D,0,False,,0,750.4321430702153,0.0009263956725854,0.4422643556832226,0.9782082661714868,11.633741579936618,-84.56307455049361,428.69873046875,105.3955078125
FRB20191214B,0,False,,0,738.3303299934463,0.0002823155039911,4.930271605482012,13.042711593550685,-2.6277663869828887,-0.4511557383466465,400.20751953125,399.9755859375
FRB20191214A,0,False,,0,675.4212296289843,5.414058547360434e-05,0.3954158573684877,1.412992585158059,4.27189656232599,-17.907694283725103,450.89111328125,245.1416015625
FRB20191215C,0,False,,0,260.43732604274265,0.0005219794217901,0.5123293571336341,1.0172594990249295,13.769759768752232,-13.392635197847714,669.17724609375,358.1298828125
FRB20191215A,0,True,FRB20190303A,0,222.4569542625368,0.0006019725533105,0.328144371433724,2.095424415595624,1575.380247694164,-2759.3688614858397,532.40966796875,30.7373046875
FRB20191215A,1,True,FRB20190303A,0,222.4569542625368,0.0027165434242009,0.328144371433724,2.095424415595624,40.74167067236289,-70.27036578576815,534.77783203125,194.6533203125
FRB20191215B,0,False,,0,538.9802515485876,0.0005657359473213,0.8904303893016151,1.860266786101941,18.62156082956116,-60.72728187581612,466.51611328125,166.5771484375
FRB20191216A,0,False,,0,629.4106980304867,5.941332684215584e-06,2.128400811940233,7.466672955931289,1.860933056912181,-9.349859073155873,442.07763671875,325.9033203125
FRB20191217E,0,False,,0,434.5411525234836,0.0010253247651483,0.5985985475405652,2.621770763094673,-0.982530607170454,-3.071216246569414,400.20751953125,399.9755859375
FRB20191217D,0,False,,0,1249.4516076189182,0.0006158921399377,0.4118581736094507,0.87492361371514,0.6680819809677261,-0.604099375802688,695.69091796875,399.9755859375
FRB20191217A,0,True,FRB20190212A,0,301.7818552617985,0.0027160336760345,0.7837564435907792,6.199843721791627,69.08988848286064,-88.23280546556796,591.97998046875,192.08984375
FRB20191217A,1,True,FRB20190212A,0,301.7818552617985,0.000580137945929,0.7837564435907792,6.199843721791627,125.89480825412284,-234.86202334760327,523.20556640625,103.759765625
FRB20191217B,0,False,,0,1428.7706651476014,0.0011947122973826,0.2038757823996425,0.7998646988325099,-3.282730019778801,2.5864756090471945,400.20751953125,399.9755859375
FRB20191218A,0,True,FRB20180916B,0,349.1849798904263,0.0024497018472621,0.3813656514003773,1.9058307671063637,10.216049836264542,-32.359547295453304,468.61572265625,211.669921875
FRB20191218A,1,True,FRB20180916B,0,349.1849798904263,0.0019433992137113,0.3813656514003773,1.9058307671063637,15.424585144205604,-80.91214058162628,440.22216796875,120.8984375
FRB20191218B,0,False,,0,373.53296934778,6.171487593897435e-05,0.2699027057012253,2.773987872323698,26.39080189712439,-83.10582412797845,469.05517578125,153.7841796875
FRB20191218E,0,False,,0,1292.476318258956,0.0006665557294466,0.4713394069492759,1.234535866987331,-4.794165366592535,5.775078791776314,400.20751953125,399.9755859375
FRB20191220E,0,False,,0,234.94442676719788,0.0002910046165632,1.131656725938368,1.878747773683755,89.78496014695224,-72.49177275287136,743.39599609375,178.125
FRB20191220C,0,False,,0,840.8199264733954,0.0007190237129781,2.875853176063432,18.623638877614557,-1.9273910258395524,-0.6655570427754702,400.20751953125,399.9755859375
FRB20191220B,0,False,,0,641.2502676486505,0.0015986174609624,0.5269309616075288,8.4492713510151,71.57555583630126,-61.57292399957122,715.63720703125,210.3515625
FRB20191223A,0,True,FRB20190117A,0,393.3193925834372,0.0046869913052907,0.3841460855158447,3.383911333388735,98.64045248013792,-160.7476808020414,543.90869140625,130.4931640625
FRB20191223E,0,False,,0,681.214331412453,2.887143717504309e-06,1.0544758326842163,2.6132195692398628,2.2265069339742896,-5.041098401263371,499.08447265625,399.9755859375
FRB20191223C,0,False,,0,604.7269336210132,0.000392196800535,4.070667225157405,9.206562631289206,7.630813624554202,-10.743131500999306,570.83740234375,399.9755859375
FRB20191224B,0,False,,0,843.1858501064072,0.002183532592992,0.3249295229021315,2.2027556495581533,1.0380458753179354,-15.543549227505672,413.78173828125,207.8125
FRB20191224A,0,False,,0,430.0012209068884,0.0002430506121777,1.987406643438118,3.076006292936504,4.868816995287007,-14.865045105782489,471.39892578125,298.53515625
FRB20191225A,0,False,,0,683.8985515064693,0.0003280917586441,7.027231883140424,13.814851397400393,38.21293614857071,-60.36832539173444,549.18212890625,215.869140625
FRB20191226D,0,False,,0,1633.3053035615696,0.0004797819410042,1.2288656350260845,2.495893014021597,6.127270802593814,-7.988780356413311,587.24365234375,399.9755859375
FRB20191226C,0,False,,0,540.3474922877364,0.0002042592885723,1.325852825333075,4.604991253639577,7.990255947363028,-8.281282919519464,648.32763671875,399.9755859375
FRB20191226B,0,False,,0,1589.53746761125,0.001587017403171,0.5972781062641102,2.584616068532077,81.96454532191488,-105.06710296764568,591.12548828125,175.634765625
FRB20191226A,0,False,,0,1072.215800363829,0.0004320237253012,1.1347253470182344,3.234129772923743,9.079074140756909,-14.408749734793831,548.40087890625,399.9755859375
FRB20191227D,0,False,,0,1070.0486136062875,0.0005896733262349,0.5065626910576162,13.871798995824948,-5.705438855239566,4.851356062697239,400.20751953125,399.9755859375
FRB20191227C,0,False,,0,541.7740269409466,0.0007594281869623,0.6106981491858468,1.4750031877428396,54.349821094612906,-88.12981999540573,544.73876953125,176.85546875
FRB20191227B,0,False,,0,780.0528122100534,0.0049656726678373,0.3417204660439614,4.470278233083091,25.114733246136893,-27.827685652608608,628.43017578125,328.8330078125
FRB20191227E,0,False,,0,496.6782922043594,0.0003229115903234,0.5351973854039671,0.9260366040689424,2.382639149763773,-24.359492013719784,420.25146484375,171.3134765625
FRB20191227A,0,False,,0,275.8635983147529,0.0002213921085927,0.5450229915170451,1.0837051432286575,31.29705129737344,-79.00436848887422,487.85400390625,167.3583984375
FRB20191228D,0,False,,0,370.8008587282085,0.0003252000020698,2.461081524096242,41.07606030032404,6.422742600812966,-10.088766859178993,550.18310546875,399.9755859375
FRB20191228C,0,False,,0,388.75797466960586,0.0014719901841894,0.6264759270070412,3.312578329749174,-0.1625407532352501,-1.173129073195463,400.20751953125,399.9755859375
FRB20191228B,0,False,,0,1341.166404436485,0.0008555037029349,0.397908479873544,1.5032351391734995,1.9252194441714812,-4.384445895364009,498.44970703125,399.9755859375
FRB20191229B,0,False,,0,938.4481845954548,6.406495232036225e-05,0.5189016653664156,0.7908174216798624,37.03969520638436,-80.15977003190318,504.21142578125,171.7041015625
FRB20191229A,0,False,,0,970.6953014990956,0.0013174541826356,0.6182122669602363,1.6935112700892492,28.7245673799495,-67.15360893765981,495.61767578125,184.5947265625
FRB20191230D,0,False,,0,1146.5528340288247,0.00114192083006,1.0593503171350591,16.142589601441323,5.617547595538417,-7.696497407689679,576.45263671875,399.9755859375
FRB20191230C,0,False,,0,383.9782591925502,0.0003238428961163,1.4068062377078028,4.886281125210514,2.285834160549697,-12.422951733012413,438.75732421875,274.609375
FRB20191230B,0,False,,0,1372.775164956161,0.0003811231409357,3.559055624631564,10.911060649015964,9.11944752376715,-12.708891652342537,572.91259765625,399.9755859375
FRB20191230A,0,False,,0,567.7688611637071,0.0004784200918072,6.493650863297357,34.0117877637585,4.230366111029461,-12.630230641101146,473.15673828125,324.951171875
FRB20191231B,0,False,,0,703.1642306364687,0.0005020909601883,1.3104913488679462,3.4811913595078186,-3.703778113628836,0.4643035910423408,400.20751953125,389.404296875
FRB20191231A,0,True,FRB20190303A,0,221.70982182705944,0.0005651357588112,0.3692635476365051,2.5802220829847937,572.6533816405553,-635.753529458091,627.86865234375,75.6103515625
FRB20200105A,0,False,,0,927.258592254574,0.0003207261012031,3.2121838514175485,15.090853787664663,2.2053946650113443,-5.70804628601069,485.48583984375,399.9755859375
FRB20200106C,0,False,,0,757.8575769204871,0.000688299716094,1.243858796497188,4.456770767120187,-1.6942566857776418,-0.0732107130653906,400.20751953125,399.9755859375
FRB20200106E,0,False,,0,343.8416835205752,0.0004204537659154,0.8625710582271208,1.6208853154197091,0.5474325467631285,-2.0806989036514723,456.45751953125,399.9755859375
FRB20200106A,0,False,,0,540.0089202601927,0.0001578582513038,3.697802959936963,9.381010241187845,4.809281434537594,-9.248007914018974,519.03076171875,399.9755859375
FRB20200107B,0,False,,0,1168.219048315195,0.0131191538264725,0.2213882402191595,4.900347691332955,13.870648728425303,-169.50700109177308,416.90673828125,68.212890625
FRB20200107A,0,False,,0,127.98433802888736,0.000259069154739,2.2409114561266112,2.5386284842138864,2.87509454652373,-8.074786359716668,478.18603515625,399.9755859375
FRB20200109F,0,False,,0,497.72316898891,0.0007531596150401,1.0237728753630029,3.1183276984851647,7.591814418907768,-47.376966043194855,433.58154296875,140.3076171875
FRB20200109E,0,False,,0,1391.302186825479,0.0040518375875498,0.4510215956300441,7.586419905168926,43.35672236507553,-64.50507081170427,560.04638671875,212.8662109375
FRB20200109B,0,True,FRB20190224D,0,745.3420181813851,0.0006882909519047,0.8956879764069746,7.810931392129405,8.719136180314736,-13.698388564884596,550.15869140625,399.9755859375
FRB20200109A,0,False,,0,809.9501197834081,0.0059146208617146,0.2616086930562346,3.362807513103013,8.639432224414767,-8.961787102118556,648.05908203125,399.9755859375
FRB20200110B,0,False,,0,495.81439576640304,0.0008434348708446,0.0615492145710721,0.1437992599341446,4.6827807458906925,-5.490170190491351,613.02490234375,399.9755859375
FRB20200110A,0,False,,0,580.3134650114517,0.000347904062704,0.6632004695346919,1.0452243457933732,59.61590087702779,-53.38344506876143,699.47509765625,231.884765625
FRB20200111D,0,False,,0,532.4381598521884,0.0007347706436756,0.950211393875238,23.65293038645134,-1.7630569505173237,-4.572514704750779,400.20751953125,288.28125
FRB20200111A,0,False,,0,580.8612405624439,0.0001428814840492,0.4844126363005982,2.7679738433759917,-0.3710134383141911,-13.677794911058944,400.20751953125,194.9951171875
FRB20200112E,0,False,,0,913.5675139537516,0.0003276347771143,0.8160303927342167,2.51627389972112,48.0237374481163,-85.6848470487097,529.62646484375,174.3896484375
FRB20200112D,0,False,,0,863.2336047227273,0.0007971812619176,0.6043530670560177,3.625790660470901,28.32858725982016,-54.24468354602001,519.61669921875,215.6005859375
FRB20200112C,0,False,,0,776.4340243257302,0.0015370659452278,0.5090915881495174,2.6101191458536523,23.993226678414064,-50.20227353511826,508.21533203125,219.3115234375
FRB20200112A,0,True,FRB20190303A,0,221.3880694190283,0.0029783826342511,0.2743554853331177,1.131329435439394,58.69409211029683,-218.76484849689956,457.65380859375,94.04296875
FRB20200112B,0,False,,0,867.5414369840732,0.0013456586177985,1.715248651385752,6.142463240435478,-0.902823027949308,-4.100745933041496,400.20751953125,364.306640625
FRB20200113C,0,False,,0,1437.312596485911,0.0009116465885122,0.6336909932999255,2.4441576622193333,0.4377568161750523,-3.206897126354169,428.45458984375,399.9755859375
FRB20200113B,0,False,,0,374.3155704930744,0.0002481363711449,1.2192689259662612,2.1445029085449816,6.409744342294983,-27.2692759700774,450.10986328125,201.66015625
FRB20200113A,0,False,,0,632.9441092045323,0.000422049395453,0.533727625399558,1.3296999044450877,4.729035196513943,-14.174743318507256,472.83935546875,307.32421875
FRB20200114C,0,False,,0,1349.0224908462014,0.0009947450550233,1.1103612171224664,4.330747433229361,9.243307784496936,-12.91063187449666,572.44873046875,399.9755859375
FRB20200114B,0,False,,0,685.9482640556428,0.0005974481018765,0.3517892822630304,1.3693938224908824,24.73446090704684,-74.12078564702004,472.86376953125,163.7939453125
FRB20200114A,0,False,,0,695.4524501236747,0.0002556551048524,4.412580797446946,12.650581581351702,0.9271553019054024,-4.1649513749056775,447.30224609375,399.9755859375
FRB20200115D,0,False,,0,376.9750206898698,0.0005592518954836,0.4974986243390511,1.4439238939176655,-3.1477502027089463,0.2844152222606655,400.20751953125,399.9755859375
FRB20200115C,0,False,,0,769.1023577449423,7.44034792774798e-05,0.9262415884062384,8.176914176872005,-2.3307713130358074,2.392220154076278,400.20751953125,399.9755859375
FRB20200115B,0,False,,0,351.7912657814289,0.000449852670824,0.9488690812046348,2.0615851156836853,7.46326860598746,-7.316181145082689,666.46728515625,399.9755859375
FRB20200116D,0,False,,0,1104.5862758339608,0.0011841008342316,0.6252321009526646,1.6963145371250834,19.762122526571027,-137.4879227489422,430.01708984375,89.208984375
FRB20200116B,0,False,,0,327.6642479213678,0.000425983873581,4.74384403394366,60.50055559764,100.13879664473616,-91.34230699648572,692.37060546875,209.4482421875
FRB20200116B,1,False,,0,327.6642479213678,0.0003879226336402,4.74384403394366,60.50055559764,15.957254541286412,-19.0040214526324,608.97216796875,370.21484375
FRB20200116B,2,False,,0,327.6642479213678,0.0005433608354849,4.74384403394366,60.50055559764,17.464906705385136,-24.77727550857649,569.29931640625,352.4658203125
FRB20200116B,3,False,,0,327.6642479213678,0.0004462862876917,4.74384403394366,60.50055559764,286.9988911591269,-409.0416098321463,568.37158203125,85.3271484375
FRB20200116B,4,False,,0,327.6642479213678,0.000935899251587,4.74384403394366,60.50055559764,140.73881118002987,-179.69038155081842,592.02880859375,134.3017578125
FRB20200116B,5,False,,0,327.6642479213678,0.0007078609286327,4.74384403394366,60.50055559764,238.20066937345703,-391.1732548188126,542.63916015625,83.30078125
FRB20200116B,6,False,,0,327.6642479213678,0.0009985399300866,4.74384403394366,60.50055559764,128.8697037268167,-214.18206775981025,540.66162109375,112.3046875
FRB20200116B,7,False,,0,327.6642479213678,0.0005627266262985,4.74384403394366,60.50055559764,29.74640784717447,-61.06346132375283,510.55908203125,199.51171875
FRB20200116B,8,False,,0,327.6642479213678,0.000105730028478,4.74384403394366,60.50055559764,64.7165767919396,-452.3451086458245,429.87060546875,61.376953125
FRB20200116A,0,False,,0,367.2166396336525,0.0017310330477834,0.3431001264056394,2.600948666459281,-0.7750685819285613,-5.969372070430542,400.20751953125,300.0732421875
FRB20200116E,0,False,,0,170.94804180433312,0.000289561609384,3.3350402305874063,9.667143403633965,24.274026021949023,-105.97954921638669,448.74267578125,119.7998046875
FRB20200116E,1,False,,0,170.94804180433312,0.0004278950616425,3.3350402305874063,9.667143403633965,19.515089006543786,-60.17199479952696,470.64208984375,172.119140625
FRB20200117C,0,False,,0,893.9921322738155,0.0011876325175178,0.5578109882921596,2.231505629537931,48.67811107850495,-41.377184133241386,720.66650390625,230.95703125
FRB20200117B,0,False,,0,527.9607432054635,4.150241771129323e-05,1.4533534618553556,9.86820900746508,45.275984013215805,-71.4163653795391,549.45068359375,198.3642578125
FRB20200117B,1,False,,0,527.9607432054635,0.0024195768466312,1.4533534618553556,9.86820900746508,-0.8148854302376817,-7.89168005189239,400.20751953125,253.6865234375
FRB20200117A,0,False,,0,213.46061108572144,0.0002278574154249,0.5632093944625188,0.4754318083952857,31.242985983008,-145.27238164828077,445.61767578125,105.2001953125
FRB20200118F,0,False,,0,495.5826399037101,0.0002047491339833,0.4291444694509446,4.282898732206334,1.7216802873726298,-11.167518809840129,432.26318359375,280.46875
FRB20200118E,0,False,,0,955.3004247232049,0.0015947288857841,0.3869482583831984,2.0076182659939525,2.196721465944341,-1.4104992618859942,800.18310546875,399.9755859375
FRB20200118D,0,True,FRB20200118D,0,625.2319568314085,0.0008363164131821,0.1517038919241755,0.9493005802427888,28.835476107388683,-128.0646077361802,447.88818359375,111.9384765625
FRB20200118D,1,True,FRB20200118D,0,625.2319568314085,0.0023751553045546,0.1517038919241755,0.9493005802427888,3.899803691542536,-91.72967804041996,408.80126953125,78.759765625
FRB20200118C,0,False,,0,308.36968112881027,0.000199132797074,0.4522688750863105,0.671709203791888,16.906660247680637,-76.21258262555239,447.13134765625,131.8115234375
FRB20200118B,0,True,FRB20190226B,0,632.4502370822112,0.0008740877741933,0.6945507930532386,3.673977145044911,54.60431279524599,-80.02150490487391,562.92724609375,191.8701171875
FRB20200118A,0,False,,0,919.561971372242,0.000274576727862,0.8911889217070652,2.0148427901045256,2.526487395691884,-8.910775839721042,461.14501953125,366.455078125
FRB20200119D,0,False,,0,943.921540741025,0.0010324884887719,0.6902708574201567,2.952037366727932,8.96716919819437,-26.81359160321499,473.03466796875,233.88671875
FRB20200119C,0,False,,0,859.690624638282,0.0046095846287334,0.4028119120476272,7.3744488870922416,43.40396713214199,-39.97514514059893,688.73291015625,258.3984375
FRB20200119A,0,False,,0,248.0926863288982,0.0017943664053093,0.215217143014453,1.9685364933364544,-1.6955647922993764,-56.963609172904064,400.20751953125,82.12890625
FRB20200121A,0,True,FRB20181017A,0,1282.0746478512085,0.0046482113449793,0.5069148707808127,4.6141608968276735,65.47376041209742,-64.28579060221844,665.93017578125,249.0478515625
FRB20200122L,0,False,,0,400.04886114234966,0.0001875381691199,0.4661650161900597,1.1561922667457778,27.799641062153448,-26.971501178502425,670.00732421875,299.90234375
FRB20200122K,0,False,,0,630.8034681318235,0.0008273425491136,0.5048966604397339,2.203506204339202,5.586443741033105,-5.93516756180047,640.71044921875,399.9755859375
FRB20200122A,0,True,FRB20181030A,0,103.49742380352876,0.0018377869171384,0.5638737061126696,1.869213684810194,-1.2374517642935288,-21.52168656075758,400.20751953125,139.7705078125
FRB20200122A,1,True,FRB20181030A,0,103.49742380352876,0.0012265522068337,0.5638737061126696,1.869213684810194,-2.884200462072384,-9.113317450569385,400.20751953125,178.41796875
FRB20200122B,0,True,FRB20181030A,0,103.46673579247668,0.0001232951448569,0.7555477777510201,4.396034375437815,-1.519545263136655,-15.896730354473029,400.20751953125,159.66796875
FRB20200122B,1,True,FRB20181030A,0,103.46673579247668,4.796891634649812e-06,0.7555477777510201,4.396034375437815,-6.844388855909094,-21.112154594692523,400.20751953125,91.4306640625
FRB20200122C,0,True,FRB20181030A,0,103.46963173252097,0.0024789032225577,0.32096316829809,1.6391323191264824,-3.9376648149751134,-11.552741842740474,400.20751953125,144.0185546875
FRB20200122D,0,True,FRB20181030A,0,103.55692923813062,0.0010390163630661,0.2639561825110851,0.702659791109128,55.42690044134055,-231.85116026405063,451.01318359375,90.0146484375
FRB20200122E,0,True,FRB20181030A,0,103.36710535572976,0.0020971193456224,0.4181370023048634,0.8262697878243258,30.127778314642757,-115.86372241143958,455.74951171875,124.5361328125
FRB20200122F,0,True,FRB20181030A,0,103.53682191161684,0.0012508985774219,0.5556557300189248,1.5168002962058604,11.495140697037494,-28.878961026652068,488.31787109375,247.4365234375
FRB20200122G,0,True,FRB20181030A,0,103.55187313746391,0.0003256562145892,0.6704059849171496,2.0870268754825143,15.983936605895709,-39.50262795472171,489.92919921875,223.5107421875
FRB20200123A,0,False,,0,573.1823479293972,0.0004528925265237,0.6871399481998796,3.0647141253964345,3.47838261575948,-8.498344206483363,491.07666015625,399.9755859375
FRB20200124E,0,False,,0,649.6047351873427,0.0013673176003639,0.2839876075121225,0.3940912361762388,2414.776094657956,-2059.867044325877,719.17724609375,48.0712890625
FRB20200124D,0,False,,0,2691.2719288456947,0.0001316804197748,1.0929907514841846,8.792405840070497,68.85723998022576,-106.83363872189892,552.38037109375,162.744140625
FRB20200124A,0,True,FRB20190208A,0,579.9812547245538,0.0009843303879087,0.6414555453480736,4.9655635079763965,68.63970817519053,-94.45665632273251,575.52490234375,180.419921875
FRB20200124A,1,True,FRB20190208A,0,579.9812547245538,0.0016701467404869,0.6414555453480736,4.9655635079763965,29.987299505505597,-75.85791408908331,487.65869140625,170.751953125
FRB20200124A,2,True,FRB20190208A,0,579.9812547245538,0.0010272399580257,0.6414555453480736,4.9655635079763965,3.342585879426764,-82.93408142936195,408.33740234375,82.1533203125
FRB20200124B,0,True,FRB20190417A,0,1380.351501319488,0.0039414152948632,0.3657030454395926,1.9999148028162392,291.6621528729065,-260.7363076200133,700.13427734375,131.7626953125
FRB20200125E,0,False,,0,351.71981782861604,0.0007684911532,0.7556822640750772,1.5853758799718385,2.0090966460458413,-7.947803989936833,454.11376953125,377.685546875
FRB20200125D,0,False,,0,1266.5764576552954,0.0010377367732714,0.4263341480622585,2.8222640018808947,17.37415352894085,-101.72649837310064,435.87646484375,106.4208984375
FRB20200125C,0,False,,0,445.0553145575561,0.0054917045083682,0.3445257540148735,2.0507006494259614,297.4579577138063,-1347.121307485208,446.91162109375,36.9384765625
FRB20200125C,1,False,,0,445.0553145575561,0.0042653304885016,0.3445257540148735,2.0507006494259614,110.34896632494905,-1342.2990229586137,416.97998046875,34.3994140625
FRB20200125C,2,False,,0,445.0553145575561,0.0006405370169352,0.3445257540148735,2.0507006494259614,15.88229102432742,-164.1718500978923,420.03173828125,72.607421875
FRB20200125B,0,False,,0,512.4242588935364,0.0004246656091929,3.4836798470440518,8.17064315082019,6.6839711504644725,-6.018279966576326,697.32666015625,399.9755859375
FRB20200126D,0,False,,0,1045.123483173725,0.001640911473557,0.556015814546812,5.8952818630617205,2.2678942088029217,-8.695194479859438,455.94482421875,362.548828125
FRB20200126C,0,False,,0,343.40888212291185,0.0013746615595896,0.5020765382179491,3.3445362859047973,-7.610304670504434,-1.7951481104247342,400.20751953125,131.201171875
FRB20200126B,0,False,,0,1576.5945892581062,0.0007052882979483,0.5785073435152838,2.165081584997295,12.29148352432346,-13.157246728331264,638.46435546875,379.98046875
FRB20200126A,0,False,,0,569.8914634731947,0.0004724723905561,0.3789498181041163,1.0791745208394354,109.43734717711008,-100.30765536008404,690.53955078125,206.7138671875
FRB20200127C,0,False,,0,150.09873781271585,0.0002509774904762,0.852745574248187,1.775121089967471,0.4551759682274839,-9.68009560754188,409.70458984375,267.041015625
FRB20200127B,0,True,FRB20200127B,0,351.3353834132652,0.0003176925266092,3.7126828650490222,5.172433074280573,1.4657342402365678,-8.074933170158534,438.22021484375,347.265625
FRB20200127A,0,False,,0,1983.1674851392963,2.569833235372391e-06,0.755304863584676,12.241767987824378,3.6050719640941127,-9.44695622612175,484.33837890625,393.2861328125
FRB20200128B,0,False,,0,913.9558371687672,0.0003930848101269,3.911363857227016,9.856431921001464,2.9023539083334127,-4.469469126009173,553.69873046875,399.9755859375
FRB20200128C,0,False,,0,401.0074149450065,0.0010187555046108,0.5113593797639359,11.00027838566916,-0.4051687118452213,-3.055630460381243,400.20751953125,399.9755859375
FRB20200128A,0,False,,0,439.5758393046677,0.0013307996330099,1.810452293840929,7.1407374091045295,-2.1391558819370564,0.346313285668053,400.20751953125,399.9755859375
FRB20200129B,0,False,,0,1792.4185522660844,0.0003980320017876,0.5081865105428465,3.301278975591442,-1.5210921406095144,0.1114155089921935,400.20751953125,399.9755859375
FRB20200129A,0,False,,0,747.7751203978405,0.0007210048323993,1.150945819031864,3.732220345921109,7.747110639671138,-11.11626147696763,567.02880859375,399.9755859375
FRB20200130B,0,False,,0,904.3366094440636,3.0441878109311425e-06,0.6937162137459637,1.7681787448273494,-4.666411802628731,-6.440348804875415,400.20751953125,160.2783203125
FRB20200130A,0,False,,0,507.4465005268632,0.000401112481537,13.472256211588563,26.016781762032487,3.754452008049881,-7.008256893935979,523.13232421875,399.9755859375
FRB20200131A,0,False,,0,1359.2477150460309,0.0008939062139454,1.5354557224481995,3.903028241009324,1.5785327326137837,-9.162368270811031,436.19384765625,319.8974609375
FRB20200131B,0,False,,0,1272.553365243347,0.004824971202628,0.5108822265885877,3.025479581681943,30.381218859490705,-124.99626024037818,451.91650390625,117.3828125
FRB20200201A,0,False,,0,362.53668274358034,0.0002356272568461,0.702328022876395,0.8250997062549328,-0.9296766590485624,-1.101107751285322,400.20751953125,399.9755859375
FRB20200202A,0,True,FRB20200202A,0,722.6433101678543,0.0055940495884351,0.3009302890970878,8.48552338764907,97.00425694898522,-141.9147490633422,563.24462890625,143.8720703125
FRB20200202A,1,True,FRB20200202A,0,722.6433101678543,0.0055685000203897,0.3009302890970878,8.48552338764907,81.6141684773498,-147.65657737651642,527.60009765625,132.080078125
FRB20200202B,0,False,,0,402.95063697737015,0.0004894340492925,12.957826053529324,24.854869373982883,4.501575575558615,-10.15679986937899,499.47509765625,399.9755859375
FRB20200203A,0,True,FRB20180916B,0,349.7045160383876,0.0011358383433039,0.3686430122531871,1.24517895512944,181.71487399139468,-158.37819044771717,710.26611328125,170.5810546875
FRB20200203D,0,False,,0,180.00428508649716,0.0009549434653959,0.6044447246734644,1.946307756709109,18.76159643383026,-76.13720027881126,452.67333984375,138.427734375
FRB20200203C,0,False,,0,265.0758559020083,0.0006390158586232,0.4652467971643432,2.341333224735819,14.812675527741115,-15.288930690196723,649.62158203125,359.4970703125
FRB20200203E,0,False,,0,555.892135277765,0.0006223661411782,0.8132534597064738,2.1369634513460034,3.006691031025569,-8.25807845327122,480.09033203125,399.9755859375
FRB20200203B,0,False,,0,744.1776358831565,0.0005371413007222,1.6103542160468527,11.131669187550017,27.96688357083669,-55.46160005503477,514.95361328125,211.3037109375
FRB20200203H,0,False,,0,1187.2954744928388,0.0005495328360309,0.5925851322023742,1.3456712128222037,2.745280294673812,-5.287595836081359,518.81103515625,399.9755859375
FRB20200204A,0,False,,0,370.7198732860248,0.0001842043245919,0.5625821390258279,1.1855249034728894,29.117899039357592,-98.33603534245157,464.05029296875,140.576171875
FRB20200204B,0,True,FRB20180916B,0,349.42559823779806,0.0032626691902271,0.4824434402694124,5.629219316469749,9.298179856376768,-125.39471845572535,415.31982421875,75.3662109375
FRB20200204B,1,True,FRB20180916B,0,349.42559823779806,0.0033515412727433,0.4824434402694124,5.629219316469749,41.78169700705871,-600.2304730742342,414.36767578125,40.625
FRB20200204C,0,True,FRB20180916B,0,349.93423887040626,0.0010974404584113,5.787391756493182,18.653905884173177,102.33288927416584,-87.11400224654916,720.03173828125,188.18359375
FRB20200204D,0,True,FRB20180916B,0,349.6418125784353,0.001332529515597,0.540317264604377,2.449139734938249,132.84155981955757,-121.84096207713029,690.27099609375,190.380859375
FRB20200204E,0,True,FRB20180916B,0,348.742880212417,0.0003198448738866,0.6401578236506357,1.4884641036385122,269.38063742038594,-247.46552732334524,689.68505859375,133.2275390625
FRB20200204I,0,False,,0,805.6206930375612,0.0007385895942336,1.1279180645706488,13.846532367661815,2.712613890970672,-4.76900228062485,531.84814453125,399.9755859375
FRB20200204H,0,False,,0,301.8613957892032,0.0035144129040053,0.3041047848752192,1.154833545753257,9.039642309780584,-10.338367312660578,619.64111328125,399.9755859375
FRB20200204K,0,False,,0,411.313235079728,0.0025257229026489,0.5043586787145862,2.7291996899373427,5.723842170597817,-9.512751347921393,540.66162109375,399.9755859375
FRB20200204G,0,False,,0,456.3638925439291,0.0008251862193651,1.1304767170269068,3.741145525575501,2.9597668353150777,-11.276931800808857,456.31103515625,316.7724609375
FRB20200204F,0,False,,0,420.7662479239397,0.0005670420766713,5.937555321479794,15.369633319702643,-2.011888350991825,2.7229624871954194,400.20751953125,399.9755859375
FRB20200205D,0,False,,0,881.1811646183394,0.0002663945552073,1.881744961505608,4.642855707851121,0.6250029863196651,-2.743633220899538,448.47412109375,399.9755859375
FRB20200205B,0,False,,0,940.858204436931,0.0018825040377428,0.4231439145842546,1.8841361501310412,0.3243900511235549,-9.237016569956545,407.28759765625,270.80078125
FRB20200205A,0,False,,0,781.6742308059183,0.0013271907196736,0.3355716793658172,2.694157397361733,37.64636005933657,-162.58684741878042,449.30419921875,105.8837890625
FRB20200206B,0,False,,0,389.807286912879,0.0010550819067182,0.4482074096444906,3.560956186661958,-1.302878259202228,-10.37309038188752,400.20751953125,204.3212890625
FRB20200206A,0,False,,0,331.8505081267013,0.0005321679046301,3.777624304235503,10.438771085287252,3.722122631573984,-10.2710269935137,479.69970703125,369.970703125
FRB20200207A,0,False,,0,506.8372787082257,0.000539390914174,7.454684651839334,16.501999368327688,-0.0536711779190133,-3.7397034623270526,400.20751953125,399.9755859375
FRB20200207A,1,False,,0,506.8372787082257,0.000358623104509,7.454684651839334,16.501999368327688,0.7787887797468757,-6.043984808709304,426.81884765625,391.015625
FRB20200208A,0,False,,0,514.7672437958759,0.0011273139605379,0.7138241867373035,2.35374889431188,13.77233152685762,-82.39325618050371,435.07080078125,114.013671875
FRB20200210B,0,False,,0,1073.130795753934,0.0094598573630703,0.6459391930991142,8.08107831177872,36.004614236786026,-55.8087792693706,552.52685546875,225.9765625
FRB20200210B,1,False,,0,1073.130795753934,0.0011559706261518,0.6459391930991142,8.08107831177872,59.22153253896824,-149.94707821047618,487.56103515625,121.1181640625
FRB20200212A,0,False,,0,174.19727723625516,0.0008514317113837,6.069621450871107,13.428350495662572,-0.2776079416348299,-2.947425585372106,400.20751953125,399.9755859375
FRB20200213E,0,False,,0,580.5281730010778,0.0004694925988944,1.2142481271460746,2.1382759103053437,7.958762304661315,-12.98372461655014,543.71337890625,399.9755859375
FRB20200213D,0,False,,0,563.2049139606876,0.0003495718964065,1.3194170285522704,3.095231435995021,-1.9722640481745355,0.5039036469830971,400.20751953125,399.9755859375
FRB20200213C,0,True,FRB20190915D,0,488.78685745668,0.0029501119116912,0.2841756020869344,2.1792212329319165,49.88466646627366,-457.2828259334143,422.61962890625,53.4912109375
FRB20200213B,0,True,FRB20190915D,0,491.0228969920888,0.0126617791253247,0.2831338558134265,3.599715737985682,49.49459197021278,-130.16858472876754,483.99658203125,129.0771484375
FRB20200214C,0,False,,0,219.13867750449475,0.0009945137363831,0.2244754504246035,0.742052920919217,66.65054267813606,-63.22562427674932,677.91748046875,240.0146484375
FRB20200214B,0,True,FRB20190915D,0,489.1493130534353,0.0044684489288813,0.5746765543356013,11.685142536317883,24.90190009609678,-110.37582495432358,447.98583984375,117.3828125
FRB20200214A,0,True,FRB20190915D,0,488.149892286703,0.0068867712887446,0.352196692766816,13.87341724795668,48.05939204441663,-117.56567835535554,490.95458984375,137.841796875
FRB20200215B,0,False,,0,311.43086320458883,0.0034215236316702,0.2013752764226152,1.6144084105145384,28.01730911979021,-89.133031318031,468.29833984375,149.7314453125
FRB20200215A,0,True,FRB20191106C,0,331.10177338199463,0.0040918553252799,0.0807366281704666,1.5353711712473697,6.096125981576535,-198.06694959911647,406.40869140625,52.44140625
FRB20200216B,0,False,,0,1319.8747631212875,0.0011866475006493,0.7434890656662817,2.4906996080635566,4.000647226342392,-19.248799654287406,444.03076171875,227.2705078125
FRB20200217A,0,False,,0,266.2735430822556,0.0024696973649673,1.3597688580757372,48.38755026176344,1.3420360602469026,-5.294241435569804,454.28466796875,399.9755859375
FRB20200218D,0,False,,0,176.9193756818204,0.0002775650658229,0.532570587243805,1.1480055269053904,-5.709516619887886,1.072572393402483,400.20751953125,220.9228515625
FRB20200218C,0,False,,0,602.3536711255053,0.0008774271478767,1.155916079839092,10.563964457967897,14.766505670826568,-97.95808176374165,431.53076171875,102.8076171875
FRB20200218A,0,False,,0,823.1738709072472,0.0018223200800864,0.3618273247054173,1.5146164902430344,118.32265153648008,-223.77657244226276,521.30126953125,105.908203125
FRB20200219C,0,False,,0,400.3055169998841,0.0002459807447175,0.9331462078817422,2.4147437903369995,3.12717296459973,-5.603950833847584,528.99169921875,399.9755859375
FRB20200219B,0,True,FRB20200127B,0,351.2646390866775,0.0001819291502832,3.424668761819327,4.945715666186011,9.766803294851451,-17.42445937825848,529.65087890625,361.62109375
FRB20200220A,0,True,FRB20180916B,0,350.0312233531349,0.0038035023063979,0.2516536609035954,1.9847567767125305,30.046150031449827,-93.63549371830472,469.83642578125,147.9248046875
FRB20200220G,0,False,,0,313.3724112044169,0.0002432544619257,0.7067738525167686,1.4172370112660808,1.5290382007459489,-8.037123896353513,440.12451171875,351.46484375
FRB20200220F,0,False,,0,383.32888521380414,0.0004060350667661,0.4802459940778371,1.440501758194288,4.41163114598839,-19.20630022818846,448.88916015625,234.423828125
FRB20200220E,0,False,,0,1500.489853892274,0.0006514482014789,1.1112680729155204,2.914304929748333,2.692743028970153,-5.280742419106071,516.41845703125,399.9755859375
FRB20200221A,0,True,FRB20180916B,0,349.4186871380987,0.0028481299189875,0.5764045630410854,4.795559644447814,96.66348172575393,-328.9639162013535,463.53759765625,77.63671875
FRB20200221A,1,True,FRB20180916B,0,349.4186871380987,0.0029876762551072,0.5764045630410854,4.795559644447814,45.38277751141186,-639.2805741170307,414.66064453125,40.087890625
FRB20200221B,0,False,,0,549.9926661954646,0.0005140782785545,0.1874423201435676,0.3658867650859843,117.28833457726442,-92.3907868984881,754.99267578125,155.4443359375
FRB20200222E,0,False,,0,560.8823497854925,0.0005208798120886,1.456281844682719,2.1980270173596,3.609860535741781,-8.128642565749832,499.69482421875,399.9755859375
FRB20200222D,0,False,,0,188.03709274088283,0.0002331535635926,8.720540461717505,14.348315056273345,-3.6276021825407567,-2.8863251440558697,400.20751953125,236.0595703125
FRB20200222C,0,False,,0,491.0036134701471,0.0007138109623164,0.6716992611376564,1.7365665155978498,5.506542670386653,-16.43763694365565,473.15673828125,287.744140625
FRB20200222B,0,False,,0,236.47481099480515,0.0016537433804683,1.1084097292559272,6.598948904729343,0.8689333807673583,-4.119680095161901,444.71435546875,399.9755859375
FRB20200222A,0,False,,0,823.1061778343951,9.013103174164173e-05,0.4467341657048569,2.40757275055379,29.12228468906385,-288.36121696355644,420.91064453125,60.05859375
FRB20200223E,0,False,,0,235.9622815383757,0.0003034360293602,6.173952889247117,8.099658714437991,27.75592737493773,-63.3809765596264,498.15673828125,191.015625
FRB20200223D,0,False,,0,239.17567317069475,0.0003620183807963,6.985375056391162,14.04072558103696,7.975048913911178,-16.53909423608169,509.31396484375,339.4287109375
FRB20200223C,0,False,,0,1065.100035302581,0.0013402979082805,0.3758313468758303,7.443358612366494,22.35796772319453,-111.92905141193008,442.22412109375,110.205078125
FRB20200223B,0,True,FRB20200223B,0,201.70729051006657,0.0013405780544745,0.4081869557409495,1.488139485035918,464.7256959861965,-395.9866887999672,719.64111328125,109.8388671875
FRB20200223A,0,False,,0,361.3091360576199,0.0006450876330256,0.6579521725198922,1.3177587146928915,-1.051849797981642,-0.9335872193540844,400.20751953125,399.9755859375
FRB20200224A,0,True,FRB20180814A,0,188.21591345086145,0.0015791268083588,0.3397876141365571,2.0186964365853117,29.24494562644799,-279.08634617466834,421.71630859375,61.5966796875
FRB20200224D,0,False,,0,447.25131265405673,0.0001746788398574,0.2331474979995254,0.6496589062771346,27.713172749020607,-243.6057878736064,423.62060546875,66.650390625
FRB20200225B,0,False,,0,1469.6419624667274,0.0037118419010204,0.1429806297923029,4.863456155699749,16.008787269781863,-16.926985360504254,642.15087890625,356.0791015625
FRB20200225A,0,False,,0,482.5708054914736,0.000555911368054,1.5427801826136425,26.189050564753074,37.15758493135736,-39.940237928776405,637.21923828125,298.974609375
FRB20200225A,1,False,,0,482.5708054914736,0.002606769607083,1.5427801826136425,26.189050564753074,1.099716483789594,-5.273010343416232,444.17724609375,399.9755859375
FRB20200227C,0,False,,0,216.5462401119384,0.0003678279842521,0.5814452524985642,3.983625555908517,28.951664574318563,-30.47490859867366,643.51806640625,311.3037109375
FRB20200227A,0,False,,0,613.817823548955,0.0003749215067233,1.2062028474613395,1.7364502623750255,28.398593321918742,-28.74528963611886,655.84716796875,305.9814453125
FRB20200229D,0,False,,0,790.0077044224026,0.0012488614835565,0.3695845859723656,5.460315809964781,9.930460779333004,-81.98726475605466,425.18310546875,102.5390625
FRB20200229C,0,False,,0,1753.2789043008067,0.0006788208244273,0.4156580599708884,3.758367755880801,-4.874767920851758,4.509818686263898,400.20751953125,399.9755859375
FRB20200229B,0,False,,0,824.4300318138778,0.0003947760244396,1.2089423301833446,2.8779851469098565,8.711535656840814,-13.6807360379125,550.23193359375,399.9755859375
FRB20200229A,0,False,,0,709.3104042541025,0.0002618885498795,0.3754105427001675,2.506355289439352,15.429785047861523,-60.07941925572693,455.04150390625,153.1982421875
FRB20200301A,0,False,,0,1280.345214849226,0.001207034612732,0.6046747240598931,5.27110460342981,7.095589615174805,-12.221701465292698,534.97314453125,399.9755859375
FRB20200302A,0,True,FRB20180814A,0,192.7303462574909,0.0074898092798088,0.4085866154214285,2.9640195581457367,17.924747080485922,-67.22588144587543,457.26318359375,150.0244140625
FRB20200302A,1,True,FRB20180814A,0,192.7303462574909,0.0016065977542616,0.4085866154214285,2.9640195581457367,1198.5476131954442,-2558.872467468809,505.79833984375,30.3466796875
FRB20200302E,0,False,,0,670.5101366675469,0.0024318546950378,0.7487545471624452,7.408035335677114,1.5838489360810646,-8.389061719828948,439.80712890625,342.4560546875
FRB20200302F,0,False,,0,1712.3690073812793,0.0010887100986909,0.3975037938735238,5.82933482639363,-1.1447007970180465,-9.495614485861545,400.20751953125,218.5791015625
FRB20200302G,0,False,,0,928.8609345574212,0.0054545012421578,0.4528285161119648,4.815711979397318,7.448058778579446,-16.142717987635283,504.04052734375,335.107421875
FRB20200302C,0,False,,0,379.97323512011087,0.0004672458196468,1.183184142319741,3.741930079114458,20.88157356156481,-84.94437161173252,452.52685546875,133.30078125
FRB20200302C,1,False,,0,379.97323512011087,0.0012966219369255,1.183184142319741,3.741930079114458,12.646967344540643,-51.16464145361869,452.84423828125,159.6435546875
FRB20200302B,0,False,,0,312.6241136704771,0.0002700651518607,0.6406650781269267,3.0025441720435984,12.453823032787332,-252.43123955587387,410.19287109375,51.07421875
FRB20200302B,1,False,,0,312.6241136704771,0.0009861363261042,0.6406650781269267,3.0025441720435984,8.37659017222015,-184.46789536870065,409.38720703125,57.568359375
FRB20200302H,0,False,,0,574.906213977261,0.0001998575501867,0.584229956652325,0.9829042418087084,2.962268002944211,-6.6642592843759125,499.79248046875,399.9755859375
FRB20200304B,0,False,,0,410.36292135611166,0.0006886075096072,0.7692075334244073,3.2431574689035685,14.036929507452989,-106.19222472711908,427.52685546875,95.1416015625
FRB20200304A,0,False,,0,514.2083280808272,0.0023119274036333,0.7883989601762575,7.354268522704048,4.126448991769999,-7.262528080308288,531.67724609375,399.9755859375
FRB20200305B,0,False,,0,709.853180712448,0.00030510143973,13.491792978953928,27.557522623179374,19.66360950945209,-42.877772260587925,503.33251953125,234.375
FRB20200305A,0,True,FRB20191113C,0,618.4079972168296,0.0022044429233487,0.439597202270884,2.3926658225924315,86.64360289252488,-70.24234630659082,741.51611328125,181.4453125
FRB20200306A,0,False,,0,266.4740515825896,0.0001875470670654,1.0852324243113785,2.450763441873405,96.06775208995649,-88.78782887346344,687.41455078125,214.990234375
FRB20200306B,0,False,,0,391.4594912107052,0.0030113699253459,0.6409459572028644,34.080052191625626,9.367955103118724,-131.29904236230837,414.73388671875,73.2421875
FRB20200306C,0,False,,0,337.2226296924206,0.0004589837509896,3.867465048194465,10.200863937798966,-3.831392607871277,1.9045273453029756,400.20751953125,399.9755859375
FRB20200307C,0,False,,0,402.3000046292869,0.0006104618067297,3.143635849994631,7.7651087339603535,11.533437278296969,-11.983035347147643,647.54638671875,382.4462890625
FRB20200308D,0,False,,0,166.90183270602165,3.639265792874616e-05,1.109593901511012,3.796634744028865,6.600808225874596,-39.73817130107346,434.85107421875,152.978515625
FRB20200308C,0,False,,0,287.69576396310333,0.0001158771505212,3.034592728707107,3.3195989672957795,6.403095505387574,-22.31329434589432,461.95068359375,236.71875
FRB20200308B,0,True,FRB20200308B,0,217.8395056698175,0.0025950400635431,0.8291589950438605,5.18335959736772,5.365190282566394,-9.612716872318204,529.01611328125,399.9755859375
FRB20200308A,0,False,,0,437.2759718017532,0.0001675989223289,1.0756497059277543,4.777139242798124,-4.454383082678502,0.9329288672267916,400.20751953125,321.6064453125
FRB20200310A,0,False,,0,520.9900841524358,0.0009418389998793,0.7846426585205,2.9509339906357366,3.447486469660677,-7.402388943898637,505.13916015625,399.9755859375
FRB20200311E,0,False,,0,335.3374457818222,0.0040182956934832,0.7179721579377717,16.995094730033486,17.625062808404902,-70.24528678374662,453.67431640625,143.505859375
FRB20200311B,0,False,,0,316.4098408973824,0.000512216284227,1.0161060525681782,5.429306371080402,27.002275152453347,-65.47466248717686,491.83349609375,185.5224609375
FRB20200311A,0,False,,0,821.5984843847589,0.0002775431499351,1.1953253128875871,5.323002792646902,2.152269066036164,-6.229070780637304,475.67138671875,399.9755859375
FRB20200312A,0,True,FRB20190915D,0,488.5963000286132,0.0030021881365616,0.3464198095525037,2.8264405197770173,44.08040960477043,-98.73839007307028,500.28076171875,153.3447265625
FRB20200313C,0,True,FRB20190915D,0,489.04752374344736,0.0062005712990158,0.4740366798670498,12.491762365680378,49.24426630759081,-67.91375021916058,575.08544921875,212.939453125
FRB20200313C,1,True,FRB20190915D,0,489.04752374344736,0.0042405366940165,0.4740366798670498,12.491762365680378,35.25507531186967,-70.6823611794045,513.53759765625,186.376953125
FRB20200313A,0,False,,0,224.4355279203277,0.0007915788944853,0.9045971734523216,7.08538236697478,16.386382865826924,-18.144695859699745,628.60107421875,359.9609375
FRB20200314H,0,False,,0,1127.9112346120503,0.0023396919951985,0.3100793428411942,1.0526350723973326,19.77151084664932,-103.59455150027364,440.27099609375,110.83984375
FRB20200314F,0,False,,0,732.3948584891266,0.0003366404816691,1.1091612918090596,2.738444946875734,-0.0991460779435837,-4.391468426011618,400.20751953125,399.9755859375
FRB20200314E,0,False,,0,963.0968286874996,0.0004459464968446,1.3197935364820064,3.8093456604837534,22.07624477470087,-82.62674142967546,457.38525390625,140.283203125
FRB20200314D,0,False,,0,642.676483436212,0.0003100945703012,0.7963053283149164,5.96509324248728,10.179894217360845,-10.892845560733512,638.56201171875,396.9482421875
FRB20200314A,0,True,FRB20190208A,0,579.9125907031827,0.0007411483524588,1.2532954744350833,13.542395188321212,110.27594681804078,-134.46192692057895,603.06396484375,158.2763671875
FRB20200314A,1,True,FRB20190208A,0,579.9125907031827,0.000977331219889,1.2532954744350833,13.542395188321212,87.76985995342442,-123.11945727688514,571.56982421875,156.8115234375
FRB20200314A,2,True,FRB20190208A,0,579.9125907031827,0.0008214032912355,1.2532954744350833,13.542395188321212,45.63736510056021,-85.174880353075,523.13232421875,172.7783203125
FRB20200314A,3,True,FRB20190208A,0,579.9125907031827,0.0017067130622365,1.2532954744350833,13.542395188321212,15.245568345337189,-81.97347295579046,439.19677734375,119.1162109375
FRB20200314B,0,False,,0,572.1053614576043,0.0004559329967663,0.9391519513722124,2.5132463689372497,6.374110246226789,-8.920548020504873,572.05810546875,399.9755859375
FRB20200315D,0,False,,0,2579.256512091713,0.0006672627199438,1.6519064771143792,6.0083424083164445,31.11764098980576,-28.46419140303879,691.29638671875,280.0048828125
FRB20200315A,0,False,,0,440.4798543608485,0.00072958266479,3.3080998472375462,43.18469129024359,0.4210065739945189,-12.097743883509088,407.21435546875,229.7119140625
FRB20200315A,1,False,,0,440.4798543608485,0.0012249712675036,3.3080998472375462,43.18469129024359,0.2094108945225411,-4.599513962945389,409.41162109375,399.9755859375
FRB20200316C,0,False,,0,425.1326780666235,0.0005269033867085,0.766316739385493,1.6676701745006064,27.022605224627373,-63.17663079932846,495.61767578125,190.3564453125
FRB20200316B,0,False,,0,280.1391063172496,0.0007437455168971,0.4842311165891012,3.4761371019241807,1.1092179324519542,-12.677405603900793,418.10302734375,240.0390625
FRB20200316A,0,False,,0,1546.7030589182489,0.0012524706132032,0.4197238496110416,2.191399044381629,26.44037893220774,-30.731791124186195,615.31982421875,332.2021484375
FRB20200317G,0,False,,0,756.032246502251,0.0005786503940856,0.5278144539327861,1.1810878592714185,18.152235189533226,-51.00337532357806,478.13720703125,191.11328125
FRB20200317F,0,False,,0,702.8191847139462,0.0001894608260341,2.05239363113517,8.716093778906734,1.5667157942953989,-9.479665299193956,434.68017578125,311.328125
FRB20200317H,0,False,,0,1137.6472835233806,0.000812532998987,0.3531086722354466,0.9791746370666076,-0.3020903594808509,-2.487393408849176,400.20751953125,399.9755859375
FRB20200317E,0,False,,0,1029.7062270186193,0.0012435182547519,0.4393638262127394,1.6100336267091082,49.22501364235208,-46.17473873455639,681.97021484375,254.6875
FRB20200317D,0,True,FRB20191106C,0,332.69537955561265,0.0048656803810304,0.1477182660034793,2.588800671363895,27.605276713919075,-33.77031236976822,602.25830078125,318.0908203125
FRB20200317C,0,False,,0,281.45873957562384,0.0012251918030615,1.3684733825438171,5.038070377571317,4.251918448070487,-77.74612719507513,411.29150390625,88.3056640625
FRB20200317C,1,False,,0,281.45873957562384,0.000805775253064,1.3684733825438171,5.038070377571317,0.344687450739744,-40.53508125326647,401.89208984375,109.8388671875
FRB20200317B,0,False,,0,216.49139529904275,0.0003285249851447,20.482778455897677,51.11815264396422,3.7420709233781153,-9.026302740047546,492.37060546875,399.9755859375
FRB20200317A,0,False,,0,697.2463269430341,0.0008702270244436,0.6757591690827609,3.525106132990249,12.303385290583767,-105.86492209753736,424.13330078125,91.30859375
FRB20200318B,0,False,,0,269.096526869474,0.0006167185125365,5.081209091953148,24.94323652787076,31.67105676787112,-49.55055155440295,550.89111328125,239.3310546875
FRB20200318B,1,False,,0,269.096526869474,0.0005970559513873,5.081209091953148,24.94323652787076,34.09537273978819,-55.64903861355016,543.64013671875,222.6806640625
FRB20200318B,2,False,,0,269.096526869474,0.0008267811704124,5.081209091953148,24.94323652787076,48.391461557465625,-103.7226534475666,505.33447265625,151.123046875
FRB20200318B,3,False,,0,269.096526869474,0.004250987770047,5.081209091953148,24.94323652787076,110.95324139035624,-147.39732576230895,583.09326171875,146.1181640625
FRB20200318A,0,False,,0,531.9705730399533,0.0004120553290359,0.9477430330937552,2.0482269828757715,47.59249739493855,-81.23122088756459,536.41357421875,181.4453125
FRB20200319B,0,False,,0,712.855504065154,0.0003954378220465,1.160402346969973,4.11595082771762,1.6534718660875096,-3.6495832878844174,501.94091796875,399.9755859375
FRB20200319A,0,False,,0,607.5396202276931,0.0002214455381988,1.2455067860855542,2.527586935307335,8.234639499392774,-14.691723229837708,529.65087890625,386.669921875
FRB20200320E,0,False,,0,657.4796417889946,0.0005953366859188,1.4009840597125198,3.3005662148180863,4.148184155346139,-12.136385992681246,474.76806640625,333.7158203125
FRB20200320D,0,False,,0,584.1373566226235,0.000596736562397,0.5472767727262986,0.8011745176603489,12.83675526786192,-62.62120800210872,443.39599609375,136.8896484375
FRB20200320C,0,False,,0,235.18039642642216,0.0017387246050135,0.5404526893261462,7.428647899049259,17.72875017346459,-51.291139912256135,475.69580078125,187.744140625
FRB20200320B,0,False,,0,588.6678632735892,0.0004629313444554,2.109692684393953,6.653079879789888,4.812882436570929,-12.339655296189784,486.36474609375,348.92578125
FRB20200320A,0,False,,0,594.7094057369861,0.0008398108352476,18.96220935027653,123.04368550987284,2.248986579100169,-8.408955436584112,457.45849609375,371.7529296875
FRB20200321G,0,True,FRB20190113A,0,426.4523581351174,0.0030681044047873,1.7673510444875726,6.898739249897624,52.68766004379627,-89.97922118521795,536.31591796875,172.2900390625
FRB20200321F,0,False,,0,1133.9151701669132,0.0014592079176762,0.2801291316820129,0.5061942620296316,3.569576104197941,-20.319743508608543,436.92626953125,211.5966796875
FRB20200321E,0,False,,0,801.7755277369434,0.0024477103715332,0.5224258701738089,2.44172635556778,3490.607089366007,-4310.77976541361,599.93896484375,27.7099609375
FRB20200321E,1,False,,0,801.7755277369434,0.0016814342959436,0.5224258701738089,2.44172635556778,140.48229813773318,-149.30067781266624,640.61279296875,159.4970703125
FRB20200321D,0,False,,0,387.44378105224246,0.0010005360058457,1.005109345463126,7.751395433129387,10.707820452152156,-67.46692457340032,433.23974609375,120.947265625
FRB20200321C,0,False,,0,982.0864218940976,0.0004153084607318,0.8701148571972552,2.4394304154825712,75.47301836968691,-86.30172679422658,619.68994140625,203.3203125
FRB20200321B,0,False,,0,1642.784177805014,0.0040476922526173,0.3937492284599806,3.449502027487536,8.27398404447274,-10.559032864833084,592.15087890625,399.9755859375
FRB20200322C,0,False,,0,662.8446096414795,0.0001148363957078,0.6593972665941615,1.9104240180176464,-4.664018287924947,2.4008751088102755,400.20751953125,399.9755859375
FRB20200323G,0,False,,0,627.8712458703496,0.0006745407245818,0.6892713448949369,4.606265512104432,-3.4564628085956466,1.461937991623523,400.20751953125,399.9755859375
FRB20200323F,0,False,,0,389.1126820108065,0.001038804991764,1.2503395543477018,3.836874951771402,33.44416216734441,-78.88529632779036,494.68994140625,169.8486328125
FRB20200324H,0,False,,0,1188.971050950348,0.0009211834603396,0.7803587632918638,3.160595301306151,1.786231302415153,-7.423516818246522,451.35498046875,387.548828125
FRB20200324G,0,False,,0,1250.2573868996242,0.0013480418372341,0.9045577094387608,3.2894039668754944,0.4297195716954337,-8.44553313225692,410.51025390625,291.748046875
FRB20200324F,0,False,,0,539.2563836600436,0.0005483967817532,0.5610880347365157,5.276039624320946,7.067357620247622,-56.16539117946059,426.18408203125,121.6064453125
FRB20200324E,0,False,,0,436.4379864148202,0.0006230075578751,0.551390955771911,1.462435050880343,19.779631219391877,-152.31378279549554,427.03857421875,82.6904296875
FRB20200324A,0,True,FRB20180916B,0,349.4719272205817,0.0028459652533626,0.5013266368795357,3.3425868608118674,23.63582304347226,-169.09799389916472,429.16259765625,82.0556640625
FRB20200325A,0,False,,0,738.6486927681432,0.0012476904823273,0.526177281293731,1.64279146614604,-0.1929217753557578,-6.418949994053996,400.20751953125,317.48046875
FRB20200327G,0,False,,0,479.1385263781469,0.0007691645808491,0.5758663638651784,1.6599126115798692,-3.4403302452465065,0.0624711053948367,400.20751953125,387.8662109375
FRB20200327F,0,False,,0,628.09199740897,0.0005088100871148,0.6982483706638857,2.517914119017209,1.9801746923242551,-20.357757188617327,420.12939453125,187.890625
FRB20200327E,0,False,,0,208.1572355783407,0.0006863417008852,2.8353985864867126,5.668380320493307,-3.160068181173864,-2.5394220509160528,400.20751953125,269.7509765625
FRB20200327D,0,False,,0,739.9019168786004,0.0005866999804423,5.0573510483571225,11.495648972442682,7.539939499622139,-8.936557432275345,610.21728515625,399.9755859375
FRB20200327C,0,False,,0,1007.7075183325788,0.0048978264391123,0.3710668489128456,3.1160307112702257,12.708700200228844,-73.88376943130498,436.14501953125,120.1171875
FRB20200327B,0,False,,0,513.7070272235218,0.0002933614499489,7.067040416213359,13.36789897191828,4.986818118691036,-6.332839435561897,593.29833984375,399.9755859375
FRB20200327A,0,False,,0,526.4405439213111,0.0007013679688953,0.8865642574225766,5.208676055073526,3.038981870626354,-6.736603386465035,501.45263671875,399.9755859375
FRB20200328C,0,False,,0,334.27648281812327,0.0003658642150211,6.7074160641080764,13.399638420421,0.0346648094646031,-1.6177723778696835,404.50439453125,399.9755859375
FRB20200328A,0,False,,0,899.9405320497567,0.0005146919967492,3.1900867248341336,7.574427833637494,2.466762551018109,-6.22836382104161,487.82958984375,399.9755859375
FRB20200329A,0,False,,0,183.4410073758533,0.0003700783869346,2.026479484167937,4.85456979934595,41.5914944259596,-85.75645230501752,510.02197265625,167.87109375
FRB20200330B,0,False,,0,694.4095402099032,0.0003993266480606,0.9810831925138108,2.3017089961420654,1.9694548506722307,-8.172200966972245,451.45263671875,367.3828125
FRB20200401B,0,False,,0,659.8021273878244,0.0003232829068179,8.011889463576003,42.75582830387541,0.1712597411381305,-7.137505823234026,405.01708984375,314.5263671875
FRB20200401A,0,False,,0,1149.479313587541,0.00270227047397,0.6517126955999497,6.976231972703952,1.5824879017742894,-11.22428433253944,429.43115234375,275.2197265625
FRB20200401A,1,False,,0,1149.479313587541,0.001456974169121,0.6517126955999497,6.976231972703952,10.313146782582413,-31.816258904636616,470.61767578125,215.6494140625
FRB20200402A,0,True,FRB20190905A,0,231.51108356349675,0.0006955611689812,7.788560839568848,19.128594594694608,15.22304624401879,-47.67532455867301,469.47021484375,184.6435546875
FRB20200405B,0,False,,0,401.8121224019638,0.0010113116161744,2.3461866842351307,10.889171510411762,0.111463136081053,-1.2295189696905036,418.76220703125,399.9755859375
FRB20200412D,0,False,,0,350.953599467676,0.0002808659729353,1.1055472109468452,2.081640461841547,-3.2927746026615465,-1.818922184252053,400.20751953125,285.7666015625
FRB20200412C,0,False,,0,380.6854027025916,0.0003956045426415,1.2627594810839258,4.829046198982455,28.635983605548784,-71.6583931679703,488.70849609375,176.123046875
FRB20200412B,0,False,,0,419.17093433290086,0.0002094179400598,2.8604600887997664,9.158687393694525,-0.8779361723691509,-4.956866953728898,400.20751953125,328.0517578125
FRB20200412A,0,False,,0,839.3852849009124,0.0010564625531535,0.4582593729570836,1.737864678475058,37.16307404865086,-77.04640631545328,509.33837890625,176.953125
FRB20200415B,0,False,,0,254.49588946362056,0.0005763803176775,1.7163217754982485,2.829279890534006,-1.9117552245248672,-0.5586663865308175,400.20751953125,399.9755859375
FRB20200415A,0,False,,0,724.4110030406964,0.0010531162702228,0.1514723600437149,0.2612269830880225,9.597178058218418,-94.65291753774274,421.00830078125,91.845703125
FRB20200416D,0,False,,0,602.6255835779431,0.0003963886520752,0.7706133070684341,6.531531604565695,97.19026398720456,-90.85218767853884,683.23974609375,217.5048828125
FRB20200416C,0,False,,0,386.7769486062874,0.0004183919183877,1.5073490372111236,2.7266405505587965,-0.7243520033811213,-4.664214096813724,400.20751953125,350.634765625
FRB20200416B,0,False,,0,581.1205041529952,0.0002547155875528,4.062711987414821,6.799304931563731,8.022427681119254,-11.334475965126511,570.12939453125,399.9755859375
FRB20200416A,0,False,,0,538.5586461275955,0.0011620365876396,0.9828146823991324,9.31354990912177,34.97123259695726,-64.02988624721284,525.86669921875,200.6103515625
FRB20200417C,0,False,,0,554.1746615737642,0.0003093575466137,1.0571809489241633,2.0493965046007068,29.286954325675257,-89.21806080653167,471.56982421875,152.1484375
FRB20200417B,0,False,,0,850.3304263330817,0.0005285394768566,1.1116063957766182,2.789139871234704,1.648398247344954,-5.8329908762557245,460.92529296875,399.9755859375
FRB20200418B,0,False,,0,1422.1717171345715,0.0003792568083432,1.2279885873139298,3.287803601753261,6.428724653363429,-9.743791234869152,556.60400390625,399.9755859375
FRB20200418A,0,True,FRB20191114A,0,554.2457038209499,0.0032750241085345,0.8673725974083214,6.711068212131533,142.03409455923423,-255.52214443938092,528.40576171875,100.439453125
FRB20200419C,0,False,,0,345.244217212079,0.0008666889130201,1.3065106346999609,16.37808395757614,15.399569631805134,-79.56085763911501,440.85693359375,122.3876953125
FRB20200420C,0,False,,0,449.4489102965189,0.0010951370472929,0.5586977773254553,1.7847336007912886,-2.8530431222583115,0.1663272515699017,400.20751953125,399.9755859375
FRB20200420B,0,False,,0,352.5420999555786,0.0012114353570399,1.7356439372663424,8.481694126284633,-1.5953359156297957,2.645936864281065,800.18310546875,399.9755859375
FRB20200420A,0,True,FRB20200420A,0,672.3216993039193,0.000630976362876,0.4742881081908309,1.6720517834121371,145.28932581297045,-284.70387513871333,516.51611328125,92.9931640625
FRB20200420A,1,True,FRB20200420A,0,672.3216993039193,0.0014023919304379,0.4742881081908309,1.6720517834121371,73.6395063189269,-172.06524785062595,495.69091796875,114.9169921875
FRB20200420A,2,True,FRB20200420A,0,672.3216993039193,0.0003521562639904,0.4742881081908309,1.6720517834121371,29.945996480354644,-144.08963315798485,444.03076171875,103.6376953125
FRB20200421C,0,False,,0,1017.2237209100472,0.0006922301597076,1.1030745305895249,3.1409312882908837,-3.5277997891890966,-1.7167160257995913,400.20751953125,273.4375
FRB20200421B,0,False,,0,939.6905222407164,0.0005708602113956,0.345617948220355,5.70534836767135,-0.9841148682508132,-2.4114450472995936,400.20751953125,399.9755859375
FRB20200421A,0,False,,0,264.5608958479502,0.0006133052536166,1.9151887808358623,3.737848691280985,3.8652189609077103,-13.722234949437771,460.72998046875,293.75
FRB20200422D,0,False,,0,568.165582743545,0.0001817151113159,0.3529659023108512,0.9985894141460931,12.681239759227788,-79.1987126514825,433.55712890625,113.9404296875
FRB20200422C,0,False,,0,453.65240823462506,0.000179314744139,0.3795892012330145,0.8574350407106861,38.49084872663702,-69.87257908715831,527.08740234375,192.4072265625
FRB20200422B,0,False,,0,525.7126272947818,0.0015385497834929,0.2241409335521714,0.4105289578493782,20.744373667130706,-122.25026383836492,435.63232421875,99.4873046875
FRB20200422A,0,True,FRB20190208A,0,579.8640902871838,0.0010519832912737,0.522924131770894,2.1346805414720187,130.60969596326078,-122.56244501149578,681.82373046875,187.451171875
FRB20200423E,0,False,,0,663.0212660757479,0.0020374213117617,0.3153799350713818,0.7567180910981968,-7.898182298621391,7.309871304610487,400.20751953125,399.9755859375
FRB20200423D,0,False,,0,663.6859333758196,0.0006764578150937,1.8661810953366889,5.565586689578529,8.813267892339706,-5.808817953565689,800.18310546875,346.4111328125
FRB20200423C,0,False,,0,1002.897032642421,0.0071198070437607,0.430470906288882,3.9512393531447874,2.1776687227737885,-6.594420586228726,472.03369140625,399.9755859375
FRB20200423B,0,True,FRB20180916B,0,348.7878877140753,0.0003484352244813,1.3413898627651275,2.187789788048,70.01553910572962,-100.72639103286042,566.51611328125,171.9482421875
FRB20200424A,0,True,FRB20180916B,0,349.3386383250874,0.0008247641653004,0.9193261973128694,1.812288165425609,130.50810585970015,-151.18782596419442,616.19873046875,152.44140625
FRB20200427C,0,False,,0,551.0463960940269,0.0009577429239814,1.1704178814663897,6.787294202350444,0.0626026597023157,-51.20639834212224,400.45166015625,94.7998046875
FRB20200427B,0,False,,0,576.3788131189765,0.0009245799224943,0.3555288691768261,1.4533685769416378,17.512599759392458,-62.14482219049456,460.75439453125,158.3251953125
FRB20200427A,0,False,,0,308.99572735826854,0.0006161536025851,4.661316961027079,14.46217102913409,56.101152019575736,-95.79568043013684,536.34033203125,166.9677734375
FRB20200427A,1,False,,0,308.99572735826854,0.0016821355462148,4.661316961027079,14.46217102913409,1789.4812253693312,-1112.5686651666797,800.18310546875,7.1044921875
FRB20200428E,0,False,,0,470.49767584089176,4.293526823329016e-05,0.4803813275782727,2.098599996308602,14.53589157292927,-70.68941635617088,443.54248046875,131.0302734375
FRB20200428C,0,False,,0,1149.960287435321,0.0004629307373969,0.3483598306257082,0.8711859308343342,6.835883968815652,-8.752181793508623,591.39404296875,399.9755859375
FRB20200428B,0,False,,0,654.2190108668506,0.0009683835470476,0.3843578841520785,1.2848236673897535,0.6917616118830281,-4.423891160420069,432.75146484375,399.9755859375
FRB20200428A,0,False,,0,1192.1026032593202,0.0011695063597807,0.3571995036342748,1.217662905289522,-1.034978789741597,-1.4831924856773293,400.20751953125,399.9755859375
FRB20200429D,0,False,,0,765.0075538238962,0.0002591411888762,1.4813351998832518,3.17859189567957,76.76603781796308,-77.94007251665279,654.87060546875,226.1962890625
FRB20200429C,0,False,,0,846.5814717220552,0.0013136964278564,0.772900086939361,5.208889465849079,12.16615920134887,-13.794023171870064,622.00927734375,386.7919921875
FRB20200429C,1,False,,0,846.5814717220552,0.0006160228900278,0.772900086939361,5.208889465849079,-0.2056760613336087,-2.55404860216484,400.20751953125,399.9755859375
FRB20200429B,0,False,,0,678.375002879858,0.0006405424243548,2.673916279354323,7.562495041079641,4.168763363155677,-0.5677660987933562,800.18310546875,368.408203125
FRB20200429A,0,False,,0,268.5442374691272,0.0009540080523492,0.5138924789866629,1.8374066004513976,-5.892594237929125,9.733529697102403,800.18310546875,399.9755859375
FRB20200430D,0,False,,0,845.5029313229572,0.0055157954738364,0.3164282137018065,2.613647563894329,44.29823319753529,-72.00578142794643,544.32373046875,195.6787109375
FRB20200430C,0,False,,0,503.5229019801748,0.0010009463371252,0.3031516525402072,1.5286994336569844,20.80176343987445,-26.386378061161015,593.54248046875,355.76171875
FRB20200430C,1,False,,0,503.5229019801748,0.0007622528545323,0.3031516525402072,1.5286994336569844,-7.754504161908643,11.08082670893312,400.20751953125,399.9755859375
FRB20200430B,0,False,,0,798.1435617941459,0.0019521971286384,1.706962933175941,33.33810175892731,-0.284673482054592,-3.794108127212143,400.20751953125,399.9755859375
FRB20200501C,0,False,,0,187.48907599141884,0.0018227348619948,0.3790860799934187,2.2368017933628703,0.8615798311713212,-10.27946790835823,417.32177734375,269.7021484375
FRB20200501B,0,False,,0,1120.9750048930875,0.0024542499476017,0.5175386365212827,3.883600200360506,72.45099740175966,-59.1979257340122,737.95166015625,194.287109375
FRB20200501A,0,False,,0,469.0686033226317,0.0011425567487485,0.4257700371785776,4.667510610781312,-6.464869039232643,-5.742187943910183,400.20751953125,131.6162109375
FRB20200502A,0,False,,0,412.0597122034811,0.0004597469517493,1.607292794263092,8.205898249512533,18.777468998372893,-52.44795952218585,478.64990234375,189.990234375
FRB20200503B,0,False,,0,674.2082214054838,0.0004011550000043,0.7965984597938116,1.733433147749878,18.10094529178336,-78.19529104399057,449.30419921875,133.203125
FRB20200503A,0,False,,0,799.3342416940015,0.0003420012834654,0.5486053374735168,2.743829467277222,-2.780627770055838,-1.495841920355942,400.20751953125,344.3115234375
FRB20200505B,0,False,,0,760.8912992588771,0.0002762655639958,0.7253680208293548,1.5180143878682402,4.771154451837084,-91.35296115505794,410.77880859375,81.25
FRB20200505A,0,False,,0,704.0051405296816,0.0013933275381492,0.8178949800426026,5.484790151510175,53.97417077676658,-54.61671460174489,655.94482421875,265.9912109375
FRB20200506E,0,False,,0,1243.7382436920193,0.0020268014936699,0.1183124678609,0.4142900085620495,0.4540319366539461,-0.8904716518618621,516.39404296875,399.9755859375
FRB20200506D,0,False,,0,990.7900524318792,0.0011368355458983,0.1742570734182285,0.6431998475950685,148.95654960216353,-182.41479429484656,601.98974609375,135.546875
FRB20200506C,0,False,,0,1096.901011799552,0.0004025277538101,0.3787091954834367,0.7181073579333302,19.112712806463463,-20.016791273143205,645.08056640625,340.6494140625
FRB20200506B,0,False,,0,1280.4532736619376,0.0005569847609911,0.5711187629922798,2.51247858092816,1.5013047219653868,-1.702381976684962,621.96044921875,399.9755859375
FRB20200506A,0,False,,0,755.7120239277499,0.0014176747990384,0.513907701015202,4.660019515851165,-0.7506412477990089,-1.2010904345815612,400.20751953125,399.9755859375
FRB20200507A,0,False,,0,166.892654152146,0.0005016828805933,4.017706228820256,8.612480710687532,48.17008374846077,-44.12018452033707,690.80810546875,250.4638671875
FRB20200508E,0,False,,0,261.7576332780679,0.0006266023747569,0.6068440740641005,1.7379577607709062,5.224699647378113,-8.346211238315288,547.27783203125,399.9755859375
FRB20200508D,0,False,,0,485.67318095650126,0.0011120457009527,0.8321440087986306,4.533946672956903,4.354804605701214,-10.967534899681526,488.07373046875,371.5576171875
FRB20200508C,0,False,,0,479.4905524311371,0.0005411219793735,0.9024044395879977,2.1305935317613103,2.9208747219076523,-15.023132158183438,441.05224609375,252.1728515625
FRB20200508B,0,False,,0,486.723390866317,0.0002863889700157,0.1652553624704828,0.2468864169584432,-2.5473329889799894,-1.0372522454462718,400.20751953125,399.9755859375
FRB20200509C,0,False,,0,1038.892223317956,0.0021194924963617,0.8949270274900625,7.950501744325289,4.985667480718351,-14.063834937931333,477.79541015625,315.8935546875
FRB20200509B,0,False,,0,350.37665768584355,0.0040642397173329,1.1777893994287358,15.518390546082642,-7.581479297381701,4.5969704312020445,400.20751953125,197.6806640625
FRB20200509A,0,False,,0,865.1889038531348,0.0004703248205919,0.5467002611721892,3.283691174926666,-2.7271570078194056,-0.1490492230716324,400.20751953125,399.9755859375
FRB20200510A,0,True,FRB20200510A,0,290.8786332971836,0.000558421942702,4.090097950988512,22.109593920053165,-1.673817077704059,-1.5710046099664432,400.20751953125,399.9755859375
FRB20200511C,0,False,,0,1835.0403943558133,0.0028848212069987,0.3663861686871282,3.4056140847030854,108.07327709566653,-94.85449770355544,707.43408203125,194.7998046875
FRB20200511B,0,False,,0,569.4490631444421,0.0021434987321391,0.3317077361935941,2.520739010512375,71.23351582460059,-64.14168471396243,697.30224609375,223.2177734375
FRB20200511A,0,False,,0,261.8733181872631,0.0001483621713578,0.6023113344030381,1.61332707341148,14.519741736890378,-46.00118981487601,468.61572265625,185.888671875
FRB20200512E,0,False,,0,416.46623705128405,0.0019281143317083,0.5982495415418683,5.474626456675232,111.73211800000392,-98.51760993348928,705.57861328125,194.62890625
FRB20200512D,0,False,,0,711.9196857770229,0.001140617463935,0.4463507984547907,1.5564091336508543,24.18425730411792,-33.15399042007809,576.33056640625,307.2509765625
FRB20200512C,0,False,,0,313.98901951059923,0.0003444644822915,0.6338942045589573,0.5986359105946952,291.0521434084925,-281.4141100299755,671.20361328125,121.5576171875
FRB20200512A,0,True,FRB20180916B,0,349.92184747481133,0.002894105584149,1.3472321960220186,9.354336496728084,163.50215028262102,-136.8344284199078,727.33154296875,161.328125
FRB20200513B,0,True,FRB20190208A,0,579.6062730542066,0.0008037036641512,1.029541886429768,1.7542326292458406,81.05943215096752,-65.7067197798194,741.58935546875,185.205078125
FRB20200513B,1,True,FRB20190208A,0,579.6062730542066,0.0018976317525925,1.029541886429768,1.7542326292458406,8.055891746017167,-26.104295273322037,466.95556640625,228.22265625
FRB20200513A,0,True,FRB20180916B,0,349.5492023621032,0.0023681649040181,0.4049548170533616,2.394180274890454,23.448659781727383,-151.12733792669846,432.48291015625,89.0869140625
FRB20200514E,0,False,,0,650.3383256864639,0.0017054324728199,0.8769294214364465,7.680438858685595,-0.1210763563457173,-6.397747321828326,400.20751953125,322.119140625
FRB20200515A,0,True,FRB20191013D,0,522.393739238288,0.0024437034529799,1.6007861405298922,22.194142906403936,1.2667002963727638,-6.225459241957166,443.05419921875,399.9755859375
FRB20200516H,0,False,,0,859.4514723147242,0.0038919185206419,0.574713201837607,8.731053507080937,1.5953781936369829,-13.696107197450072,424.20654296875,238.9892578125
FRB20200516G,0,False,,0,223.81990488636288,0.0002075385124014,1.132655108901214,2.7305516680056345,-1.6135982863218026,-10.845221934797015,400.20751953125,192.2607421875
FRB20200516E,0,False,,0,988.072040865948,0.0001306492989871,1.391063701803119,8.708213870114315,0.3934781488487361,-2.1193541248745382,439.12353515625,399.9755859375
FRB20200516D,0,False,,0,682.8930267039373,0.0004971795305849,0.7362888222660698,1.781143222432952,32.31927977542416,-57.45202732670577,530.18798828125,213.6962890625
FRB20200516C,0,False,,0,306.2492880840697,0.0004303900151659,0.5916838433825407,1.9031545143953916,29.935343689749967,-100.07056695596565,464.75830078125,140.673828125
FRB20200516B,0,False,,0,217.7732075968836,0.0001410095638549,1.4499790843642182,3.378495555880528,9.7586988696286,-28.801044429647835,474.08447265625,228.7841796875
FRB20200518B,0,False,,0,102.64651880086586,0.0019166673719309,0.8661248117709275,1.4706700327711912,4.04443083917694,-4.904841181026624,604.40673828125,399.9755859375
FRB20200519C,0,False,,0,472.8695223416583,0.0006790394395783,0.7942531910227786,1.9970325810556069,-3.974982118904345,0.5477554650221608,400.20751953125,354.833984375
FRB20200519B,0,False,,0,496.4459095673368,0.0003660293159879,4.382534974769016,6.348025101078508,4.60558988261073,-11.21709067007268,491.39404296875,372.802734375
FRB20200519A,0,False,,0,563.5406950429332,0.0003035878168369,5.083599071325547,12.316581259049686,3.337018618814131,-2.852739063936016,718.24951171875,399.9755859375
FRB20200520B,0,False,,0,351.41952219852845,0.0003458976595691,1.298886523907436,1.8734536725705184,15.039623172717633,-50.53880747913655,464.39208984375,174.6826171875
FRB20200520A,0,False,,0,631.8441237694799,4.695709335142276e-05,0.6677301173292309,4.530007604316615,5.842105000211907,-9.936121002310797,536.97509765625,399.9755859375
FRB20200521C,0,False,,0,891.1918609999112,0.0003129234089848,2.081475136890219,9.382206582078975,1.1130577051070951,-7.610671833741581,430.55419921875,346.0693359375
FRB20200521D,0,False,,0,653.5350094635854,0.001301418166964,0.8729448710411973,12.591797241782142,-0.3257489351948773,-3.171466692974699,400.20751953125,399.9755859375
FRB20200521B,0,False,,0,578.9997890323273,0.0008639328615777,1.7617444749091409,11.447528225314253,2.905286166566324,-7.251369337277986,488.95263671875,399.9755859375
FRB20200521A,0,False,,0,315.124130535736,0.0006858101043537,1.0887753678045493,2.9415316574941497,76.50190925480595,-75.93854998567802,662.26806640625,231.787109375
FRB20200522B,0,False,,0,1400.4827383670795,0.0027532520327639,0.7580720022773866,10.758740891648657,1.1879938985143064,-10.21961059991938,424.13330078125,281.591796875
FRB20200522A,0,False,,0,605.9502544457266,0.0002500879633709,5.07529724761903,9.060781687268264,5.672556394414577,-9.787539933844004,534.72900390625,399.9755859375
FRB20200523E,0,False,,0,560.4871190071565,0.0001713010973195,0.724266854710293,1.2934396839654116,1.5689955387221757,-7.234532365527932,446.03271484375,383.88671875
FRB20200523D,0,False,,0,1425.1203333123506,0.0006418875419034,0.654157679203935,3.7764848585129496,5.151289569310896,-7.828162562374847,556.11572265625,399.9755859375
FRB20200523C,0,False,,0,353.47910999256027,0.0006466837705665,0.6191369056628951,0.8449536622244322,10.80198216539686,-41.54487886084607,455.74951171875,176.513671875
FRB20200523B,0,False,,0,450.0565374464733,0.000654825063892,2.495357172490289,12.016411987355625,8.623673425739044,-28.75603148395444,464.92919921875,216.7724609375
FRB20200524A,0,False,,0,715.1302589402771,0.0008509578125604,1.4262110751798904,5.362381719723535,23.53884478808187,-279.8688174316121,417.39501953125,56.787109375
FRB20200525C,0,False,,0,339.6232258529679,0.0004012161689498,0.8711585425367949,1.5956821822952254,0.2759053961137901,-15.36013661646974,403.79638671875,194.5068359375
FRB20200525B,0,False,,0,243.51254854715893,0.0151007288888728,0.7528389996957356,7.74706504545617,121.80234168268429,-379.4670593221033,469.86083984375,73.2666015625
FRB20200525B,1,False,,0,243.51254854715893,0.000557442237495,0.7528389996957356,7.74706504545617,88.9099827436104,-317.7730502986937,460.29052734375,78.41796875
FRB20200525A,0,False,,0,471.3216309386437,0.0008369931231268,2.191281195991479,6.892650686996665,-1.8348886888832332,-5.42707465365447,400.20751953125,262.1826171875
FRB20200530A,0,False,,0,323.9822475926289,0.0022191024822954,0.3788056270321702,1.6717696185788635,4.040968608104768,-12.637388056561605,469.56787109375,319.384765625
FRB20200530B,0,False,,0,486.9732972786482,0.000577243881806,0.3578145782842883,2.29358989237698,-1.4617434610516251,-3.238250147920586,400.20751953125,364.2578125
FRB20200530C,0,False,,0,340.260665594036,0.0009402863519442,0.7176205901879807,7.012879943917507,6.660984054662118,-13.85587126123109,508.92333984375,364.84375
FRB20200603B,0,False,,0,295.0971880311271,0.0002941456164245,1.961261073930336,11.128487724720015,-6.543683868221715,1.0697564275701363,400.20751953125,181.982421875
FRB20200603B,1,False,,0,295.0971880311271,0.0016300431433731,1.961261073930336,11.128487724720015,-2.89625427420542,-1.9609168047163448,400.20751953125,309.47265625
FRB20200603B,2,False,,0,295.0971880311271,0.0028986984366338,1.961261073930336,11.128487724720015,-7.00972903347731,-1.949243838051293,400.20751953125,141.6015625
FRB20200603A,0,False,,0,1158.5168854896417,0.0008528908821387,0.533017723818184,8.092798398578102,4.340067913088988,-9.983121704310474,497.37548828125,399.9755859375
FRB20200606B,0,False,,0,434.26317268950544,0.0005574492679722,0.4237853327515974,3.494120359077543,74.25671172279797,-67.86811754998854,691.61376953125,224.90234375
FRB20200606A,0,False,,0,723.1335572395122,0.0009491275241171,1.5358871205962936,16.11538541188629,1.2989098556885923,-4.65579717558781,460.09521484375,399.9755859375
FRB20200607E,0,False,,0,220.15075264807797,0.0003457660089192,0.2697367846631552,0.5524493350434788,37.1715837471492,-121.41920781823812,466.39404296875,128.8330078125
FRB20200607B,0,False,,0,427.8314150595137,0.000635680082312,0.412599477268924,2.424310230928329,2.1877050340473767,-8.574146919693233,454.65087890625,363.1591796875
FRB20200608A,0,False,,0,705.7922172246455,0.0002956641886039,0.7380444233878117,1.6310762508620331,3.7674860256764897,-8.05182440323856,505.67626953125,399.9755859375
FRB20200609D,0,False,,0,895.0377157875166,0.0005286699180923,1.0401656267035846,2.434917878372877,-2.503017959687192,-3.3080629168827143,400.20751953125,284.9853515625
FRB20200609C,0,False,,0,389.85130863817193,0.0079192277938706,0.388640266570158,6.491750845548026,5.230807711773287,-13.71278165676846,484.28955078125,329.345703125
FRB20200609B,0,False,,0,325.4638882325466,0.0012437685575117,0.3598633952615321,0.7466090326563746,12.970696541318445,-11.611840935590031,699.57275390625,352.001953125
FRB20200609A,0,False,,0,478.7388761346429,0.0002840516355014,10.355296519706728,20.21136624768576,-2.848362605361694,-5.049107311831765,400.20751953125,227.2705078125
FRB20200610C,0,True,FRB20191106C,0,331.33906112654364,0.0034198885707903,0.0654272309865827,0.8090760190955415,4.039422337100856,-39.49743692956793,421.20361328125,135.986328125
FRB20200610B,0,False,,0,947.8416258648352,0.0002408860877426,0.5531724806798213,2.384640402055653,-0.6818027544768162,-4.717511615882962,400.20751953125,351.26953125
FRB20200610A,0,False,,0,637.6183737905307,0.0002812772773661,0.6429843004680152,1.557708456648315,27.65323906191677,-65.0297446316845,495.00732421875,187.353515625
FRB20200612A,0,False,,0,707.4047921780626,0.0112946202582462,0.5004229670865374,11.597300282372055,34.46827194638346,-139.51032186003067,452.81982421875,114.6728515625
FRB20200613C,0,True,FRB20190303A,0,222.4995564368262,0.0036685192564635,0.1970171137154494,0.8504847641745634,66.08867498479056,-290.01478084122573,448.49853515625,80.0048828125
FRB20200613B,0,False,,0,506.7943867086857,0.0038961885252583,0.6923806945050363,7.234342812575704,26.45430988712365,-35.32316394792489,581.97021484375,300.390625
FRB20200613A,0,True,FRB20180916B,0,348.919765994722,0.0016578673798068,0.8533664845042205,3.8835584306403086,7.823777989217151,-67.36346106160877,424.13330078125,110.0341796875
FRB20200614A,0,True,FRB20180916B,0,348.7554244352476,0.0004507856482463,1.6179721748006357,7.16655841213218,183.85419499858983,-225.93664685569016,601.13525390625,121.5576171875
FRB20200614A,1,True,FRB20180916B,0,348.7554244352476,0.0033430030661021,1.6179721748006357,7.16655841213218,69.76136171635375,-96.97568373307928,573.42529296875,177.392578125
FRB20200615D,0,False,,0,334.56531308860616,0.0015427365813061,0.4835957231730131,6.7180015223041005,10.924881691813209,-117.78329655255337,419.20166015625,81.884765625
FRB20200615C,0,False,,0,318.7111099211179,0.003483258111969,4.23336140735004,38.98320313056809,42.85270133456551,-102.0355618320515,493.71337890625,148.8525390625
FRB20200615C,1,False,,0,318.7111099211179,0.0022037759461658,4.23336140735004,38.98320313056809,44.067467798669945,-129.8154505392311,474.23095703125,126.66015625
FRB20200615B,0,False,,0,781.8228994794723,0.0003327300390839,1.2483658765826695,2.7120264661483424,-0.800470247785409,-1.3276967173478933,400.20751953125,399.9755859375
FRB20200615A,0,False,,0,211.587910029759,0.0001198585159226,0.7943149087836009,3.191313094277484,3.778803744276281,-87.56561427456641,408.92333984375,80.6884765625
FRB20200616B,0,False,,0,748.5198750632536,0.0002954573318243,1.8380947758523416,3.8431473697624488,94.69045521939674,-87.32052363998278,688.24462890625,215.087890625
FRB20200617C,0,True,FRB20191106C,0,331.9199111971783,0.0054965704196419,0.1448046074425219,2.0314698952778003,13.858018234692528,-67.89252689028923,443.20068359375,132.5927734375
FRB20200617B,0,False,,0,597.4175823923043,0.0002499103230517,0.6552803544872174,1.5475730460984929,0.8972462059566955,-5.227203165932477,436.04736328125,399.9755859375
FRB20200617A,0,False,,0,475.6788443321443,0.0009623024917435,1.6084711119674169,6.816272747298479,62.09118572264078,-76.51670340039234,600.45166015625,209.3505859375
FRB20200618A,0,False,,0,671.4705089384397,0.0004239839770192,0.5682943236963958,1.2977758211034724,88.27801497182789,-82.29634460085023,684.24072265625,221.337890625
FRB20200619A,0,True,FRB20200619A,0,439.7933203630549,0.0011272121910637,0.2161605587467066,0.4130347409519038,34.93326511886967,-174.11468668784468,442.41943359375,96.1181640625
FRB20200620D,0,False,,0,615.6112699929222,0.0004294624208874,0.6990229877819545,1.5385930965024908,26.87949061402593,-64.52881291374084,492.85888671875,187.2802734375
FRB20200620C,0,False,,0,367.4412917757287,0.0005273451182691,0.289819467625614,1.3121694860055455,4.728443842116952,-4.562186053759491,671.93603515625,399.9755859375
FRB20200620A,0,False,,0,1475.0839346533455,0.0008030984419803,0.3906470794263867,1.154718612344644,15.636760250313191,-14.38405906919092,689.17236328125,338.2568359375
FRB20200621D,0,True,FRB20180910A,0,696.3492376405777,0.0011414745300671,1.2369926486555134,12.122897558496913,3.101595505512365,-6.111067412914902,515.80810546875,399.9755859375
FRB20200621C,0,True,FRB20181119A,0,364.122530379756,0.0008526331570918,0.5155976384544532,2.423995236071141,315.08542947694013,-270.7193734724022,716.14990234375,132.275390625
FRB20200621B,0,False,,0,640.4264581198887,0.0008458369051462,1.319938692071679,10.126892273929796,0.0215023092014738,-2.1920448957651835,402.16064453125,399.9755859375
FRB20200621A,0,True,FRB20200619A,0,439.6517994969748,0.0005031007852301,0.5606304009336179,1.7987027131814133,38.766859341469605,-60.11408019105988,552.47802734375,217.6025390625
FRB20200622A,0,True,FRB20190303A,0,223.11814413035572,0.0017295957542591,0.3085152105433696,1.0118722696218594,485.6813371785802,-396.35188765038055,738.51318359375,112.646484375
FRB20200623A,0,False,,0,981.4806396239476,0.0004547618556712,1.666629660084587,6.660210476102532,8.89879785710804,-19.145212889081,504.89501953125,313.96484375
FRB20200624D,0,False,,0,322.4438630698518,0.000226495073884,1.155281969592851,1.9980355099801896,0.920445002405704,-4.646786414649054,441.85791015625,399.9755859375
FRB20200624C,0,False,,0,403.1146548411115,5.267015653110176e-05,0.6834002620164206,1.6607958428802914,-2.0611857313208937,-1.5096770606920422,400.20751953125,399.9755859375
FRB20200624B,0,False,,0,245.0013685397505,0.0004800920882275,1.1056834013915655,2.0122645828683674,3.633723661069145,-4.4583876641370015,601.52587890625,399.9755859375
FRB20200624A,0,False,,0,1013.1553786659488,0.0007577463169565,1.1616990353212688,3.048927570454843,140.30463750425338,-106.36863474787364,773.91357421875,132.12890625
FRB20200625A,0,False,,0,914.1810664179296,0.0076678387630496,0.5579531855387152,18.10199351932498,-2.734774320968329,-2.923746229319887,400.20751953125,283.3984375
FRB20200626B,0,False,,0,1728.734036804775,0.0007899754480228,0.546958422176588,2.358010195796659,98.8216924731514,-124.58373934202056,595.00732421875,162.255859375
FRB20200626A,0,False,,0,1580.1356477942702,0.0014153776039587,0.4101913320950522,1.8374154591068907,-0.122675005375937,0.0588605155229816,400.20751953125,399.9755859375
FRB20200627E,0,False,,0,217.2493642411464,0.0002286496107527,3.934487299674464,8.089695710791672,4.014404679775332,-6.2402956223849975,552.03857421875,399.9755859375
FRB20200627D,0,False,,0,201.88954504234255,0.0002061801973817,0.4763574810473637,0.8126293442987302,7.779007430584008,-70.20502922326524,422.98583984375,106.7626953125
FRB20200627C,0,False,,0,1133.1743003630045,0.0002562139650477,0.3127849620573394,0.7621455925548493,4.584588166264432,-17.294218387717144,456.92138671875,257.91015625
FRB20200627B,0,False,,0,1183.443651219084,0.0004112068770218,0.616878602743113,8.079229668432239,10.716915483913953,-35.40630643435335,465.58837890625,200.6103515625
FRB20200627F,0,False,,0,825.6119683004964,0.0008512734117171,0.3034244078596313,0.4366308174106958,6.819788933718682,-92.71012237734664,415.19775390625,85.83984375
FRB20200628D,0,False,,0,414.54956250672416,7.397389022640758e-05,1.086287982647411,5.619527561242024,-1.1590183061036976,-5.683569806163611,400.20751953125,288.3544921875
FRB20200628C,0,False,,0,637.8831938601306,4.7869557451328125e-05,0.3644270231630935,2.768020090960837,1.199417456899067,-5.26718134129914,448.44970703125,399.9755859375
FRB20200628B,0,False,,0,251.9042107822169,0.0001726838485626,0.5239533756857498,1.3645488429634636,12.935308306800398,-80.72159737640276,433.58154296875,113.134765625
FRB20200628A,0,True,FRB20190905A,0,245.83030614289584,0.0006876843971539,0.504333000506061,2.339751300039433,13.888012371642294,-58.19680455883508,450.91552734375,149.9267578125
FRB20200629E,0,False,,0,714.0063007471958,0.000685697431379,0.8158320421421984,2.4114812751193755,-1.249663866877454,-3.975322324333217,400.20751953125,343.6767578125
FRB20200629D,0,False,,0,1055.6348028486002,0.0007169449919139,0.5530881113561174,1.9138438370359052,3.988864115004931,-3.642411450802105,691.95556640625,399.9755859375
FRB20200629C,0,True,FRB20190804E,0,363.9079376561329,0.0023358115139602,0.4517146890265586,2.536153806555354,39.47980128595942,-99.05509985403604,488.43994140625,149.4873046875
FRB20200629B,0,False,,0,881.9156374533608,0.0014346706422722,0.7357936394368207,2.371096897599264,3.5312746551328,-9.257682722962093,484.28955078125,397.216796875
FRB20200629A,0,False,,0,1157.4631433879022,0.0166602527527663,0.7325194166819488,25.45771964823501,235.3808191958508,-193.07344194909956,736.21826171875,140.13671875
FRB20200701H,0,False,,0,1505.6545791584538,0.0003601283587095,0.2507092629889668,0.8568898202334259,23.161534103725945,-80.79993638121408,461.87744140625,146.58203125
FRB20200701G,0,False,,0,345.35080640316176,0.0027382525425467,0.0953640924299901,0.4856383231607271,11.999721297860336,-37.463851443455326,469.71435546875,201.6357421875
FRB20200701F,0,False,,0,573.124521148971,0.0002851885646151,0.2497549441060439,1.1437193956284268,28.233946266137597,-86.47240841200772,471.15478515625,154.443359375
FRB20200701E,0,False,,0,1212.9443936683726,0.0006707655480532,0.0921376115306463,0.2739529615513721,224.9637130803308,-182.32931462852463,741.63818359375,137.353515625
FRB20200701D,0,False,,0,542.6290511877643,0.0005513540927549,0.4040073480444848,4.315718737672089,0.5395025084237418,-11.700035005515725,409.53369140625,237.9638671875
FRB20200701C,0,False,,0,896.4548782307128,0.0037125321430638,0.9841240634366424,24.293240562264764,0.1546872355147662,-5.76247259109056,405.60302734375,362.9638671875
FRB20200701A,0,True,FRB20200118D,0,625.4198102402966,0.0010833850351562,0.527371538027843,3.024624824020382,169.7925658680379,-161.69293471248676,676.55029296875,161.8408203125
FRB20200701A,1,True,FRB20200118D,0,625.4198102402966,0.0005463512535689,0.527371538027843,3.024624824020382,78.88950960733666,-91.03686485243418,617.22412109375,197.1435546875
FRB20200701A,2,True,FRB20200118D,0,625.4198102402966,0.0011029539152178,0.527371538027843,3.024624824020382,24.922323325126584,-68.21061348729035,480.40771484375,177.0751953125
FRB20200702D,0,False,,0,319.73836294403134,0.0011998960434654,1.4547051781154696,4.63799232402373,0.6010727463102478,-34.944078570869934,403.64990234375,121.5576171875
FRB20200702C,0,True,FRB20200223B,0,203.12697787966772,0.0022460713218388,1.6630936760185226,9.553878418480002,167.7137818543586,-152.74652533295995,692.93212890625,170.556640625
FRB20200702B,0,True,FRB20180916B,0,348.91707705855305,0.002259819326273,0.5474649121136294,6.650977084520076,27.49647364305141,-178.47657761307374,432.23876953125,84.0087890625
FRB20200702A,0,False,,0,298.8309032769685,0.0002864895728179,1.1060200876905306,1.5956787926226177,6.596790641132028,-18.545728966129083,478.08837890625,279.833984375
FRB20200703A,0,False,,0,1003.4951851551654,0.00130243684903,0.3917730973012742,3.753953689559813,-1.3342690170304214,-14.750811912908418,400.20751953125,169.0673828125
FRB20200704A,0,False,,0,1148.6843002681924,0.0005698192286158,1.0450244763664671,6.809830340503671,-1.550932874154907,-1.5785339068427322,400.20751953125,399.9755859375
FRB20200705D,0,False,,0,365.15066044415926,0.0018300438348234,0.9651901105094876,4.669585133430172,-2.464617578974519,15.25878092041772,800.18310546875,103.857421875
FRB20200705C,0,False,,0,1101.7631805830188,0.0010314179394013,0.3785486352159858,1.8342315405588536,12.972717028410464,-15.719174655521735,604.62646484375,387.8173828125
FRB20200705A,0,False,,0,1231.3833997641054,0.0003825011522258,0.4764250595761849,0.9234252019426484,4.503800578325318,-40.75151110745976,422.93701171875,136.2060546875
FRB20200706A,0,False,,0,399.5928379439795,0.0004144417260248,1.4142927476281786,11.985797061726558,25.550021426645205,-22.37736912893002,708.28857421875,286.2548828125
FRB20200706A,1,False,,0,399.5928379439795,0.0012900290639187,1.4142927476281786,11.985797061726558,16.431769479159403,-18.072793522093228,630.52978515625,358.9111328125
FRB20200706A,2,False,,0,399.5928379439795,0.004677419028657,1.4142927476281786,11.985797061726558,7.124626365441446,-9.81167461330478,575.37841796875,399.9755859375
FRB20200706A,3,False,,0,399.5928379439795,0.0018084427860652,1.4142927476281786,11.985797061726558,293.4856430395929,-253.06617337358577,714.66064453125,136.5234375
FRB20200707A,0,True,FRB20200308B,0,218.03026353961047,0.0013785954284382,1.3042403943944032,8.860788947848276,3.7785639544331575,-8.46683000824185,500.23193359375,399.9755859375
FRB20200707A,1,True,FRB20200308B,0,218.03026353961047,0.0015702865948696,1.3042403943944032,8.860788947848276,1.5005182261760777,-17.058698848118027,418.20068359375,203.6376953125
FRB20200708D,0,False,,0,1006.3333606515212,0.0001309120023807,1.4635770695112826,7.015145224087784,45.29674066573934,-42.58780301945198,681.14013671875,260.3515625
FRB20200708C,0,False,,0,537.9489961609476,0.0052200843354541,0.6996994816666052,4.99892858749503,128.99429009068743,-134.00933076481945,647.57080078125,170.2392578125
FRB20200708B,0,False,,0,425.2621327256882,0.0013855418619114,0.4661816195910643,4.629119235351502,4.978331785794126,-7.194372959143471,565.63720703125,399.9755859375
FRB20200708A,0,False,,0,842.4515340857058,0.003315290690622,0.4580641679405397,14.16454761628146,23.50844587461425,-22.80728962429368,670.03173828125,312.5244140625
FRB20200709C,0,True,FRB20190804E,0,364.35151461478216,0.0044248645674716,0.2232372315867202,1.8887386593507605,17.59201267271902,-133.52013277098288,427.45361328125,87.20703125
FRB20200709B,0,False,,0,336.9929910065293,0.0005120161794708,0.5594287338006038,1.475862820189494,20.281294937271788,-119.04420837065682,435.77880859375,100.5859375
FRB20200710C,0,False,,0,867.1448469982179,0.0003747846844918,0.4004760184412427,2.7278666069793185,-1.0869777434013637,-4.043676878293236,400.20751953125,352.7587890625
FRB20200710B,0,False,,0,350.7794238912779,0.0008238018857458,0.4536634208896534,3.850438788495578,-4.042602119647117,-2.681066569241988,400.20751953125,221.630859375
FRB20200710A,0,False,,0,524.2478079599477,0.000312073553283,0.7442719642028727,6.143469457935556,2.274434997245247,-4.216794076625329,524.08447265625,399.9755859375
FRB20200710D,0,False,,0,608.7895603562472,0.0001988420542596,5.227921368639432,18.69531848113578,5.465640581577129,-8.894396345134114,544.12841796875,399.9755859375
FRB20200711F,0,False,,0,527.6483089608931,0.0003967968749524,8.638696289742173,22.844616625564324,-1.030995541946944,-1.5076570647571863,400.20751953125,399.9755859375
FRB20200711E,0,False,,0,691.5937585583332,0.0031118040054092,0.1135845993369793,0.9987325816034972,118.42601042224598,-103.15094786736223,710.51025390625,188.2568359375
FRB20200711D,0,False,,0,437.04476029715954,0.0001766469173362,1.4230326727697735,3.41461267843782,14.272470202360315,-113.50308569949507,426.15966796875,91.1865234375
FRB20200711C,0,False,,0,1548.5692098207244,0.0004176665110944,0.4287648768345024,0.9318744426652108,8.267609279954572,-13.144429623345308,548.08349609375,399.9755859375
FRB20200711B,0,False,,0,1349.9695964612283,0.0005957317603844,0.5651160001704676,3.945746322823937,2.8194413495348507,-4.291280139229305,555.82275390625,399.9755859375
FRB20200711A,0,False,,0,485.5381328272692,0.0002998283633783,0.7868013493938422,2.0487394906889174,-3.2216206424811484,0.4484266583720585,400.20751953125,399.9755859375
FRB20200712A,0,False,,0,1397.9179704574135,0.0005633071716118,0.4094527920061301,3.0914315950765605,86.75926430750147,-124.42452280500136,567.12646484375,154.7607421875
FRB20200713B,0,False,,0,976.0763213000783,0.0007913172378397,1.260460683865551,14.517746482954957,3.540247732438346,-7.508662874750367,506.57958984375,399.9755859375
FRB20200713C,0,False,,0,202.29731356686108,0.0002487475720093,2.1321515267725557,3.619079550393693,3.7193482235546615,-12.484754890149048,464.46533203125,313.4033203125
FRB20200713A,0,False,,0,1013.374171954182,0.0005083422669251,0.3207726336876633,0.6504476529602138,2.981500739323601,-8.76196312227929,474.42626953125,391.9189453125
FRB20200714C,0,False,,0,466.67635236195,0.0030365849751768,0.3241874804243507,2.5149725972615484,4.385727778606238,-11.695087172506708,482.72705078125,352.099609375
FRB20200714B,0,False,,0,1526.404710666298,0.0011610317418567,0.3253102161979854,6.108302621873053,42.75210221528836,-43.41697706201117,654.77294921875,280.078125
FRB20200714A,0,False,,0,452.7715103805973,0.0007490777658085,2.884626668003845,9.124025029029754,-1.0806949689824847,-9.408290572557,400.20751953125,221.533203125
FRB20200715C,0,False,,0,190.84941877672784,0.0010035687328041,0.3203086670477719,2.279732352864273,50.95394852645558,-69.1129888664831,578.57666015625,212.353515625
FRB20200715B,0,False,,0,653.4131884153434,0.0003745452575716,1.3731325054105632,2.754578855326016,22.620355298046075,-96.04749707813224,450.20751953125,125.390625
FRB20200715A,0,False,,0,648.7580829322333,0.0004193190277239,7.868247641145947,17.89600957975629,-5.026091850237515,3.691928853397648,400.20751953125,399.9755859375
FRB20200716A,0,False,,0,987.3562765194812,0.0004032467778044,5.5515381386769205,13.145558548759876,2.5441595885252486,-10.449801440714086,451.98974609375,322.55859375
FRB20200717D,0,True,FRB20180916B,0,349.88278457910224,0.0031570673925154,0.5944321657709721,2.854441467282147,6.400970567739882,-130.70281410920222,410.11962890625,68.115234375
FRB20200717C,0,True,FRB20180916B,0,349.4423719580087,0.0016100190814425,0.4196705393041322,1.5934625394473896,54.42338648317752,-152.6053700043002,478.30810546875,117.7734375
FRB20200717B,0,False,,0,295.14271780618003,0.0004713304438447,10.401912159082707,22.87240036992525,2.8581371683657646,-10.267635780904694,459.94873046875,338.330078125
FRB20200717A,0,False,,0,337.9114480577079,0.0005556087245996,1.3194044797155748,5.463277454817398,8.10472206910394,-35.92014138872156,447.98583984375,176.85546875
FRB20200717E,0,False,,0,452.8442745350849,0.0095191863768233,0.2541571939202235,4.163048031575357,168.3987373074577,-149.79311284552887,702.08740234375,174.51171875
FRB20200718D,0,False,,0,146.6194050928591,0.0020570608253093,0.3400614217070846,5.251596631176911,164.973655756363,-166.16300959290714,657.45849609375,155.1025390625
FRB20200718C,0,False,,0,177.94455373687865,0.0003230797133321,0.3051449116241279,0.2977573053304776,15.222734748620253,-95.47948937304967,433.41064453125,106.005859375
FRB20200718B,0,False,,0,361.8071718345581,0.0003770950211874,0.3790720609282107,0.7578984662272855,3.10752391972283,-4.997196713673138,546.13037109375,399.9755859375
FRB20200719B,0,False,,0,705.0029773017484,0.0014283283736046,0.249626560398021,1.1385068658330075,18.44763333462181,-80.47558894830303,448.79150390625,131.298828125
FRB20200720B,0,False,,0,667.3628192293048,0.0017371145400181,0.4055799391542774,4.131620164839428,0.7233567560421226,-15.733432037387455,409.50927734375,200.1220703125
FRB20200720A,0,False,,0,810.343067287625,0.0019169587722967,0.3638408973503308,1.8392109769429943,5.118622981342,-57.620679170923246,418.37158203125,110.7421875
FRB20200721D,0,False,,0,1106.6010382845116,0.000164955399306,0.7843498359007245,2.494322725861504,8.098625630968483,-18.91803050015016,495.71533203125,302.44140625
FRB20200721C,0,False,,0,429.39654004660105,0.0001934203256108,1.2028116443594528,1.7911110250141913,-2.5329792904965176,0.6437074567124392,400.20751953125,399.9755859375
FRB20200721B,0,False,,0,488.9692887656227,0.0002357840394822,0.794900995541134,1.4757699165977916,-3.0835049722853807,4.244683131139514,400.20751953125,399.9755859375
FRB20200721A,0,False,,0,1740.7732961363113,0.0005836343450218,0.3564074172888655,1.958671600807164,26.796462478880763,-245.6876387626008,422.61962890625,65.3564453125
FRB20200721E,0,False,,0,641.1653502201192,0.0010580280513522,0.1282268713285725,0.3888263154453778,4.461042750025703,-9.741073985208926,503.16162109375,399.9755859375
FRB20200722C,0,False,,0,880.9402153459454,0.0005504582080792,0.8463888909996486,2.956727419391449,27.36999343811721,-29.480270894673964,636.60888671875,318.7744140625
FRB20200722B,0,False,,0,2157.4737199979486,0.0005097145580875,0.826860450341852,2.638870121883681,2.371324863536953,-2.9708281442538484,596.49658203125,399.9755859375
FRB20200723B,0,False,,0,244.0307089730619,0.0053521584175278,4.467988099757907,792.8643859330748,0.4330766282161972,-5.961359119181572,415.00244140625,372.3876953125
FRB20200723A,0,False,,0,308.7145934907682,0.0006060062139251,1.0693193185697665,1.1428195993084875,37.45879233317359,-69.51789314738446,523.93798828125,191.7236328125
FRB20200724C,0,False,,0,210.5264873519261,0.0007105837495641,0.5368116646710677,3.106984224349897,15.89605985715831,-72.41739026361917,446.61865234375,133.5693359375
FRB20200724B,0,False,,0,249.0547760117692,0.0035952640560644,0.0626223286039552,1.9564567869578453,-1.5552915884133285,-8.139242737325098,400.20751953125,224.1943359375
FRB20200724A,0,True,FRB20190212A,0,301.35640297329377,0.0011315525776543,0.0499081244979038,0.1088792397183233,54.670605646645065,-222.7602471198136,452.45361328125,92.1142578125
FRB20200725B,0,True,FRB20190212A,0,302.48834601218755,0.0023437526995503,0.0678153959509159,0.3864551346468347,3.692536032760316,-57.33141563468799,413.29345703125,104.78515625
FRB20200725A,0,False,,0,675.3615352854263,0.0025023607681542,0.6386131650523182,6.183897839422985,-1.1322096941724151,-4.358515104075222,400.20751953125,335.1806640625
FRB20200726F,0,False,,0,216.24202799780696,0.00291833701229,0.4735918103059121,6.486412698579353,-4.325870748796199,0.4241796490913587,400.20751953125,302.8076171875
FRB20200726E,0,False,,0,541.4213178689415,0.0004119673378885,0.9228497657140654,5.804353566314935,10.398176687020795,-23.372774302251777,499.89013671875,283.984375
FRB20200726D,0,True,FRB20190417A,0,1378.730018601746,0.0009867553449914,0.7805457868136068,6.452023707235568,236.06853376528724,-217.43436839972352,688.70849609375,141.9677734375
FRB20200726B,0,False,,0,566.2662669525721,0.0002839202116306,0.4355825323072873,1.0300326604840684,38.35139162457848,-40.83463510185384,640.05126953125,295.41015625
FRB20200727A,0,False,,0,1279.6539537163503,0.0011719302619004,0.1249599094780143,0.5803989271438993,13.766725500664716,-12.987348501613102,679.91943359375,353.90625
FRB20200729B,0,False,,0,316.49011099308854,0.0008897397006162,0.7071617910050985,2.431613965105577,-1.083493206124444,-2.922144010983334,400.20751953125,399.9755859375
FRB20200729A,0,True,FRB20190907A,0,309.3235121965052,0.0007992832444987,1.3206768611947457,6.946544859231133,92.3353545488488,-90.29847165858726,667.29736328125,214.013671875
FRB20200729A,1,True,FRB20190907A,0,309.3235121965052,0.0007751841878177,1.3206768611947457,6.946544859231133,53.88943133737321,-62.54161595926137,615.71044921875,237.7197265625
FRB20200729A,2,True,FRB20190907A,0,309.3235121965052,0.0021614782924293,1.3206768611947457,6.946544859231133,20.726114953222577,-42.29654909926303,511.29150390625,240.7470703125
FRB20200801C,0,True,FRB20171019A,0,458.8761138268693,0.0127718628274641,1.1771412290432977,15.933509453111764,3.750900485971896,-69.72345083650042,411.09619140625,92.822265625
FRB20200801B,0,False,,0,782.9338247685193,0.0003175430990393,1.5516775241664142,2.773836838353783,22.305208191139656,-52.91947486925243,494.07958984375,207.6171875
FRB20200801A,0,True,FRB20180916B,0,349.6650293990894,0.0024674577157364,0.3489151834701414,1.3183324768870903,31.088455751737104,-286.03156274725234,422.54638671875,61.9873046875
FRB20200801D,0,False,,0,354.59344076609744,0.0078714025230062,0.3781160924659658,3.6174819427469287,38.500213389133584,-139.57010510147524,459.38720703125,118.310546875
FRB20200804A,0,False,,0,470.0492394155564,0.0002044113815948,3.7665013975138826,5.084899868919514,13.63196268668802,-25.44400162847409,523.13232421875,306.5185546875
FRB20200805A,0,False,,0,432.5660873068416,0.0002424958868792,0.2274902709997259,0.3505252339504378,4.970264395220831,-14.318915028318584,476.03759765625,310.6689453125
FRB20200806B,0,False,,0,2765.858347705334,0.0022108652350502,0.3990482705270742,5.120256143060703,144.4779233680927,-117.96151367704068,738.29345703125,158.1298828125
FRB20200806A,0,False,,0,214.96641410788143,0.0003523193715608,0.3989647779248855,2.6088662916539245,6.816660695981671,-5.330555112521229,758.50830078125,399.9755859375
FRB20200806A,1,False,,0,214.96641410788143,0.0057617870084637,0.3989647779248855,2.6088662916539245,17.750755107453777,-18.290489930473708,650.15869140625,344.2138671875
FRB20200807C,0,False,,0,768.8245685496372,0.0002773213671278,0.8253718018361661,1.4642918782197123,3.793072716076884,-10.827332328505246,476.81884765625,355.95703125
FRB20200807B,0,False,,0,1012.357999123824,0.0018220020598475,0.9994280718439446,5.467299858679499,3.3215968184067752,-9.061705157477933,480.70068359375,395.556640625
FRB20200807A,0,False,,0,390.6065942821064,0.0018594429245969,0.5548581734901563,8.449165323158319,-1.1846637002563138,-59.84879740559384,400.20751953125,82.03125
FRB20200808B,0,False,,0,780.5960141259558,0.0002875470413832,1.6698404443370487,6.131567633544307,2.3291979355720254,-6.173900470558837,483.26416015625,399.9755859375
FRB20200808A,0,False,,0,438.6547325647434,0.0002477144924295,1.437710129885793,2.6532620305607773,-1.356589968788595,-3.747222332793709,400.20751953125,346.337890625
FRB20200809G,0,True,FRB20190303A,0,221.9848830067513,0.0014696584325634,0.8503348687842428,4.0664588816325375,280.1984149423202,-308.94779229954185,629.82177734375,108.837890625
FRB20200809F,0,False,,0,1241.2692408508549,0.0009298028717578,0.4538645382544869,1.7926305148400965,2.8402856493531274,-2.525444912239655,702.25830078125,399.9755859375
FRB20200809E,0,True,FRB20200809E,0,1703.0411488041136,0.0024328246110288,0.4389511237438093,2.0113488766213456,0.9808092176346884,-107.542584403179,402.01416015625,65.1611328125
FRB20200809D,0,False,,0,401.844018154686,0.004747406093669,0.3962562878642299,4.816145416757214,15.91982332519373,-79.78505057473043,442.17529296875,123.828125
FRB20200809C,0,False,,0,649.2829175217871,0.0002283848288635,0.9621312638228616,1.4238737776901689,-3.129734891247216,0.6330917121510284,400.20751953125,399.9755859375
FRB20200809B,0,False,,0,365.7061137570462,2.1504974343391945e-05,0.682725806689107,2.243300734900093,3.252972024805136,-11.278791899416726,462.26806640625,326.0986328125
FRB20200809A,0,False,,0,597.3311302283973,0.0001616668977837,0.3305758334258959,1.0177399933774682,11.54909682006344,-66.78720770460487,436.34033203125,125.146484375
FRB20200810B,0,False,,0,574.4041524302486,0.0018524396440439,0.4107750636221536,1.5048299479736365,25.361455669336618,-24.43063749450111,672.49755859375,305.4443359375
FRB20200810A,0,False,,0,920.9759337171904,0.0009871845287186,0.4269496385607177,1.2764475715616097,-0.5811274611389816,0.2365611038246965,400.20751953125,399.9755859375
FRB20200811A,0,False,,0,1445.2188310980198,0.0006681157809345,0.3157546531458645,2.1949492587511803,22.464248731095072,-81.05679634041941,459.68017578125,143.84765625
FRB20200812B,0,False,,0,723.1279403067424,0.0007488870378126,0.3925558598009035,3.7483001905568023,0.2714491757764181,-2.5677797514752294,421.91162109375,399.9755859375
FRB20200812A,0,False,,0,399.0553020584165,0.0040088822726915,0.4885228560047713,9.719797633655894,-0.5476619788072687,-11.546999541313324,400.20751953125,210.986328125
FRB20200813D,0,False,,0,190.78274112298803,0.0003420610790502,3.610575293420738,7.973506949132699,12.257652814468411,-26.47757425531568,504.43115234375,277.2216796875
FRB20200813C,0,False,,0,483.3756395742888,0.0063295482622253,0.3381266976219124,3.5654111063916964,34.67745492383414,-343.0165248091781,420.93505859375,56.6650390625
FRB20200813B,0,False,,0,221.06250787302463,0.0004092892077701,0.5385294677717591,1.198958743037434,19.875030278799056,-53.3509040927453,482.14111328125,193.2373046875
FRB20200813A,0,False,,0,442.6922810899205,0.0002928765082188,0.9302292252553628,1.5469379374399244,4.261056436584348,-10.491661940747283,490.29541015625,383.056640625
FRB20200814G,0,True,FRB20190609C,0,485.3521022208057,0.0022308480127757,0.4138787378499688,2.4994000910187983,-0.4221475388243022,-1.7873231297138263,400.20751953125,399.9755859375
FRB20200814F,0,False,,0,418.6323640157975,0.0027126071472469,0.3787878047712903,1.5261037805443003,30.04879214191676,-117.35589106833928,454.84619140625,123.0224609375
FRB20200814E,0,False,,0,396.359692243573,0.0004378733437667,1.0938540867982818,8.720490809638903,16.483851145753537,-66.53800614363931,452.96630859375,145.361328125
FRB20200814D,0,False,,0,654.8163840260695,0.0007252025058596,0.5667099754147349,0.9038818011245244,0.0929643729510693,-0.909757917546512,421.17919921875,399.9755859375
FRB20200814C,0,False,,0,801.5857990541942,0.0007790207995781,0.2287179760107819,1.2848860687632,-3.1835757031643066,-19.499761572018507,400.20751953125,124.853515625
FRB20200814B,0,False,,0,937.6061681131227,0.0003543567529792,0.7079851221186182,4.529257730161555,35.898873406036635,-61.423039481879776,536.02294921875,208.837890625
FRB20200814A,0,False,,0,1184.871184375285,0.0003433935616825,2.4470115840658324,5.673166043694288,7.216328102797932,-8.756947810068935,604.26025390625,399.9755859375
FRB20200816B,0,False,,0,971.9874444381646,0.0003959198980145,2.1897145635102007,10.898328990641412,1.9421510492492984,-4.6590551936606674,492.93212890625,399.9755859375
FRB20200816A,0,False,,0,283.4543450629133,0.0012718610490195,0.4068006756825018,3.03642788901011,25.63905044681732,-64.27360594815548,488.53759765625,186.0107421875
FRB20200817A,0,False,,0,487.25283928660326,0.0002276485114394,0.5104421844640514,1.248625835029044,3.744680283376233,-9.900667350758765,483.50830078125,382.9345703125
FRB20200819A,0,False,,0,444.8592588202693,0.0003241206738044,1.84782014284249,2.9437799763344312,6.92074540923765,-30.25843853173339,448.66943359375,190.9912109375
FRB20200822A,0,False,,0,1040.8195120263872,0.000266978283772,0.8096338807850418,1.994219158729832,2.322635990354728,-3.620146438671045,551.55029296875,399.9755859375
FRB20200823B,0,False,,0,538.612990188184,0.0002634986778561,2.388423270893263,3.724700419016117,72.76167408121499,-70.39912815079974,670.98388671875,240.2099609375
FRB20200823A,0,False,,0,640.8606430337076,0.0003993645889657,0.8675291262457233,2.015715362451189,40.746501700652686,-70.15575894863079,535.04638671875,194.8974609375
FRB20200824D,0,False,,0,831.4760905309481,0.0006365510957767,0.5528022766036264,1.7232000249915265,3.50410686019477,-11.159618895661996,468.22509765625,337.2314453125
FRB20200824B,0,False,,0,1357.9334295041365,0.0010472907928288,0.5984119710502225,2.7304734916901934,12.663574987769126,-9.839025283267404,761.65771484375,330.6396484375
FRB20200824A,0,False,,0,1061.951364055895,0.0005663860301663,1.019186542183619,4.465818040370978,19.60321032515656,-131.6129427830298,431.14013671875,91.89453125
FRB20200825A,0,False,,0,678.2298059838625,0.0007945319015445,0.5773520745119479,2.4312190278694463,-3.025921813331287,-0.4570772894559278,400.20751953125,397.0458984375
FRB20200826C,0,False,,0,751.8697960508483,0.0006437177120825,0.8088589671695657,1.61083782854851,-2.786011085324142,-0.945525911463081,400.20751953125,384.1064453125
FRB20200826B,0,False,,0,927.5786642670504,0.0004978919225059,0.6433767478717808,1.9293198093906605,22.70254949837294,-77.13898552979984,463.63525390625,150.8544921875
FRB20200826A,0,False,,0,575.3191439639546,0.0005395416324498,0.2136553828051806,0.953473915192608,48.83940211666466,-250.0970892222348,441.24755859375,84.765625
FRB20200828E,0,False,,0,416.3558829349991,0.0009236914922468,0.4022025095213521,2.796491674263512,22.051136546625436,-93.57225710560373,450.23193359375,126.4892578125
FRB20200828D,0,False,,0,1516.5461452024556,0.0004990989940855,1.534507063238562,17.759092965192472,1.0763271683483886,-4.838394740038432,447.27783203125,399.9755859375
FRB20200828C,0,False,,0,701.1242810507922,0.0036719093120832,0.6160460979858008,15.91827709330504,183.5522944033401,-161.80284973720697,705.67626953125,168.75
FRB20200828B,0,False,,0,1046.979448815227,0.0007822426992701,0.4230730640426371,2.956367919449083,-3.2764661235487127,2.569696506867234,400.20751953125,399.9755859375
FRB20200828A,0,False,,0,561.3395902358106,0.002841029971621,0.594821894654885,3.1794977983971484,4.556048949562391,-7.343060403100651,545.76416015625,399.9755859375
FRB20200830B,0,False,,0,574.78611850028,0.0004537307772513,0.8001681477842887,7.792494145751673,2.3511433360719,-8.853042713596984,457.01904296875,360.8642578125
FRB20200830A,0,False,,0,293.8112898015464,0.0005583935677134,0.6920557896695508,0.544776845482994,3.7328559146980753,-40.36453323392789,419.12841796875,131.982421875
FRB20200831A,0,False,,0,976.5814025564048,0.0022360143748131,1.0862016632782274,16.617731794932652,0.1503639216035682,-6.049535096466347,405.18798828125,350.732421875
FRB20200831A,1,False,,0,976.5814025564048,6.390210169542689e-05,1.0862016632782274,16.617731794932652,12.739716155471449,-21.258142390151438,540.00244140625,350.2685546875
FRB20200901A,0,False,,0,306.0070185571745,0.0056973734158394,0.3650431335084513,4.690879802581432,5.334976411751644,-323.2335786948357,403.50341796875,38.818359375
FRB20200902C,0,False,,0,1635.9892595610038,0.0056543392912363,0.326495315234698,3.61832244730222,3.439592174088952,-22.195249453934128,432.43408203125,196.5576171875
FRB20200902B,0,False,,0,1612.0880237428391,0.0007948149620708,0.7294040835607134,2.39543174893265,5.370914614785784,-9.96919555905221,523.91357421875,399.9755859375
FRB20200902A,0,False,,0,360.775133574837,0.0008455048540469,0.902341984812026,5.300316800727616,3.626008840717698,-6.520053700990435,528.47900390625,399.9755859375
FRB20200903D,0,False,,0,1277.1530266688685,0.0003483936000884,0.4695074073414435,4.267588383043985,1.035421593836017,-3.861469610956468,457.60498046875,399.9755859375
FRB20200903C,0,False,,0,571.2314714096075,0.0006186635178395,0.5232761342723623,1.4411117188279805,24.73167521755912,-148.07193062128567,435.04638671875,92.6025390625
FRB20200903B,0,True,FRB20180916B,0,349.83505265895906,0.0023598517662296,0.5132311413639471,3.019395725485753,79.47531596105557,-91.39639856286192,618.15185546875,197.0458984375
FRB20200903A,0,True,FRB20180814A,0,192.67520022301957,0.0054232847640216,0.3520785829460929,3.197595248238644,176.62394700842503,-167.6174111592487,677.77099609375,159.228515625
FRB20200904C,0,False,,0,601.6009025750432,0.0018754479283816,0.6518743612232585,12.349099878118237,40.56804817146089,-86.14683132329722,506.43310546875,166.30859375
FRB20200904B,0,True,FRB20180916B,0,349.3674216579515,0.0009421498005935,1.2081157268257432,3.787225492716119,233.88672725524225,-190.2425752297217,740.00244140625,137.255859375
FRB20200904A,0,False,,0,422.123240832132,0.0002772217421802,2.579350470326581,3.857112123085293,0.5178488505745813,-10.923655138690382,409.80224609375,248.3642578125
FRB20200905A,0,False,,0,1144.803527896234,0.0002967774486405,0.6078500094152203,1.1501661214541006,-6.297821809831304,1.1460205008178035,400.20751953125,193.1640625
FRB20200905B,0,True,FRB20200905B,0,305.46260698984673,0.002114783532023,0.9259395751618144,7.642783911738585,130.42962826835912,-217.40829479563251,540.19775390625,111.3525390625
FRB20200905B,1,True,FRB20200905B,0,305.46260698984673,0.0018029006165602,0.9259395751618144,7.642783911738585,71.04603048736399,-184.49523683416425,485.16845703125,108.59375
FRB20200905C,0,True,FRB20200905B,0,306.4246636247772,0.0017318910267322,0.623232656560014,3.3896077334236066,219.6231696015759,-212.27109121319668,671.32568359375,140.0634765625
FRB20200908B,0,False,,0,885.5608409105951,0.0003385626269368,1.3141262332088854,2.9204729723893097,14.30583787681326,-14.931367769758236,646.13037109375,363.8916015625
FRB20200908A,0,False,,0,1117.3217508885807,0.0005812481135556,0.8351472271539038,6.587868721819069,-0.6056740046076037,-3.7724179907386586,400.20751953125,399.9755859375
FRB20200909C,0,False,,0,413.0953635276035,0.0005489447492189,1.1362535425568543,2.914243338861113,19.77556093239857,-68.06749620308226,462.75634765625,155.9814453125
FRB20200909B,0,False,,0,488.83000035848113,0.0013024803659459,3.8140756459005374,39.05484584067878,-1.9297881147627516,-0.0551377584616438,400.20751953125,399.9755859375
FRB20200909A,0,True,FRB20190303A,0,222.3627181842161,0.0027250663725442,0.2620326579056523,1.7119304643113304,57.77649207753825,-383.2495921734203,431.53076171875,66.0888671875
FRB20200910B,0,False,,0,683.9488032689833,7.439075305909242e-05,0.6135979105766071,2.926734127205381,-2.238857349676992,-5.081940343263268,400.20751953125,251.708984375
FRB20200910A,0,False,,0,1701.762277140327,0.0006042800033505,0.1576987581157665,0.3112261377326489,27.744521057395065,-103.64803035027153,457.50732421875,130.810546875
FRB20200912A,0,False,,0,687.6544025673913,0.0001829863121316,0.7768131713443577,4.866337025837218,10.256345858878053,-25.361313253305923,489.88037109375,261.9140625
FRB20200913C,0,True,FRB20200913C,0,577.3977135553014,0.0002676606486262,0.6200667092944889,1.3190934628838171,28.070239595606623,-74.82596269446368,482.75146484375,170.2392578125
FRB20200913B,0,False,,0,500.7857319865137,0.0019680353635003,0.7266142673435886,1.650182581360355,4.179050848328137,-11.285534091043711,481.60400390625,356.34765625
FRB20200913A,0,False,,0,302.49115071046026,0.0004788959371551,2.769127342322736,6.476535616502855,2.7148801540832053,-3.1875246625375016,612.65869140625,399.9755859375
FRB20200914C,0,True,FRB20200913C,0,575.627023292638,0.0003051392165148,0.7367691339643849,2.098003438683072,2.089909752781862,-3.9821805553604017,520.27587890625,399.9755859375
FRB20200914B,0,False,,0,1710.9002246841394,0.0012287256196492,0.3778575164981578,2.186119178800942,-4.431699639195727,0.6363160246565677,400.20751953125,304.2724609375
FRB20200915C,0,False,,0,882.4849278861252,0.0004857876000497,0.4975464418786602,4.306649244967828,3.257964428985971,-13.804203490350544,450.32958984375,277.24609375
FRB20200915B,0,False,,0,1208.8494066096307,0.008440515631282,0.3066840372585753,4.712651887037871,-4.603826664441808,4.943459469710031,400.20751953125,399.9755859375
FRB20200915D,0,False,,0,758.198156581678,0.0002182621255476,0.4728258618736387,2.0066948612014626,-1.3458631550229003,-3.8288580121307865,400.20751953125,343.26171875
FRB20200916C,0,False,,0,776.9642662654994,0.0003147938691618,0.752045645018275,1.6218271285339578,40.784540318956005,-66.73843520258272,543.22509765625,202.9541015625
FRB20200916B,0,False,,0,338.9158002652991,0.0002535849416685,1.026461687976812,1.9216338201758405,81.09610454435833,-95.2623892121044,612.53662109375,191.1865234375
FRB20200916A,0,False,,0,2335.711168739952,0.005627986617232,0.2168063169715492,2.107172506088504,33.95533636249187,-109.25232837057756,467.46826171875,136.2060546875
FRB20200917C,0,False,,0,1268.4756092751743,0.001523295822671,0.4543579448109793,1.883056893631302,6.17539203335827,-27.19663064641955,448.30322265625,199.4873046875
FRB20200917A,0,False,,0,883.2999204876231,0.0008911878022924,0.8355280903591866,6.028619609321699,25.98801087380932,-69.68633203740353,482.23876953125,176.26953125
FRB20200917B,0,False,,0,1197.470675131327,0.0015010901495077,0.618349923402131,5.696673691340236,20.14414535270137,-62.00525737231997,470.78857421875,170.60546875
FRB20200918A,0,False,,0,314.44419065052006,0.0002286886066853,1.272722887915498,1.4351840765331123,16.163263564219942,-69.25625550342104,449.71923828125,139.453125
FRB20200919C,0,False,,0,680.6597353406016,0.0002442251674049,1.7658043289545515,4.850529285264146,43.781843592645785,-44.95572583894964,651.25732421875,280.810546875
FRB20200919B,0,True,FRB20180916B,0,349.6214405516368,0.0055710824949181,0.408235161469079,4.4079788325462,24.750524516043864,-266.7723109355272,419.20166015625,59.7900390625
FRB20200919A,0,False,,0,381.5898172168463,0.0014463738887442,0.2716304214146785,1.725127758099866,31.897643575558853,-108.7318025937589,463.41552734375,135.3271484375
FRB20200920B,0,False,,0,1070.475887750472,0.0004921306458688,0.7122474693589582,3.831311148170931,3.0464988679409064,-4.303752173255661,570.15380859375,399.9755859375
FRB20200921C,0,False,,0,357.18640461042395,0.0003595897227791,0.507301935495947,0.9641176158748928,17.56643384494847,-53.131420682674026,472.13134765625,181.1767578125
FRB20200921B,0,False,,0,1582.0683346889728,0.0002891157944109,3.10966120791506,6.548900521534824,9.656061061194547,-12.9070634734218,581.72607421875,399.9755859375
FRB20200921A,0,False,,0,465.26999975610994,0.0003919154521973,3.2664691550284117,7.102105757920419,9.288083527570404,-8.455537891103653,693.10302734375,388.8671875
FRB20200922C,0,False,,0,498.1379896592003,0.000222290348836,1.8720465471557652,2.3451442326835696,-0.6908989247389062,-1.6747992142949266,400.20751953125,399.9755859375
FRB20200922B,0,False,,0,440.8840154551734,0.0025687830413807,0.7173292451404373,13.270774328872411,3.2679078775373305,-7.2823113547847536,500.86669921875,399.9755859375
FRB20200922A,0,False,,0,416.7457906865253,0.0006734983172308,0.63614861378745,2.8065056230105414,-0.5028274969523111,-2.655224917091872,400.20751953125,399.9755859375
FRB20200923C,0,False,,0,692.8726345677593,0.0003600403895231,0.7453639413984787,2.11742187922548,14.289894419701112,-84.32107413503073,435.58349609375,113.623046875
FRB20200923B,0,False,,0,1467.5316520869558,0.0019634173062831,0.2920117613729093,3.1563263209043924,43.22989057946211,-37.160578280228734,715.95458984375,241.9921875
FRB20200924A,0,False,,0,1835.2573774437085,0.0003011899752711,0.3290736827884634,5.987522748033393,3.916749877936201,-12.634817472126656,467.29736328125,315.8935546875
FRB20200925B,0,False,,0,733.485692687388,0.0005878790297549,0.5597708086763947,1.134979495173727,-0.789473958239849,-3.832272717594743,400.20751953125,388.8916015625
FRB20200925A,0,False,,0,540.7165232865748,0.0002647176980444,0.7027296808196806,1.107005864817998,12.677926626835765,-60.88806853734701,444.10400390625,139.208984375
FRB20200926A,0,True,FRB20200926A,0,758.5232105182491,0.0011642746264983,0.2539519817534088,3.1681619119551003,76.52899826606759,-265.94679001217344,462.12158203125,86.083984375
FRB20200926A,1,True,FRB20200926A,0,758.5232105182491,0.0032527436973085,0.2539519817534088,3.1681619119551003,29.208253058383136,-208.77444475462931,429.18701171875,76.4892578125
FRB20200927D,0,False,,0,326.1948583599298,0.0049279024550574,0.5973716269538811,7.098039366414062,0.7072757540533142,-3.351626671546977,444.73876953125,399.9755859375
FRB20200927C,0,False,,0,1383.5878678517008,0.0006327437083171,1.5099280112716644,3.5756470875973827,7.015040319796798,-9.507646540410724,578.74755859375,399.9755859375
FRB20200927B,0,False,,0,372.1260671235492,0.0003952125774715,0.7498489211032496,1.8209655945332404,2.988358393931615,-7.245438207056983,491.85791015625,399.9755859375
FRB20200927A,0,False,,0,1378.2857156526309,0.0013444424410755,0.3987268928448799,1.8840582693370331,2.569029934565497,-6.813464962313677,483.21533203125,399.9755859375
FRB20200928B,0,False,,0,1691.2586789279117,0.0007694451937315,1.4495572168935746,4.009619134898601,208.92157979863717,-199.77937617489133,675.08544921875,145.1904296875
FRB20200928A,0,False,,0,1633.192974236423,6.553962483610073e-05,1.9000343958899144,5.09746437316874,12.766338711662184,-13.62931741008921,639.24560546875,376.3671875
FRB20200929B,0,False,,0,234.8485064033708,0.0002351848775586,0.7107529737575334,0.9198821495398322,2.1541427412559755,-100.71592624864248,404.50439453125,70.3125
FRB20200929C,0,True,FRB20200929C,0,413.49581564930514,0.0020013682973454,0.5802318261611121,9.493945602459254,271.7856115790436,-542.3235566635913,514.14794921875,67.041015625
FRB20200929C,1,True,FRB20200929C,0,413.49581564930514,0.0013256964056811,0.5802318261611121,9.493945602459254,100.63715262364526,-235.6659948311155,495.44677734375,98.0712890625
FRB20200929C,2,True,FRB20200929C,0,413.49581564930514,0.0007468805021536,0.5802318261611121,9.493945602459254,70.86956838613338,-212.66857149626716,472.74169921875,98.53515625
FRB20200929C,3,True,FRB20200929C,0,413.49581564930514,0.0050354127585998,0.5802318261611121,9.493945602459254,26.11936258856857,-174.30733082073706,431.33544921875,83.642578125
FRB20200929A,0,False,,0,821.3754915507058,0.0007221155957226,0.744527869171369,2.2526049091154183,8.86089363783685,-11.135643858770642,595.73974609375,399.9755859375
FRB20200929E,0,False,,0,1416.928615991147,0.0026295014019743,0.4044597292939774,3.947764836876739,5.275416141925003,-28.771404070915302,438.61083984375,181.8115234375
FRB20200930A,0,False,,0,851.581729706804,0.0002336982495022,0.7566098998407079,1.923063245118154,-2.8388984592404385,-6.807176148926343,400.20751953125,202.392578125
FRB20201001B,0,False,,0,1046.160420190674,0.0001867199805606,0.5160715265777506,0.9593529562388352,45.58828452076745,-104.6652776401154,497.57080078125,148.1201171875
FRB20201001A,0,False,,0,1030.2233499672188,0.0012644428448768,0.4089369784907565,0.8690551062471077,-2.015285734239368,-1.050312328676786,400.20751953125,399.9755859375
FRB20201002B,0,False,,0,349.3293622125236,0.0002340143415137,1.1581593369464278,1.4252893377163234,35.53440207028778,-60.02808791507365,538.04931640625,212.0849609375
FRB20201002A,0,False,,0,672.4832499314632,0.0010003921781841,0.5065292130637397,6.672570892386094,-1.1322679233239146,-6.238602401771703,400.20751953125,275.29296875
FRB20201003B,0,False,,0,453.61081463581127,0.0001963317452807,1.733332597559164,8.732783806872124,4.162533636387118,-8.370754191377438,513.17138671875,399.9755859375
FRB20201003A,0,False,,0,516.3291665830959,0.0012923319351613,0.6398369059338688,4.12337595614169,15.20428549215358,-45.12415789750772,473.62060546875,193.45703125
FRB20201004B,0,True,FRB20190226B,0,634.3125447138691,0.0053683432279657,0.2073036827729719,2.408760447778651,43.76262182979934,-91.52025910763982,508.28857421875,161.8896484375
FRB20201004A,0,False,,0,1108.678701241713,0.0003382887410333,1.5466069741685748,8.611078770522955,12.15197859455067,-15.052594661894162,599.20654296875,394.921875
FRB20201007A,0,False,,0,452.37022430146175,0.0009392267801488,0.6310724261791938,1.406705704963904,24.50960223993496,-70.02262883594913,476.74560546875,171.3134765625
FRB20201008A,0,False,,0,290.242204449297,0.0003176179831674,14.300539244030734,35.412521335881536,-1.523082458510439,-4.912219042609146,400.20751953125,291.30859375
FRB20201009A,0,False,,0,938.4991327387962,0.0004709818753254,1.85700652462458,4.3593701388345165,-0.928703618361326,-1.0411443057955614,400.20751953125,399.9755859375
FRB20201010D,0,False,,0,1271.0064507572558,0.0013886713173566,0.2821293531385569,1.7094776736162376,0.5730085891716488,-2.9245868936888426,441.39404296875,399.9755859375
FRB20201010C,0,False,,0,1654.561536264724,0.0012916274055113,0.4568219346165195,3.5730010561608774,16.64778022383949,-19.070059760053663,619.20166015625,362.7197265625
FRB20201010B,0,False,,0,256.02132573023925,0.000818933479943,7.431317824718852,30.692582397644983,-0.878537041164906,-4.073364851696053,400.20751953125,367.67578125
FRB20201010B,1,False,,0,256.02132573023925,0.0029552165698007,7.431317824718852,30.692582397644983,4.294633946249856,-43.24178003007259,420.56884765625,129.5166015625
FRB20201010A,0,False,,0,1333.8772070873915,0.0254448418955616,0.3429069080278139,12.883443168494235,54.41863948760573,-69.50583333389766,591.95556640625,216.650390625
FRB20201011A,0,False,,0,301.58223375467685,8.143308547220951e-05,0.8999848222899567,1.901320479789217,76.58081505403048,-232.94419315669637,471.69189453125,93.9208984375
FRB20201014B,0,True,FRB20200202A,0,726.3557071363173,0.0008884645556446,2.742654576952833,25.773491134637915,113.02314997011418,-95.52892356033723,723.08349609375,181.0791015625
FRB20201014B,1,True,FRB20200202A,0,726.3557071363173,0.0004445881505715,2.742654576952833,25.773491134637915,100.11473836481495,-88.91154718222634,702.72216796875,201.904296875
FRB20201014B,2,True,FRB20200202A,0,726.3557071363173,9.680669238251082e-05,2.742654576952833,25.773491134637915,177.66879431234133,-171.91698869686113,670.93505859375,155.6396484375
FRB20201014B,3,True,FRB20200202A,0,726.3557071363173,0.0001812719906803,2.742654576952833,25.773491134637915,122.46936785383932,-125.00597969878048,653.16162109375,177.8076171875
FRB20201014B,4,True,FRB20200202A,0,726.3557071363173,0.0014670783293783,2.742654576952833,25.773491134637915,80.37734487055602,-82.65516766163948,650.79345703125,218.2373046875
FRB20201014B,5,True,FRB20200202A,0,726.3557071363173,0.0010202908071301,2.742654576952833,25.773491134637915,75.5732548087198,-82.51436958011001,632.62939453125,212.3291015625
FRB20201014B,6,True,FRB20200202A,0,726.3557071363173,0.0006478536250296,2.742654576952833,25.773491134637915,48.959124983346285,-64.24081669840932,585.82763671875,223.14453125
FRB20201014A,0,False,,0,503.9815821844446,0.000444275939786,0.6822473274842286,1.2016361108291933,45.17458312721851,-60.44563863856185,581.50634765625,228.41796875
FRB20201015B,0,False,,0,173.79199987670336,0.0003485743011097,29.145183875890343,88.19763279243631,0.0014013224622458,-3.5312763396219515,400.28076171875,399.9755859375
FRB20201015A,0,False,,0,308.315455740382,6.102875968301736e-05,0.3649562752741562,2.318835283146653,209.26028749451055,-171.24727648632836,737.26806640625,143.6279296875
FRB20201015A,1,False,,0,308.315455740382,0.0011774684686818,0.3649562752741562,2.318835283146653,156.6648580426185,-126.78849181395115,742.32177734375,151.4404296875
FRB20201016A,0,False,,0,421.1429441774568,0.0006791509879707,0.3511733413299364,0.9354115298200107,5.160371105597444,-118.66636522488092,408.99658203125,69.8974609375
FRB20201017G,0,False,,0,729.8805956006695,0.0008653911416888,1.9160229445944352,5.464394375500865,7.893069863745838,-9.584916364037914,604.06494140625,399.9755859375
FRB20201017F,0,False,,0,430.5278882498635,0.0015075761793766,0.7173654457950023,3.222826473152837,2.01133135417684,-5.117608570038019,487.09716796875,399.9755859375
FRB20201017E,0,False,,0,806.8793372696372,0.000721467531313,1.6177644746610649,3.500630511647607,109.03255541639874,-85.75224058610756,755.74951171875,158.6669921875
FRB20201017D,0,False,,0,271.1325893211751,0.0008189232143643,0.8661854350695839,3.4588587970342006,-3.392404199455772,0.6855111589470312,400.20751953125,399.9755859375
FRB20201017C,0,False,,0,732.0583543224603,0.0017569132591202,1.0784643556509332,6.974588045313561,16.672978202604764,-15.923069466537967,675.52490234375,338.330078125
FRB20201017A,0,False,,0,773.7258632966576,0.0003322663960172,0.8893007196247391,1.6011705610569882,62.08949861248125,-54.8798627296604,704.60205078125,226.07421875
FRB20201018D,0,False,,0,813.8167442264115,0.0011705253472112,0.7822133554403402,2.1280749856299086,0.4615495703625981,-28.876654327241976,403.40576171875,134.814453125
FRB20201018C,0,True,FRB20200809E,0,1703.198774437761,0.0016034430920898,0.8525414188707302,3.118476924602618,44.66070769631638,-88.56471091505638,514.95361328125,166.748046875
FRB20201018B,0,True,FRB20191113C,0,620.2811585490107,0.0022508921006913,0.3366026282494335,1.7613509630295872,89.9446313598076,-87.09287754331932,670.69091796875,219.0673828125
FRB20201018A,0,False,,0,848.3343936133897,1.94875999219969e-05,1.0569422337050176,8.141099970605174,-2.576732892455021,-10.715967195675647,400.20751953125,172.6318359375
FRB20201018A,1,False,,0,848.3343936133897,0.0002055734460966,1.0569422337050176,8.141099970605174,5.714229663291014,-12.09684155035028,506.82373046875,383.7890625
FRB20201109B,0,False,,0,687.9687985519188,0.0006450147092556,1.4308982576702902,3.88606070013012,8.696184301445381,-14.921967005953771,535.58349609375,393.0419921875
FRB20201109A,0,False,,0,752.0263577784939,0.0003045185380598,0.7541026644109897,1.9831043013989,0.0222502351933985,-3.432480655201378,401.50146484375,399.9755859375
FRB20201110B,0,False,,0,765.84881808435,0.0007624804945129,0.249572764068256,2.193932573142237,0.9825474679490098,-11.057212839446883,418.37158203125,260.107421875
FRB20201110A,0,False,,0,1142.3893371210293,0.0010642818144871,0.3131372814609782,1.080479477723471,28.03489520949029,-158.2986388719314,437.24365234375,93.06640625
FRB20201111B,0,False,,0,424.2460677445185,0.0002225985607808,0.912787280991852,1.1484700110104014,24.775477681443363,-65.72649890877605,483.19091796875,181.93359375
FRB20201111A,0,True,FRB20181226F,0,241.8130933677254,0.0003212547511751,1.04207515272152,2.016155159187039,3.8648070378618,-6.670324582740397,534.68017578125,399.9755859375
FRB20201112B,0,False,,0,1728.5447457101627,0.0003252022375417,0.657815820825969,4.236853985448857,130.78705689393644,-164.6812332369683,595.27587890625,141.0888671875
FRB20201112A,0,False,,0,320.73973721334147,0.0011840128173262,0.6682985133920222,3.273183933542962,6.32809709887568,-10.887798968162246,535.14404296875,399.9755859375
FRB20201113B,0,False,,0,374.3140194637725,0.0004375174960685,1.7534653626565115,3.5151052354234618,3.25988888007844,-11.01092308494984,464.05029296875,332.8857421875
FRB20201113A,0,False,,0,378.13552330354656,0.0049010829897947,0.1983811956209374,2.377564732630277,3.440487470111494,-6.381570905885492,524.01123046875,399.9755859375
FRB20201114A,0,True,FRB20201114A,0,320.9687104348303,0.0018418774491844,0.5980434294862456,4.127146084365895,363.1996004495362,-340.0090260515379,682.70263671875,112.4755859375
FRB20201114A,1,True,FRB20201114A,0,320.9687104348303,0.001410387975037,0.5980434294862456,4.127146084365895,248.7229014588357,-252.0847610933768,655.43212890625,125.4638671875
FRB20201114A,2,True,FRB20201114A,0,320.9687104348303,0.0010742188024121,0.5980434294862456,4.127146084365895,269.83426469679944,-305.81397998054683,622.10693359375,108.0810546875
FRB20201115B,0,False,,0,763.2716734341884,0.0033462426369713,0.8267840256084918,6.150357152784336,0.3982661031855819,-0.4363524259440086,631.62841796875,399.9755859375
FRB20201115A,0,False,,0,304.89876877559044,0.0005307701470905,1.4195736522345204,7.485306256595187,-5.151147005676198,-2.564831491019712,400.20751953125,182.91015625
FRB20201116A,0,False,,0,343.88481154489534,0.0001998741954304,2.4017447564493906,3.690746272767022,3.3161995098404717,-5.753901389159351,533.85009765625,399.9755859375
FRB20201117A,0,False,,0,1322.4620087018443,0.0003756024939505,0.5528719448477275,1.6738412635441755,-1.219088314183898,-3.7866676954473104,400.20751953125,355.1513671875
FRB20201118B,0,False,,0,417.23971001283286,0.0002350439538892,3.0742902728437174,6.700713781482952,3.831926515844825,-10.707881013471438,478.60107421875,360.7666015625
FRB20201118C,0,False,,0,875.6007224072812,0.000990775045993,0.3136445701462665,0.9696793543104836,19.644793370168788,-17.632237167438095,698.57177734375,313.4765625
FRB20201118A,0,False,,0,494.0820601534076,0.0036044587598006,0.2130609948034005,2.066609691508688,4.453251231962804,-5.190293730262376,614.58740234375,399.9755859375
FRB20201119A,0,False,,0,718.270035123808,0.0001925849569916,0.5419923165097438,1.02674312601232,2462.8225394369665,-2142.2891728048844,711.07177734375,46.6064453125
FRB20201120C,0,False,,0,273.99473370880094,0.010348911305924,3.675689941019867,110.81360197622315,-1.3753711058897065,-3.8822017152090544,400.20751953125,338.623046875
FRB20201120B,0,False,,0,916.723293186492,3.27149683137946e-06,0.3829319248606554,3.5194007199457635,-4.208947413223402,-5.285881253057465,400.20751953125,180.712890625
FRB20201120A,0,False,,0,291.2626841768615,0.0009973973567364,2.754733535308031,8.989805945139606,-0.298928148778048,-1.897604101966279,400.20751953125,399.9755859375
FRB20201121A,0,False,,0,900.7634543641512,0.0008305459927614,0.9335426424008676,4.663377836167176,112.38702799943104,-97.68634662046074,711.36474609375,190.0390625
FRB20201122A,0,False,,0,867.4625025600568,0.0002394060362746,1.2231228953952509,2.6102254464408325,6.117325766238645,-9.811390000165522,546.59423828125,399.9755859375
FRB20201123D,0,True,FRB20180916B,0,348.9757698213559,0.000547949513412,1.3020959672003602,11.249960518080362,16.795879250462264,-83.57220831802492,442.49267578125,122.16796875
FRB20201123D,1,True,FRB20180916B,0,348.9757698213559,0.0024238267739618,1.3020959672003602,11.249960518080362,54.438319304475165,-115.40701399212048,506.65283203125,143.5791015625
FRB20201123F,0,False,,0,120.90855395185352,0.0009386562222868,0.2564651264845766,0.3229528663498768,-3.276548166614189,-1.7829270935997354,400.20751953125,288.3056640625
FRB20201123C,0,False,,0,489.2281928691272,0.0003069126612607,0.7025984062212647,1.161121779652261,-0.9965199110344808,-10.64595458387979,400.20751953125,209.228515625
FRB20201123B,0,False,,0,643.5213042930563,9.467110519033936e-05,0.4167044496945305,0.5909162356237488,-0.6263040363326559,-2.8573956727355774,400.20751953125,399.9755859375
FRB20201123E,0,False,,0,1088.601146052763,0.0001189985871375,0.5006857587462819,3.4986620683761167,38.92924420455825,-77.88721515138384,513.80615234375,177.5390625
FRB20201124A,0,True,FRB20201124A,0,413.0464932033125,0.0103690697909737,0.2514854564105948,6.422206561262486,43.45119542456733,-143.58444501524173,465.56396484375,118.212890625
FRB20201124B,0,True,FRB20201124A,0,411.4800639204024,0.0030011717879981,0.3471206158191083,7.125057262039178,41.19990758256143,-60.66078019700835,562.02392578125,220.361328125
FRB20201124B,1,True,FRB20201124A,0,411.4800639204024,0.0022866336458296,0.3471206158191083,7.125057262039178,233.5377650092621,-234.0122862769241,659.14306640625,130.95703125
FRB20201124E,0,True,FRB20190907A,0,309.36695429049894,0.0006868990914545,0.2420243357004465,3.1060133358384974,250.7943039334212,-251.52837745460687,658.85009765625,126.2451171875
FRB20201124E,1,True,FRB20190907A,0,309.36695429049894,0.0043601854640525,0.2420243357004465,3.1060133358384974,41.26825088330359,-60.19599030964324,563.83056640625,221.923828125
FRB20201124E,2,True,FRB20190907A,0,309.36695429049894,0.0009275314019662,0.2420243357004465,3.1060133358384974,6.714026131871963,-49.326219891430206,428.38134765625,131.4697265625
FRB20201124D,0,False,,0,259.49645262807945,0.0002062168005656,6.153270152245093,26.23558328774019,-0.6163253699262028,-4.891243277246626,400.20751953125,348.193359375
FRB20201125A,0,False,,0,1134.4059992321106,0.001099727559332,1.036990657374966,3.517478906723251,4.597393442161525,-6.737258983307857,562.92724609375,399.9755859375
FRB20201126C,0,False,,0,320.52320810610377,0.0003964055035069,32.964888273396674,77.1077568370248,131.40384937133257,-103.57827633195303,754.67529296875,150.048828125
FRB20201126B,0,False,,0,972.5864012716218,0.0004129266481229,1.1119162855160618,2.2958943773032807,-0.3197669411513241,-3.0005208126075904,400.20751953125,399.9755859375
FRB20201126A,0,False,,0,625.5016671893688,0.0004289262622363,0.6688384100861199,2.834561970080658,1.5491861233488164,-12.763372259578455,425.23193359375,250.048828125
FRB20201127C,0,False,,0,1029.95277104943,0.0111766588447829,0.2568195817993777,3.079448842966906,25.808318084457422,-130.27237961190207,441.85791015625,104.4677734375
FRB20201127B,0,False,,0,672.4490014643914,7.855547253524684e-05,0.5118282469602938,0.535496270474367,-1.4636363076831465,-4.497212025187791,400.20751953125,308.203125
FRB20201127A,0,False,,0,328.75974263643985,0.0002456323704478,0.3500362959951086,1.9837911378517712,1.1871779755198413,-9.186612183546202,426.91650390625,304.0771484375
FRB20201128E,0,False,,0,370.9649854899705,0.0004229270863813,2.8495996752690225,11.082624601337326,-0.0778216838955324,-2.838762335692952,400.20751953125,399.9755859375
FRB20201128D,0,False,,0,157.8533851435119,0.0002166189885374,5.898366018401634,18.04701731566856,-3.952580582501927,0.2912392059668282,400.20751953125,336.3037109375
FRB20201128C,0,False,,0,418.3073042814122,0.0002493818543089,0.9882324773761396,2.121808015457096,1.098957857857661,-15.090366243313564,415.02685546875,213.1591796875
FRB20201128B,0,False,,0,298.141130204408,0.0002549845589052,5.417738729383818,11.92351596820957,3.6235699041407634,-6.407432476758552,530.96923828125,399.9755859375
FRB20201128A,0,False,,0,368.51755780365374,0.0018875663608503,0.5046422540740497,3.0216575749004138,-2.162502640752113,3.0746528034015355,400.20751953125,399.9755859375
FRB20201129A,0,True,FRB20200120E,0,87.84619201159154,0.0002897187564342,0.9823224715169848,2.0735603544307915,-0.108854828552025,-5.539965109386169,400.20751953125,354.9072265625
FRB20201129B,0,False,,0,303.3059577204996,0.0007463564033791,1.3011114304051965,4.681899959036448,1.7714668707494912,-19.609363794401048,418.68896484375,189.5751953125
FRB20201130B,0,False,,0,564.1226479237539,0.0006402417026406,0.6714161158994681,2.295742014777015,23.20713503061104,-76.12744017524017,466.07666015625,154.39453125
FRB20201130A,0,True,FRB20201130A,0,288.23519639830806,0.0025407149002074,0.7364731763649525,7.300511463548222,56.024964093713024,-59.09603328057021,642.88330078125,255.419921875
FRB20201201A,0,True,FRB20191106C,0,333.16489841111456,0.0122532905813808,0.1462267477280502,4.288273135812101,7.10186213937587,-71.08596216752188,420.69091796875,103.4423828125
FRB20201201B,0,True,FRB20190804E,0,362.9337066604156,0.001179100914431,0.3296007159874584,1.191838964520887,28.920021816203835,-107.2499834466886,457.94677734375,130.0048828125
FRB20201202C,0,False,,0,962.9358363805547,0.0003999634545828,0.5439945643121662,1.6244138878911878,-6.624825908872312,7.081202272307145,400.20751953125,399.9755859375
FRB20201202D,0,False,,0,951.786753436486,0.00307462678293,0.2215269418873048,0.451622375797966,-2.048198506884218,-7.827048227251593,400.20751953125,213.2080078125
FRB20201202B,0,False,,0,1114.5807641385254,0.0028005513693625,0.2563392074895555,0.4471994525091417,138.7396711380976,-136.07356268699996,666.29638671875,173.8037109375
FRB20201202A,0,False,,0,409.9355692821301,0.0007477189783638,2.564048977505861,7.619833260523155,2.2679324493499253,-4.315318310087096,520.47119140625,399.9755859375
FRB20201203C,0,True,FRB20200929C,0,413.523048713924,0.0014044614049992,0.5525120527829982,1.7507752810148662,29.99160840739504,-131.934326173002,448.37646484375,111.474609375
FRB20201203B,0,False,,0,660.3353671798759,0.0051713894394734,0.5992521154071321,13.6489464927901,-0.0094519834077469,-3.5336522733655147,400.20751953125,399.9755859375
FRB20201203A,0,False,,0,610.9102245030751,0.0003077450063694,0.2333315304799259,0.5876184280605875,13.631809243476797,-191.70165764983477,414.68505859375,62.5
FRB20201204C,0,False,,0,845.9616961290662,0.0004030918189071,0.8528727178625279,1.6989397142787228,4.372985563607541,-4.809983850602368,630.50537109375,399.9755859375
FRB20201204B,0,False,,0,230.55589512347203,0.0033436493295608,0.7677779605345194,5.443998004402877,-1.4741227730017352,-11.36920028583375,400.20751953125,190.771484375
FRB20201204D,0,True,FRB20181119A,0,363.96784020163966,0.0016786086868452,0.5135912550322215,1.9330606369342045,69.60980062858759,-65.32472281217063,681.79931640625,235.05859375
FRB20201204A,0,False,,0,475.1099812491622,0.0020323216159094,0.4890687747258458,9.072610167822743,-4.227886437672906,2.9916856109962437,400.20751953125,399.9755859375
FRB20201205B,0,False,,0,552.4693112840703,0.0008149974907128,0.630594511218238,1.7443746173405252,11.140057401226278,-16.556289166514123,560.24169921875,399.9755859375
FRB20201205A,0,False,,0,883.141257454288,0.0076280725898759,0.4597547763460312,10.562983169672163,-0.2642874339175693,-2.215359880933001,400.20751953125,399.9755859375
FRB20201205C,0,False,,0,496.2222760544225,0.0018423774459263,0.2328201604259766,0.2742956441061046,29.579550454144524,-333.5225374742544,418.34716796875,54.3701171875
FRB20201205D,0,False,,0,873.8007058942227,0.0013486025534501,0.3989118523764637,2.498363487962518,18.747763686104232,-72.61616245583686,455.33447265625,143.8720703125
FRB20201206E,0,False,,0,338.20454760882774,0.0002469510754359,0.90161734169916,2.996419925347709,-3.0863350230050397,-0.015734323368195,400.20751953125,399.9755859375
FRB20201206B,0,False,,0,494.2055243340175,0.0007771888808917,0.273542326533346,0.4916793569776118,1.0999016460989022,-8.904849767300119,425.69580078125,307.6171875
FRB20201206C,0,False,,0,330.8474651482466,0.0003514277335849,0.74077809546469,2.7329404657352923,16.43793074258702,-142.07248350477232,424.03564453125,81.3720703125
FRB20201206C,1,False,,0,330.8474651482466,0.0008521908431043,0.74077809546469,2.7329404657352923,17.388633599919693,-154.1341234994624,423.42529296875,78.2470703125
FRB20201206D,0,False,,0,354.2622070968667,0.0011455811231756,0.5273262462244687,2.2825636846045296,72.98854631354132,-57.78170226929232,752.60009765625,183.7646484375
FRB20201207E,0,False,,0,588.6048929820582,0.0004562971660421,1.1847383742294466,1.9131377297478585,25.95814077856133,-50.38555951480646,517.78564453125,223.046875
FRB20201207D,0,False,,0,651.3988082021465,0.0002203943865718,1.6641210839568668,4.741419239932199,2.7721744115108486,-8.555530543189294,470.56884765625,390.33203125
FRB20201207B,0,False,,0,560.0966538290193,0.00047875568481,2.220109926263123,5.390944778770416,2.913857994993224,-4.368532804787023,558.60595703125,399.9755859375
FRB20201207F,0,False,,0,1345.022791042382,0.0020148372890163,0.2585884894943449,1.450243629580197,-1.1005668795627075,-0.449317238083004,400.20751953125,399.9755859375
FRB20201207A,0,False,,0,254.62633302730464,0.0042513473304967,0.4098669081390932,5.219351449056368,18.643481800003872,-167.888372082778,423.03466796875,75.390625
FRB20201208A,0,False,,0,706.1664833147045,0.0038873654101884,0.5432903968723661,10.194638791177477,4.975639435428127,-9.580583784487786,518.85986328125,399.9755859375
FRB20201209A,0,False,,0,752.7541733256846,7.981106931616987e-06,1.0770207788293802,6.541488661445413,0.1583678251597529,-6.667078940600431,404.96826171875,328.662109375
FRB20201210D,0,False,,0,628.3367398723543,0.0002685807217653,1.6217801215636063,3.422437634508262,1.4123990654002867,-2.7170821323921137,518.98193359375,399.9755859375
FRB20201210C,0,False,,0,279.2388927879975,0.0002295875917609,3.10537710578446,7.738462156153508,47.83448756111769,-52.88308612815523,629.06494140625,264.404296875
FRB20201210A,0,True,FRB20201124A,0,410.9245791851264,0.0012028403243642,2.347901305308609,24.21257688975373,180.51733607829715,-156.1331030803029,713.39111328125,168.359375
FRB20201210A,1,True,FRB20201124A,0,410.9245791851264,0.0028868200028115,2.347901305308609,24.21257688975373,152.98724586161745,-150.42568021351423,665.44189453125,165.0634765625
FRB20201210B,0,True,FRB20200926A,0,758.4293530010135,0.001440005810191,0.3214919663769502,1.359867371427719,68.46331598235568,-150.8844577328213,502.11181640625,124.3408203125
FRB20201212E,0,False,,0,701.355567214716,6.658164172001697e-06,0.874195399536444,1.5138210013165885,-1.242616099316982,-3.599568286731541,400.20751953125,363.0126953125
FRB20201212D,0,False,,0,800.2115984457179,0.0002739019156233,0.6484632785097364,0.8347208255998732,25.253910505985928,-60.103386111954,493.76220703125,194.5068359375
FRB20201212C,0,False,,0,527.3285656341795,0.0001767178643075,1.1042169571699965,3.1236466184303437,-0.1805947222832819,-5.003876473788134,400.20751953125,374.4873046875
FRB20201212B,0,False,,0,598.1962717669043,0.0005583154922644,1.374827511691214,5.911394862989948,-2.097345922319656,-2.2546331159192863,400.20751953125,364.35546875
FRB20201212F,0,True,FRB20190303A,0,222.641533649021,0.001814906848653,0.4549471482444449,1.306367542378687,164.06199043462468,-180.01025818357235,631.21337890625,143.06640625
FRB20201212A,0,False,,0,314.80066678053555,0.0010936738723429,0.5272943333092606,2.5271726545951667,12.136569342371144,-78.50650776747719,432.36083984375,112.890625
FRB20201213A,0,False,,0,960.844128879782,0.0025134934295439,0.5134588212286954,2.1442764425781857,-0.573172645800595,-9.962059797919864,400.20751953125,229.19921875
FRB20201214B,0,False,,0,847.6785309534989,0.0012083554444905,0.9928541200588346,5.811549935795068,11.768878276275506,-14.632016512640948,598.30322265625,397.7783203125
FRB20201214A,0,False,,0,363.18670179837886,0.0003070225557617,0.6039534679221475,1.0490149842172327,101.47644482627976,-111.73933329038113,630.18798828125,181.5185546875
FRB20201215D,0,False,,0,407.7521143695886,0.0017663515192035,1.0576106848497488,4.601202446659279,2.7869832567971646,-2.521738431490416,695.44677734375,399.9755859375
FRB20201215B,0,False,,0,650.5077610021352,0.0010116640548886,0.7192369810009804,6.282116679738912,36.06465141526698,-95.88229805906624,482.99560546875,150.2685546875
FRB20201215A,0,False,,0,684.6342246564628,5.2218767029922135e-05,2.8844856562176973,7.72293914509501,6.126116459888428,-5.957182977545509,669.22607421875,399.9755859375
FRB20201215E,0,False,,0,172.75785825835516,0.0005503485847866,0.5700012057919988,1.487141402123055,1.4545329734844157,-3.787958250014419,484.89990234375,399.9755859375
FRB20201216E,0,False,,0,491.1463714254326,0.0081595063318355,0.2973507756792425,3.3908698870003717,86.7740765924894,-346.8563997395311,453.52783203125,73.9501953125
FRB20201216D,0,False,,0,410.5168559166596,0.0007126391484277,0.6950880107751667,1.578194967180101,4.566123869547104,-13.150290543214478,476.06201171875,323.2177734375
FRB20201216C,0,True,FRB20190417A,0,1382.4594229062084,0.0025203320082795,0.532280608944041,3.609156476216505,222.42133041910216,-196.189163660038,705.43212890625,153.125
FRB20201217A,0,False,,0,632.774406915804,0.0008209442334692,1.2866733207981578,14.237344581455844,-1.230612468428842,-4.789647274584351,400.20751953125,312.1826171875
FRB20201217B,0,False,,0,731.311228690562,0.0001576020862493,0.4269855624037713,9.909200794698837,7.816958832370236,-40.62965281288833,440.61279296875,158.8134765625
FRB20201218B,0,False,,0,694.2195276286843,0.0003196064565461,3.094621312822554,7.279612135336164,20.13429307942497,-20.10115835158636,660.36376953125,329.4189453125
FRB20201218D,0,False,,0,328.74972014865205,0.001229083730032,0.2993411541020807,0.8368534705495578,4.1572704522876265,-3.228482259659743,761.87744140625,399.9755859375
FRB20201218C,0,False,,0,522.0656410376213,0.0009821973000534,0.4078410127615823,1.0947318441620495,46.48222912145823,-77.94556911568527,539.22119140625,186.23046875
FRB20201218A,0,False,,0,733.5839762502609,0.0008933204420092,0.9864219778888944,3.1728544556198752,33.56774311378332,-50.93637768042264,556.38427734375,238.3544921875
FRB20201219B,0,False,,0,1054.0266688755255,0.0005268783193542,0.8115523178223493,2.2577647130897223,110.21274568676648,-90.29820381443844,736.73095703125,172.16796875
FRB20201220C,0,False,,0,1169.437233283325,0.0004103830826992,2.3370146039347874,10.707992966132736,2.9535344907417755,-8.478808981604923,476.33056640625,399.9755859375
FRB20201220B,0,False,,0,539.9473950657684,0.0001872775965367,1.6294306570569996,3.0450032169424897,12.285813303030135,-60.757810464125015,442.76123046875,137.7197265625
FRB20201220A,0,False,,0,404.8399820348655,0.0012528094036953,0.1118991563998385,0.68507428668649,3.445719299507484,-30.05538830381581,423.81591796875,158.740234375
FRB20201221B,0,True,FRB20201221B,0,510.3897227976056,0.0010405335693911,0.4628975715849646,1.2173873108073905,9.763118586128334,-42.29095142821709,449.15771484375,166.9921875
FRB20201221A,0,False,,0,567.019617277253,0.003800481361221,0.1941351332108656,1.0199887822234068,-2.970949629283163,-8.231540827123268,400.20751953125,184.033203125
FRB20201222A,0,False,,0,399.7936164160057,0.0004257276288839,0.6790606396578165,1.7426375648978067,10.187338794697148,-76.58432062410976,427.72216796875,108.4716796875
FRB20201223C,0,False,,0,803.6062040393717,0.0015189576800536,0.7327818459560433,3.528691052159365,21.3600033603144,-17.12084266908309,746.76513671875,282.666015625
FRB20201223B,0,False,,0,325.13133608894816,0.000515848778504,1.1985851176735345,4.102323485536211,8.250562607202596,-17.746388708574116,504.91943359375,323.6572265625
FRB20201223A,0,True,FRB20200926A,0,758.8474300011093,0.0023242398763152,0.1739525120686863,0.6216035014914518,28.2214109304921,-111.60489158006172,454.13818359375,124.0478515625
FRB20201224B,0,False,,0,1102.784709714334,0.0007466836824406,1.7765405389288764,9.569202179762192,4.135914138131103,-13.958248244181032,464.09912109375,296.4111328125
FRB20201224B,1,False,,0,1102.784709714334,0.0003432043335432,1.7765405389288764,9.569202179762192,1.3215601264332932,-8.078228023502382,434.31396484375,340.5029296875
FRB20201224A,0,True,FRB20181201D,0,443.68927825577,0.0005344472927465,2.925134818995585,7.7339063260998735,6.780920864663199,-7.069771413000499,646.47216796875,399.9755859375
FRB20201225E,0,False,,0,807.7871759741878,0.0013977738486195,0.4172641910580417,1.5894418604438605,-0.8454385761939124,-0.8184795647811296,400.20751953125,399.9755859375
FRB20201225G,0,False,,0,742.325400337624,0.0001617434560174,0.3397182578693519,5.157820109380732,-1.8042905691970357,-2.584345651594645,400.20751953125,371.9970703125
FRB20201225C,0,False,,0,1319.9206134375895,0.0077124385537497,0.3618399952486196,9.173593410595815,5.540743698002067,-10.31191167216756,523.54736328125,399.9755859375
FRB20201225F,0,False,,0,451.3240670640756,0.0003296040350387,0.3829646641224969,1.7069770168726746,7.101683381376684,-18.963701076901756,482.60498046875,283.5693359375
FRB20201225B,0,True,FRB20190804E,0,362.84191785922417,0.0005149745761939,0.6479703064114938,4.284973687876904,39.08958866972449,-149.81646287774777,455.96923828125,113.3056640625
FRB20201225B,1,True,FRB20190804E,0,362.84191785922417,0.000458591788216,0.6479703064114938,4.284973687876904,7.620459864110127,-203.92131916793005,407.75146484375,53.2470703125
FRB20201225A,0,False,,0,145.55894133511003,0.0004789282565076,3.797300405810934,7.524718803259654,-7.911629264346793,-13.75309007116206,400.20751953125,94.7509765625
FRB20201226C,0,False,,0,980.8647365248894,0.0031119208842281,0.4766099573141268,8.541931516365015,114.51413429866996,-85.59795798503698,781.21337890625,137.1337890625
FRB20201226B,0,False,,0,285.19564994587125,0.0118813466028667,0.4938064155684606,8.358371127563895,27.14993680398777,-163.7310141253606,434.77783203125,89.306640625
FRB20201226A,0,False,,0,577.7452729922941,0.0002627450541011,0.7284713558412934,2.555821130518433,0.6892068286999438,-3.15057378355888,446.44775390625,399.9755859375
FRB20201227A,0,True,FRB20171019A,0,461.1025616451218,0.0163564495397728,0.5449191817541827,4.642713133246086,-14.610325964824291,20.20255433883754,400.20751953125,399.9755859375
FRB20201228E,0,False,,0,1113.9376841867677,0.0017141348788581,0.4434326380064871,1.8375586631354923,29.00235805106293,-70.59249780847992,491.46728515625,178.466796875
FRB20201228D,0,False,,0,795.9287316151731,0.0075765789897571,0.5956103725367189,2.464243583989132,8.607776872990447,-23.60846479612456,480.23681640625,256.0302734375
FRB20201228C,0,False,,0,837.0265003608561,0.0016053178237542,0.2965922683124011,1.6147441896109211,-3.5170798033137665,-2.6277823956166504,400.20751953125,247.4853515625
FRB20201228A,0,True,FRB20190804E,0,363.0567692459489,0.0015370773012179,0.5317056819070921,5.385710722581468,154.77162829646076,-194.96944230030124,595.17822265625,129.58984375
FRB20201228A,1,True,FRB20190804E,0,363.0567692459489,0.0029398779133464,0.5317056819070921,5.385710722581468,65.74384008071385,-107.41378943475831,543.46923828125,159.6923828125
FRB20201228A,2,True,FRB20190804E,0,363.0567692459489,0.0004105986661324,0.5317056819070921,5.385710722581468,52.649608573730525,-134.64956959504815,486.60888671875,127.6123046875
FRB20201229C,0,True,FRB20200929C,0,414.3068164924672,0.0011989437964369,0.5601612582325195,3.681990904679136,267.0127212975148,-283.3374715630564,641.07666015625,115.72265625
FRB20201229C,1,True,FRB20200929C,0,414.3068164924672,0.0020784960055451,0.5601612582325195,3.681990904679136,49.5673475376601,-73.51307884190135,560.63232421875,199.462890625
FRB20201229D,0,False,,0,621.6129497543835,0.0006946197044372,0.2932870842783188,1.5935863172093596,4.62851979248896,-93.61789687227744,410.21728515625,79.638671875
FRB20201229A,0,False,,0,451.1225995884001,8.003535296614187e-06,0.3004591688920609,1.6014862692680674,42.17619049151789,-250.91933116804503,435.29052734375,78.8330078125
FRB20201230E,0,False,,0,954.09947538322,0.0005805874404811,0.4363672651082882,3.2550003781437327,84.67038761320016,-66.60445517273561,755.65185546875,172.7294921875
FRB20201230D,0,False,,0,754.7577153269026,0.0005243237812913,0.4636668089285543,0.9079457937738156,-1.3907798571454304,-4.06666402322994,400.20751953125,329.4677734375
FRB20201230C,0,False,,0,686.8890754755637,0.0008000282576964,0.4621668163447042,1.5580267414445326,3.377500992110971,-9.446673778852093,478.52783203125,383.7890625
FRB20201230B,0,False,,0,256.07790727199693,0.0004782554228587,4.222802766625413,11.43318949866252,71.31794096349313,-74.5091801363257,645.83740234375,228.1982421875
FRB20201230A,0,False,,0,791.7300037879786,9.237949411075594e-05,0.6874991510230066,1.6152023521414816,5.493005771939023,-7.813414692333332,568.76220703125,399.9755859375
FRB20210101E,0,False,,0,860.7549304697169,0.0010031121698431,1.093168768579744,6.947356482107958,4.629196174725909,-16.873170667153154,459.04541015625,263.9404296875
FRB20210101E,1,False,,0,860.7549304697169,0.0001075759574425,1.093168768579744,6.947356482107958,25.44607238865133,-33.21425024368412,586.99951171875,312.646484375
FRB20210101D,0,False,,0,882.8007793739552,0.0011492945221446,1.1159710508141296,8.094677522215905,-0.0841889395515755,-3.376502641707245,400.20751953125,399.9755859375
FRB20210103C,0,False,,0,366.1616526733509,0.0061792997675557,0.7552477104859755,6.86327790853364,100.46133093615778,-132.32016333201474,584.97314453125,154.7607421875
FRB20210103A,0,False,,0,746.1395610658567,0.0006272520687717,0.6308104077850176,6.562777448726358,4.796267457494376,-6.904423824542599,566.39404296875,399.9755859375
FRB20210104F,0,False,,0,1119.856751060662,0.0008192385633505,0.536485837514998,1.7443901259965722,-3.1091187160794,-1.341868778943207,400.20751953125,321.923828125
FRB20210104E,0,False,,0,861.7563785584928,0.0003389154730937,1.788156102953264,5.683060871394645,4.181796488402198,-10.862950258107707,485.14404296875,368.5791015625
FRB20210104D,0,False,,0,1069.202397538294,0.0003170669503322,0.4201766825358463,1.001862494961148,3.970675199731695,-5.842262369313143,562.14599609375,399.9755859375
FRB20210104C,0,False,,0,456.5996428507304,0.0033720700211873,0.489475501190222,2.912083407347543,12.961194540235493,-93.78510630546631,428.82080078125,101.3427734375
FRB20210105G,0,True,FRB20201130A,0,287.83652586369413,0.0008106205829054,1.4242014276503845,5.448744719481272,41.22174873570234,-58.51074352363344,569.17724609375,227.294921875
FRB20210105F,0,False,,0,1199.1256472154314,0.0001528242789548,1.2839252490969215,13.725966077789916,169.7277535442431,-152.08268723939477,699.23095703125,172.4853515625
FRB20210105F,1,False,,0,1199.1256472154314,0.0019197848611176,1.2839252490969215,13.725966077789916,90.99258844940492,-91.8024699920273,656.89697265625,208.9111328125
FRB20210105E,0,False,,0,532.3951047941325,0.0003341407193819,1.1469030442136938,3.049782843933923,-4.171578141108233,-0.4941536019025652,400.20751953125,272.900390625
FRB20210105C,0,False,,0,291.12304959280857,0.0002406999027315,2.2869788434074536,5.746701036754264,-0.5469456371986927,-8.77518545302258,400.20751953125,247.8515625
FRB20210105B,0,False,,0,425.7524983523319,0.0008338155488624,0.9181339816034952,3.2954634585373617,2.021539536598248,-41.76499084226935,409.99755859375,118.2861328125
FRB20210105A,0,False,,0,2469.6436763810675,0.0017148197043564,0.3689736012958259,1.307591945921751,178.73010685868925,-161.9485052652475,694.88525390625,166.0888671875
FRB20210106C,0,False,,0,830.8048601519796,0.0003553716261387,1.21578664545672,10.377411012065002,2.787783814213893,-10.62919783515645,456.26220703125,326.4892578125
FRB20210106B,0,False,,0,262.7803047537292,0.0003423648452821,0.6189069092623177,1.07412224302398,-4.760459710049397,-0.9120049390084078,400.20751953125,224.70703125
FRB20210106A,0,False,,0,1321.3897019006993,0.0021951851407604,0.642085528774047,5.167056381926294,0.2226260957749541,-8.148661554148891,405.70068359375,290.1123046875
FRB20210107A,0,False,,0,328.28361104956315,0.0010212480439469,0.6312729611149916,2.97739753541398,9.467386726676253,-13.04108377537394,575.32958984375,399.9755859375
FRB20210108A,0,False,,0,223.82348206111365,0.0009224142679411,1.625717756764013,13.875342282298744,-1.4935153754384374,-0.188799258199147,400.20751953125,399.9755859375
FRB20210109B,0,False,,0,490.2579108110285,0.0008925422350782,0.9643476361167264,6.688589637620334,3.448856862739613,-5.199399635620893,557.58056640625,399.9755859375
FRB20210109B,1,False,,0,490.2579108110285,0.0007676374844314,0.9643476361167264,6.688589637620334,8.82793701505664,-15.143713475116895,535.60791015625,390.8203125
FRB20210109A,0,False,,0,1242.703011214968,0.0017212627298089,0.2861462223616686,1.7242940788002938,5.471062159405938,-12.601005227149882,497.22900390625,362.20703125
FRB20210110C,0,False,,0,803.978941551209,0.0006030862436674,0.782454311414741,2.1584396637831627,9.921937056451828,-14.216138997672454,567.32177734375,399.9755859375
FRB20210110B,0,False,,0,405.6587615719548,0.000752812803355,0.6319486979889078,2.482243946405491,7.206853380477525,-8.608938257265052,608.21533203125,399.9755859375
FRB20210110A,0,False,,0,1284.6203724335312,0.0004467404014236,0.663752777018659,1.6835405667111876,8.285309116407518,-16.776301069417404,512.29248046875,341.796875
FRB20210111F,0,False,,0,612.096568900133,0.0002380070827196,0.6436666106613462,3.868221137683769,2.5000729086057323,-13.110347406736402,440.22216796875,269.189453125
FRB20210111E,0,True,FRB20180916B,0,349.3911185381712,0.0021520680958525,0.7388377166254667,2.6874097391763465,31.184912460293607,-60.88039335293082,517.00439453125,202.34375
FRB20210111D,0,False,,0,890.7737063173585,0.0011887720676338,2.5353376772981453,9.6834049193184,44.29323019717189,-72.51986886496755,543.12744140625,194.580078125
FRB20210111C,0,False,,0,1499.7565937936313,0.0102522640488039,0.2977661566408227,3.4987599682640003,68.02131824223054,-160.2736057415742,494.81201171875,118.8720703125
FRB20210112B,0,False,,0,428.6753138030914,0.0008474205356614,0.3357039307710902,0.1115514642092984,7.647716235315816,-18.890048045156234,489.97802734375,294.5068359375
FRB20210112A,0,False,,0,489.6142874812969,0.0002119723491581,0.551835791658912,3.5669031240308917,18.52019221858833,-81.03184539437888,448.64501953125,130.810546875
FRB20210113D,0,True,FRB20190609C,0,479.78411588713067,0.0004329577461229,0.4033527058181685,0.9363955732486778,21.823698257623583,-78.03507756358562,460.26611328125,146.2890625
FRB20210113C,0,False,,0,176.88756338593046,0.0007113867355427,2.414382092878805,10.187847914312488,124.65770210433227,-109.98235392294372,705.33447265625,189.84375
FRB20210113C,1,False,,0,176.88756338593046,0.0016367789804648,2.414382092878805,10.187847914312488,1.2302358932711368,-1.0218424201963836,730.65185546875,399.9755859375
FRB20210113B,0,False,,0,841.3809587107916,0.0003062736077091,1.889456974099073,7.775911087674926,2.6818088883890194,-18.08801317280382,430.99365234375,215.5517578125
FRB20210113B,1,False,,0,841.3809587107916,0.0004995803616555,1.889456974099073,7.775911087674926,4.026255401119078,-11.410109077407052,477.40478515625,347.9248046875
FRB20210113E,0,False,,0,749.6941260848295,0.0018840411720693,2.0539797256711307,38.16343668002426,1.2630884557477464,-7.43595526501175,435.68115234375,359.814453125
FRB20210113A,0,False,,0,1597.4494065876283,0.0013275710888045,0.5835406083826559,6.346112370753259,2.146751476216876,-5.977049892325408,478.91845703125,399.9755859375
FRB20210114C,0,False,,0,454.0496683770729,0.0002704356217914,2.9927298930678305,5.958724025762567,-2.7552933949090086,0.6928793862911187,400.20751953125,399.9755859375
FRB20210114D,0,False,,0,590.0643225127861,0.0011202737162723,0.8192841743717381,2.9426134551124568,8.195107026947507,-10.30901680450911,595.52001953125,399.9755859375
FRB20210114B,0,True,FRB20201130A,0,288.278456094573,0.001632322313124,1.231391275914819,4.593802670972496,34.28184244776084,-47.436960312234696,574.37744140625,255.1025390625
FRB20210115C,0,True,FRB20200223B,0,201.23565771955276,0.0025194416314246,0.6161294459509711,3.657294615091452,355.7263370252057,-363.9268991202936,652.42919921875,103.8818359375
FRB20210115D,0,False,,0,1987.4093634459632,0.000888993587365,0.428733441595922,1.8694299883432204,568.3527225761865,-536.1937208200994,679.89501953125,89.16015625
FRB20210115B,0,False,,0,753.9655937730441,0.0021320101919387,0.2883086887483014,1.9559062542931227,19.838607407840943,-80.34335776758715,452.79541015625,136.083984375
FRB20210115A,0,False,,0,778.086967494694,0.0001369843808434,4.113142733181448,12.717655600437269,-0.848062464826247,0.9542866930647096,400.20751953125,399.9755859375
FRB20210116B,0,False,,0,1407.868325524311,0.004967957300954,0.09810495564528,0.9164775168309912,5.167530589745738,-47.21548081927769,422.71728515625,126.953125
FRB20210116A,0,False,,0,218.3420049312897,0.0133582701468134,0.3408746639478249,4.587603763933389,52.04267214300981,-309.1181637219542,435.33935546875,74.365234375
FRB20210117F,0,True,FRB20200223B,0,200.92082673403397,0.0012631427756995,0.6053064956737555,2.2553074102905364,215.706323490009,-241.829313838228,625.10986328125,122.16796875
FRB20210117D,0,False,,0,276.5953870422108,0.0003918089391058,0.5717637650943975,2.1666942648661207,45.37462110417788,-75.12727266277719,541.27197265625,190.478515625
FRB20210117D,1,False,,0,276.5953870422108,0.0002111240387114,0.5717637650943975,2.1666942648661207,26.32418920455028,-54.810229161074254,508.82568359375,210.009765625
FRB20210117B,0,False,,0,930.882558035558,0.0011725023237728,0.4207956444680204,3.09410175265816,1.0215845779929127,-5.158117185118858,441.85791015625,399.9755859375
FRB20210118B,0,True,FRB20201130A,0,288.6789470914366,0.0033124746828498,0.9996736315044276,3.277475903577671,29.585285464457527,-41.087473834089295,573.62060546875,274.0966796875
FRB20210118A,0,False,,0,570.4227456120485,0.0017390396380107,1.0143506901973511,8.444009921833924,2.3452495882517024,-4.601584786097412,516.34521484375,399.9755859375
FRB20210119B,0,False,,0,440.4948412516301,0.0016697962650537,0.516900170933695,5.00692170314989,17.496808232651503,-247.7367188049541,414.58740234375,56.3232421875
FRB20210119B,1,False,,0,440.4948412516301,0.0004406699788492,0.516900170933695,5.00692170314989,-19.485484235096884,23.92961570289552,400.20751953125,399.9755859375
FRB20210119B,2,False,,0,440.4948412516301,0.0006502267558938,0.516900170933695,5.00692170314989,-0.2364908222257259,-62.42534942878928,400.20751953125,83.7890625
FRB20210119B,3,False,,0,440.4948412516301,0.0009031956611985,0.516900170933695,5.00692170314989,1.4626111774019894,-166.08521164550564,401.96533203125,51.9775390625
FRB20210119A,0,False,,0,289.7854753189513,0.0007292531964643,0.4103020097651935,0.5765409441942202,2.2575570180175424,-30.24010081372912,415.41748046875,147.1923828125
FRB20210120A,0,False,,0,1050.753174457164,0.0004653894804366,0.3516669289502105,2.390974984405444,4.815363042883725,-9.44130076813002,516.44287109375,399.9755859375
FRB20210121A,0,False,,0,226.1406091414349,0.0001636046839575,4.468395682903282,8.332749511677811,2.911768205294364,-7.839918119515178,481.84814453125,399.9755859375
FRB20210122B,0,False,,0,369.740125986056,0.0001470855330888,0.5521158480986884,2.0170401944161163,18.429030705900782,-142.3062470641814,426.96533203125,84.66796875
FRB20210123D,0,False,,0,785.723390749976,0.0026301410636061,0.5076153481205158,2.843628830090751,22.347640393387536,-76.31959246729471,463.29345703125,150.9521484375
FRB20210123E,0,False,,0,105.7746136020234,0.0009869551146872,0.2791052490970919,0.797614268481749,7.515039064948836,-10.500752077786425,572.37548828125,399.9755859375
FRB20210123C,0,False,,0,192.374527300546,0.0001731464006559,2.571802822326428,5.540962923871639,23.86642739382921,-55.27820963632004,496.61865234375,204.1015625
FRB20210123B,0,False,,0,248.8809810646517,0.0022901786987401,0.6690460919458032,12.846859092915851,-1.541261465902669,-0.3572652395405417,400.20751953125,399.9755859375
FRB20210123A,0,False,,0,1979.454221264903,0.0002926530593127,0.4257710061796268,6.282907981424732,2.262009729366296,-6.554498932206982,475.57373046875,399.9755859375
FRB20210124D,0,False,,0,754.4232886123939,0.004390920839621,0.2752300272641531,2.8768120654809493,87.9380183471675,-95.77991930767496,633.33740234375,197.16796875
FRB20210124B,0,False,,0,990.8526915647448,0.0032563569182759,0.6671742570644938,24.671337117600096,-3.056154101854509,-9.082012279423076,400.20751953125,174.90234375
FRB20210124C,0,False,,0,365.3204098712877,0.0001486020405075,0.4814849250730169,1.392241918416756,147.07366159248303,-119.2815198818173,741.34521484375,155.0048828125
FRB20210125E,0,False,,0,505.41435892945816,0.0016504689446641,0.6530457232575391,3.1020545017824865,-0.95349479173875,-13.385338970134397,400.20751953125,185.3759765625
FRB20210125D,0,False,,0,740.8608503851159,0.000263939263804,0.5627669768985216,2.2859037881320843,7.5661818463521,-28.946252689120392,456.06689453125,204.443359375
FRB20210125C,0,False,,0,587.2607371835124,0.0015224993638295,0.5415757057390582,3.6602794529829903,5.546781149851523,-12.90140671907704,496.17919921875,356.787109375
FRB20210125B,0,False,,0,345.38894479622445,0.0031782699412122,0.6934805549301374,18.706838868921448,-1.1850582615597915,-2.4568383001915497,400.20751953125,399.9755859375
FRB20210125A,0,True,FRB20210125A,0,459.4040438053571,0.0010896133689646,0.4878024401865425,1.8052313799463564,14.765091483605117,-49.06308283552205,465.17333984375,177.490234375
FRB20210126B,0,False,,0,152.33252906738517,0.0003226615122874,0.3823582260554483,0.5290397795716161,-1.2817439100419754,-1.1946646660314804,400.20751953125,399.9755859375
FRB20210126A,0,False,,0,373.372306357973,0.0003379561127415,1.3217780702612345,3.307946720905609,-0.6714165093247393,-3.9622256885760176,400.20751953125,391.5283203125
FRB20210126A,1,False,,0,373.372306357973,0.0023907573133617,1.3217780702612345,3.307946720905609,2.262478826025958,-13.24602390795012,435.87646484375,261.1328125
FRB20210127E,0,True,FRB20180916B,0,348.9585746392699,0.0010392477514186,0.8924669737572873,3.820640692542628,54.11742961838056,-55.61335576225007,650.98876953125,266.748046875
FRB20210127D,0,False,,0,364.0580505927171,0.0001482815845253,0.7470213193535316,2.053942634897152,5.645504532579517,-11.852292618009216,507.82470703125,388.8671875
FRB20210127D,1,False,,0,364.0580505927171,0.0003064842725182,0.7470213193535316,2.053942634897152,2.272697741511285,-5.47578715166765,492.49267578125,399.9755859375
FRB20210127C,0,False,,0,273.8273312696661,0.0002515498462941,3.975507303309065,5.878492993827175,15.984361831619037,-72.10947676395614,447.10693359375,134.3505859375
FRB20210127B,0,False,,0,568.1416753981111,0.0002896749732918,2.1701450970058,4.628767180200025,5.930474266607616,-14.310025597609588,492.34619140625,335.107421875
FRB20210128B,0,True,FRB20200809E,0,1702.515213531375,0.002091011338002,0.2938387317687593,2.335693643815404,50.76167524329174,-196.6206494109749,455.33447265625,98.7060546875
FRB20210128A,0,False,,0,951.5087455967058,0.0007158001956008,0.7539705733338772,2.672878825198986,3.5760272939445223,-7.14035254954837,514.07470703125,399.9755859375
FRB20210129E,0,True,FRB20180916B,0,351.3739488078536,0.0048765716862162,0.4098632931975686,3.8493415284154486,83.61223701950428,-100.06980102382497,607.72705078125,185.05859375
FRB20210129D,0,False,,0,476.4121649579776,0.0006701507114896,0.9229263851102204,2.098228720716594,4.6425492868429705,-11.357122700936136,490.95458984375,369.9462890625
FRB20210129C,0,True,FRB20180916B,0,350.4197977744707,0.0034945621508716,0.4754197094542245,3.5142495217756062,184.24668872014317,-152.95457100606632,730.87158203125,153.6865234375
FRB20210129B,0,False,,0,361.490532810238,0.0003063971471311,0.2208877816022504,0.3373407281917062,-1.4696770337049792,-6.115806371949038,400.20751953125,262.9638671875
FRB20210129A,0,False,,0,632.1523273859005,0.0001001183557301,0.4512925357708476,1.4881520659618517,-0.5767747459270524,-38.20881837245533,400.20751953125,107.5439453125
FRB20210130I,0,True,FRB20180916B,0,349.29812463049785,0.0034761306088166,0.6354318904519448,5.476897173284942,34.8802324612896,-110.68378552550573,468.49365234375,135.595703125
FRB20210130H,0,True,FRB20180916B,0,349.1639037855482,0.0020118948679172,0.8682812046523396,6.910327621490163,275.0172132261804,-380.2333944358501,574.54833984375,89.4775390625
FRB20210130H,1,True,FRB20180916B,0,349.1639037855482,0.0021537134949767,0.8682812046523396,6.910327621490163,133.62191895167356,-254.78064746342207,520.17822265625,99.0478515625
FRB20210130G,0,False,,0,848.7249381564536,0.0008225709711144,0.8583909678343238,2.160968927190797,2.451305607960344,-3.1842319814508757,588.07373046875,399.9755859375
FRB20210130F,0,False,,0,1574.1634786640934,0.0003032990943082,2.1685330298319188,4.902565805560032,94.21381595193344,-84.33873087382523,699.59716796875,207.12890625
FRB20210130E,0,True,FRB20200619A,0,440.24625372750063,0.0019878981345594,0.3351902426187587,1.7844898445089576,19.022159591217896,-96.98730585489332,441.41845703125,114.74609375
FRB20210130D,0,False,,0,176.07193847467911,0.0012607893287441,1.6540039635690758,12.695362091662313,8.049209803677984,-38.74000644936744,444.00634765625,166.3818359375
FRB20210130C,0,False,,0,708.479047644458,0.0002754951068637,1.4771010141361858,8.855990225928434,26.339441486316964,-24.63892092893541,682.97119140625,297.0947265625
FRB20210130C,1,False,,0,708.479047644458,0.0003420541634194,1.4771010141361858,8.855990225928434,1.7816718566944671,-2.625216427186852,561.87744140625,399.9755859375
FRB20210130B,0,False,,0,410.6271957843315,0.0007052818508288,1.059514975922898,2.829063624365008,5.437920678036416,-51.45253147216176,421.91162109375,121.09375
FRB20210130B,1,False,,0,410.6271957843315,0.0011540110003312,1.059514975922898,2.829063624365008,29.249557623157315,-311.0211495353865,419.47021484375,56.93359375
FRB20210130A,0,False,,0,377.71093617375095,0.0004792345306409,0.817712911009968,1.8287350879910664,13.339460682091808,-15.152681562944265,621.49658203125,379.3212890625
FRB20210131A,0,True,FRB20180916B,0,349.2805161377199,0.0024100148064315,0.6029256428338873,3.9205191139883313,24.31799960617329,-95.12494439571384,454.77294921875,131.103515625
FRB20210131B,0,False,,0,438.6663349237636,0.0002114668261016,0.899800467702443,1.7422625978762551,2.752759594515823,-6.826251221021712,489.58740234375,399.9755859375
FRB20210201A,0,False,,0,508.81306358465525,0.0009584124254523,0.8721590183305225,5.5630254472538905,40.2256132975824,-35.23283624239382,708.26416015625,251.6845703125
FRB20210202C,0,False,,0,803.2336908427042,0.0003879250503009,0.626579978531849,3.980333969571984,2.5752995533135445,-10.843557153245982,450.64697265625,314.2333984375
FRB20210202B,0,False,,0,639.7019135186255,0.0007083006421559,0.7508265028677437,1.6724626184956377,-1.4122062329988094,-4.136008674518463,400.20751953125,325.1220703125
FRB20210202A,0,False,,0,330.17996893934753,0.0010996903488471,6.0723923752435605,54.029342568941786,7.441544512905514,-13.892144034885986,523.10791015625,385.7421875
FRB20210203E,0,False,,0,552.2828918765168,0.0041497916446335,0.4466230430576883,3.8694796671023086,-5.236331469672996,1.8571314325957853,400.20751953125,290.087890625
FRB20210203C,0,True,FRB20190303A,0,222.0714205095322,0.0012778348506859,0.7215283264047205,2.708649278133048,2402.0692860351205,-2038.2597464554424,721.39892578125,48.486328125
FRB20210203D,0,False,,0,888.3133998479669,0.0003347626208583,1.7060580670283356,4.716195126584727,3.861244061638084,-6.574390427780084,536.77978515625,399.9755859375
FRB20210203B,0,True,FRB20190208A,0,580.1023099081693,0.0010524944663332,0.6628854487059058,2.525186740838272,117.518436763617,-103.0958227959308,707.60498046875,190.7958984375
FRB20210203A,0,False,,0,925.2575301529898,0.0011278979762411,0.9896929298849108,3.6225605105288494,3.100027459297658,-7.382323086003384,493.68896484375,399.9755859375
FRB20210204B,0,False,,0,558.3268833854536,0.0008475519985292,0.5913107641547866,2.626034673248941,70.12944180328365,-66.53098249276094,677.89306640625,237.353515625
FRB20210204D,0,False,,0,888.9730186825018,0.0008036269990689,0.4266390364137705,0.9096652966669824,41.11123278692172,-140.16628077193948,463.41552734375,119.091796875
FRB20210204A,0,False,,0,962.9516202726098,0.0006991265182144,0.5298159967769908,2.06548182597537,8.0982067057935,-83.01858980122768,420.20263671875,96.1181640625
FRB20210205C,0,False,,0,885.2489353724515,0.0010165283641183,0.3623543305245245,1.4462493602721114,36.97698542817078,-163.43928475570277,448.13232421875,104.3701171875
FRB20210205B,0,False,,0,858.5874967513699,0.000669498343395,0.7818216829878328,2.074644624886076,15.851484329655534,-63.65066516624066,453.25927734375,147.998046875
FRB20210205A,0,False,,0,567.9365074637707,0.0018389107061564,0.5291262431690569,9.605676770232868,-1.1546515859712478,-2.4506592791989137,400.20751953125,399.9755859375
FRB20210206B,0,False,,0,1215.6394727095774,0.0003204311585424,1.3604660706612255,3.15024656658808,9.586330101337598,-19.14874077083214,514.02587890625,326.85546875
FRB20210206A,0,False,,0,361.3210540464277,0.0013175623930207,2.1231240438309245,22.525895821594904,-2.300529968488008,-4.145693390566616,400.20751953125,271.435546875
FRB20210206A,1,False,,0,361.3210540464277,1.7917425296057955e-05,2.1231240438309245,22.525895821594904,5.342734469102513,-9.373418719443276,532.16552734375,399.9755859375
FRB20210206A,2,False,,0,361.3210540464277,0.0002756430261275,2.1231240438309245,22.525895821594904,0.5669874021525005,-5.735437334985714,420.47119140625,392.1142578125
FRB20210206A,3,False,,0,361.3210540464277,0.0002225179855123,2.1231240438309245,22.525895821594904,1.042004131165564,-6.273849000786983,434.85107421875,396.7529296875
FRB20210207G,0,False,,0,818.2978723897813,0.0014102640546768,0.7291049966127315,2.0082720625588224,10.446876397374837,-23.77917861245112,498.49853515625,280.2490234375
FRB20210207F,0,False,,0,1586.931903691432,0.0009252113895777,0.4532335345790479,1.239706997929651,2.7248984768010778,-8.42251124700471,470.47119140625,393.3837890625
FRB20210207E,0,False,,0,478.9868997401714,0.0002329703287111,0.5087160236375537,1.5402667581983176,61.738468407867146,-54.42911007388257,705.62744140625,225.7080078125
FRB20210207D,0,False,,0,438.3042750132065,0.0002109122949606,0.2397144985294254,0.630207530921393,19.115134785765164,-62.885396234185166,465.88134765625,163.916015625
FRB20210207C,0,False,,0,330.8155160130984,0.000939113211789,1.6575162308277116,34.158939788259495,21.2834325467245,-25.48460911358232,607.60498046875,350.3173828125
FRB20210207B,0,False,,0,658.7255283623331,0.0002943344349929,0.7169355750736349,1.4985945433714307,1.9438776005703065,-5.489893531451196,477.69775390625,399.9755859375
FRB20210207A,0,True,FRB20190303A,0,221.81884506525572,0.0007251581780673,0.8435857878402419,2.214427206318548,1413.6184076926888,-1177.0854888327624,729.55322265625,64.55078125
FRB20210208B,0,True,FRB20200809E,0,1703.3464748387396,0.0021413287531924,0.5579547494823256,6.601369430361714,217.75290513638623,-216.94097318606637,661.04736328125,136.42578125
FRB20210208B,1,True,FRB20200809E,0,1703.3464748387396,0.000958299519253,0.5579547494823256,6.601369430361714,218.4605651840548,-283.0763987545672,588.63525390625,106.298828125
FRB20210208B,2,True,FRB20200809E,0,1703.3464748387396,0.002135288488256,0.5579547494823256,6.601369430361714,45.672105680958175,-82.96835711502135,526.98974609375,176.3916015625
FRB20210208D,0,False,,0,954.2598787348456,0.0018113729458671,0.3797946810102021,2.9785727219386224,0.3033703814082881,-2.505390601795443,425.18310546875,399.9755859375
FRB20210208C,0,False,,0,903.228127088822,6.010336949736771e-05,0.4176013330135023,1.8336900785157968,29.563937049043663,-56.870378094923495,518.98193359375,210.25390625
FRB20210208A,0,False,,0,670.6722119332583,0.0005290325246448,0.402405066555544,0.743544061250694,20.551308346309707,-182.26096286196068,423.40087890625,73.5595703125
FRB20210209D,0,False,,0,385.1682792914525,0.00055834854316,1.5869526901390023,3.615343760684474,8.639519068954364,-46.00727181804667,439.58740234375,149.5849609375
FRB20210209C,0,True,FRB20210209C,0,382.3729330254203,0.0009278975126253,0.5646097813377006,2.853888064245512,100.59529484615966,-157.08793584585283,551.23291015625,133.7646484375
FRB20210209C,1,True,FRB20210209C,0,382.3729330254203,0.0013325808048712,0.5646097813377006,2.853888064245512,87.72648351215155,-156.11820797863655,530.01708984375,129.0283203125
FRB20210209C,2,True,FRB20210209C,0,382.3729330254203,0.0006688436256352,0.5646097813377006,2.853888064245512,50.55923254903128,-99.97549503626504,515.31982421875,156.982421875
FRB20210209B,0,True,FRB20190303A,0,221.84593209563528,0.000681038032772,0.7918345803850937,2.518257046265989,134.53289283696705,-131.44552839211974,667.61474609375,177.2216796875
FRB20210210A,0,False,,0,401.8654394571444,0.0010644794259741,0.258961641401871,1.0302424186085537,14.028223847092155,-93.9118715573193,431.23779296875,104.1015625
FRB20210211E,0,False,,0,1079.4632002021822,0.0054017330811896,0.272250230766926,1.9265299784944896,11.291345840713149,-68.63885136372284,434.50927734375,121.630859375
FRB20210211D,0,False,,0,396.82528987947,0.0063060456895332,0.2137795321563822,2.4787580629233044,-2.6208066055566004,-4.876083579294595,400.20751953125,239.5263671875
FRB20210211C,0,False,,0,315.4890503563401,4.296630778003352e-05,0.4761482224919779,2.3782402532733955,23.85876380786627,-69.17317340294146,475.52490234375,170.4833984375
FRB20210211B,0,False,,0,1090.508113202701,0.0022634950222376,0.5656731756888724,3.6932919381233273,245.52001675020512,-238.349744388224,669.81201171875,131.8603515625
FRB20210211A,0,True,FRB20190417A,0,1379.372143427189,0.0057562957039167,0.6463975577316402,17.64991281623486,83.03679275744994,-138.67324986706544,539.88037109375,139.501953125
FRB20210211A,1,True,FRB20190417A,0,1379.372143427189,0.0056458741843608,0.6463975577316402,17.64991281623486,59.41395927491533,-163.17487868324517,480.11474609375,114.306640625
FRB20210212E,0,False,,0,201.7770122250506,0.0006118552460938,2.1893610234548198,5.07428087879136,6.41719064651225,-16.036064212023195,488.83056640625,313.8427734375
FRB20210212D,0,False,,0,489.5417919823232,0.0011317970749812,1.14411501292574,9.222332207315452,3.2867164452260798,-5.612712772144114,536.31591796875,399.9755859375
FRB20210212F,0,False,,0,409.8211059517206,0.0002982525213092,0.2857067829833094,0.707541359547812,9.283292677588404,-50.91273048282235,438.39111328125,142.0654296875
FRB20210212C,0,True,FRB20191106C,0,331.3882239779139,0.0031153237526522,0.0690072025472118,0.9630676707673408,16.061832669794114,-77.50230005184696,443.88427734375,127.1728515625
FRB20210212B,0,False,,0,521.4866668579757,0.0009043338722063,0.9277750623274996,7.408900434963604,-4.619648593743449,3.0702880012281817,400.20751953125,399.9755859375
FRB20210212A,0,False,,0,850.4364198169534,0.0003953531691902,0.8522767735349267,4.3521437778816345,4.312900168939185,-2.6170835845563283,800.18310546875,399.9755859375
FRB20210213G,0,False,,0,642.0747154807464,0.0015073318998034,0.3750334055571179,1.7315313896505602,2.3030155792369835,-1.1394146578890514,800.18310546875,399.9755859375
FRB20210213E,0,False,,0,1060.7547561833746,0.0002977480459075,0.866977837481906,3.349903712902363,1.715973114195495,-4.146316974372965,492.19970703125,399.9755859375
FRB20210213D,0,False,,0,351.5230220867169,0.0032090281369931,0.5894708485826183,19.391276457897323,-0.4617757496389358,-19.715767125787384,400.20751953125,156.5673828125
FRB20210213C,0,False,,0,1108.9704865925216,0.0007570148806284,0.4180823849604209,1.375711487197352,10.193852998356553,-53.94459521671262,439.85595703125,140.576171875
FRB20210213B,0,False,,0,721.1831528016,0.0007900901979743,0.5726691441207622,1.7377246349754596,1.5560053449649458,-3.2554227012157537,508.23974609375,399.9755859375
FRB20210213F,0,True,FRB20190417A,0,1378.8184095140846,0.0001793339419589,0.3197964191319932,2.918795910122289,81.03278712422932,-148.01057974878026,526.20849609375,131.591796875
FRB20210213H,0,False,,0,627.4294698423209,0.0006364877036615,0.5207121689481612,4.210417245404018,0.045358486618413,-2.877320699858617,403.35693359375,399.9755859375
FRB20210214D,0,True,FRB20180916B,0,349.9479521967629,0.0029574891199069,0.4002071716578843,1.2281483995550428,151.6483157620237,-147.73950566282872,668.59130859375,167.333984375
FRB20210214C,0,False,,0,242.4977185926959,0.0014524722746876,0.3592644346667114,0.962205500335668,-2.57696220913542,0.7574811486875118,400.20751953125,399.9755859375
FRB20210214F,0,False,,0,1089.1073890551586,0.0002244519829063,0.4075194029246665,0.8351166184419221,-2.065776231857938,-0.6346853202460794,400.20751953125,399.9755859375
FRB20210214B,0,False,,0,197.4212135549021,0.0002108112013497,3.713913862750246,6.039552273869058,9.374199054666375,-60.41765436637591,432.48291015625,125.48828125
FRB20210214E,0,False,,0,1181.3736199037517,0.0003640351810221,0.1441259842446069,0.4344663388580618,8.077221550197669,-7.831952423449074,670.22705078125,399.9755859375
FRB20210215B,0,False,,0,1045.080879815175,0.0006620521687571,0.4488011293169701,0.3020168507415541,72.50863786354095,-60.0771037894976,731.72607421875,198.53515625
FRB20210215A,0,False,,0,484.3192143030876,0.0002185556454114,1.6860252232121138,3.371784302560214,-1.3374710531417322,2.5353423953353067,800.18310546875,399.9755859375
FRB20210216F,0,False,,0,1213.0950210093156,0.0021125959375569,1.2547918141000518,6.89769940223937,13.331082126358917,-90.56845404608258,430.74951171875,105.0048828125
FRB20210216E,0,False,,0,891.6151945494931,0.0005905657582587,0.6001247908178948,3.786958269577333,3.3641278283724505,-6.964628004288603,509.50927734375,399.9755859375
FRB20210216D,0,False,,0,398.4449219163923,0.0003133261740412,9.310357729467157,17.288707456406964,5.961234172263021,-9.297231958157637,551.45263671875,399.9755859375
FRB20210216G,0,False,,0,957.3099078736184,0.0002879970723243,0.4390004078533841,1.2639521842892103,-2.887538405894959,-8.076640686759225,400.20751953125,187.5244140625
FRB20210216C,0,False,,0,528.7669148600992,0.0009983693152974,0.2671984334594093,1.547428231488169,21.874939234168515,-121.08620963316928,438.02490234375,102.5634765625
FRB20210216B,0,True,FRB20190212A,0,301.6095076241551,0.0004142070697788,0.4999231863785811,2.7423707347319035,44.21484710783917,-187.8267959056117,450.18310546875,99.853515625
FRB20210216A,0,False,,0,683.6480906855329,0.0016865941070307,0.4894778371687265,1.1975534283988214,12.417787985138467,-14.336647599391847,617.10205078125,386.8408203125
FRB20210217C,0,False,,0,529.5006261480758,0.0004164811291403,0.7312419259247847,2.2821118652395955,1.6587614207137693,-1.3249653203676002,748.37646484375,399.9755859375
FRB20210217B,0,False,,0,1110.2208672506874,0.0005121737275339,0.5247204172999002,1.6668960198071563,6.047380647584831,-8.496350484567403,571.25244140625,399.9755859375
FRB20210217A,0,False,,0,350.04009003395583,0.0003037894086738,1.9117336907192048,3.67908138474175,23.289460713017885,-79.68685933285231,463.17138671875,148.7548828125
FRB20210218C,0,False,,0,737.5848092929095,0.0002051198410283,1.9534714590331272,4.624455792037634,5.491784279425973,-12.000650796396142,503.08837890625,379.39453125
FRB20210218B,0,False,,0,1086.972204119343,0.00044101999377,0.915062015496476,5.706100716943187,-1.3900495244845636,-2.0585009447056763,400.20751953125,399.9755859375
FRB20210218G,0,False,,0,861.4857074678472,0.0006181123297692,0.2762563770584613,2.007687757020326,-3.6543456505244505,-4.805077793902579,400.20751953125,202.5390625
FRB20210218F,0,False,,0,799.976971413898,0.0008002311112578,0.0861213133820836,0.2938232922739404,56.91064369303697,-399.2530941177071,429.74853515625,63.4521484375
FRB20210218A,0,False,,0,204.8105464179817,0.0014474275011673,0.7850749599603775,2.967117990928574,0.6935724939342044,-26.664889283424746,405.43212890625,143.701171875
FRB20210219B,0,False,,0,640.9269705013157,0.0046840540842858,0.3114999091402371,1.7515312633171438,3.6001486664128897,-19.391084207289836,439.12353515625,219.5556640625
FRB20210219A,0,False,,0,694.5473088324384,0.0005385767726266,0.4240374178935241,1.2101159233597132,-0.2139385618804128,-5.7836666646891,400.20751953125,338.330078125
FRB20210219C,0,True,FRB20210219C,0,525.5621779822136,0.0005184884704841,0.5677313346394453,1.16793528687088,3.025642235888101,-14.24756345692044,445.03173828125,265.0146484375
FRB20210220E,0,True,FRB20201130A,0,288.2433167869548,0.0062831379377633,0.636046385629891,4.833619215102761,-0.7270549283536476,-41.88214064590208,400.20751953125,101.4404296875
FRB20210220A,0,True,FRB20201124A,0,418.0804069051466,0.0069132117116559,0.2755472284393425,5.592317285409679,76.64474758657845,-98.677895881372,590.10009765625,180.95703125
FRB20210220D,0,False,,0,550.0063865997801,0.0002724586550877,0.538705086233348,0.5367291240145613,4.9988541330394325,-21.872247648614103,448.64501953125,220.3857421875
FRB20210220C,0,False,,0,1387.0610150750454,0.0011544901352128,0.2041276213522563,0.7313283043782548,20.950950175538487,-20.176638134999557,672.59521484375,320.3857421875
FRB20210220B,0,False,,0,1104.9111966654775,0.0004908637651125,0.0786437540289495,0.665820709175462,39.99391092291891,-184.87513059036576,445.91064453125,98.33984375
FRB20210220B,1,False,,0,1104.9111966654775,0.0004126552554981,0.0786437540289495,0.665820709175462,35.52483652809708,-209.90565463048347,435.53466796875,83.3984375
FRB20210220B,2,False,,0,1104.9111966654775,0.000703317411308,0.0786437540289495,0.665820709175462,9.799248380331214,-124.8882267895684,416.19873046875,76.513671875
FRB20210221C,0,False,,0,318.97207470208593,0.0002231154960082,1.5616375314299211,2.500041385354832,6.078323991357943,-18.0623190254141,473.52294921875,276.4892578125
FRB20210221B,0,False,,0,327.873332536889,0.0002049603131388,0.9314885586706736,1.156375738564902,59.458247888500345,-118.56421497063042,514.24560546875,143.7744140625
FRB20210221A,0,False,,0,349.09527211132786,0.0004388904566004,4.193494945743813,7.925216790929997,6.076514603472588,-21.315079915722247,461.51123046875,240.869140625
FRB20210222B,0,False,,0,350.3791994787172,0.00151447556723,1.7332962914811991,17.55265362149347,93.04587683951456,-165.72910507492747,529.89501953125,125.1708984375
FRB20210222B,1,False,,0,350.3791994787172,0.0050043369133545,1.7332962914811991,17.55265362149347,1490.8736872166166,-1997.0416054015031,581.28662109375,39.453125
FRB20210222B,2,False,,0,350.3791994787172,0.0050911012249103,1.7332962914811991,17.55265362149347,53.32891716852322,-103.92726456859872,517.24853515625,154.541015625
FRB20210222C,0,False,,0,377.5580796318249,0.0020510630221977,0.4031128351072897,0.9294264704297056,-6.81222386880436,10.167495082217098,800.18310546875,399.9755859375
FRB20210222A,0,False,,0,508.7657813510461,0.0012118899567631,0.7156500672655688,2.5473295968031566,4.28146202027811,-8.422132281065283,516.00341796875,399.9755859375
FRB20210223C,0,True,FRB20190417A,0,1379.8029143462195,0.0021650348310626,0.3519741172943056,2.2323026637633547,310.0892205570045,-312.69480928997973,657.06787109375,112.890625
FRB20210223A,0,False,,0,531.0203498934445,0.0003402712564798,2.505285444779325,4.61749671237879,-2.0367906353824234,-3.5632101968369816,400.20751953125,305.56640625
FRB20210224B,0,False,,0,353.024519560469,7.771680718095557e-05,0.8528902613933288,2.1876492759582256,-7.378584883363328,4.18407614622691,400.20751953125,199.90234375
FRB20210224C,0,False,,0,926.11801887614,5.5721357000005815e-05,0.427517288766093,3.5043515937501644,4.739705398161921,-13.046866617260225,479.91943359375,330.2490234375
FRB20210224A,0,True,FRB20201221B,0,510.0937123569192,0.0012700556501057,0.312893658998579,3.63066483738574,38.5117558155312,-180.8748841923928,445.15380859375,98.095703125
FRB20210224A,1,True,FRB20201221B,0,510.0937123569192,0.0166689217015999,0.312893658998579,3.63066483738574,20.160591493978835,-183.54861705314332,422.79052734375,72.6806640625
FRB20210224A,2,True,FRB20201221B,0,510.0937123569192,0.0016286334816636,0.312893658998579,3.63066483738574,29.43313876997918,-364.5958007317189,416.68701171875,50.927734375
FRB20210225B,0,False,,0,1326.2833636714931,0.0031705528837132,0.3924215914491794,1.7800784116938353,2.955961519324766,-3.00044445976994,654.94384765625,399.9755859375
FRB20210225A,0,False,,0,387.8538764122891,0.0009395669590483,4.281543686710952,24.78453935725209,-0.9577569868567328,-0.1243859994376834,400.20751953125,399.9755859375
FRB20210226C,0,True,FRB20201221B,0,510.6199429379825,0.0014004240082422,0.2902798315926796,3.0863002795340466,54.565000595252094,-342.24271466781227,433.41064453125,70.2392578125
FRB20210226B,0,True,FRB20190303A,0,222.8298281636048,0.0032076512101132,0.2910151478049761,1.99757792238254,60.753361040127565,-151.96903539394327,488.73291015625,120.60546875
FRB20210226A,0,False,,0,380.3997015068922,0.0002212034902286,11.177552509938986,18.66358570592208,2.8572320534695312,-3.1216855159398484,632.43408203125,399.9755859375
FRB20210227B,0,False,,0,893.8879717119256,0.0004442831791285,0.3892335603560922,1.323741239969849,3.1117400403822213,-5.378545125200525,534.43603515625,399.9755859375
FRB20210227A,0,False,,0,1153.9260307855438,0.000960792125854,0.4402119636526625,1.1023915159629756,-1.9083757505254535,-1.2998794320437734,400.20751953125,399.9755859375
FRB20210228A,0,False,,0,1088.7154511027734,0.0025466560258594,0.3858516777424047,4.677608091065988,39.29132224173804,-83.8214383519416,505.89599609375,168.4326171875
FRB20210301A,0,True,FRB20201124A,0,415.93303684274383,0.0086816136782788,0.4453775770720465,12.004320555421303,110.87793031119206,-194.7179920827887,532.01904296875,115.91796875
FRB20210301D,0,False,,0,734.6481020973125,0.0011019541360693,0.4955358202522197,2.520799641734065,146.9755985949095,-131.00674444620935,701.28173828125,185.9619140625
FRB20210301C,0,False,,0,185.35326089197352,0.0017590212417223,1.3950164213102498,8.376833580835768,20.369744773673496,-67.11661020131433,465.78369140625,160.3271484375
FRB20210301C,1,False,,0,185.35326089197352,0.000809872400035,1.3950164213102498,8.376833580835768,21.689491488460952,-73.35701632788378,463.95263671875,153.662109375
FRB20210301B,0,True,FRB20180916B,0,348.83361742538784,0.000607632342255,0.5181438322163648,1.4536302486374402,-2.511805303610596,-15.269304807920632,400.20751953125,147.998046875
FRB20210302J,0,False,,0,850.9300698171301,0.0039811625882831,0.3802635155257972,4.289794857183605,20.430161922909008,-75.63272238320847,458.06884765625,145.166015625
FRB20210302F,0,False,,0,385.98071387462096,0.0008148618525629,13.08288805953211,39.14140863138407,1.915778560678874,-3.0772559072855,546.32568359375,399.9755859375
FRB20210302E,0,True,FRB20201221B,0,510.6351752556213,0.0061190786264784,0.4271230550514809,6.028324702188903,1966.4683433056275,-5492.638730087318,478.64990234375,19.580078125
FRB20210302E,1,True,FRB20201221B,0,510.6351752556213,0.0016469448794966,0.4271230550514809,6.028324702188903,34.69874208808887,-148.86941932523894,449.67041015625,108.984375
FRB20210302E,2,True,FRB20201221B,0,510.6351752556213,0.0076681058927846,0.4271230550514809,6.028324702188903,763.0688530167464,-3295.115920726511,449.32861328125,23.73046875
FRB20210302D,0,False,,0,485.2533776063757,0.0008901367522937,0.3999208478991232,1.147658356652487,3.818456483487788,-10.649372200094716,478.77197265625,361.9873046875
FRB20210302C,0,True,FRB20190303A,0,221.9625799294068,0.0014880290355729,0.3737718021697334,6.032363164592331,189.6233485540432,-304.0914355083076,546.61865234375,95.2392578125
FRB20210302B,0,False,,0,301.2395579942686,0.0002516919014135,0.9648650287319216,1.6334804741579063,3.0101415648397576,-11.944889990240467,453.94287109375,303.9306640625
FRB20210302H,0,False,,0,849.9327901608875,0.000729384423914,0.3387579403356624,0.4035814970742409,32.73853332784362,-91.69489591830992,478.40576171875,152.24609375
FRB20210302A,0,True,FRB20180916B,0,349.4455080591794,0.0020508802345732,1.1371901646480078,6.7174185663648736,11.76809339390408,-76.75118701778173,432.09228515625,113.57421875
FRB20210302G,0,True,FRB20180916B,0,349.30772196969804,0.0016235950480389,0.2778828146145305,1.0987631543911538,55.83263210233173,-138.090391245199,489.85595703125,126.8310546875
FRB20210303I,0,False,,0,929.8239458494904,0.0006515991778398,1.177583175229999,3.3703453713523053,5.573618449165947,-6.028443117901077,635.38818359375,399.9755859375
FRB20210303H,0,False,,0,380.3711839838325,0.0002693990209062,0.8188871991900594,5.29010616764914,0.0284284007092566,-7.247249525687673,400.98876953125,304.345703125
FRB20210303G,0,False,,0,1016.6889138739816,0.0009186972729616,0.0889489156966773,0.8241419584817711,-0.1660408423641925,-9.134265973280396,400.20751953125,255.029296875
FRB20210303K,0,False,,0,715.5135688700566,0.000913484633481,0.2975949488034399,1.1682670544284863,29.88635630767108,-71.36448313032868,493.42041015625,178.1982421875
FRB20210303J,0,False,,0,772.3361128134516,0.0001568431503285,0.4364426658365292,1.7885522196034256,0.0520619723316464,-6.1410159541682265,401.89208984375,341.162109375
FRB20210303F,0,True,FRB20201221B,0,511.0776786268705,0.0045914399569493,0.481305272989643,9.05025234837821,16.190545816807656,-120.33681455517122,428.03955078125,91.3330078125
FRB20210303E,0,False,,0,608.2867582905751,0.0011429315542246,0.1196538042218945,0.7934640729467648,3.3368307681823404,-20.77156519635176,433.65478515625,204.78515625
FRB20210303D,0,False,,0,820.5380843452483,0.0023085721442137,0.4870786342699533,3.671637910414377,2.8330089102236284,-7.130979233812139,488.14697265625,399.9755859375
FRB20210303C,0,False,,0,348.4324892270175,0.0015632403798153,0.5474107524513885,2.8567535835744997,3.0580541801538828,-14.72761776978987,443.98193359375,259.08203125
FRB20210303B,0,True,FRB20180916B,0,349.2233661081515,0.0029516357201893,0.5870336254893612,2.641701109039138,35.41223295035841,-140.21587827585756,454.06494140625,115.91796875
FRB20210304F,0,False,,0,434.32581237519577,0.0005031512081441,0.7580962442199151,1.6084069210877925,2.4893384529160323,-10.711680501876517,449.49951171875,314.4287109375
FRB20210304E,0,False,,0,1144.2724921430497,0.0008188579223453,3.2715979860878965,10.160534415139402,5.400648547113223,-10.069518918619483,523.27880859375,399.9755859375
FRB20210304D,0,False,,0,423.7043373481648,0.0032439781165107,1.0133988157725748,12.372286300047197,0.4666495186524044,-8.949171093401155,410.75439453125,281.93359375
FRB20210304D,1,False,,0,423.7043373481648,0.0065072212248234,1.0133988157725748,12.372286300047197,3.953754250900496,-25.36818914986399,432.62939453125,184.521484375
FRB20210304H,0,False,,0,209.6914388745145,0.0023403446409996,0.3643090050574317,4.918885780023492,5.751913039932541,-28.32611125543034,442.95654296875,188.8671875
FRB20210304C,0,False,,0,784.5982937163684,0.0004554714643492,0.8073985961211086,2.7285090167432453,-2.2026534186937883,-3.4664497812362685,400.20751953125,298.33984375
FRB20210304G,0,False,,0,291.9721731791072,0.0007141047690141,0.672699194752585,1.9887938740056588,-0.9019255070009524,-0.5908710848871318,400.20751953125,399.9755859375
FRB20210304B,0,True,FRB20190417A,0,1378.3113915962665,0.0011075990269271,0.4878837798128684,3.6669600362857473,158.77472980187082,-239.18924782270705,557.72705078125,109.5947265625
FRB20210304A,0,True,FRB20180916B,0,349.0524468221795,0.0014317068970695,0.6566598331946188,3.233074142411541,33.85756477410897,-139.83010834640015,451.69677734375,113.330078125
FRB20210305D,0,False,,0,1311.298286367097,0.0027301944685839,0.4157103386725122,1.7424980917336077,3.207674911111099,-5.626209080333291,532.18994140625,399.9755859375
FRB20210305C,0,False,,0,242.6993401439939,0.0002546500279825,0.1689413228696361,0.3264521473220434,-5.842867291263083,2.8271057552985264,400.20751953125,279.736328125
FRB20210305A,0,True,FRB20210305A,0,254.0611715363933,0.0003101378374009,0.7952763548717418,0.7136561835853641,28.24875524010758,-71.9838567177374,486.95068359375,175.09765625
FRB20210306A,0,False,,0,722.159932945111,0.0010030488155553,0.9059192642075956,3.12157519691716,35.396496778615685,-87.2411350950192,490.19775390625,159.9609375
FRB20210307C,0,False,,0,377.44171975343113,0.0006734317930366,0.3661831170235406,2.0211184591211104,-0.106264619794397,-1.0481943971140693,400.20751953125,399.9755859375
FRB20210307A,0,False,,0,2903.706361351401,0.0045646938234747,0.3699336257777383,10.597264426609742,3.93903826209626,-24.66918350283934,433.45947265625,188.1103515625
FRB20210307D,0,False,,0,1161.654315128476,0.0004428702203723,0.3498167935084719,0.7874929289329272,21.591682657193108,-67.04689612911436,470.10498046875,165.6005859375
FRB20210308A,0,False,,0,616.5379132508239,0.0008521803583987,1.9221641154468736,5.792709632391804,8.726689113172219,-14.249574966730757,543.56689453125,399.9755859375
FRB20210308C,0,True,FRB20190417A,0,1379.042085167996,0.001648162354573,0.4200689943106488,1.8280984239796267,190.35469435677769,-174.9017918221839,689.61181640625,158.5693359375
FRB20210308B,0,False,,0,211.7960821050788,0.0001958811573872,0.3033053535091484,0.629937925439789,11.437679864772592,-62.50547103231207,438.53759765625,131.103515625
FRB20210309E,0,False,,0,402.4752617837691,0.015627048230071,0.7332211528537961,16.257305563684326,6.540933075615739,-9.166042839481888,571.78955078125,399.9755859375
FRB20210309D,0,False,,0,134.08282634386174,0.0003118807238275,5.703889965617431,12.997045744231698,-0.0447548000648141,-0.9102727855734116,400.20751953125,399.9755859375
FRB20210309C,0,False,,0,602.8182049739805,0.0016594519398913,0.5349428421942489,6.429892372026435,13.799640445608526,-228.48361966594396,412.46337890625,55.810546875
FRB20210309F,0,False,,0,546.9690020670605,0.0005164091645233,0.5380928025875623,0.8174814813514892,28.4817374879056,-90.07766827917756,468.73779296875,149.7802734375
FRB20210309B,0,False,,0,579.0328162934608,0.0021190723115915,0.4069044456499689,2.818862185684117,4.542664580475093,-21.41590881830537,444.98291015625,217.431640625
FRB20210309A,0,False,,0,635.0970539318527,0.0003946510524071,1.8513467356304492,5.976200763112422,1.5461909684812478,-4.883707221255898,468.83544921875,399.9755859375
FRB20210310B,0,False,,0,779.4023314106846,0.0012430510889015,0.9699145071127936,3.650278625506879,14.37845343251559,-79.86916085429804,437.87841796875,118.701171875
FRB20210311C,0,False,,0,344.5928332543463,0.0010278117746186,1.095115173733115,4.382148451721726,4.633892231110727,-2.620289926362521,800.18310546875,399.9755859375
FRB20210311B,0,False,,0,888.8489767803441,0.0007973512046848,0.6326725339012499,1.1344387825791775,-0.7321205802205029,-9.740117667185372,400.20751953125,227.4658203125
FRB20210311E,0,False,,0,295.2408783106596,0.0008572236911055,0.4707242093433594,2.3012227626758954,42.29408242484528,-99.80355483427634,494.64111328125,150.8056640625
FRB20210311A,0,False,,0,1236.429360141503,0.0007083594632865,0.3584253302858841,3.040935189265233,21.785215001857964,-115.75387983459424,439.68505859375,106.0546875
FRB20210312C,0,False,,0,576.0947920844122,0.0002276917566524,1.797801056494715,3.4639820454315298,11.593390908694564,-22.180695540519903,519.71435546875,317.0654296875
FRB20210312B,0,False,,0,358.30716214682195,0.0001262504682226,0.7729128884666175,1.5351013522301291,-5.969432356720721,2.0408251783412226,400.20751953125,231.9580078125
FRB20210312A,0,False,,0,1212.847149236179,0.0003011587949305,1.0490416240286051,2.47581950843566,6.229159737525084,-6.982021952405966,625.18310546875,399.9755859375
FRB20210313D,0,False,,0,890.338773000951,0.0001453630116866,3.21385842778454,7.268961547171692,1.693414586934876,-21.29733772987429,416.41845703125,178.3203125
FRB20210313E,0,True,FRB20201221B,0,510.96325187674455,0.0044555798914671,0.2454086468428835,2.0395090405212546,61.38875932140685,-287.69759055083847,445.25146484375,79.736328125
FRB20210313C,0,False,,0,530.4936648249131,0.0002772454396735,1.1085375634170338,1.940778170649172,2.350435537047344,-4.667002039063098,514.78271484375,399.9755859375
FRB20210313B,0,True,FRB20200929C,0,413.9478239999157,0.0017112886740077,0.8112183714482176,4.833506376379845,120.73778823729452,-210.32828662701365,533.23974609375,111.767578125
FRB20210313A,0,False,,0,402.94855545812953,0.0004835616794511,1.127046645447325,2.264275115204288,1.7647339155934212,-7.792309364134997,448.18115234375,371.630859375
FRB20210314D,0,False,,0,867.9151144658089,0.000502309714391,1.3225886777537634,4.255831700390012,0.3014563751399556,-3.507469097799252,417.76123046875,399.9755859375
FRB20210314C,0,False,,0,510.62822918998313,0.0002337743455904,1.7039321563153216,3.814006203894451,2.004894523061434,-15.763178112545528,426.47705078125,224.7802734375
FRB20210314F,0,False,,0,928.392634361223,0.0005738740326108,0.3275620740278558,3.636020729261588,-3.3473337779393804,1.4326233992879047,400.20751953125,399.9755859375
FRB20210314B,0,False,,0,482.959689868492,0.0002531809430892,1.0396124305930414,4.362893973149608,13.423005332304363,-36.63028974310696,480.67626953125,217.4072265625
FRB20210314E,0,False,,0,372.4098575410303,0.0068848796887725,0.5016970250436453,6.1995966943025165,6.122831372163084,-23.12660933869262,456.84814453125,226.0986328125
FRB20210314A,0,True,FRB20200929C,0,413.558516291666,0.001643499908328,0.556380338322483,2.260119850206915,31.027074934074808,-128.27872077758423,451.64794921875,116.162109375
FRB20210315B,0,False,,0,525.6202437032599,0.0006211502704765,0.7336263616041541,2.133199056545349,0.0754002292607691,-4.474994481354708,403.57666015625,399.9755859375
FRB20210315A,0,False,,0,722.2038477631096,0.0087826394254678,0.3902616251879447,5.333257704071281,14.262066001919836,-35.13181511408601,490.24658203125,233.0810546875
FRB20210316C,0,True,FRB20191106C,0,331.8863202746007,0.0082852282944528,0.0868056147391984,0.7308392772803523,21.8365846777132,-135.47881378424665,433.77685546875,93.9697265625
FRB20210316B,0,False,,0,642.3849452370047,0.0014166699441043,0.6714943789859803,2.547012365470805,49.74227697727865,-62.38432807057353,596.22802734375,230.46875
FRB20210316A,0,False,,0,862.7680379945223,0.0014126885638777,0.6432718493670879,4.472730169377503,-3.3004122882946216,-0.2005008380459038,400.20751953125,382.1533203125
FRB20210321A,0,True,FRB20201124A,0,412.3164315125173,0.0045161031829848,0.380854864209277,5.529944968190486,34.16054940005835,-106.04486515988616,470.12939453125,139.0380859375
FRB20210321C,0,False,,0,743.0805884004806,0.0008123346100466,0.4437670097543025,1.2415816973353309,-3.854474979173056,-1.831688962629465,400.20751953125,250.048828125
FRB20210321B,0,True,FRB20210209C,0,382.4935567959466,0.0013664856691598,0.3310558737368144,1.2447734861928323,41.617869030232285,-40.17408096760944,671.76513671875,271.4111328125
FRB20210322A,0,True,FRB20201124A,0,412.4777205611972,0.0033535489781509,0.4119781793020348,3.263041226964969,433.28708469307776,-386.06701461027416,701.42822265625,108.4228515625
FRB20210322D,0,False,,0,160.54176855016155,0.0002058018184191,0.975226779454044,1.8244510535650529,5.282934445710706,-87.371859037292,412.48779296875,84.9609375
FRB20210322C,0,False,,0,324.3155271033539,0.0006318017339333,0.5121303038728571,0.8734920607023665,41.96581445797179,-300.69409448048765,429.11376953125,68.1396484375
FRB20210322F,0,True,FRB20190110C,0,222.13539543274985,0.000287084811374,0.2242123172972393,1.3166556977600208,32.42709275982666,-166.36587069160404,441.14990234375,96.0205078125
FRB20210322E,0,False,,0,880.0171456029175,0.0014131546592873,0.2722430318694583,2.887633287727005,20.27336804341858,-50.30439936467952,489.53857421875,206.103515625
FRB20210323E,0,True,FRB20201130A,0,290.9072065243559,0.0055734666956656,0.498035663014835,2.054047103352714,83.41723779973879,-151.00205477871114,527.50244140625,130.5908203125
FRB20210323A,0,True,FRB20201124A,0,412.0671946966071,0.0038489652611985,0.5399667383789748,7.623751694933128,184.97553479440424,-169.11846619806184,691.49169921875,161.6943359375
FRB20210323C,0,True,FRB20210323C,0,288.41726109085334,0.0007199322409646,0.5134173209481114,1.989542118455641,95.01799559609206,-192.6211523132916,512.14599609375,112.1826171875
FRB20210323B,0,False,,0,628.0080072341987,0.000304628321956,0.9582356342692162,2.262742580201231,-2.356445136403292,-1.0969889820721066,400.20751953125,399.9755859375
FRB20210323D,0,False,,0,776.3132723354521,0.0001715486580503,0.5358402164990164,1.6527391601661972,-0.3288092394855831,-3.983811325169267,400.20751953125,399.9755859375
FRB20210324A,0,False,,0,963.439249043641,0.0035636217346823,0.316305632731887,8.45931312664847,-2.524366079740589,-0.2231642286087986,400.20751953125,399.9755859375
FRB20210325B,0,False,,0,850.9232756788625,0.0045933165609326,0.2698264011439271,2.919302041235237,2.397137427935472,-11.988509504998191,442.27294921875,285.302734375
FRB20210326A,0,True,FRB20201124A,0,413.4470866749357,0.0045230932877747,0.4326216568809229,9.389823499769896,10.140483151662568,-25.213132579729795,489.34326171875,261.767578125
FRB20210326D,0,False,,0,1032.0759164775295,0.0004780976238593,0.8824937889658551,5.037910697236474,0.5133140004555773,-3.771841271065243,428.38134765625,399.9755859375
FRB20210326C,0,False,,0,298.59553698562166,0.0002918499662878,1.178766125381148,2.361236865641128,7.135083265964469,-1.3684643334520847,800.18310546875,262.79296875
FRB20210326B,0,True,FRB20200929C,0,413.89008791517705,0.0015775582842272,0.7665842908282784,3.920559977753983,71.82927498302446,-175.10023391322812,491.29638671875,112.890625
FRB20210326E,0,False,,0,547.7604134006532,0.00127815192853,0.7061810152358329,2.6295291873624445,4.7928890444977945,-8.409141082221193,532.16552734375,399.9755859375
FRB20210327F,0,True,FRB20201130A,0,287.4858195788232,0.0031002207741353,1.3042670142699382,11.586838309039614,25.773243544799847,-51.582581626946045,513.78173828125,218.701171875
FRB20210327A,0,True,FRB20201124A,0,416.50352723190775,0.0043101132449294,0.5269675418877524,8.062168683726897,169.03794768380325,-155.92298708463235,688.14697265625,167.6513671875
FRB20210327C,0,True,FRB20201124A,0,416.3810171235287,0.0060327864168697,0.3709177845035752,3.931596263199373,284.38244201416126,-257.88570588950006,694.59228515625,131.4453125
FRB20210327E,0,False,,0,584.8581029100677,0.0006259004903218,0.9472156775519414,1.8383539448702304,-1.9091803066401536,-1.0560190382149706,400.20751953125,399.9755859375
FRB20210327D,0,False,,0,864.1639328334235,0.0002498683184556,0.4964801200871883,2.0101208521072205,4.692244906040319,-18.232660003290132,455.13916015625,249.1455078125
FRB20210331A,0,True,FRB20201124A,0,417.4641696847821,0.0060891226036181,0.4685937389756076,4.339093339160785,361.10222369177154,-330.0679633986834,691.56494140625,115.625
FRB20210331B,0,True,FRB20201124A,0,415.8098670140136,0.0066475808267893,0.5788575294509007,10.145149389139563,142.166020298824,-118.29558363015263,729.84619140625,165.3564453125
FRB20210331B,1,True,FRB20201124A,0,415.8098670140136,0.0072018084565247,0.5788575294509007,10.145149389139563,81.66553086641,-106.68779236964455,586.80419921875,173.0224609375
FRB20210331C,0,True,FRB20201124A,0,412.8434562281405,0.0045213367554534,0.3321382326654368,2.970656226037661,60.36072582639206,-119.0835989781386,515.63720703125,143.84765625
FRB20210331D,0,True,FRB20201124A,0,414.62154078283567,0.005329474866263,0.5437162190844456,7.298775582566295,57.15392254805864,-75.44839636519099,584.48486328125,205.224609375
FRB20210331F,0,True,FRB20210323C,0,288.5099854726351,0.0019132315816314,0.8985439253608009,6.9186471726766605,84.6565171081314,-131.55890485037736,552.08740234375,146.484375
FRB20210331F,1,True,FRB20210323C,0,288.5099854726351,0.0011058560540686,0.8985439253608009,6.9186471726766605,45.897851169390194,-113.67598144534372,489.70947265625,139.84375
FRB20210331H,0,False,,0,628.9168552093638,0.0002564563285841,0.5549060708980929,0.8464434072192326,-1.053746060714599,0.9746627862281112,400.20751953125,399.9755859375
FRB20210331G,0,False,,0,593.3264927470568,0.0006880008012364,0.2524984252670378,0.8768915961412512,9.303148475604296,-24.931398167517173,482.28759765625,253.3447265625
FRB20210331E,0,False,,0,712.3399547895551,0.0012768236625366,1.361034669944795,4.731301203065057,3.675227789564552,-3.507769258507395,675.74462890625,399.9755859375
FRB20210402G,0,False,,0,472.8381493482639,0.00016003033162,0.334347882198343,5.756199898533296,-2.2240778542696917,-4.969405634711917,400.20751953125,254.833984375
FRB20210402F,0,False,,0,368.9499050975324,0.0009560523057726,0.1368888378817143,0.4012087050644267,-7.870881267555928,5.225940161403551,400.20751953125,195.2880859375
FRB20210402E,0,False,,0,1883.7957054132312,0.0003803801448856,1.3218893572692465,3.2337789194101787,11.451426604886988,-12.685695020957786,628.47900390625,389.7216796875
FRB20210402D,0,False,,0,720.0098587842921,0.0001498157637175,1.4055117246954196,5.438107210074977,-0.6835191861062917,-4.909553029817618,400.20751953125,342.7978515625
FRB20210402C,0,False,,0,902.9633595711824,0.0011300816378044,0.5053326204709484,1.9356309982443167,6.951411208937212,-7.742659469638324,626.94091796875,399.9755859375
FRB20210402B,0,True,FRB20180916B,0,350.1926986959249,0.0014716240952697,0.6289038786081661,1.47479180833868,267.9069662460036,-229.1919536897024,717.95654296875,144.140625
FRB20210403E,0,False,,0,727.9688564036938,0.0002873297893263,0.9444124315936412,1.618410818314417,-1.4479108125837463,-0.6646402764714301,400.20751953125,399.9755859375
FRB20210403D,0,False,,0,1205.067469978561,0.000384172697317,0.5875059811070478,1.0276480597627558,-1.8113846089224597,-2.1802480580430306,400.20751953125,399.9755859375
FRB20210403C,0,False,,0,366.1261599159097,0.0002228503657247,2.438411518943706,3.6637569291650554,3.773424231137706,-13.683739433736148,459.36279296875,292.08984375
FRB20210404A,0,True,FRB20201124A,0,410.8633777147758,0.0032872760457161,0.3039323815497777,6.464812566580897,36.92436439687764,-160.6183910385973,448.93798828125,105.8349609375
FRB20210404E,0,True,FRB20190417A,0,1378.963805974204,0.0013212219560471,0.4809074299849853,2.734406976710863,211.33107714943367,-212.56213278900572,657.89794921875,137.1826171875
FRB20210404D,0,False,,0,295.2353058792472,0.0003297303303171,2.4052988156679653,5.332608187318817,25.377246656991037,-59.54877784005163,495.22705078125,195.99609375
FRB20210405A,0,True,FRB20201124A,0,413.5623367919187,0.006996249920037,0.5130932517891723,11.289618802390953,45.00091656429071,-72.40080569555234,546.05712890625,195.7763671875
FRB20210405B,0,True,FRB20201124A,0,412.88402421771866,0.003749056721845,1.2440061125582276,18.86385909359733,81.90434019000102,-83.27195618852436,654.40673828125,218.6279296875
FRB20210406E,0,False,,0,355.2811278753791,0.0006336903218705,24.15511914606597,67.04749968567802,1.837702728135309,-5.308872672690421,475.81787109375,399.9755859375
FRB20210406F,0,False,,0,602.881257889846,0.0010738250687728,0.6205711552619249,2.1102649393358397,5.672947961316526,-6.748743344457632,609.26513671875,399.9755859375
FRB20210406D,0,False,,0,520.2829859187411,0.0013052088185675,0.6291492587011982,2.5052809526785724,2.541307308737938,-10.227534169060052,453.13720703125,328.0517578125
FRB20210406C,0,False,,0,787.283438926622,0.0002738455135345,0.6682217044230851,1.5800461857934684,8.044757320177679,-13.958722219971628,533.85009765625,399.9755859375
FRB20210406B,0,False,,0,597.7326408510334,0.0003409849427165,0.4487151239524489,1.3531234943181676,6.39004378400284,-7.574933437916242,610.16845703125,399.9755859375
FRB20210406A,0,True,FRB20201130A,0,288.0655914978064,0.000893833574753,0.7564030349273053,2.004706603792463,85.66649047486715,-167.33697926628028,516.93115234375,121.533203125
FRB20210408E,0,False,,0,551.5936927799405,0.0005232588397312,0.8032222197701997,4.717483279152872,-1.8410207291994864,-1.7542546686714515,400.20751953125,399.9755859375
FRB20210408G,0,False,,0,456.474787020207,0.0027600105693532,0.2338210658978941,2.031681365032465,20.942401514749776,-69.48224199019094,465.29541015625,157.958984375
FRB20210408D,0,False,,0,676.7274192069119,0.0006835496804649,1.6489788010990012,12.872374479901662,9.119140752946604,-10.609203426371447,615.07568359375,399.9755859375
FRB20210408C,0,False,,0,667.7637922312957,0.0004511790332289,0.7108295511638691,1.640378792786381,-0.865548313485855,-3.42200991464475,400.20751953125,399.9755859375
FRB20210408B,0,False,,0,1434.0861064683118,0.0030416723025584,0.6448223260329038,3.701581832326077,9.209604018297137,-22.303187456069317,491.97998046875,278.173828125
FRB20210408A,0,False,,0,521.3085982229206,0.0002725321099379,0.6853503337400723,3.675333023456957,-1.0993061815052492,-8.947288598955804,400.20751953125,227.1484375
FRB20210409D,0,False,,0,730.24627321106,0.0007158890844498,0.3031946200945786,2.5687693909931624,26.31957083951132,-73.78342714589368,478.33251953125,169.8486328125
FRB20210409C,0,False,,0,516.1517235571498,0.0004496917771645,3.9036137580642407,8.009165977261056,8.798518666681158,-59.37049096887687,430.96923828125,124.560546875
FRB20210409B,0,True,FRB20210409B,0,684.5007149034444,0.0012499404051135,0.3691362857310645,4.483175076945684,223.1738750848868,-188.4512779610017,723.47412109375,152.392578125
FRB20210410C,0,True,FRB20190212A,0,301.7782632193365,0.0008526583313034,1.1267449191338337,3.581527461227644,83.60515816058431,-129.5334170786182,552.62451171875,147.7783203125
FRB20210410B,0,False,,0,403.8952120768144,0.000373335598533,0.5782376251824657,1.631264896779069,3.6148725068084095,-7.563118579020674,508.23974609375,399.9755859375
FRB20210410A,0,False,,0,836.55624078785,0.0001225958817574,1.750960115677937,2.401528504967116,4.430926721261185,-7.9097164679277725,529.55322265625,399.9755859375
FRB20210411E,0,False,,0,2147.981546576583,0.0021002661061866,0.2915178431242479,6.319710098787212,174.8176117416477,-337.4397978678296,518.51806640625,85.7421875
FRB20210411D,0,False,,0,1224.543742066041,0.0006743945058358,2.0332509566303503,10.74681469379419,4.967770480523148,-41.5073902726845,424.86572265625,137.5
FRB20210411C,0,False,,0,632.4075239278526,0.0027972890783603,0.628733526788073,2.908260693778249,33.5238074347794,-125.32326273751318,457.45849609375,123.6572265625
FRB20210411B,0,True,FRB20201124A,0,412.1536287346613,0.0042318897431313,0.3654376639118049,4.908365459558146,21.2563573358813,-75.18083402537806,460.97412109375,148.9013671875
FRB20210412E,0,False,,0,1589.4854414252784,0.0021917861672399,0.4458583837276005,2.663575516531949,45.50704567935516,-189.394648878526,451.28173828125,99.6826171875
FRB20210412D,0,False,,0,1508.983327711186,0.0024165638547958,0.3622334110389663,2.7912597316413037,6.498787046601796,-8.195332380401387,594.93408203125,399.9755859375
FRB20210412C,0,False,,0,463.8440769323049,0.003136909708003,0.4771384612393604,3.661453068516633,-1.0350666411726168,-1.6399434738000918,400.20751953125,399.9755859375
FRB20210412A,0,True,FRB20201124A,0,411.86241573361696,0.0036861402681535,0.2999166318564855,5.05449465370901,12.192930830687414,-97.82725624799436,425.93994140625,96.337890625
FRB20210412B,0,False,,0,955.7153039717066,0.0005691733974901,1.3516452850313865,20.94581008481977,4.49360529286945,-7.62082495427057,537.41455078125,399.9755859375
FRB20210413E,0,False,,0,313.44889506335454,0.0004635907288013,13.5297583449973,28.5156276429267,0.3545673905852402,-5.611419021007551,413.04931640625,383.544921875
FRB20210413D,0,False,,0,149.25534639940784,0.0013638560870249,0.4221598953073863,1.331360828196474,-3.261680992843918,-0.8842101291635133,400.20751953125,333.6181640625
FRB20210413C,0,False,,0,508.65447678246176,3.9514476157788106e-05,0.4249919693290416,1.4459227732882298,6.130334355887476,-15.4073252441616,488.29345703125,318.505859375
FRB20210413C,1,False,,0,508.65447678246176,0.0004300259270577,0.4249919693290416,1.4459227732882298,-1.675511443144819,-9.633051057402303,400.20751953125,202.5634765625
FRB20210413F,0,False,,0,277.4681331825433,0.0009667599516269,0.8379939380782038,2.160298059906666,9.18523425113838,-25.649881251979057,478.67431640625,245.654296875
FRB20210414D,0,False,,0,770.9930034321311,0.0006255889024126,0.9055269669478898,2.413490379379445,9.539232787755902,-12.72296922042015,582.21435546875,399.9755859375
FRB20210414C,0,False,,0,903.0864670511438,0.0016977576155464,0.920688390725112,9.745308427646671,-3.484164536724655,0.4268737657780075,400.20751953125,399.9755859375
FRB20210414B,0,False,,0,592.9564555167575,0.0018403656123016,0.3265860006262435,2.676801966880042,40.02229494112333,-137.11922442827347,463.07373046875,120.3369140625
FRB20210414A,0,False,,0,875.0557562262921,0.0006097732377631,0.7896143309162951,2.520898449521181,5.654315926120219,-5.491991360193762,669.64111328125,399.9755859375
FRB20210415F,0,False,,0,561.5664466498074,0.000223538119463,0.4837092825943272,1.006679888313723,-0.859240123053918,-2.0066264331872485,400.20751953125,399.9755859375
FRB20210415E,0,False,,0,1189.630978060483,0.0005097113246354,0.6622517044358767,4.02308965700235,32.53835617502394,-120.33880437679407,458.11767578125,125.87890625
FRB20210415C,0,True,FRB20210219C,0,526.299604135097,0.0011651856683108,15.61318671264456,243.5378957114881,1.7421044145421978,-9.726698362700322,437.68310546875,311.767578125
FRB20210415B,0,False,,0,555.8539954836356,0.0016363112635447,1.5656159377217769,26.62515647682651,4.276005448150446,-31.231675370690716,428.55224609375,162.01171875
FRB20210415A,0,False,,0,834.4782975256645,0.0147717445303709,0.6891588229904744,6.380425940034765,8.833393220075184,-57.35230530994282,432.23876953125,127.9052734375
FRB20210416E,0,False,,0,480.4957276485323,0.0007552187088058,0.4769100262175744,1.7786801400899053,2.9256234678649378,-5.852849262332412,513.83056640625,399.9755859375
FRB20210416C,0,False,,0,406.7457778548688,0.0003366131465914,1.09238860588856,2.847732319623862,3.5121948607890614,-13.248441931259787,456.92138671875,293.0419921875
FRB20210416D,0,False,,0,205.08973560289368,0.0003616544699017,0.9897876960323628,1.4538420365956906,3.154685862663765,-9.89726255437062,469.34814453125,360.0341796875
FRB20210416B,0,False,,0,656.2487370849104,0.0002754789406435,1.6166006375308235,2.2295745629362638,49.43762868666544,-79.1908079600366,546.81396484375,187.353515625
FRB20210416A,0,False,,0,479.4927024600376,0.0005726227214642,0.5469242136357322,2.6740203202562154,2.5849601214943045,-6.75612095338047,484.55810546875,399.9755859375
FRB20210417A,0,False,,0,148.45913047867276,0.0003297988221203,2.927776478872783,5.327687503353346,31.092434725454748,-31.39657372702604,656.62841796875,299.31640625
FRB20210418D,0,False,,0,1355.7480638750876,0.0006022291533151,0.599491126570533,1.6313483237361406,5.431191484206222,-4.886823449382186,697.59521484375,399.9755859375
FRB20210418C,0,False,,0,906.4661639698368,0.0021249359427399,0.4410271299563605,7.78071912455811,-1.001083751055906,-0.8896080781985609,400.20751953125,399.9755859375
FRB20210418B,0,False,,0,882.1371871501088,0.000461048867731,5.181707803709654,12.23290837255439,-1.052749930313544,-9.483002603171007,400.20751953125,221.38671875
FRB20210418A,0,False,,0,256.4869706518707,0.0003816643364399,0.9895252418776302,6.492636540737153,23.79793646355397,-59.80099724050275,488.29345703125,192.8466796875
FRB20210419B,0,False,,0,1045.2767000552865,0.0012956761437959,0.3520709770723389,3.501381897721404,15.347680394429652,-14.042539381320342,691.19873046875,339.1357421875
FRB20210419A,0,False,,0,719.8992857469041,0.0004333420436075,1.4008727188928185,7.1342792337326175,2.2278917706733483,-5.656236320406785,487.31689453125,399.9755859375
FRB20210421C,0,False,,0,1646.5263112806952,0.0015799427983085,0.2837911905783969,1.9998519721677557,2.930603800879572,-6.178365902464555,507.31201171875,399.9755859375
FRB20210421E,0,True,FRB20200120E,0,87.77591781877985,0.0002203321189062,0.6574055218459038,1.2827624599841323,2.4633938928531256,-11.733535059090284,444.49462890625,292.0166015625
FRB20210421F,0,False,,0,1201.622922011468,0.0031203732460875,0.2584112002882311,4.628086949780153,10.589638438191136,-43.94050391687679,451.45263671875,167.3583984375
FRB20210421D,0,False,,0,268.3831732334952,0.0004695237913565,0.2478015643772837,0.3376826073189126,26.01529250875835,-129.35156291484785,442.54150390625,105.46875
FRB20210421B,0,False,,0,574.6466648702971,0.000957289439599,0.7535911754999197,3.5484161775753877,0.2885495601720683,-1.587885600220446,438.26904296875,399.9755859375
FRB20210422A,0,False,,0,545.2053975056316,0.0001179566131932,0.5677069162441208,1.945369252551354,19.31913724780632,-75.22836464797331,455.01708984375,141.796875
FRB20210423H,0,False,,0,341.53782166897014,0.0008917539139583,0.4018663653790095,2.881757005770432,15.34184244909481,-72.47825906649605,444.88525390625,131.4453125
FRB20210423G,0,True,FRB20200120E,0,87.75605671128959,0.0001722865278309,2.000357572925137,3.3167686320951635,-0.7840859624011413,-0.2638092995448667,400.20751953125,399.9755859375
FRB20210423F,0,False,,0,385.6877647535168,0.0002150994315252,1.4414094760485796,3.700035135501636,97.92657918593062,-78.36426745345126,747.52197265625,170.41015625
FRB20210423E,0,False,,0,274.1789859377468,7.145938752323238e-05,0.2609376315108467,2.117793472255329,0.3709078015111606,-7.17756240630081,410.68115234375,323.33984375
FRB20210423D,0,False,,0,295.6835504899348,0.0008794153696052,0.3759123942247317,1.940192732317629,23.71195509632211,-79.78002968798907,464.31884765625,150.0732421875
FRB20210423C,0,False,,0,763.1725411268734,0.0002743114472233,0.9753659834485524,5.7312445707758295,7.738396840627999,-12.56992220482104,544.44580078125,399.9755859375
FRB20210423B,0,False,,0,1381.8150151446246,2.8199128260500872e-06,0.4652523755590399,10.84177436663887,-0.3145546000531031,-7.443593191354975,400.20751953125,283.3984375
FRB20210423A,0,False,,0,815.460298352677,0.0007369353791375,1.7342803849966313,3.9108531196652696,10.236002777409162,-23.73748406378076,496.49658203125,277.685546875
FRB20210424C,0,True,FRB20190417A,0,1378.2985991570486,0.001175933500332,0.3156819037726976,1.949638731022684,134.22444633928828,-217.8424053220897,544.59228515625,112.158203125
FRB20210424A,0,False,,0,971.704454582502,0.0011649456837535,0.5932937062522282,9.22627512847103,17.84547089789825,-90.80880289298986,441.51611328125,117.5048828125
FRB20210424B,0,False,,0,774.5269144659014,0.0005627538250105,0.5281044012253694,1.849373310220208,23.70577600229693,-30.69162648174605,588.83056640625,326.5869140625
FRB20210425A,0,False,,0,932.2955858997852,0.0004831348915366,0.8780020224812481,2.109107077237678,5.283663653148095,-6.417296880429319,604.04052734375,399.9755859375
FRB20210426B,0,True,FRB20210323C,0,288.17654428035445,0.0009231390401562,1.4025858366302923,6.801670015044898,156.6283024505798,-302.45935454349205,518.46923828125,90.576171875
FRB20210426B,1,True,FRB20210323C,0,288.17654428035445,8.914016237012248e-05,1.4025858366302923,6.801670015044898,93.82907629547933,-215.70840104219025,497.42431640625,102.9296875
FRB20210426A,0,False,,0,1107.7309384278024,0.0004026979071816,2.9570284047060453,6.543522014083533,2.7890574763878364,-9.79997642634255,461.38916015625,348.9501953125
FRB20210427B,0,False,,0,617.2546979989642,0.0030942211611543,0.8932808098127449,10.077166459842118,8.033295536550732,-8.839986608756593,630.38330078125,399.9755859375
FRB20210427A,0,False,,0,268.4135447443849,0.0007569556855466,34.723263412316484,82.92873084844564,2.541309441868994,-6.464035170001431,487.12158203125,399.9755859375
FRB20210427C,0,False,,0,200.7722981048346,0.0002020177810514,0.8065398611726404,1.5406481438850743,6.867623921774733,-8.03824881054107,613.46435546875,399.9755859375
FRB20210428C,0,False,,0,283.1615039150323,0.003314559115797,0.2566937191253066,2.839838304801018,17.489517294255567,-148.87166264141513,424.40185546875,80.3955078125
FRB20210428A,0,False,,0,849.2883794705261,0.0005414161372621,1.1153238587164989,4.311161779946009,5.829492891908403,-10.761909980376192,524.67041015625,399.9755859375
FRB20210428B,0,False,,0,670.3223811242791,0.000279056091833,0.359342828609731,2.5270434005656,8.379090707300442,-46.38978027550639,438.02490234375,147.119140625
FRB20210429C,0,False,,0,592.2653794562998,0.0003300752667362,2.727411222621731,6.534477935787503,14.650824260686036,-42.39203117834335,475.69580078125,200.3173828125
FRB20210429B,0,False,,0,390.4295568170152,0.0010468591307102,3.743280615481686,11.823449196060425,131.730440623132,-98.03180499610254,783.55712890625,127.9541015625
FRB20210429A,0,False,,0,911.8956813163386,0.0005898004630909,0.4380015609715167,1.4761922394599003,21.848880065853,-131.72731106243967,434.80224609375,96.044921875
FRB20210430I,0,False,,0,598.4804362707395,0.000287015177523,0.3753327247809696,1.0048065496710368,21.125254447226485,-57.71626736760292,480.55419921875,186.5966796875
FRB20210430J,0,False,,0,826.9011221089407,0.0015866673142819,0.3944520504769681,3.8963274387149376,159.5813795151315,-139.75592936459296,708.31298828125,177.197265625
FRB20210430G,0,True,FRB20200120E,0,87.75593534402945,0.0001339636288721,1.049331251672748,1.3059208094724828,9.792573711351228,-37.22843102490395,456.45751953125,185.107421875
FRB20210430F,0,False,,0,605.6890441864933,0.001063900503428,0.4967729877250472,3.6581208603469095,0.8276864825584601,-26.796880637852382,406.43310546875,144.62890625
FRB20210430E,0,False,,0,3130.191624273348,0.0012988231348927,0.5316624951589785,2.078520889589357,26.807696129304773,-26.949905913372245,658.06884765625,308.88671875
FRB20210430D,0,False,,0,755.0810515189189,0.0005477972175475,0.7719647668070857,3.49905046982306,4.374317716047,-32.25494210396092,428.28369140625,159.228515625
FRB20210430C,0,False,,0,496.0119276692319,0.0002644787010387,0.5065821930575346,1.5114060591019955,-1.8763866798030997,-0.8624634342845321,400.20751953125,399.9755859375
FRB20210430B,0,False,,0,1003.2329467596138,0.0010047287517282,0.1112755093587396,0.3168377865863844,1.8095683807654717,-49.65116797104016,407.55615234375,105.2734375
FRB20210430A,0,False,,0,408.533880304499,0.0003737933577963,0.6203656475104692,1.5051320147022391,0.2682090416136255,-5.160342943398854,410.72998046875,399.9755859375
FRB20210501C,0,False,,0,1197.7656728375066,0.0002714681113239,0.2737628134049182,2.9217641330088813,10.84765549576838,-90.9402908575812,424.79248046875,97.8271484375
FRB20210501D,0,False,,0,573.129943737882,0.0009503767917499,0.3734281146124355,1.861648067658456,9.42472071491781,-45.17898207445994,444.20166015625,156.4697265625
FRB20210501B,0,False,,0,383.4429816733988,2.5248935490146237e-05,1.0326304312427033,4.7987005405175305,40.63794938608471,-61.73488710688108,556.16455078125,216.1376953125
FRB20210501A,0,False,,0,233.07715857931495,0.0001300771711459,4.244630949635641,11.172192114139095,2.9020032496248875,-41.058883018402106,414.58740234375,125.146484375
FRB20210501A,1,False,,0,233.07715857931495,0.000313657937092,4.244630949635641,11.172192114139095,-2.1875472087499817,-2.730788787139457,400.20751953125,329.931640625
FRB20210502B,0,False,,0,304.7210131487826,0.0004597729982666,0.5645910657383777,1.1092599018992917,7.2462343931847,-15.057702295062333,509.06982421875,352.44140625
FRB20210502A,0,False,,0,1101.1204323951126,0.0005925047551381,0.5296159565572444,1.822773495037897,6.101059746926466,-8.188148060980543,580.84716796875,399.9755859375
FRB20210503A,0,False,,0,388.288605391039,0.0014208299993878,0.3203701314795814,1.063959339449834,11.878876741975086,-53.4449338965611,447.22900390625,150.1708984375
FRB20210504F,0,False,,0,1258.038695938701,0.0012046153546027,0.6790981592434177,5.085272671529954,-1.176056611063702,-4.437992068617134,400.20751953125,328.90625
FRB20210504E,0,False,,0,722.3937959904515,0.0009037843001621,1.4937159949659486,8.020326096021982,18.92962230327356,-19.267046427464745,654.06494140625,337.2802734375
FRB20210504E,1,False,,0,722.3937959904515,0.0046958090019936,1.4937159949659486,8.020326096021982,-0.4454354543927674,-3.2471767524199957,400.20751953125,399.9755859375
FRB20210504D,0,True,FRB20210504D,0,564.5456427857515,0.0003273291550779,2.8810490799219965,13.387277905283913,9.889694134506096,-12.89956510676556,587.14599609375,399.9755859375
FRB20210504C,0,False,,0,719.4648727775564,0.002085707722005,0.539169538513285,2.8805105886005644,44.693657436999786,-182.49129455591495,452.33154296875,101.806640625
FRB20210504B,0,False,,0,400.4560181737664,0.0011982490206941,0.8353022561531397,3.445443824722397,3.998566836765504,-19.248556970898186,444.00634765625,227.24609375
FRB20210504A,0,True,FRB20201124A,0,412.6032037316192,0.0046719043131502,0.3063069402188028,4.823636050791717,8.293166403475098,-17.05458327211058,510.33935546875,336.7431640625
FRB20210505F,0,False,,0,411.2923240026007,0.0005646494510208,0.5854048139269183,1.5544558523961476,-0.9749241007334064,-1.841159957305565,400.20751953125,399.9755859375
FRB20210505E,0,False,,0,269.9033954565486,0.0007897682375704,0.659705766011339,2.1379697026965654,-1.778940871274457,-1.6655397749367544,400.20751953125,399.9755859375
FRB20210505D,0,False,,0,550.0589758550286,0.0001004653923678,0.4239476910870187,2.336629505122122,2.2616343142998296,-16.76932299268599,428.11279296875,219.921875
FRB20210505C,0,False,,0,574.3400946145985,0.0005462541092475,0.6540660128801703,1.4886066721989768,111.20675795321988,-103.32137431226734,685.48583984375,205.419921875
FRB20210505B,0,False,,0,1013.4343901984702,0.0001369486243857,5.446926503231915,29.367979579953133,2.4602584983950053,-4.090205412406045,540.61279296875,399.9755859375
FRB20210505A,0,False,,0,1300.1879453406727,0.0006740015984487,1.048962992657835,5.155020558141563,35.25755375867924,-58.378086779627765,541.27197265625,216.3818359375
FRB20210506D,0,False,,0,565.7870691898945,0.0004743810327468,1.3410704030385117,3.188553032114981,5.334925602117861,-7.075990642487827,583.43505859375,399.9755859375
FRB20210506E,0,False,,0,670.3034811883421,0.0005770061699647,0.7230887532335042,2.37512150239072,3.968241338630782,-8.32810514028619,507.84912109375,399.9755859375
FRB20210506B,0,False,,0,643.8099736858695,0.0003569878043055,0.2085459863267212,0.3291857517666616,18.638353485914426,-72.77002053131555,454.87060546875,143.212890625
FRB20210506A,0,False,,0,437.39416752680825,0.0013465258467818,0.4651279914675395,1.63117426681749,-2.072043529627419,-1.836707451042653,400.20751953125,397.3876953125
FRB20210507C,0,False,,0,1122.5519251337764,0.0003066788049654,2.2860659243183687,4.570973909596807,6.356994629042953,-7.8931204933864,598.62060546875,399.9755859375
FRB20210507A,0,False,,0,525.7854420384581,0.0028336818103857,0.3773022791053405,2.313253939447579,17.541025839625835,-78.86035402591308,447.27783203125,130.3955078125
FRB20210508B,0,False,,0,453.89203390622833,0.0005861377042398,0.4792506208081595,3.013719871637437,0.1867885343021395,-11.325894231732248,403.50341796875,233.1787109375
FRB20210508A,0,False,,0,325.0891261027915,0.001387020197366,0.9850782589744168,7.737991562407924,-0.3239828687766015,-18.06462503009958,400.20751953125,166.650390625
FRB20210509A,0,False,,0,452.44308972446646,0.0006043698857557,0.9296424459022484,3.572033458242992,1.3216371152616166,-7.492182204421199,437.09716796875,360.693359375
FRB20210511A,0,True,FRB20190208C,0,238.31604960010503,0.000213881782744,14.235314333093887,25.21311552892696,1.8462428708316745,-17.293584971755855,422.13134765625,207.8125
FRB20210512B,0,False,,0,855.5562724668131,0.0005938788219792,1.627936864084761,4.257983788508004,3.283462182526673,-9.53086897917076,475.42724609375,377.001953125
FRB20210512C,0,False,,0,229.2101262131496,0.002375352404131,0.3049356463294409,1.1878642077364283,-5.61942869596702,8.831221922607027,800.18310546875,399.9755859375
FRB20210512A,0,False,,0,778.6346669906738,0.0007566474140839,0.4726734614881753,3.992830220349236,3.5035504678906086,-7.556971438850845,504.60205078125,399.9755859375
FRB20210513B,0,False,,0,295.895006103388,0.000221413961421,1.3436177042982842,6.454842584254116,3.002158747793763,-13.074261468869796,448.88916015625,282.7392578125
FRB20210513B,1,False,,0,295.895006103388,0.0004508580525447,1.3436177042982842,6.454842584254116,0.5373298931956295,-12.086755527692842,409.19189453125,232.8857421875
FRB20210513C,0,False,,0,139.13376616068874,0.002540444521875,1.0063367309755362,6.810874174200173,-1.6253562637551815,2.5859420497539296,800.18310546875,399.9755859375
FRB20210513A,0,False,,0,323.98291295308394,0.0005200661761383,0.7155688875670478,1.667593809239804,4.973436128142084,-12.16495697136254,490.95458984375,358.349609375
FRB20210514C,0,True,FRB20190303A,0,222.04531842017468,0.0010310826482366,0.3310409266668188,1.0653207289693698,2722.673376865192,-4864.260701587349,529.43115234375,23.0224609375
FRB20210514B,0,False,,0,606.1278959564594,0.0006238604389806,0.4229561038331211,0.5117045720331698,23.37346397076536,-115.74454846289176,442.71240234375,109.5458984375
FRB20210514A,0,False,,0,233.3249080308619,7.158325562726363e-05,1.23391073208699,7.540655632270487,4.391979412215817,-11.995683253462676,480.60302734375,344.6044921875
FRB20210518D,0,False,,0,309.99616241437104,0.0009968545407776,0.5563353706143898,0.8433604901091899,18.07355986763581,-105.8562518443518,435.85205078125,104.9072265625
FRB20210518B,0,True,FRB20210209C,0,382.6240461135425,0.0009834717626031,0.8384725223973819,3.965294881511728,1702.789432401084,-1264.0754683909472,784.85107421875,48.1201171875
FRB20210518B,1,True,FRB20210209C,0,382.6240461135425,0.0016758850633557,0.8384725223973819,3.965294881511728,114.86645972214752,-110.84428314121573,671.88720703125,194.3115234375
FRB20210518A,0,True,FRB20201124A,0,413.53784325089896,0.0063096130854803,0.3618213306875377,4.852830473845572,2.6292829175261754,-15.690251663152,435.16845703125,238.0859375
FRB20210520A,0,True,FRB20190905A,0,235.66055161920744,0.0067619000737897,0.6548934415572186,6.718625035199624,2.6539201166224786,-6.730879214724233,487.41455078125,399.9755859375
FRB20210521F,0,False,,0,341.8437460023954,0.0001931405973955,0.7617329984994032,1.396770924069472,-1.3351808830462917,-3.429375733830054,400.20751953125,364.501953125
FRB20210521E,0,False,,0,282.94572783399263,0.0007732723846132,0.6206892998919796,1.596714409875954,59.67533588656171,-270.3504856771887,446.88720703125,82.568359375
FRB20210521C,0,True,FRB20180916B,0,349.07828187229774,0.0016586206569938,0.4838712216984244,1.2687883872918972,22.74225862320393,-52.37537361101865,497.22900390625,210.0341796875
FRB20210521B,0,False,,0,1491.3873004586724,0.0008357147393809,1.1844474100860665,3.624478681923287,27.074947111651436,-25.364847129337072,682.43408203125,295.263671875
FRB20210521G,0,False,,0,385.507966871003,0.0007646955105285,0.4407266716172311,0.8966846067168881,2.4138337983087435,-15.942971240164182,431.67724609375,231.0302734375
FRB20210521A,0,True,FRB20201124A,0,416.2587160972646,0.0052817592453349,0.3019192910197705,3.143950965692972,6.203697321698612,-9.674613618250708,551.45263671875,399.9755859375
FRB20210521D,0,False,,0,1079.160498621851,0.002913849292112,0.3214120346705981,2.312416514864786,51.8928543161898,-90.7462902587521,532.65380859375,170.3857421875
FRB20210522C,0,False,,0,1031.9028655417212,0.0003596709783075,0.2552438869614757,0.75225484744437,-1.3198935867171395,-1.050586019429403,400.20751953125,399.9755859375
FRB20210522B,0,True,FRB20201124A,0,414.01071566613217,0.0220548141347142,0.3402083693768213,6.290265298459342,22.80294531098668,-52.53565586422848,497.18017578125,209.6923828125
FRB20210522A,0,False,,0,301.36792953139343,0.0002327300197596,1.0381367155500971,2.419920486004869,21.269137887209236,-62.05372362164503,475.01220703125,175.68359375
FRB20210523G,0,False,,0,866.5135040393155,0.000215279908562,0.1955686938689677,0.6412040268732281,15.750453395951972,-63.44770714872154,453.08837890625,147.94921875
FRB20210523F,0,False,,0,675.2976927970087,0.0005296442272997,0.580030045795472,0.1962757690763315,0.8634852376112813,-6.370283588241735,428.25927734375,381.0546875
FRB20210523D,0,False,,0,234.4701334200926,0.0002736528574006,1.0558848837576158,1.409837437204017,-4.437625039952766,1.141385912806018,400.20751953125,341.2841796875
FRB20210523E,0,True,FRB20190303A,0,222.26831524971772,0.0032742758925691,0.2778521637374559,1.4988734556035046,48.1400108904536,-125.28972676213336,484.94873046875,131.8603515625
FRB20210523B,0,False,,0,514.0810090793424,0.0004020770148101,1.071025670846219,6.639577277666662,8.973293952003202,-19.99564101592056,500.86669921875,303.0029296875
FRB20210523A,0,True,FRB20180916B,0,348.99898218041864,0.0011277983649123,0.6299603225324653,3.739365359715014,24.856568959684008,-220.0512798316348,423.44970703125,68.84765625
FRB20210524B,0,False,,0,377.5561550882824,0.0001548207230967,2.26394881665216,5.958805493468638,-0.9748441174264048,-5.583702883487738,400.20751953125,300.927734375
FRB20210524A,0,False,,0,927.707727706206,0.0007641316268876,1.2742155099303003,3.0913598127264126,15.35925851711977,-14.467940627396832,680.45654296875,343.5546875
FRB20210524D,0,False,,0,853.8297961718082,0.0008237207119721,0.401454017681913,0.896415272903728,3.001019896950623,-5.7649342524068,519.17724609375,399.9755859375
FRB20210525B,0,False,,0,291.52583968276923,0.0005538569871668,1.746417841231449,4.453756500931493,5.243909781715452,-8.732535291500213,540.34423828125,399.9755859375
FRB20210525A,0,True,FRB20201124A,0,415.9672494140329,0.0078654803998205,0.3104018332001806,3.802031438861394,43.73653932701141,-139.83552659139397,467.93212890625,120.3857421875
FRB20210526B,0,True,FRB20210209C,0,382.3503129645087,0.0021436051156475,0.6315898842178298,3.983533587986689,121.33303693059136,-98.32125852898186,741.71142578125,163.6962890625
FRB20210526D,0,True,FRB20201124A,0,411.4993097798154,0.0058375880975006,3.5058190878728617,129.87547528142778,20.01361738498095,-82.56212815672397,451.77001953125,133.642578125
FRB20210526C,0,False,,0,489.99179614708567,0.0003319603712759,0.7888259562394085,2.974206226950046,107.98907411838056,-157.11355442771242,564.31884765625,136.9384765625
FRB20210527E,0,False,,0,581.9648230641033,0.0008770183944324,0.4165569867990072,1.292833342758506,24.75281388569917,-86.8472649299168,461.48681640625,142.87109375
FRB20210527B,0,False,,0,355.83551035947005,0.0006355110290499,0.7424091950644106,5.446685872703549,0.3478089541665045,-3.932081926056551,418.29833984375,399.9755859375
FRB20210527A,0,False,,0,361.66376468986687,0.0004658660047721,0.6333160709455052,4.886848590147414,-1.42559950965016,-2.660677557726977,400.20751953125,399.9755859375
FRB20210527D,0,True,FRB20201124A,0,416.5113941701383,0.0051028048559069,0.3941018956743684,4.24558201091826,239.8738913258326,-198.38086462195025,732.55615234375,142.431640625
FRB20210528B,0,False,,0,698.5421777884108,0.0003773026000087,0.8709785097879705,1.394653668686577,3.564933255261606,-10.099765084947895,477.42919921875,369.4091796875
FRB20210528A,0,False,,0,646.1261801562899,0.0020432994654696,0.4765965103450268,1.2788604122363718,38.63978194301345,-97.727641473693,487.68310546875,150.2685546875
FRB20210529B,0,False,,0,262.2359121482075,0.0001360611784783,3.573156070663454,6.032254102942209,7.472960945045043,-17.157468939737228,497.57080078125,317.48046875
FRB20210530D,0,False,,0,512.1359246575163,0.0058529149292796,0.5584182058094873,21.45696522036034,0.2890396059664704,-3.689117067947536,416.17431640625,399.9755859375
FRB20210530E,0,False,,0,991.6387060483064,0.0013972102941149,0.3923712787479657,2.0614687350648384,16.258731358053716,-162.61291988148034,420.71533203125,73.6572265625
FRB20210530C,0,False,,0,965.8345968097308,0.0003901563273444,1.2996863918505872,4.7491941449814,1.252826443294509,-3.409655657035965,480.89599609375,399.9755859375
FRB20210530B,0,False,,0,685.8034762840866,0.0002607383962425,1.2389273132797842,4.197104538874783,-1.651044615016593,-9.034126750780782,400.20751953125,209.8876953125
FRB20210531B,0,False,,0,897.5565308321536,0.0003190050134076,2.878429185068286,5.884681011035283,0.56032634732703,-2.3686963431124126,450.45166015625,399.9755859375
FRB20210531C,0,False,,0,483.28103539837485,0.0004502032409516,1.3818034330447002,2.68105042248719,8.979032924975765,-11.259217266533769,596.27685546875,399.9755859375
FRB20210531A,0,False,,0,278.1690363532539,6.36286391044192e-05,0.8111083225215634,1.7596322426838091,1.8111418467225229,-31.68800049370887,411.80419921875,138.9892578125
FRB20210531E,0,False,,0,875.7842167286374,0.0002570775431631,1.7861674160308167,6.233818000356626,-0.5224268713106895,-2.165291613081781,400.20751953125,399.9755859375
FRB20210601C,0,True,FRB20210601A,0,419.5856630290309,0.0041146102031639,1.0337760555701114,8.861402875338673,125.30463521278205,-149.80403430083288,607.99560546875,151.123046875
FRB20210601D,0,True,FRB20210601A,0,419.0426586595962,0.0008458278722489,0.5676507111796261,1.8068692388241108,26.395198414851787,-66.63270154026236,487.85400390625,182.3974609375
FRB20210601E,0,True,FRB20210601A,0,418.5701532394456,0.0026567560364539,0.3018985703585287,2.190123581301662,48.08256931397292,-101.17503918169572,507.53173828125,153.6865234375
FRB20210601F,0,True,FRB20210601A,0,418.9459655901591,0.0013289541726438,0.7313143972498034,6.460586038184628,105.90814798169312,-97.2710206352802,689.75830078125,208.7646484375
FRB20210601F,1,True,FRB20210601A,0,418.9459655901591,0.0003929511368237,0.7313143972498034,6.460586038184628,225.5395459087954,-194.36337192088885,714.90478515625,155.908203125
FRB20210601F,2,True,FRB20210601A,0,418.9459655901591,0.0007985204170601,0.7313143972498034,6.460586038184628,76.550057142462,-73.02781147411517,675.91552734375,234.228515625
FRB20210601G,0,True,FRB20210601A,0,418.42337139216295,0.001702732834443,0.7278459539390051,4.852262059656065,97.98067774356956,-97.93666171032632,659.94873046875,203.1494140625
FRB20210601H,0,True,FRB20210601A,0,418.00745430615575,0.0059209503978844,1.0859784125791143,14.331605221427324,124.31588242609772,-113.30246727240625,692.66357421875,198.14453125
FRB20210601H,1,True,FRB20210601A,0,418.00745430615575,0.0023912691326417,1.0859784125791143,14.331605221427324,169.77823775475755,-165.54155931360154,668.29833984375,157.958984375
FRB20210601I,0,True,FRB20210601A,0,417.4979765287681,0.0059358451159368,0.90454650916509,9.607683223189534,125.67599065087111,-114.38578717761456,693.20068359375,197.3388671875
FRB20210601J,0,True,FRB20210601A,0,418.9839439451732,0.0053370123919047,0.3849084124311828,4.585103107707014,27.94754402766284,-56.53235253244316,512.41455078125,208.203125
FRB20210604B,0,False,,0,641.2712125848308,0.0005742060857288,0.2851365196972645,3.0087334784980357,0.9905113287055418,-7.825744103142089,426.33056640625,333.154296875
FRB20210604A,0,False,,0,529.4742232518753,9.62894014313826e-05,2.528020669538368,6.277709579541196,19.703464755492924,-72.34800799488754,458.58154296875,147.9248046875
FRB20210605B,0,False,,0,1050.7520098746809,0.0005097844957339,0.44831731553115,1.376565638122201,22.27041627220582,-85.8158587458926,455.65185546875,136.5234375
FRB20210605C,0,False,,0,407.7327142233343,0.0005172361841527,0.7855158745471181,2.598621869042092,4.44985228729242,-9.261724760324894,508.87451171875,399.9755859375
FRB20210606E,0,False,,0,431.40337109769433,9.037378284914748e-05,0.5312245574800866,4.3415308840315205,68.04258694990239,-79.85546990738369,612.78076171875,209.08203125
FRB20210606D,0,True,FRB20190303A,0,221.6304704775741,0.0031058853378629,0.4850007096248523,7.177423974072752,189.96637094056356,-349.5368655387403,525.15869140625,85.3271484375
FRB20210606D,1,True,FRB20190303A,0,221.6304704775741,0.0023403340006229,0.4850007096248523,7.177423974072752,87.66799592860077,-217.37025376734596,489.61181640625,100.927734375
FRB20210606D,2,True,FRB20190303A,0,221.6304704775741,0.0115399585188037,0.4850007096248523,7.177423974072752,475.0385643522248,-1976.8263943073405,451.28173828125,30.76171875
FRB20210606D,3,True,FRB20190303A,0,221.6304704775741,0.0081748036882169,0.4850007096248523,7.177423974072752,854.4870338726372,-2412.7011402834564,477.72216796875,29.5166015625
FRB20210606C,0,False,,0,734.8107501126002,0.0004407190020622,1.2840705446917866,2.9202653798674763,11.411260372153723,-12.520036507935457,631.23779296875,389.0869140625
FRB20210606B,0,False,,0,529.6825122489629,0.0028106561978142,0.3252210974036737,2.997728028510666,10.576530357417964,-82.53650444789454,426.67236328125,104.0283203125
FRB20210606A,0,False,,0,827.5268110083365,0.0007426263625687,0.5197749266774163,1.3467924535679383,4.452817045856035,-34.751370822175794,426.67236328125,151.708984375
FRB20210607D,0,False,,0,1164.9154709523652,0.0005589233914727,0.2277025435677837,0.343151201401414,0.7743336284039128,-0.0043721840454034,800.18310546875,399.9755859375
FRB20210607B,0,False,,0,364.6800982915401,0.0003402539790149,3.2211612492083312,6.338427058305405,17.00836182881476,-26.70057440475332,550.30517578125,327.8564453125
FRB20210607C,0,False,,0,450.2206555752808,0.0006932625015143,0.4072629627011476,1.00258739537065,-2.1548036450306234,0.7756037517798325,400.20751953125,399.9755859375
FRB20210607A,0,False,,0,548.465683505466,0.0004686902161946,1.4792694283876466,2.4842210685308874,18.928763629186488,-66.54338975206502,461.36474609375,155.46875
FRB20210608B,0,True,FRB20181119A,0,364.3735771285667,0.0011231985422303,0.8985176771190326,6.212199601154011,210.84122057331984,-201.29227125095497,675.64697265625,144.775390625
FRB20210608A,0,False,,0,1228.6382860160893,0.0037315963621408,0.2268570365790762,2.437139770306056,-8.84882180179715,12.16406859859119,400.20751953125,399.9755859375
FRB20210609D,0,False,,0,587.9359708669421,0.0002084480270011,1.1968505577307222,3.123443409356621,-2.948924308086306,-3.1893317224666253,400.20751953125,262.9150390625
FRB20210609E,0,False,,0,894.036372874653,0.0003871484881661,0.6229126400278672,1.4571683118457233,1.747767283855906,-4.084690675182644,495.66650390625,399.9755859375
FRB20210609C,0,False,,0,1953.852965470736,0.0056841564483904,0.2584680772809309,2.805940245938768,28.296159199553006,-128.8975305714594,446.61865234375,110.2783203125
FRB20210609B,0,False,,0,1002.9819405832822,0.0007494932657867,0.6735825484078433,2.598446778455069,30.77861463541122,-38.39796227096111,597.49755859375,295.5322265625
FRB20210609A,0,False,,0,1440.083286607541,0.0009076391758266,0.8413259981208284,2.1325081846183847,-1.4866089817210586,-5.564459203558473,400.20751953125,275.2197265625
FRB20210610D,0,False,,0,403.2998667140016,0.0003119772317842,1.4370744159520592,4.058352662906525,8.492050819523204,-9.998706532211395,611.92626953125,399.9755859375
FRB20210610C,0,False,,0,876.2337409789346,0.0010447739935199,1.4892967061154485,17.18766797475067,0.6819157196169927,-10.34060692704961,413.61083984375,262.79296875
FRB20210610B,0,False,,0,694.874394215964,0.0014479732552888,1.1171354872100865,5.845803370176124,8.245288718489508,-14.174884232834131,535.29052734375,399.9755859375
FRB20210610A,0,True,FRB20190212A,0,302.9634463503776,0.0019908738307827,0.7077292685613499,3.72076348245285,73.24632477672017,-101.21371801556796,574.67041015625,173.974609375
FRB20210612B,0,True,FRB20190208A,0,579.9354640587997,0.0005789303184314,0.4203695926083107,3.8605302012591904,54.72800630838829,-88.43594789539769,545.32470703125,176.7333984375
FRB20210612B,1,True,FRB20190208A,0,579.9354640587997,0.0019639076887269,0.4203695926083107,3.8605302012591904,25.30240988798792,-231.6831307439685,422.64404296875,66.748046875
FRB20210612A,0,False,,0,1080.5754581601911,0.0007554713601167,0.872893019164949,2.0406351610647437,-2.216957443302099,-2.18468833806084,400.20751953125,357.080078125
FRB20210612C,0,False,,0,181.77854267402364,0.0006733950464262,0.5329239117077559,1.8360230467136724,1.4886599274037018,-3.742057557597541,488.26904296875,399.9755859375
FRB20210613A,0,False,,0,478.0660361863429,0.0005023220844626,0.9532015099247716,22.59932144657242,-3.316863017434021,0.3206663430148587,400.20751953125,399.9755859375
FRB20210614D,0,True,FRB20181119A,0,364.5503868962348,0.0050192283576601,0.4037194795019709,3.219663648832403,24.92605096460373,-64.6101913727802,485.33935546875,184.3017578125
FRB20210614C,0,False,,0,328.29472610754084,0.0005220041194372,0.9569705035641376,9.036316432312905,3.887361312297613,-10.83096706205209,478.86962890625,359.1552734375
FRB20210614C,1,False,,0,328.29472610754084,0.0068751387626219,0.9569705035641376,9.036316432312905,0.4426223643511403,-16.343630782903805,405.65185546875,190.2099609375
FRB20210614B,0,False,,0,837.8017236568077,0.0010555476210109,1.2751325940452891,5.632148071820691,-1.2888390873618256,-3.225507135109504,400.20751953125,380.615234375
FRB20210614A,0,False,,0,221.7023362824174,0.0005471593477272,1.242342015123152,2.5418985050915786,60.57025692170664,-64.96709279687202,637.85400390625,241.5771484375
FRB20210615A,0,False,,0,399.99949593057823,0.0010099966450045,0.6108674494710378,2.046639104370845,6.031241087420828,-9.4571077059219,550.50048828125,399.9755859375
FRB20210616C,0,False,,0,428.07567808406486,0.0003087184286792,0.1707868908909315,1.40721813407561,5.612172786207298,-9.511692193989168,537.51220703125,399.9755859375
FRB20210616D,0,False,,0,1087.1337923700037,0.001760417498224,0.4037145264798001,1.2382465107740963,10.221855338145728,-64.32165246771135,433.28857421875,123.3154296875
FRB20210616B,0,False,,0,412.0318695259834,0.0008380717506111,0.5315590987548212,1.1030772393051382,21.43352628200537,-125.44391750549472,435.87646484375,98.9013671875
FRB20210616A,0,False,,0,315.52106440611425,0.0002322018914243,0.9715289615637828,1.693523803294776,11.422183761856369,-12.736792173145362,626.62353515625,390.576171875
FRB20210619D,0,False,,0,376.44092175376073,0.0004932720436342,0.8235278052988692,1.807396563645837,1.1083194584222944,-2.462313571293892,501.20849609375,399.9755859375
FRB20210619C,0,False,,0,1428.3743100613726,0.0008293780793941,6.398717214676434,29.569520810762373,25.881831466407352,-69.39500906069226,482.23876953125,176.6357421875
FRB20210619B,0,False,,0,517.6202130851746,0.0003716060420377,0.4420958362951852,1.1283493386272905,41.8930657747575,-122.21417707272714,475.01220703125,130.7861328125
FRB20210619A,0,False,,0,1162.1864563909012,0.0001418334507911,2.4426555496400937,6.933829207759604,4.6045826384299495,-6.05189411369412,585.43701171875,399.9755859375
FRB20210620C,0,False,,0,521.4350175722102,0.0008136106556708,0.7785914592454052,2.2717067940979088,-5.26037189499006,2.4067837568342783,400.20751953125,333.0078125
FRB20210620B,0,False,,0,498.9145597645024,0.0003509238369856,2.2859961940738627,4.879633934995464,9.126855075474444,-21.857689938348347,493.10302734375,281.9580078125
FRB20210620A,0,False,,0,806.176625566039,0.0008561845634912,0.7258345012616839,1.8450113937592143,0.5459981674017937,-2.6769974869616204,443.15185546875,399.9755859375
FRB20210621B,0,False,,0,1272.7249513734448,0.008016516662463,0.2278764470269572,2.189837263733977,42.52715674125027,-41.96690486609688,664.22119140625,274.658203125
FRB20210621A,0,False,,0,324.26173583704406,0.0014846710592292,0.5539670152026928,10.20385701113464,13.04342687462604,-15.557635872106951,608.58154296875,385.9375
FRB20210622B,0,False,,0,376.91466308797874,0.0002107116758056,0.8220983858240043,2.595153893943833,15.93715261897558,-177.45597138130165,418.56689453125,68.84765625
FRB20210622A,0,False,,0,588.4982057060648,0.0003266094495329,1.987323583703675,4.608729433413869,3.017173474638834,-10.93887977755455,459.36279296875,326.5869140625
FRB20210623A,0,False,,0,465.43331632245406,0.0002372275311362,0.9766635213741254,1.4122865740262418,97.2048776376546,-82.09334866405887,723.42529296875,188.3056640625
FRB20210624B,0,True,FRB20181119A,0,364.6159813464774,0.0007887615471652,0.8345949697581899,9.54250007481732,321.0592528729293,-301.44494180894503,681.62841796875,119.2626953125
FRB20210624B,1,True,FRB20181119A,0,364.6159813464774,0.002295272598193,0.8345949697581899,9.54250007481732,99.34552278153988,-108.69433676075606,632.04345703125,184.5947265625
FRB20210624A,0,True,FRB20200929C,0,413.8522048587236,0.0029019013279075,0.5957003756060281,4.119817350357454,84.12503818609173,-167.7836203016617,514.22119140625,120.7275390625
FRB20210624A,1,True,FRB20200929C,0,413.8522048587236,0.0025058117103954,0.5957003756060281,4.119817350357454,54.31557845313463,-145.42000849197504,482.36083984375,121.6796875
FRB20210625A,0,True,FRB20180916B,0,349.1164139380016,0.0023261428543637,0.544741765325477,3.758458947460991,30.961795330157955,-466.34561371080457,413.70849609375,43.603515625
FRB20210706C,0,False,,0,879.1945341695981,0.0006171923139098,0.4925948189418748,2.373901658021534,21.56939935607632,-175.48796041885623,425.54931640625,76.9775390625
FRB20210706B,0,False,,0,2234.1193411481067,0.0009699350031927,0.3188560164514296,4.156969744542728,10.830702528772967,-16.743967897257786,553.01513671875,399.9755859375
FRB20210706A,0,False,,0,622.8271951134703,0.0004173456273744,1.6677095952366554,2.752987464100542,2.807788886173246,-5.193923977367844,524.40185546875,399.9755859375
FRB20210706D,0,False,,0,312.7059394764734,0.000868129146115,0.5470557399104319,2.480679515052518,23.164987571951144,-24.597146546531494,640.88134765625,328.22265625
FRB20210708C,0,False,,0,1259.9065972553426,0.0006766091256756,1.20594945294664,2.6750019158844185,21.13853211528817,-60.29835845388708,476.86767578125,179.5654296875
FRB20210708B,0,False,,0,490.0384317953108,0.0003431694696008,4.393560134259705,9.71120378316818,-0.692707282727516,-7.385642516055118,400.20751953125,268.505859375
FRB20210708A,0,False,,0,1343.8886725691946,0.0007711928767768,0.6096333349722184,2.2967326669428267,-1.5855987579355135,0.4269352334881148,400.20751953125,399.9755859375
FRB20210709D,0,False,,0,793.4319700409199,0.0009433650475761,0.9295019845317428,3.777652502522907,2.6880058346721847,-13.2544453199996,442.90771484375,271.7041015625
FRB20210709C,0,False,,0,500.7176723369337,0.0002317218458369,0.9194807007225544,1.9204102379807075,80.48848275183634,-68.50636296142021,720.10498046875,200.68359375
FRB20210709B,0,False,,0,923.239543604682,0.0014513843297926,0.5526764745603174,4.185966943936491,24.34114043152791,-70.0341666782848,476.15966796875,170.5810546875
FRB20210709A,0,False,,0,814.5398454747166,0.0003906342523835,1.4220787547435505,3.2132091861984566,8.416628563533424,-115.97626561420142,414.97802734375,77.5634765625
FRB20210710A,0,False,,0,1201.1347132844312,0.027335179468194,0.7086060769970157,11.424053342520798,38.670665803064416,-132.08040779300924,463.29345703125,122.6806640625
FRB20210711A,0,True,FRB20180916B,0,349.27523393391806,0.0023263607103946,0.4351815646345432,2.947105368304243,51.91733369699135,-114.13584002667947,502.40478515625,143.1884765625
FRB20210711B,0,True,FRB20180916B,0,348.9807048197179,0.0004123425675368,0.6107525238146179,1.9592795576732305,264.459977062941,-258.71345898262376,667.17529296875,126.0498046875
FRB20210712D,0,False,,0,332.7589829593806,0.0002005432127868,0.5766830623669268,0.9524279887692032,15.796718701945004,-44.11842018437691,478.64990234375,201.2939453125
FRB20210712C,0,False,,0,526.310625471873,0.00039027087737,3.4820573959214727,23.29816468626045,45.67299076642952,-48.29234279535443,642.15087890625,282.6416015625
FRB20210712A,0,True,FRB20180916B,0,348.81020649612725,0.0020588253727918,3.505410992438023,13.203641523966034,68.50435048059532,-169.90732662991874,489.58740234375,114.2333984375
FRB20210712A,1,True,FRB20180916B,0,348.81020649612725,0.0001450324570576,3.505410992438023,13.203641523966034,77.10063087772458,-249.79524784851117,466.97998046875,89.794921875
FRB20210713B,0,False,,0,476.4307243890432,0.0002215662805694,0.6823261656786164,2.3300555942768493,40.31819134307216,-93.26427964734522,496.76513671875,156.7138671875
FRB20210713C,0,True,FRB20180916B,0,349.1642368676225,0.0011351393431506,0.3822394748149959,1.0855890009746565,32.83754165429657,-116.14931146618268,460.94970703125,130.224609375
FRB20210713A,0,False,,0,658.8320531624099,0.0002419986626759,2.1278945031252205,1.2683991505612129,0.8550020972208079,-3.68541633226336,449.42626953125,399.9755859375
FRB20210714A,0,False,,0,537.2479080110551,0.0002713222324008,2.1331672435121654,3.0108829718008785,3.4674126312175524,-4.084341039924532,611.80419921875,399.9755859375
FRB20210717B,0,False,,0,156.0081975440937,0.0002354946458107,0.7561744656024036,1.3814509612485228,19.45917772138851,-93.09394759996732,444.27490234375,119.7265625
FRB20210717A,0,False,,0,190.184026489908,0.0002656882412045,0.7708155094860387,3.1953380984705606,95.6375020942798,-869.261445729733,422.83935546875,43.5302734375
FRB20210719A,0,False,,0,361.6859995397297,0.0007728760291478,0.7798346954650205,1.8857311746977783,-1.2075853246077275,-7.943293696161277,400.20751953125,238.6474609375
FRB20210719B,0,False,,0,349.06382816058255,0.0024257966804164,0.6343570529786717,4.359484067095997,12.044169849657331,-14.053320339268645,614.29443359375,390.3564453125
FRB20210720B,0,False,,0,944.8240547241618,0.0026990777686439,1.015998904019166,8.517925369825166,-0.8965075335480188,-1.151039401713298,400.20751953125,399.9755859375
FRB20210720A,0,False,,0,433.0929077507769,0.0004569215448054,0.7270293560903158,1.871399355529131,1.9765763508429892,-13.397974563912303,430.82275390625,251.9287109375
FRB20210720H,0,False,,0,197.0028708458825,0.0023799347411356,0.4097264390198122,2.1756252092919377,51.90334113407244,-109.84789118800065,506.84814453125,147.265625
FRB20210720E,0,False,,0,355.0648814006299,1.809157039047005e-05,0.6055138641765075,2.096051664425864,0.3562116347239512,-3.183191837265876,423.22998046875,399.9755859375
FRB20210720D,0,False,,0,1212.2475551353332,0.0005172873956634,1.1413794484002493,8.210902934417511,29.444903928889424,-67.25691095420682,498.13232421875,185.3515625
FRB20210720C,0,False,,0,510.3307177688129,0.0008774501468843,0.6436287706870524,1.9417304016051384,1.1566769929552625,-5.023474962384073,449.03564453125,399.9755859375
FRB20210721B,0,False,,0,661.3712245196455,0.0019940910496124,0.8983621563300683,19.84716670913504,0.7791045438313436,-5.546895789228794,429.30908203125,399.9755859375
FRB20210721A,0,False,,0,389.894342684785,0.000386839831389,0.9915380612975866,2.4120868274728275,19.65365606346588,-51.84316997738443,483.72802734375,196.97265625
FRB20210722D,0,False,,0,1057.4995114933974,0.0002979053141962,2.893765005402203,6.383939164486047,-0.3100707965454167,-2.5997470920519863,400.20751953125,399.9755859375
FRB20210722B,0,False,,0,672.0592803073363,0.0012217551699755,0.5344012083818648,3.6172846001754224,-0.522457572602881,-0.7161370725415513,400.20751953125,399.9755859375
FRB20210722A,0,True,FRB20200118D,0,625.4691619553314,0.0010813575285695,0.111300083868275,0.2807136252761913,34.260717993502546,-221.38762803252533,432.38525390625,78.5888671875
FRB20210724A,0,False,,0,536.5691574689516,0.0004434696774426,6.004072454614784,49.19683029163406,5.99946720850621,-8.619248595730287,566.78466796875,399.9755859375
FRB20210725A,0,False,,0,1189.71374256793,0.0006471976633428,0.3735007726957614,0.9353383532013216,-1.579465552601945,0.5234076052752097,400.20751953125,399.9755859375
FRB20210726A,0,False,,0,388.87427793679353,0.0003143209884057,1.3867967134606445,2.630042327026203,16.578568109343404,-22.365759134860525,579.74853515625,378.4423828125
FRB20210729C,0,True,FRB20181201D,0,440.60989568239904,0.0002886612765517,0.8296231234753756,2.1558656755090477,9.181263943095384,-112.14507128702328,416.90673828125,80.9326171875
FRB20210729A,0,False,,0,533.1900727816746,0.00062593604238,0.5138661646888272,1.94546237129598,27.77702659356568,-28.678341911898208,649.52392578125,310.9130859375
FRB20210803A,0,False,,0,381.7937199149122,0.0002181008679789,2.850031405571733,9.0901131822583,4.824803815756082,-14.372273605736003,473.32763671875,306.103515625
FRB20210805B,0,False,,0,1514.0007070841648,6.003302025200685e-05,0.6079981043985971,9.121337050433375,18.276200376612785,-18.0334699149944,664.27001953125,335.498046875
FRB20210805A,0,True,FRB20190212A,0,301.3378703562755,0.0001353364531108,0.5980834159159161,1.5195786496873045,44.38835207735743,-147.72008981741004,465.07568359375,116.40625
FRB20210807B,0,False,,0,546.5224277807883,0.0005678179548211,1.4563638034871138,3.690925871455453,19.993103217820607,-18.901582742355227,679.13818359375,321.1181640625
FRB20210807A,0,False,,0,1217.4354420427294,0.000557423959689,1.379110851748677,4.1493803983287325,39.29373129137855,-77.10555066306883,516.34521484375,179.3212890625
FRB20210807C,0,False,,0,283.2372318151157,0.0002250023901294,1.0415741728060235,2.637926288416244,-0.4628191163246306,-1.469201400344086,400.20751953125,399.9755859375
FRB20210808B,0,False,,0,442.21144431770153,0.0006659671605381,1.3977378640076965,4.736322757451628,1.7036918967698524,-6.707148804173805,454.38232421875,399.9755859375
FRB20210808E,0,False,,0,282.18619091777094,0.0027284399155889,3.933179875001387,61.00722337850891,3.609706951769052,-7.467261414713252,509.60693359375,399.9755859375
FRB20210808A,0,False,,0,449.8093281132624,0.0003020272089878,1.0059325060483932,2.279140321329028,1.0568670692202105,-4.977462003889707,445.00732421875,399.9755859375
FRB20210809A,0,False,,0,838.5201581109696,0.0011711333012745,4.256688412400865,24.71503683333452,15.086118359755051,-15.095698710822765,659.60693359375,353.8330078125
FRB20210810D,0,True,FRB20210409B,0,684.8586209875668,0.0023418032284528,0.4782515917256646,2.5335896977836856,48.15762666477488,-101.12946542645422,507.77587890625,153.7841796875
FRB20210810C,0,False,,0,694.1753343826609,0.0008418549496723,1.1291612788307388,10.592053785076583,16.457096577308388,-57.150678254128565,462.17041015625,164.6728515625
FRB20210810B,0,False,,0,639.5332560588465,0.001318212768956,0.7337716308832737,4.543452094942919,199.86433403101051,-163.3516248196507,737.82958984375,144.9462890625
FRB20210810A,0,False,,0,1317.4659978633242,0.0004111592944851,0.8052522427112675,1.7522953895196105,16.652852201021627,-23.38534871855316,571.35009765625,364.453125
FRB20210811B,0,False,,0,632.5159231115769,0.0003980173047143,0.597232758116639,1.4151676407401073,8.199592073126151,-47.08593128217962,436.60888671875,144.43359375
FRB20210811A,0,False,,0,481.75794973082384,0.0010530932336974,1.6142348412841454,14.385530153202817,4.811382696338808,-21.21664012669609,448.25439453125,222.9248046875
FRB20210811A,1,False,,0,481.75794973082384,0.0005823094143982,1.6142348412841454,14.385530153202817,1.729871238998613,-10.653402205160784,434.04541015625,290.72265625
FRB20210811C,0,False,,0,400.5358921255364,0.0003270286454289,0.4378191795231251,0.9580761962086668,18.202261729490964,-221.46543443774388,416.97998046875,61.5234375
FRB20210813B,0,False,,0,518.3762114316863,0.0002811615211992,0.7158762534716822,1.4357057946390264,23.82271452711885,-25.495829218951112,638.51318359375,327.392578125
FRB20210813A,0,False,,0,399.3854964548279,0.0002232556205452,2.442640174331334,5.212036981218374,37.44106000389246,-93.83558068007748,488.56201171875,153.662109375
FRB20210814C,0,True,FRB20180916B,0,349.29536102033853,0.0012111874931327,0.6945555789133909,2.3418696053760555,105.54451471640542,-194.1358212647447,525.20751953125,114.5751953125
FRB20210814A,0,False,,0,592.0106205381728,0.0011215511145893,0.5294268259845335,1.1612056955226753,9.090451753770171,-14.743788418358026,544.68994140625,399.9755859375
FRB20210815B,0,False,,0,912.896908120852,0.0002487501646898,0.3687346968490655,4.096435308701763,-5.752915286664133,3.860815868454031,400.20751953125,399.9755859375
FRB20210815A,0,False,,0,637.6328117929694,0.0017901665300209,0.6809015718532851,2.7126227385130397,20.472768006295645,-111.8125039075315,438.56201171875,106.005859375
FRB20210816D,0,False,,0,357.2195555267565,0.0007562852908948,0.8073724843862798,2.0424532542912006,25.52942288060459,-34.2846071946128,580.72509765625,304.345703125
FRB20210816A,0,False,,0,587.7413351590382,0.0015571670598121,0.8080775653773754,2.910117221113082,-2.6361498369502394,-0.3850415384291769,400.20751953125,399.9755859375
FRB20210817B,0,False,,0,483.0735613856336,0.0006906855936971,1.4994025164427824,4.1434948146307296,4.628432178145493,-6.911790944748868,559.33837890625,399.9755859375
FRB20210817A,0,False,,0,223.99302208507532,0.0002506046289144,6.078314598544278,7.792813065115189,10.800649544024337,-43.48741755444437,453.11279296875,170.1171875
FRB20210819A,0,False,,0,362.1777477650497,0.000625501075313,16.49908345589799,38.87923629161365,2.2016415634074,-6.470330690866018,474.42626953125,399.9755859375
FRB20210820A,0,False,,0,643.8461598628572,0.000132264233783,1.11344093216663,1.7548937070578,9.779938559359548,-13.92301180469914,568.59130859375,399.9755859375
FRB20210821A,0,False,,0,634.3384538977399,0.0017429113015032,0.4053319012604808,1.4953747765093404,1.7384533113674734,-7.82258666284392,447.22900390625,369.189453125
FRB20210822E,0,True,FRB20210822E,0,319.0901462045275,0.0013076835293971,0.605703600511111,1.6061201755975545,22.881458322609483,-175.90873842443528,427.08740234375,78.6376953125
FRB20210822C,0,False,,0,692.4070484940962,0.0004522787554198,8.133048986214193,18.57665537453241,0.7492242753024893,-2.5871779365000545,462.53662109375,399.9755859375
FRB20210822B,0,False,,0,368.458317122466,0.0019952251250863,1.1571777944915271,19.93867648835363,83.66317508792167,-78.298131171635,682.80029296875,224.9755859375
FRB20210822D,0,False,,0,1431.651516921742,0.0017618776685227,0.3553951548508006,2.03150815703566,14.464574261733445,-11.764791955542025,740.02685546875,324.70703125
FRB20210822A,0,True,FRB20191106C,0,331.07472404581574,0.001624475739694,0.111482259469802,1.263815002119632,16.021584056710154,-54.23978615429729,463.87939453125,169.7998046875
FRB20210823D,0,False,,0,466.37022895323634,0.000521750317344,1.0271608450027363,4.15025438230776,-0.4592603187698613,-6.336368428326045,400.20751953125,305.7861328125
FRB20210823B,0,False,,0,1479.99310618222,0.0004836437041388,1.9245149866867317,8.409168913233058,-3.331654971064962,-2.7383731439678223,400.20751953125,254.39453125
FRB20210823A,0,False,,0,450.0834009695591,9.803275299952174e-06,1.6477336316787508,12.817815167899225,53.49032972290512,-92.00961357927751,535.19287109375,170.01953125
FRB20210823A,1,False,,0,450.0834009695591,0.0017520215125822,1.6477336316787508,12.817815167899225,40.80934390679702,-64.67471414936922,548.64501953125,208.251953125
FRB20210823A,2,False,,0,450.0834009695591,0.0008585226251833,1.6477336316787508,12.817815167899225,51.84992104960463,-86.34390835838265,540.34423828125,177.24609375
FRB20210824A,0,False,,0,570.1390765934298,0.000398206403137,0.8651269999738556,2.2550800014163688,-2.094553788442863,-5.010196916182515,400.20751953125,259.86328125
FRB20210825B,0,False,,0,281.5287592416913,0.002234559440539,1.441087947319451,10.139006129497991,-2.5116182699918137,-1.8167805749247,400.20751953125,351.07421875
FRB20210826B,0,False,,0,1205.332201961547,0.0018309664379902,0.6912456446478801,2.48102128639199,82.91423560407529,-70.71474571260596,719.25048828125,199.6826171875
FRB20210826A,0,False,,0,1012.693754051778,0.0006889220351106,0.5607748530220816,1.8151187004564948,-0.5240797609191634,-26.52921728300738,400.20751953125,131.884765625
FRB20210827E,0,False,,0,365.8449005609529,0.0026976591912384,0.541139203342374,2.124406551887841,76.4072300661748,-260.1597363849948,463.48876953125,87.3291015625
FRB20210827D,0,False,,0,609.1846601943162,0.0003804552564945,0.4538089290542218,1.1772656333465228,6.7840959530287375,-8.768501466407638,589.22119140625,399.9755859375
FRB20210827C,0,False,,0,1468.0531661946347,1.8162902809636623e-05,0.5091935475668374,2.443169395346489,17.863345909199182,-23.273899679435825,587.41455078125,371.2890625
FRB20210827A,0,False,,0,266.2424931266466,0.0010162998828703,0.9190541575479668,2.9098961212571397,-5.803876269072713,1.9848036466569103,400.20751953125,242.28515625
FRB20210828B,0,False,,0,507.3901678197199,0.0003189796007043,3.4665983615428155,8.164698343798282,2.586612520724187,-2.7671414394689973,638.63525390625,399.9755859375
FRB20210828A,0,False,,0,313.91658035649965,0.0005234289144542,5.490391813712333,20.780875499178062,1.5162074438701667,-17.15638427427952,418.27392578125,203.125
FRB20210829B,0,False,,0,193.36694347372688,0.0002434882328932,0.5119066675140768,1.025235029087185,921.2735101893552,-2394.6177752059025,485.07080078125,30.078125
FRB20210829E,0,True,FRB20180916B,0,349.4623210094895,0.0021051034175991,0.4108222142538749,1.721408271620069,64.62507523254132,-122.49740778218433,520.98388671875,143.2861328125
FRB20210829A,0,False,,0,801.9542344163166,0.0009592027286755,0.5063812867249622,2.6955615807373103,14.87850123471773,-173.57181606967006,417.71240234375,68.4814453125
FRB20210829C,0,False,,0,400.8686399640652,0.0005893783525928,0.3257128319680157,0.5706973650363664,7.197371239879609,-84.15391048828381,417.68798828125,92.6025390625
FRB20210830G,0,False,,0,373.0933395832354,0.0006553164260706,2.8801843734280235,6.869960277096218,11.441957993924548,-51.3261182814659,447.37548828125,152.7099609375
FRB20210830H,0,True,FRB20190905A,0,243.52275609345875,0.0035284129468756,1.658191054890867,20.798743197991925,0.0657755724423561,-3.324787296242123,404.16259765625,399.9755859375
FRB20210830F,0,False,,0,645.5011552988034,0.000125419729069,0.8891713288259301,5.404084499628867,0.2770254333966895,-2.218765800251602,425.96435546875,399.9755859375
FRB20210830D,0,False,,0,714.2586289688373,0.0010508224023322,0.8539563872401467,3.807995211483671,12.876319145091497,-64.34956184739595,442.29736328125,134.1796875
FRB20210830C,0,False,,0,622.5209392476476,0.000194038467794,0.9041647424556154,1.1266989867568291,6.18215343783423,-9.787511063857938,548.81591796875,399.9755859375
FRB20210830B,0,False,,0,774.1413145656863,0.0048018456901075,0.3553865295434541,2.721662666276468,41.907724008830186,-110.4047713395248,483.82568359375,140.2099609375
FRB20210830B,1,False,,0,774.1413145656863,0.008439945892118,0.3553865295434541,2.721662666276468,38.99357408452946,-188.306819284802,443.85986328125,95.5322265625
FRB20210830A,0,True,FRB20210504D,0,564.7173305776663,0.0004406173910143,0.6016457692840183,4.7580716968916015,-4.311947992756363,-0.5395735016801392,400.20751953125,261.2060546875
FRB20210831A,0,False,,0,766.6817147954914,0.0005872678896967,1.1503094726557428,2.9257486637191867,142.43737194181833,-121.07644575614664,720.66650390625,172.3388671875
FRB20210901D,0,False,,0,499.42528297402737,0.0006440063832793,0.5395513692424511,0.5441778241478614,24.886156083511093,-53.22722823245222,505.57861328125,211.81640625
FRB20210901C,0,False,,0,390.7343152049105,0.0001819947273899,0.5426896150754802,1.2256298975220734,13.500047523805716,-77.14768182394988,436.77978515625,118.9453125
FRB20210901B,0,False,,0,2043.9831708820568,0.0015673094562234,0.3655081763725868,1.448830439884983,-7.170830744906805,4.9048543098112765,400.20751953125,244.140625
FRB20210901A,0,False,,0,453.7477198130367,0.0003143977439272,1.0234741837517365,6.938550274091777,1.0280532820644712,-9.792900386626746,421.76513671875,284.716796875
FRB20210901A,1,False,,0,453.7477198130367,0.0012550581146214,1.0234741837517365,6.938550274091777,-1.5264080490748957,-6.354635525280056,400.20751953125,255.46875
FRB20210902A,0,False,,0,434.8555756979699,0.000316849799976,0.9056137805230025,1.2683111212383409,1.7497820485193147,-90.3099361911593,404.08935546875,73.828125
FRB20210903B,0,False,,0,2178.5699672434444,0.0007981801678087,0.6472342070314656,4.44196704852422,1.7509608446972793,-7.88315817512636,447.20458984375,367.529296875
FRB20210903A,0,False,,0,1206.4622128837646,0.0002401294780346,0.7820333173861966,2.5656082907730817,5.333808973902131,-9.884449341943435,524.13330078125,399.9755859375
FRB20210905A,0,False,,0,614.9959722238442,0.0010805983839941,1.6466668907822972,6.150869932628655,13.691795042884966,-23.133976029318514,538.00048828125,337.353515625
FRB20210906B,0,False,,0,431.41071331989616,0.0008183751000343,1.1447887347782837,4.423992698350867,-2.462834626761534,-3.346145809352594,400.20751953125,286.181640625
FRB20210906A,0,False,,0,1404.671806624307,0.0008808217933976,0.968025100368278,5.627612308690875,0.0933568941820899,-6.533830352294936,403.06396484375,329.5654296875
FRB20210907A,0,False,,0,349.58393284836814,0.0015720380342502,0.4142144276336438,5.706766306398085,0.9930878699665232,-7.446547822787596,427.79541015625,345.7763671875
FRB20210908C,0,False,,0,703.1514438521018,0.0015238532206719,1.0227326079630124,6.00080285886784,45.46813110875381,-44.37802672860477,667.95654296875,268.26171875
FRB20210908B,0,False,,0,254.133011441143,0.0005615311765018,6.744063611579851,16.22776482027102,44.60916469217531,-66.29562158480904,560.26611328125,210.009765625
FRB20210908A,0,False,,0,550.0841584876571,0.0002769944206878,1.3054566015081304,2.973948970992903,22.94927715027284,-73.91672967979305,467.39501953125,157.3974609375
FRB20210909B,0,False,,0,426.7109437064384,0.0002301851892288,64.43966454615834,87.37254213944342,10.183764878559458,-20.50839527433453,512.97607421875,316.943359375
FRB20210909A,0,False,,0,889.5942846556769,5.321033344104783e-05,0.5511922932152498,2.759522488998446,-1.186273960588912,-8.809999955174053,400.20751953125,226.3671875
FRB20210910C,0,False,,0,854.5164662112693,0.0005530363849133,1.8081080253436592,8.841975033445959,2.5291494989748675,-10.79989248439744,449.91455078125,313.720703125
FRB20210910B,0,False,,0,865.8421505690575,0.0002667641389705,1.5367703224158822,4.186085295907349,-1.2921871215095897,-3.197209638104201,400.20751953125,382.080078125
FRB20210910A,0,False,,0,1299.0517891846082,0.0014412166501467,0.4389433649586471,6.513501925136706,10.166378437655608,-12.715749236874268,596.88720703125,399.9755859375
FRB20210911C,0,False,,0,892.8066592791165,0.0002576220003699,1.4616691024174495,2.494158019681755,1.9816208832953184,-7.292132464303242,458.43505859375,399.9755859375
FRB20210911B,0,False,,0,348.5214512460793,0.0007134566483354,0.5070376751861138,3.529678668095001,22.036505888645188,-94.23850199645064,449.84130859375,125.7080078125
FRB20210911A,0,False,,0,348.71358916885873,0.0003432190747706,0.5279814757839663,0.807116419817187,15.402634761041435,-46.48347340074345,472.30224609375,189.8193359375
FRB20210912B,0,False,,0,604.3029959568859,0.0005591632718562,3.8634772630399135,40.84161179935971,0.3337291873630933,-5.67244849048164,412.14599609375,379.150390625
FRB20210913B,0,False,,0,688.5073548700296,0.0004039944613172,0.9116210806455942,2.1705958007965878,47.11480256195711,-48.83910958166682,648.25439453125,278.4423828125
FRB20210913A,0,False,,0,1019.0301397302524,0.0006989541858059,0.5149623129675223,3.70173873643076,43.60987196677776,-36.968353768063146,721.81396484375,237.7685546875
FRB20210914C,0,False,,0,952.8949287094432,0.0003377890893123,1.586108078182055,3.6062482721232834,0.797029991478467,-2.0372308754691235,486.65771484375,399.9755859375
FRB20210914B,0,False,,0,916.00061539983,0.0006471832265255,0.9108103944162864,2.4564156194595124,5.440734078539798,-9.11124472702821,539.44091796875,399.9755859375
FRB20210914A,0,False,,0,532.1145809782521,0.0002519192905679,0.963821394447476,1.9544371396725333,-1.469749624686883,-3.1480871183992973,400.20751953125,368.75
FRB20210915A,0,False,,0,1922.388973707228,0.0006703460693294,0.5479274664367311,5.307256302279518,-1.1689669211405511,-4.74940786572273,400.20751953125,317.431640625
FRB20210916B,0,False,,0,332.43289996849217,0.000414879370805,0.7563893669642324,1.3278581430932468,17.6227890149292,-56.09604624270936,468.27392578125,173.2177734375
FRB20210916A,0,False,,0,854.7345207477317,0.0008607335442901,1.0947618759842088,4.905245247551481,48.88537105073299,-47.26998492428641,671.17919921875,261.9140625
FRB20210917B,0,False,,0,1473.3773130155078,0.0011867295235746,0.2610849550610493,1.3468428024111223,1.526861836635693,-8.172901746633247,439.36767578125,346.8505859375
FRB20210917A,0,False,,0,1078.0205926560334,0.0009978923597598,0.5702412795091445,1.974120270790108,14.131502635373394,-21.20350741914302,558.45947265625,374.7314453125
FRB20210919A,0,False,,0,981.6834975517309,0.0006433283232851,0.4900355566933938,1.6025454641055703,1.478154178104883,-27.2551570966826,411.19384765625,149.6826171875
FRB20210919B,0,True,FRB20201124A,0,413.87017679772464,0.0006122291101263,0.3684367465204394,5.104556586525304,16.760766123845826,-35.0459134794171,508.31298828125,256.591796875
FRB20210920C,0,True,FRB20190117A,0,396.6114883467743,0.0020728017559648,1.063843839547748,6.999409193566989,75.9626846456937,-80.73285767509512,640.61279296875,217.3828125
FRB20210920D,0,False,,0,1201.2534409278103,0.0007976903267931,0.482348609264647,5.380396050202248,-1.2109542648212903,-1.215519335117447,400.20751953125,399.9755859375
FRB20210920B,0,False,,0,1131.2562541566306,0.0008919493499284,1.3326947630037729,4.445993057796318,1.4806612058512951,-11.43149025864931,426.96533203125,268.603515625
FRB20210920A,0,False,,0,435.5333787888065,0.0001334343670443,0.8540274626280364,2.263923068002585,52.31155943722753,-677.647151341842,415.95458984375,40.6982421875
FRB20210921A,0,True,FRB20201124A,0,415.057480728074,0.0054189390860929,0.3346598728153062,6.140643373726549,103.06130085023356,-108.30501000025126,644.03076171875,188.4521484375
FRB20210921B,0,False,,0,229.58421899384635,0.00034076278892,0.7510440221376432,1.2534401276175722,14.558721416243827,-50.74740386035901,461.92626953125,171.3623046875
FRB20210922D,0,False,,0,184.04857020728585,0.0016927464987868,1.6764262188088594,19.802262285967156,3.5665320646998104,-9.09093416635915,486.92626953125,399.9755859375
FRB20210922C,0,False,,0,262.4531538828723,0.0021333449858485,11.588881183236772,175.1804222106618,0.8303565623030419,-7.0154695588810005,424.59716796875,352.7587890625
FRB20210922E,0,False,,0,976.3769983384852,0.0010771009377174,6.592342492753971,37.75141564109768,4.608136769775256,-7.311253342877184,548.44970703125,399.9755859375
FRB20210922B,0,False,,0,157.67584358724844,0.0026397109431174,0.3213579028228038,2.115465084959397,3.352243637232143,-5.280878993566988,549.69482421875,399.9755859375
FRB20210922A,0,False,,0,1260.6175626082172,0.0003242580801579,0.3731607337674101,0.9842327065406644,17.467436215047076,-61.82594692455139,460.92529296875,158.8134765625
FRB20210923C,0,False,,0,762.4363234927399,0.0003381410807965,0.2706252203533065,2.684994812462236,-2.579284020792796,-6.394608539155375,400.20751953125,215.8447265625
FRB20210923B,0,False,,0,301.883200814934,0.0002482520665978,1.4004819859680322,3.021159403719898,38.92241259563714,-88.3844660265675,498.76708984375,161.6943359375
FRB20210923A,0,False,,0,392.7513045999567,0.0005709096143977,4.848537574680157,42.34306379171397,12.621299798729243,-12.700341553158903,657.75146484375,370.4833984375
FRB20210924C,0,True,FRB20210924C,0,495.3458266789242,0.0004322492583983,0.3288310309199737,0.9821565374830604,58.06860935717015,-103.88615547663176,529.23583984375,158.1298828125
FRB20210924A,0,False,,0,952.6449086130146,0.0002993243960598,2.9545719670412844,9.896381997562214,62.27486735803646,-63.62147226959569,652.86865234375,249.8779296875
FRB20210925F,0,False,,0,495.5137056385065,0.0025615146628077,0.2465903526899409,2.7332862801678326,68.02893526919112,-187.60719938590952,479.74853515625,106.494140625
FRB20210925F,1,False,,0,495.5137056385065,0.0013971692549686,0.2465903526899409,2.7332862801678326,37.3022853991448,-135.51703262302485,459.24072265625,120.0439453125
FRB20210925C,0,True,FRB20190929E,0,514.1431243435662,0.004841528519661,0.3803979687667753,6.477912782430164,37.80284200057559,-268.67010321921214,429.35791015625,70.80078125
FRB20210925B,0,False,,0,1027.0009989856137,0.0005686556146759,0.6424809780630769,1.8954666109054208,5.149665048875462,-57.02062865763536,418.68896484375,111.6455078125
FRB20210925A,0,False,,0,264.6062650947384,0.0002220195580545,8.670468453101906,10.09356914712768,-7.286988601687522,4.300356226432907,400.20751953125,209.0087890625
FRB20210925E,0,False,,0,523.4608529297682,0.0008243450197061,0.3082337914549432,0.831904113819056,10.026145906270369,-66.25492742501058,431.65283203125,119.8974609375
FRB20210926A,0,False,,0,784.1480101542543,0.0006052357073501,2.004060388928536,4.534677699154134,33.11224443653029,-63.72109191157829,518.93310546875,198.4619140625
FRB20210927A,0,False,,0,329.50185993098125,0.000276472410069,0.6754223986183518,2.661978081549757,9.669316854842627,-274.63740647104794,407.31201171875,46.142578125
FRB20210927C,0,False,,0,707.8901101855386,0.000537820395522,0.6846487322344639,1.2285763700152377,15.094948618367372,-14.073576940844514,684.19189453125,343.603515625
FRB20210927B,0,False,,0,803.5979385995354,0.0012726915791979,0.2539573860754088,1.1045187546997717,5.831059583763383,-20.921429341679328,460.04638671875,240.7958984375
FRB20210928B,0,False,,0,286.9227709939013,0.0007683551461472,0.4026099362704996,1.781784373713391,9.35168684290446,-39.1815173183837,450.91552734375,174.3896484375
FRB20210928A,0,False,,0,368.112224649177,0.0004472528943812,0.7982164842053968,1.918775546181346,13.893666072628855,-60.69545983368448,448.71826171875,144.9951171875
FRB20210929C,0,True,FRB20180916B,0,349.69281369125883,0.0024624181557948,0.6238677744542953,3.379322988902813,67.66733647587401,-60.60085554340734,699.42626953125,224.609375
FRB20210929C,1,True,FRB20180916B,0,349.69281369125883,0.0015862922893768,0.6238677744542953,3.379322988902813,37.02105726029996,-59.87363249593042,545.17822265625,215.185546875
FRB20210929B,0,False,,0,664.1445934206371,0.0004069256772374,5.536120602637413,8.641099998761838,31.387420164821062,-61.05712060203455,517.49267578125,202.2216796875
FRB20210929D,0,False,,0,541.5954409210497,0.000652415387152,0.3617126301002638,0.5952092320048713,17.34333333803469,-52.87595012246228,471.52099609375,180.712890625
FRB20210929A,0,False,,0,320.44009599594267,0.0031725349117875,0.3391792861296562,3.74092059048074,31.8508047006066,-84.3804004197283,483.31298828125,160.400390625
FRB20210930C,0,False,,0,692.1766329188318,0.0003685015854698,0.9366383843903064,1.7362187024167055,4.804426909846174,-6.91652944308876,566.36962890625,399.9755859375
FRB20210930B,0,False,,0,374.5497818515154,0.0002873798618327,0.8498953723021581,4.9277504811775605,1.9160846143245311,-4.808684242116428,488.41552734375,399.9755859375
FRB20210930A,0,True,FRB20200929C,0,414.16833431436544,0.002820310773923,0.4843339035773157,3.413275413609926,14.35719432833246,-50.496010696620914,461.34033203125,170.9228515625
FRB20210930E,0,True,FRB20180916B,0,349.4343089591329,0.0018254101342703,0.5706903839700895,1.468444389821597,5.192343993545983,-126.32050557077712,408.50830078125,67.333984375
FRB20210930F,0,False,,0,290.81679147957146,0.0001835574217839,14.199800134670406,35.93975217994507,-3.593195476723644,-4.004033561417635,400.20751953125,216.50390625
FRB20210930D,0,True,FRB20180916B,0,349.4173613566467,0.0020184065642917,0.3469175217397127,2.4643554230710984,31.04234293440153,-156.4186736941502,441.93115234375,98.73046875
FRB20211001E,0,False,,0,313.3622308753304,0.0003726649048218,0.2319062126103343,0.6002854816998856,-2.952223651235279,2.184158235405793,400.20751953125,399.9755859375
FRB20211001B,0,False,,0,378.669144152526,0.0002267587513933,11.842259661794992,24.668950026661,47.14546937097778,-51.95469415669673,629.96826171875,267.1875
FRB20211001D,0,False,,0,555.5518386506373,0.0012238535764369,1.2052118544442538,4.1503034429080286,16.9907278458664,-34.78119469299929,510.92529296875,260.6201171875
FRB20211001F,0,False,,0,331.9771466737568,0.0009559970881829,0.4013827072134381,0.734488271541847,1.4252387962596988,-0.0841876733613713,800.18310546875,399.9755859375
FRB20211001C,0,False,,0,407.5427103656748,0.002992844512157,0.4473801924059694,2.697261471651672,24.29167579494893,-105.18789018371407,449.18212890625,120.5810546875
FRB20211002B,0,False,,0,368.7281285925261,0.0008293074211639,1.5169201300390838,1.2330364083883194,-6.673173868310117,7.99770263707196,400.20751953125,399.9755859375
FRB20211002A,0,False,,0,445.70809648897847,0.0002801481343166,1.8925643857425123,2.7260476331006878,3.853895535428709,-8.339753702380477,504.21142578125,399.9755859375
FRB20211003G,0,False,,0,141.36377593964397,0.0003551115408337,1.6016067748046,2.609054026455007,2.678027829487363,-7.361375558034545,480.04150390625,399.9755859375
FRB20211003D,0,False,,0,780.302532116404,0.0003836342720408,1.54015415026737,4.670338880191143,0.1267345049532524,-4.00326194458508,406.57958984375,399.9755859375
FRB20211003D,1,False,,0,780.302532116404,0.0003632346485892,1.54015415026737,4.670338880191143,8.484053912153394,-11.70962926888879,574.91455078125,399.9755859375
FRB20211003C,0,False,,0,213.9817707675432,0.0021081448304218,0.5673634618926542,2.284551436329348,86.58239722375197,-1530.404407054801,411.68212890625,27.734375
FRB20211003B,0,False,,0,544.2518485501438,0.0002112648989152,2.056034610668413,3.5283577175517458,5.383489272847031,-30.130813799295183,437.58544921875,176.708984375
FRB20211003A,0,False,,0,320.73501171144096,8.800693024024148e-05,1.582913378747402,3.578242742364826,0.8650757935524613,-2.4195884531409417,478.52783203125,399.9755859375
FRB20211004E,0,False,,0,555.9241892274207,0.0001930818068165,4.6999105711762175,12.358545320209968,-1.5278684620554397,-9.770913548834404,400.20751953125,204.931640625
FRB20211004D,0,True,FRB20190929E,0,512.7449702950382,0.0005881342443431,0.4491445665283988,3.407989451551019,65.83984021233469,-253.7287226346704,455.62744140625,86.9140625
FRB20211004C,0,False,,0,1463.9455787987768,0.0006958044049282,0.8384679187356997,2.385910630290973,-1.212488429586682,-7.092582620813587,400.20751953125,253.466796875
FRB20211004B,0,False,,0,445.8106126453992,0.0010108774948869,0.2937237406774905,0.6124036649085464,-0.8390353271566561,-0.4604131813475055,400.20751953125,399.9755859375
FRB20211004A,0,False,,0,391.9452565767021,0.0003263187309187,0.7390198293797763,0.9330804094157158,10.338164978028368,-39.070635311584375,456.79931640625,182.1044921875
FRB20211005B,0,False,,0,558.5170258240566,0.0004233458300173,0.5952026064387109,6.585043760142677,-4.292095449216301,1.97017717797647,400.20751953125,399.9755859375
FRB20211005B,1,False,,0,558.5170258240566,0.000458911286546,0.5952026064387109,6.585043760142677,20.48511013143269,-21.881229302038715,639.09912109375,338.134765625
FRB20211005B,2,False,,0,558.5170258240566,0.0022882687168337,0.5952026064387109,6.585043760142677,14.32157162627988,-71.32940492043777,442.46826171875,129.3212890625
FRB20211005B,3,False,,0,558.5170258240566,0.0033807746132156,0.5952026064387109,6.585043760142677,11.65292354518356,-15.378410352654075,584.53369140625,399.9755859375
FRB20211005A,0,False,,0,226.14581086641425,0.0006058552784581,26.425202401496826,66.74244656249324,2.0221526996440526,-4.928956042692503,491.32080078125,399.9755859375
FRB20211006F,0,False,,0,506.16454753181375,1.0900160582951208e-05,0.4344315684128169,1.8886639107146663,4.029463243021909,-12.042658838940197,473.08349609375,332.32421875
FRB20211006C,0,False,,0,956.165927718976,4.203570437598145e-05,0.564377412291798,5.206483453282082,16.56391861347469,-73.7426188307928,447.76611328125,134.08203125
FRB20211006B,0,False,,0,310.2527948246683,0.0003097288170038,2.28333148603958,4.697881136493688,6.648790031590812,-8.870840059365475,582.14111328125,399.9755859375
FRB20211006A,0,False,,0,276.4666838713363,0.0012352394124024,10.74999055637286,43.68713586368609,4.434764653835543,-6.686946551031038,557.55615234375,399.9755859375
FRB20211006G,0,False,,0,170.06239876944733,0.0046117856700847,0.2448180197612928,2.0393558632638245,25.555817303060625,-76.41000281705209,473.03466796875,162.5
FRB20211007A,0,False,,0,1031.7811018553232,0.0051994699465631,0.2966459580357451,3.959287240526184,3.2274608610093813,-0.9447739603732797,800.18310546875,399.9755859375
FRB20211008E,0,False,,0,257.419602876711,0.0002234267746226,0.7637848373234708,2.0865950311467985,-1.66469273859601,-25.584048660178663,400.20751953125,123.6083984375
FRB20211008D,0,False,,0,256.41986236706435,0.0007707871012665,0.9879627637488326,2.63933437339162,22.393866884078523,-70.77053824045657,468.78662109375,161.23046875
FRB20211008C,0,False,,0,1035.8012007397,0.0002362200380177,0.8504061253600435,1.8880810043305472,59.24905779549647,-66.08785265913373,626.55029296875,235.25390625
FRB20211008F,0,False,,0,1033.416702338602,6.143180140679377e-05,0.5668374065521784,2.128352972954111,1.6971422844315518,-5.763593183128286,463.68408203125,399.9755859375
FRB20211008B,0,False,,0,927.5653583540528,1.1658425397709636e-05,0.5235915392290197,3.156173249341287,-0.5222885926062585,-4.980353011458855,400.20751953125,350.8544921875
FRB20211008A,0,False,,0,455.8692602814262,0.0004726435995836,0.0845793260291321,0.4267484333530091,9.579553265673306,-61.707572031625496,432.50732421875,124.4384765625
FRB20211009B,0,True,FRB20190208A,0,579.9811785502212,0.0011102577997726,0.5899627969176703,3.415982178184576,33.013701908900025,-131.46090346328245,453.74755859375,117.724609375
FRB20211009B,1,True,FRB20190208A,0,579.9811785502212,0.0017605460699266,0.5899627969176703,3.415982178184576,14.549533452805738,-84.06900462500086,436.36474609375,114.697265625
FRB20211009A,0,False,,0,785.8030768209766,0.0004079026410801,0.8522348807340577,1.5015207554514156,3.099482363028551,-8.158306055912584,483.92333984375,399.9755859375
FRB20211010C,0,True,FRB20190929E,0,513.7383478605703,0.0045118791781904,0.4076234783248136,2.8845938247812177,20.98954810468766,-83.52565957266339,453.77197265625,135.5224609375
FRB20211010A,0,False,,0,612.4507535961221,0.0002548431715643,2.333499327191722,4.4996784394956055,4.255546848962255,-12.679740077674218,473.30322265625,324.5849609375
FRB20211011B,0,False,,0,375.0682219900012,0.0031817943568843,0.6232323417639725,6.817226439546271,6.509914189058433,-5.501949435233775,723.10791015625,399.9755859375
FRB20211011C,0,False,,0,907.9957878247254,0.0011456369471976,0.5476071777669516,2.1842389243606704,-0.641856401252354,-0.3318542816058454,400.20751953125,399.9755859375
FRB20211011D,0,False,,0,723.1490231833398,0.0007549956360612,0.2990564241562496,0.7915015256880563,1.5843746166308097,-1.1998679566714416,774.47509765625,399.9755859375
FRB20211011A,0,False,,0,633.0550869040921,0.0019649640347032,0.3347163717427827,6.42923108125302,217.40588284768884,-197.4360437316388,694.03076171875,150.1708984375
FRB20211012D,0,False,,0,533.4335462011251,0.0037790936867028,0.6241904601518088,10.641874516568668,35.390384256315166,-66.69434302619781,521.78955078125,194.9951171875
FRB20211012C,0,False,,0,685.8323149507132,0.0001375556609683,0.6466458581017871,2.0354108915459403,4.825790788170297,-25.834707838991225,439.36767578125,192.0166015625
FRB20211012B,0,False,,0,695.4504166128689,0.000140370962523,2.871078819579243,4.600387074249534,114.2900072672045,-107.783326638577,680.04150390625,199.4873046875
FRB20211012A,0,False,,0,1165.584446037662,0.0040045475217763,0.2895615733454044,4.326151901820073,104.17485219916888,-162.77404355789295,551.11083984375,131.3720703125
FRB20211013C,0,False,,0,1733.983027165291,0.000863097148946,2.2923251602344434,7.664176862495472,12.13541395258723,-14.971968083233808,600.18310546875,394.7021484375
FRB20211013B,0,False,,0,543.6557775129871,0.0020497044569842,0.5251232440895872,5.944197394671831,-1.922522112356936,-7.138498936587418,400.20751953125,226.806640625
FRB20211013D,0,False,,0,1091.2882588201294,0.0005239774701131,0.6766982615857691,1.7062371616150982,98.566464509001,-87.8378273470053,701.35498046875,203.6376953125
FRB20211013A,0,False,,0,983.2997345726126,0.0042226774577282,0.6361468521695686,7.013895566562929,39.526279661073936,-134.06905226177463,463.75732421875,121.875
FRB20211014C,0,False,,0,438.5763274721468,0.0002498785704837,0.7000141558104445,0.5968506760956638,12.72647886172358,-115.40646448529432,422.88818359375,86.81640625
FRB20211014B,0,True,FRB20190303A,0,222.9738973228304,0.0024642585259778,0.7558341112101341,3.9139481997414136,48.4244390368981,-67.04202052228031,574.27978515625,214.0625
FRB20211014A,0,False,,0,412.6230006581096,0.0004325786259278,0.5512769425634777,1.7969216684639406,21.04496944974069,-49.98102964882215,493.98193359375,212.01171875
FRB20211015D,0,True,FRB20210924C,0,496.28365814449,0.0015495969692198,0.4403901184003386,4.048494962464763,85.34712789616016,-120.66095488347356,569.98291015625,157.958984375
FRB20211015C,0,False,,0,861.004515889278,8.605113036648607e-05,0.974279583125656,3.533021826362824,1.253251278868401,-5.380467408081422,449.62158203125,399.9755859375
FRB20211015B,0,False,,0,504.5360814693519,0.003345246371791,1.2778591372689885,35.23115008311132,3.7075780900642696,-11.69928967290431,468.90869140625,330.517578125
FRB20211015A,0,False,,0,565.1379656323999,0.0007150452251082,0.3438355099349125,3.017477077363973,7.913904835082109,-24.72570100705733,469.64111328125,237.01171875
FRB20211025A,0,False,,0,976.7350844752384,0.0005687990985281,1.5196769737801057,4.152917155740722,16.93562520996244,-162.9221461787898,421.54541015625,74.5361328125
FRB20211026A,0,False,,0,2184.9890871014704,0.0022022223254373,0.8701748948701281,5.253579999209943,9.167868003374414,-10.27410294230426,625.23193359375,399.9755859375
FRB20211027A,0,False,,0,666.7919265089548,0.0021059664862449,0.5044973293025714,2.1841685013660914,-3.620093868492776,2.227869131706424,400.20751953125,399.9755859375
FRB20211028A,0,False,,0,1128.2183471493468,0.0004279816019404,0.6710470092831586,1.9041681388479248,1.7774092308000875,-3.950918310440444,501.13525390625,399.9755859375
FRB20211029A,0,True,FRB20190320E,0,299.0661074825598,0.0005197612457149,1.4795793761426692,7.345981270576883,1.72954291404331,-9.018591790577103,440.46630859375,329.833984375
FRB20211030B,0,False,,0,833.2391878015504,0.0005995619105213,0.4165543379954419,1.7575068140720145,123.21300771320846,-102.68188651651748,729.18701171875,172.3876953125
FRB20211030A,0,True,FRB20211030A,0,330.25778895417443,4.662422308407058e-05,1.1770721662581691,5.819626906683109,0.735610523998314,-11.908121272738184,412.75634765625,240.478515625
FRB20211031B,0,False,,0,1472.985788628411,0.0061092766088705,0.4155913827981167,3.4241191905694626,52.718866399583774,-171.95453499467297,466.49169921875,108.1787109375
FRB20211101D,0,True,FRB20180916B,0,350.0044753117341,0.0037342399578214,0.4675609694452,3.1166019130743314,26.608917463130155,-439.4323708715664,412.48779296875,43.2373046875
FRB20211101C,0,True,FRB20180916B,0,349.4180336657644,0.0010083046281458,5.451724287406206,24.841541763956577,72.4827969201609,-184.6526244916804,486.97509765625,108.9599609375
FRB20211101B,0,True,FRB20180916B,0,349.18289703290577,0.0010153420625683,1.6546598894613,6.1160987796454815,75.97452759597061,-146.66140730744658,518.51806640625,130.2490234375
FRB20211101A,0,False,,0,1167.7890556287457,0.0052982777909397,0.4413204167344134,1.8670900380428896,7.549386259177726,-102.62767915519844,415.19775390625,82.0556640625
FRB20211102D,0,False,,0,1084.0860596679647,0.00066560048399,7.276879482864872,22.098331980109634,6.878749541695795,-8.105108763246209,611.73095703125,399.9755859375
FRB20211102C,0,False,,0,169.51572193115,0.0003891009224099,10.446952479053865,21.971569650023945,7.118607879435286,-45.30194594195572,432.89794921875,142.1630859375
FRB20211102B,0,False,,0,448.4659697479116,0.0004221445666022,1.0050764103178456,3.826021333504538,11.271372058516992,-94.47494944682096,424.79248046875,96.337890625
FRB20211102E,0,False,,0,250.71834026004248,0.0020298875164648,0.7375214180393974,4.983567643299887,27.928487659734,-143.6627628202231,441.05224609375,100.341796875
FRB20211102E,1,False,,0,250.71834026004248,0.0008016212060579,0.7375214180393974,4.983567643299887,52.79977874217548,-222.3210495693209,450.64697265625,91.845703125
FRB20211102A,0,False,,0,862.5622137853021,0.000730663534931,1.1238352386368626,2.916835206859488,3.4349686274584177,-8.7619038742115,486.85302734375,399.9755859375
FRB20211103E,0,False,,0,505.4155116675664,0.0002907092767489,1.638014162173267,3.4547551328431254,3.3321053077630194,-10.463794222928112,469.27490234375,349.9267578125
FRB20211103C,0,False,,0,785.1758032534249,0.0004506333924741,0.8762388354051008,2.471070382115323,15.103072018859836,-48.79869199218773,467.17529296875,180.2978515625
FRB20211103D,0,False,,0,711.0856826147773,0.0008685891443491,0.3851231157931397,2.831360336383389,5.752413975319208,-8.970149883563765,551.47705078125,399.9755859375
FRB20211103B,0,True,FRB20180916B,0,348.94275829936583,0.001760919592694,1.1143378930047445,6.84455683499654,42.28508582048562,-744.6071413896244,411.73095703125,35.0341796875
FRB20211103A,0,False,,0,667.3522065144213,0.0012629464436566,0.5769790515007961,7.084742366158738,0.7426317498551903,-8.604120453176519,417.83447265625,300.732421875
FRB20211104E,0,False,,0,461.8573558657536,0.0002860386409519,0.6523325732832294,1.1299567955537964,-2.195864839730606,-117.87909785720343,400.20751953125,55.8837890625
FRB20211104D,0,False,,0,278.9301951326164,0.0002703835414297,12.562174618207726,75.32624477619686,5.000899326268916,-14.22525423901678,477.11181640625,313.18359375
FRB20211104C,0,False,,0,2586.2153271888405,0.0014599751208569,0.4877563660196014,2.0507154276157604,3.272887093097681,-0.5414178126266934,800.18310546875,399.9755859375
FRB20211104B,0,True,FRB20191106C,0,332.1632163635856,0.0041248833384556,0.2548895082335343,3.244941038611532,3.264056783353368,-6.654136557868098,511.43798828125,399.9755859375
FRB20211104A,0,False,,0,958.907424709432,0.000984140294217,0.6292978092901547,1.3606459535475082,21.3260886522702,-120.94775625088204,437.07275390625,101.513671875
FRB20211105F,0,True,FRB20190929E,0,514.6547611554913,0.0045751361406839,0.4595762270957429,18.49057182027513,64.92125439572142,-237.02134935506413,458.92333984375,90.576171875
FRB20211105E,0,False,,0,474.9425578195932,0.0027863620174944,0.217220122202736,4.092348826057758,83.40043660788987,-77.74779600964786,684.24072265625,224.12109375
FRB20211105D,0,False,,0,416.12426715842287,3.146049885336042e-06,0.4207071013614462,1.975946182220004,-4.027312074770817,-2.268677179162628,400.20751953125,230.615234375
FRB20211105C,0,False,,0,321.8878377451281,0.0003147240638044,2.854831740701674,5.716164545548998,3.160898686121756,-7.100623033285824,499.96337890625,399.9755859375
FRB20211105B,0,False,,0,511.4835883740088,0.0003571879282659,1.4388710660939288,3.284936079403968,0.5095195903337977,-3.766639926390391,428.21044921875,399.9755859375
FRB20211105A,0,False,,0,164.33864441140673,0.0002723050024275,14.479772344599448,27.458770568904825,36.21374832906188,-38.73374666511791,638.68408203125,299.6826171875
FRB20211106B,0,False,,0,284.6477436537435,0.0002836322082122,1.038309176872172,2.714225402921956,10.209222443137175,-113.2268534542593,418.64013671875,82.5927734375
FRB20211106A,0,False,,0,710.1654867734268,0.0019929139891258,1.3556890533022308,8.148408325849061,4.38083989713644,-12.466933097458451,477.06298828125,332.9833984375
FRB20211107C,0,False,,0,344.65658968323874,0.0003012984963523,7.122338123754749,12.092686777017152,2.192521415271817,-4.04320442000569,524.84130859375,399.9755859375
FRB20211107D,0,True,FRB20190303A,0,221.7179331952221,0.0024167498748788,0.7611270151830292,8.262008353708314,36.498976134998166,-94.30011158207472,485.65673828125,152.3681640625
FRB20211107D,1,True,FRB20190303A,0,221.7179331952221,0.0064175440756767,0.7611270151830292,8.262008353708314,60.84344325823679,-322.57818237151963,439.78271484375,74.365234375
FRB20211107B,0,False,,0,542.7545157020375,0.0005818695887856,1.8287156501155173,4.129125886788406,7.135009705344396,-12.89188674783335,527.77099609375,399.9755859375
FRB20211107A,0,False,,0,1028.0612240704193,0.0007473324423887,2.3933200649402706,7.7222204976512065,14.554069140954155,-61.736226300904434,450.25634765625,145.9716796875
FRB20211108B,0,False,,0,803.2613071288231,0.0010120388031195,0.6267075963227811,2.7269120102210413,7.452391753450168,-9.01642824942074,604.99267578125,399.9755859375
FRB20211108A,0,False,,0,1021.2428627300774,3.755067769822201e-05,1.165666817762122,10.805190344874484,12.840145672763583,-16.668352653528682,588.22021484375,394.53125
FRB20211108A,1,False,,0,1021.2428627300774,3.920167673632333e-07,1.165666817762122,10.805190344874484,13.192721833576469,-42.22367907920456,467.85888671875,190.72265625
FRB20211109A,0,False,,0,594.8370046354635,0.0001319025307307,0.4552688389568964,1.0465188347504086,20.973670211131235,-89.72206236198453,449.81689453125,127.734375
FRB20211110A,0,False,,0,1300.0590451866165,0.0012544985379276,0.3161944648178972,1.0734587753601652,4.051058764403692,-12.957443527975236,467.90771484375,313.0126953125
FRB20211111C,0,False,,0,285.7999077681901,0.0002503964134862,0.4544830927408076,0.8388537048951571,-0.3725745425957465,-10.49098293757701,400.20751953125,228.076171875
FRB20211111B,0,False,,0,1150.981014574073,0.0001738236898809,2.072485754488223,8.089564979724194,-1.157305887468207,-8.423817817923359,400.20751953125,232.8369140625
FRB20211111A,0,True,FRB20181119A,0,364.37172625908977,0.0014347637166358,0.5609914999333615,3.9111001421892113,93.24741944151444,-101.6115739474752,633.21533203125,191.357421875
FRB20211112D,0,False,,0,452.0194265195685,0.0006302710582841,1.1467379316616082,10.41381720280957,2.119933919345091,-8.306182638193096,454.67529296875,369.53125
FRB20211112C,0,False,,0,417.3649924793048,0.0003216495181463,1.619674395336868,2.6881628828803144,21.858777426392287,-73.65291635365334,464.22119140625,153.7841796875
FRB20211112E,0,False,,0,741.1317956332579,0.0022301305975544,0.3367435303768031,1.5427851675177169,-4.482827962735209,4.357409703813552,400.20751953125,399.9755859375
FRB20211112B,0,False,,0,1186.8370073070264,0.0006374815514858,0.7121594565260129,4.717289284536595,40.7232122153207,-93.26154565050024,497.83935546875,157.0556640625
FRB20211112B,1,False,,0,1186.8370073070264,0.0001270793097277,0.7121594565260129,4.717289284536595,15.745011480822592,-88.08893833288667,437.60986328125,114.1845703125
FRB20211112A,0,False,,0,354.2845414126442,0.000601611516469,1.0053963181055952,1.996826709072828,-2.292145593716792,-1.7420705670674106,400.20751953125,379.296875
FRB20211113B,0,False,,0,422.1292481322817,0.0003057623149366,8.257802338620408,14.055672481877552,0.5428825647173608,-2.9266100854246657,439.09912109375,399.9755859375
FRB20211113A,0,False,,0,1467.8812784988957,0.0006568425135044,1.7705235484397974,5.744783871835172,15.169950696077844,-16.175089791874736,639.63623046875,361.572265625
FRB20211114A,0,True,FRB20190117A,0,395.9447494042283,0.0054258099019299,3.98676672130502,47.95197671867011,96.14670995085986,-174.52631544091767,527.11181640625,121.3134765625
FRB20211114A,1,True,FRB20190117A,0,395.9447494042283,0.0008930987632337,3.98676672130502,47.95197671867011,1586.106726835974,-3082.5372461571774,517.61474609375,28.271484375
FRB20211114A,2,True,FRB20190117A,0,395.9447494042283,0.000901897755036,3.98676672130502,47.95197671867011,31.514940789915737,-73.80476521319052,495.44677734375,175.9033203125
FRB20211114A,3,True,FRB20190117A,0,395.9447494042283,0.0030408533116732,3.98676672130502,47.95197671867011,49.68565776023241,-146.34288510840844,474.23095703125,119.2626953125
FRB20211115A,0,False,,0,188.74603188065493,0.000745735533908,1.1896816484431172,7.361384097599666,24.835673466276265,-73.54007435161508,473.81591796875,165.3076171875
FRB20211115A,1,False,,0,188.74603188065493,0.0021906611541821,1.1896816484431172,7.361384097599666,19.94934382106236,-61.35174400616039,470.83740234375,171.2890625
FRB20211115C,0,False,,0,1727.1570450319998,0.0032107849504029,0.5245645365184519,10.751741676616252,-0.2755247560789343,-10.356434348465676,400.20751953125,232.71484375
FRB20211115B,0,True,FRB20191106C,0,332.9347759720778,0.0124642075220001,0.0766562480884925,1.08906670005654,0.5775129423977896,-18.20914527101691,406.60400390625,180.0048828125
FRB20211116C,0,False,,0,885.41086006465,0.0012850284225392,0.719783428308167,3.772246756918821,69.61740456023344,-226.2374092682406,466.76025390625,94.3115234375
FRB20211116C,1,False,,0,885.41086006465,0.0030675155348903,0.719783428308167,3.772246756918821,76.54785157603895,-309.9221288337262,452.79541015625,78.125
FRB20211116C,2,False,,0,885.41086006465,0.0057531933332635,0.719783428308167,3.772246756918821,39.091833432356886,-361.893903853176,422.39990234375,57.2509765625
FRB20211116B,0,False,,0,833.4315834857906,0.0002783355051247,2.6958669262278314,10.152412179643576,2.876428350761018,-15.538527910727597,439.00146484375,244.921875
FRB20211116A,0,False,,0,774.9937594100472,0.0009679541341399,0.4871599101580892,1.231324068428468,21.42051373451244,-90.48026274048256,450.47607421875,128.173828125
FRB20211117F,0,False,,0,1020.5236085899528,0.0004104149772333,0.6195461913581684,1.1204867727468268,32.625460491798705,-31.67248690066041,669.81201171875,288.671875
FRB20211117E,0,True,FRB20200929C,0,414.0594436253533,0.0028830305403441,0.4899027299700147,2.92817853077381,45.07565820160749,-220.52755689454145,443.24951171875,90.72265625
FRB20211117C,0,False,,0,493.5400346252154,0.0007119693297835,1.1118290620672135,10.16739885360794,3.159934930166494,-25.874130500366032,425.40283203125,173.046875
FRB20211117B,0,False,,0,944.4811363290696,0.0005605090806903,0.650764545252482,2.5918654605189366,4.324618529761851,-7.553210370613469,532.84912109375,399.9755859375
FRB20211117D,0,False,,0,256.4426069928049,0.0001335234263165,0.8870086117154518,1.0363171080650482,8.102894329428448,-33.177563094461874,452.18505859375,188.232421875
FRB20211117A,0,False,,0,409.96601023409903,0.0025837572741754,0.2725427210657904,4.909353344258539,-0.2752200585053914,-8.152241641030862,400.20751953125,269.4580078125
FRB20211118B,0,True,FRB20180916B,0,350.3382533771704,0.003282057008728,0.3500194446963629,1.9016509335869636,63.594927496864415,-202.3779589681181,468.27392578125,100.0732421875
FRB20211118A,0,False,,0,487.8161865726499,0.0003061874963498,3.099654921536008,7.250137877430866,5.888540996911714,-9.93792829497325,538.19580078125,399.9755859375
FRB20211119D,0,True,FRB20190117A,0,395.8515260631691,0.0184005185212135,0.3763435553347144,0.6731412459758062,53.76741904659457,-220.04652571747317,452.20947265625,92.6513671875
FRB20211119D,1,True,FRB20190117A,0,395.8515260631691,0.0003826695730694,0.3763435553347144,0.6731412459758062,23.25482217034724,-96.32742797680736,451.55029296875,126.806640625
FRB20211119D,2,True,FRB20190117A,0,395.8515260631691,0.0021644596989428,0.3763435553347144,0.6731412459758062,71.19535950435257,-318.4788261418013,447.52197265625,76.171875
FRB20211119B,0,False,,0,478.90075822581775,0.0004796475797903,1.451910944060056,17.417118441004913,2.2317767775148285,-92.28353853106572,405.06591796875,74.169921875
FRB20211119B,1,False,,0,478.90075822581775,0.0031926223730411,1.451910944060056,17.417118441004913,4.602323560154702,-88.73751413876408,410.70556640625,82.275390625
FRB20211119B,2,False,,0,478.90075822581775,0.0019590184855977,1.451910944060056,17.417118441004913,4.178845569182202,-83.88765628632108,410.29052734375,84.0087890625
FRB20211119C,0,False,,0,1928.9910756572467,0.0059242046453019,0.2870037408344098,2.1851055752352027,43.22117773759382,-87.6796586195018,512.04833984375,166.650390625
FRB20211119A,0,False,,0,504.0393062551557,0.0019574916319481,3.2998509768023285,56.65345204731097,4.724938043243169,-13.14529259173182,478.99169921875,327.7099609375
FRB20211119E,0,False,,0,210.26037108492355,0.000333677508041,0.3149024850596914,1.7454272325549194,136.08132976616218,-434.8102332660957,467.98095703125,68.1640625
FRB20211119E,1,False,,0,210.26037108492355,0.0003228854485828,0.3149024850596914,1.7454272325549194,85.61289537655281,-379.2544504862565,448.01025390625,69.873046875
FRB20211119E,2,False,,0,210.26037108492355,0.0001814667109014,0.3149024850596914,1.7454272325549194,59.28872901933735,-424.88915863897705,429.11376953125,61.669921875
FRB20211120D,0,False,,0,984.0928657143994,0.0008978812835088,1.266738542446985,5.650882294945342,-5.852602044386437,3.3194004669958743,400.20751953125,323.681640625
FRB20211120D,1,False,,0,984.0928657143994,0.0006470827595521,1.266738542446985,5.650882294945342,4.016137121444061,-12.816650336832776,468.07861328125,314.9169921875
FRB20211120C,0,True,FRB20211120C,0,620.9084789289348,0.0003143714785656,0.9026854356284332,1.8100982215407864,12.4502623753886,-12.981356485338315,646.44775390625,375.9033203125
FRB20211120B,0,False,,0,359.1105013204651,0.0002890858232647,0.9220477134212736,3.204590227600593,21.15363423210096,-56.58121832198771,482.45849609375,190.0634765625
FRB20211120A,0,False,,0,462.1190982959114,0.0001431152826172,0.8099002303765102,1.5179005991860055,-4.574948073478722,1.3341887292824928,400.20751953125,338.427734375
FRB20211121C,0,False,,0,422.8555848090995,1.4672478305060365e-05,0.5709662355250174,4.3702502185703,9.538022183254244,-17.18484126455973,528.18603515625,361.4501953125
FRB20211121B,0,False,,0,870.5319368113487,0.0022520905977227,0.963214525345226,16.708013860529473,16.475957085597663,-17.700803386109595,637.36572265625,355.7861328125
FRB20211121A,0,False,,0,606.7988960544144,0.0001531205243358,1.0248260505713769,5.050537709601463,0.7416791590456937,-5.446579893200601,428.38134765625,399.9755859375
FRB20211122A,0,False,,0,202.46564355905,0.0006511514479236,5.8022071435484825,22.277298498555023,-0.7024731645800896,-10.427424561196672,400.20751953125,219.580078125
FRB20211122E,0,False,,0,437.7138285230599,0.0004820398332272,0.5371384402965568,0.8975040167780699,0.5116417268447394,-36.195996470725056,403.03955078125,118.4326171875
FRB20211122B,0,False,,0,418.8530980363461,0.0002295957967248,7.55222025111729,13.757512130624256,9.2863662512952,-8.711053235533354,681.97021484375,392.333984375
FRB20211122D,0,False,,0,602.6067425419678,0.0005444598357686,0.5687326654193317,0.9442263649757496,6.408734151260353,-12.771583594078304,514.31884765625,386.181640625
FRB20211122C,0,False,,0,842.6098643677152,4.2134601573452334e-05,0.5483074860713404,2.8676186665693155,27.28056025499374,-62.89324309750823,497.13134765625,191.3818359375
FRB20211123A,0,False,,0,384.16671783122376,8.277453345698367e-05,0.746659902848027,2.358507714487424,25.089068757313267,-64.72504221403928,485.77880859375,184.326171875
FRB20211123B,0,False,,0,1004.805606257636,0.0004269169350721,3.3586088632419564,13.928159444771262,31.459908352422552,-29.59599587966771,680.92041015625,284.9853515625
FRB20211124A,0,False,,0,428.028293736187,0.0001708474454405,0.3770603477505899,0.5677693161495192,20.16438997039264,-52.47192369173681,484.97314453125,197.7783203125
FRB20211124B,0,False,,0,575.7017587468233,0.0004044106147113,0.9622376383680572,1.5715651849417234,9.954896749768723,-14.200867293347452,568.20068359375,399.9755859375
FRB20211125C,0,False,,0,779.342781801541,0.000290971657644,0.6937001789879323,1.74843344225318,5.887074060489479,-7.108126851573656,605.50537109375,399.9755859375
FRB20211125A,0,True,FRB20190303A,0,222.77596806745856,0.0045035377394143,0.2548815949704066,1.5272478243207028,19.870409957337788,-163.10371026347252,425.32958984375,78.759765625
FRB20211125B,0,True,FRB20210822E,0,319.5020187598011,0.0019261959349553,0.2575975786412812,1.215308804059316,28.350620485779217,-229.7622053476149,425.67138671875,70.263671875
FRB20211125D,0,False,,0,532.0030432605007,0.000757618947924,0.8675122745616933,2.2539293141472494,3.2427533412227363,-8.422387716898164,485.14404296875,399.9755859375
FRB20211126C,0,False,,0,598.4655588189951,0.0009922562526628,1.643820965315796,5.934810988551848,7.955917197568224,-11.936782245088564,558.48388671875,399.9755859375
FRB20211126B,0,False,,0,711.8360497756021,0.0009572934152255,0.6524968171198048,4.798990911811869,4.111844900095728,-15.439003838693354,457.18994140625,272.4853515625
FRB20211127C,0,False,,0,456.86276231360006,0.000779617026605,0.9279662001507708,7.717708916288782,7.545478738030213,-10.558137498618326,572.08251953125,399.9755859375
FRB20211127H,0,False,,0,318.97620174965465,0.0004130106330031,0.5542816639412472,1.0488133807435618,27.059339391843626,-73.07954602197334,481.57958984375,171.826171875
FRB20211127G,0,False,,0,419.9985842307578,0.0001647672642103,0.7144027737418266,1.3131065400822957,2.732250795511031,-6.311422683027152,496.91162109375,399.9755859375
FRB20211127F,0,False,,0,185.2466838625232,0.0029981789159489,0.3055625763515175,1.2337681936117373,1.6477445192676512,-22.15224112566692,415.36865234375,173.1689453125
FRB20211127B,0,False,,0,470.6396078407621,0.0003376776107659,2.601993043365722,4.531580026942044,3.063148906824788,-4.65188960530729,556.23779296875,399.9755859375
FRB20211127A,0,False,,0,543.9479580281994,0.0004957024288982,1.135946281628826,2.180418096381666,14.17315937152095,-141.96730329899762,420.69091796875,77.587890625
FRB20211127E,0,False,,0,840.1114270927992,0.0051899887273582,0.3342516987288953,1.486578548385262,326.2040108400149,-336.95920603945405,649.35302734375,107.4462890625
FRB20211127D,0,False,,0,577.4942344922357,0.0002969082864555,0.6658126053749328,2.227636400121689,-4.295539733146184,-0.765425214124608,400.20751953125,254.8583984375
FRB20211128E,0,False,,0,1834.8635111148003,0.0031352241534414,0.4113907657873354,2.7219894527909534,173.74458965929833,-147.77324439129737,720.42236328125,164.306640625
FRB20211128G,0,False,,0,1303.7927078442794,0.0006245939655712,0.3990743911691514,5.423365500780526,-2.313624335800844,-3.300242047012909,400.20751953125,297.1435546875
FRB20211128D,0,False,,0,550.953135264427,0.0011549992378001,1.383750905721706,8.21319933897132,3.7340126015031663,-8.059913915103342,504.50439453125,399.9755859375
FRB20211128C,0,False,,0,828.2732831585218,0.0003174468992848,0.5798656071141269,2.0103416934978737,14.570410053342997,-15.611446375772438,638.17138671875,365.5029296875
FRB20211128A,0,False,,0,171.85671660768418,0.0003184666839035,1.9122756230873192,3.488808611106461,26.220039179452005,-90.06597608186884,462.90283203125,142.9443359375
FRB20211128F,0,False,,0,679.3578613062317,0.0009758425516731,0.3684395600169529,1.6119532410481183,141.7026580645486,-119.5841061059113,723.74267578125,170.1904296875
FRB20211129A,0,False,,0,887.0284996001665,0.0066388188965543,0.4789480441858917,4.285762681873388,18.26837965672289,-120.70967936799904,431.65283203125,95.361328125
FRB20211202C,0,False,,0,730.9277047462363,0.0006468912251034,0.3784402768036894,1.045494927352567,14.426085094038015,-20.469113435317468,569.25048828125,389.0380859375
FRB20211202B,0,False,,0,400.53483746142166,0.0004439725273624,0.8014816974323192,2.183706847793902,0.2180205448669267,-1.9577944949973825,423.10791015625,399.9755859375
FRB20211203B,0,False,,0,638.9648179325977,0.0002010600115941,7.924449372264945,14.052791985828136,19.006739608842437,-186.2783139290399,421.13037109375,70.4345703125
FRB20211203A,0,False,,0,1522.5273405827752,0.0013642469422554,0.4027160116514926,1.6077015751790886,132.8665417096571,-111.0745943968831,727.81982421875,169.9462890625
FRB20211204D,0,True,FRB20180916B,0,349.55235939064755,0.0018452050437074,0.6510477504530671,3.205858930507556,13.179148177552088,-36.49975475786923,479.38232421875,216.0400390625
FRB20211204C,0,False,,0,383.4969186576586,0.0007899890944409,1.0939998217323146,8.298928174125578,17.336123839787536,-69.65956068183579,453.23486328125,143.359375
FRB20211204B,0,False,,0,425.8931440764312,0.0028618539354004,1.09613230789154,3.4493413531140584,56.627697489202696,-266.3063702397682,445.08056640625,82.861328125
FRB20211204A,0,False,,0,900.9315644679732,0.0003754530157702,2.2192305690312453,5.120486068647132,3.284857234017829,-5.144009335447188,550.72021484375,399.9755859375
FRB20211205C,0,False,,0,296.3044458304421,0.000267698607635,0.2007465193978026,0.5113164805839813,2.686068058109085,-68.90793442420194,408.06884765625,89.697265625
FRB20211205F,0,True,FRB20180916B,0,349.27595804356986,0.0014853909327641,0.3337405328574244,1.1204149025908832,55.40929373169174,-188.1933995560196,463.65966796875,102.7587890625
FRB20211205E,0,False,,0,480.33877593553535,0.0015751872478249,0.3707925415026777,1.2681826709027837,51.091906792711626,-46.07490579323139,696.74072265625,243.017578125
FRB20211205B,0,False,,0,342.0427858714876,0.0003613670111448,1.349743719834756,3.5725096025321634,16.711923197075137,-87.41786732348677,440.34423828125,117.7001953125
FRB20211205A,0,True,FRB20190208A,0,579.7634429472189,0.0012546918444285,0.7096813111530949,2.598722015995748,220.5003204973023,-300.8839582339542,577.30712890625,101.0986328125
FRB20211206C,0,False,,0,1018.72055601519,0.0010903918726661,1.3500373530940215,5.026039322947768,4.79127510491984,-8.482751756108664,530.79833984375,399.9755859375
FRB20211206A,0,True,FRB20200926A,0,758.5496570226893,0.0019104288027189,0.2463112176985054,3.037859950150974,89.67666519620914,-266.6083302720354,473.49853515625,88.1103515625
FRB20211206A,1,True,FRB20200926A,0,758.5496570226893,0.0017428710970743,0.2463112176985054,3.037859950150974,90.8887548959212,-311.01196291508,463.14697265625,79.78515625
FRB20211207A,0,False,,0,1197.6427947397428,0.000143866553048,0.7106287990264063,2.709001714811728,33.649903390556,-32.418022986151094,672.47314453125,285.0341796875
FRB20211208A,0,False,,0,506.12572182597165,5.054419693333089e-05,0.8585474422923013,3.5774501453279712,24.941084414276357,-63.11299094626428,487.63427734375,187.40234375
FRB20211209B,0,False,,0,1218.4585019911465,0.0004279953237615,0.8464912845991449,1.947712615113571,11.93638589543139,-15.198577817642612,592.66357421875,398.583984375
FRB20211209A,0,False,,0,1049.5963916316375,0.0005315598853612,1.3910623997794576,2.683725763956572,4.398901805963078,-8.698522504621137,515.31982421875,399.9755859375
FRB20211210B,0,False,,0,173.67609658994357,0.0004842516810845,0.6654600819480087,2.3536683476285463,0.6061693198889285,-6.356949112006676,419.73876953125,366.015625
FRB20211210D,0,False,,0,1287.9625307646463,0.0021307396175486,0.2732895195418399,1.782019136362799,9.572397222690707,-31.910208736352967,464.95361328125,208.0078125
FRB20211210C,0,False,,0,844.2136909640205,0.0004558606179085,0.3966820067171404,0.9770071805754826,-1.6659965212356025,-7.834563857778222,400.20751953125,225.0
FRB20211210A,0,False,,0,346.3023192738828,0.0004013508616084,1.470670844140196,3.741701588385544,50.66218497426669,-107.15724164404476,506.92138671875,149.12109375
FRB20211211E,0,False,,0,243.10660767461235,0.0014223994940518,1.165373284250396,4.730542548905361,19.90938126450846,-57.14100646597354,476.35498046875,182.03125
FRB20211211D,0,False,,0,293.48737195766995,0.0006204390926669,1.3695351908581508,8.023847470343913,-2.264010008605721,-5.46852897122948,400.20751953125,242.724609375
FRB20211211C,0,False,,0,1097.9699034303806,0.0009210557598318,2.2891652748900198,11.274594192779832,6.768076064980596,-7.030868317776736,647.59521484375,399.9755859375
FRB20211211B,0,False,,0,226.3114197154985,0.000841441214264,0.6958494650751996,1.9753900799870103,4.238778677576516,-13.490661663694622,468.27392578125,307.5927734375
FRB20211211A,0,False,,0,319.4472319620281,0.0006510830852916,0.941321692967743,2.424636738514336,16.373436040995934,-205.77318947965145,416.44287109375,62.6953125
FRB20211212B,0,False,,0,1076.7631304152767,0.0023310589965815,0.5224810485682475,12.951674333653813,-2.183538500942167,-1.7365008604914811,400.20751953125,392.3095703125
FRB20211213C,0,True,FRB20190905A,0,235.3041023841793,0.0004709170915872,3.008753128256723,6.210830116115004,4.293088003347504,-12.201049932325104,477.18505859375,336.572265625
FRB20211213B,0,False,,0,445.5899932706632,0.0010546323247349,0.8415514822357745,1.8285942980404493,3.5737506943385777,-66.79453068016029,411.04736328125,94.677734375
FRB20211213A,0,False,,0,340.86632637278274,0.0001103871488861,1.4696047392629092,1.8513172084257687,5.400965208985539,-7.224093861549353,581.57958984375,399.9755859375
FRB20211214C,0,False,,0,1516.6683675710478,0.0012580557749212,0.7821591602393153,5.111886290553166,-3.5572465777800844,3.581187439069879,400.20751953125,399.9755859375
FRB20211214B,0,False,,0,950.887524151772,0.0006001980344073,0.8528904001484774,2.741880149095552,-2.1904497402763288,-11.394888625278474,400.20751953125,175.439453125
FRB20211215C,0,False,,0,1157.8540071036325,0.0002572876291748,0.4464530664450474,1.20692239312929,-2.618255537087212,-2.630327960608745,400.20751953125,301.85546875
FRB20211215B,0,False,,0,459.3616914231625,0.0005172322890918,1.0385904522483536,2.6200747787649865,0.6874863411266235,-13.677570746180075,410.38818359375,218.3349609375
FRB20211215A,0,False,,0,1213.467562584798,0.0027301904685028,0.8035770476231093,4.721105916526042,-4.419183757679287,3.6802946848615457,400.20751953125,399.9755859375
FRB20211216B,0,False,,0,454.52758817711486,0.0004537656769008,0.6337685741244474,2.63348107857734,14.861332394253834,-94.66532602518652,432.87353515625,105.712890625
FRB20211216A,0,False,,0,479.46984476762105,0.0016182166330149,0.5813769722185685,4.032371858764053,1.0776922448930724,-5.280064345875722,443.20068359375,399.9755859375
FRB20211217D,0,False,,0,640.2409540476693,0.0008692054052465,0.7651860900003538,2.1781549462828944,74.21295040135814,-124.90928377942626,538.63525390625,146.6796875
FRB20211217A,0,False,,0,424.1479781150449,0.0003140588722089,4.111575373363643,10.66730492081895,0.1644340891414611,-1.5748515757356396,421.64306640625,399.9755859375
FRB20211218C,0,False,,0,1183.4373788411935,0.0006699082791894,0.6738454307246329,1.6626785407335578,3.99352892149314,-15.523408929696457,455.13916015625,268.7255859375
FRB20211218B,0,False,,0,548.3586888696901,0.0021056860688957,0.7812647464520517,14.43019570226558,-2.7837136078158866,-3.4586829357631,400.20751953125,264.4775390625
FRB20211218A,0,False,,0,400.4378059953452,0.0032345667535487,0.6538105115228026,7.9556895413044355,-3.444736601794512,-0.8478480410500535,400.20751953125,317.7001953125
FRB20211218D,0,False,,0,242.5210740325797,0.0008828715102747,0.3079574149173821,1.5451968508506593,17.93927923537858,-60.00597577426474,464.70947265625,165.0634765625
FRB20211219D,0,False,,0,805.8461177597451,0.0004157004726074,4.812288830959971,22.52793862079888,19.04303681012297,-23.380710364280173,601.35498046875,360.791015625
FRB20211219C,0,False,,0,567.8929105458523,0.000486533991121,0.9477527496771015,3.990819125958647,-1.0238155440789876,-2.415516657432286,400.20751953125,399.9755859375
FRB20211219E,0,True,FRB20191106C,0,331.92009674818905,0.0010628050221504,0.0993788399056566,0.9447225370638406,42.67980943656015,-172.74719983453207,452.81982421875,104.7607421875
FRB20211219B,0,False,,0,458.4879547876825,0.0005334639119089,1.6692704283213309,3.990521532295957,4.348936795896576,-7.9285817633337725,526.47705078125,399.9755859375
FRB20211219A,0,False,,0,1522.5333767626114,0.0025162947139868,0.4222300827765982,1.7610277005879356,2.1836747423857665,-11.461171391294643,440.19775390625,288.916015625
FRB20211220B,0,False,,0,222.010460727362,0.0002909198186198,1.5975021474425877,3.0169687788605537,3.787331998395188,-20.45643853645477,439.00146484375,213.7939453125
FRB20211220A,0,False,,0,323.76839165578946,0.0006553069817436,0.6763919641127224,5.817533292445389,19.20677323814729,-65.34611188359584,463.56201171875,159.0576171875
FRB20211221A,0,True,FRB20180916B,0,349.03079246303923,0.0011384839191835,0.7000279852683887,3.129762314637909,22.69090387558091,-471.09821962474695,409.94873046875,39.4287109375
FRB20211222E,0,False,,0,1701.1013026599028,0.0012228946046916,0.3839698972137118,1.712210348694361,0.2482493659394395,-6.271769343120355,408.19091796875,347.9736328125
FRB20211222C,0,False,,0,432.1790408114512,0.0003194243285195,0.9666961864526727,1.7204750889229563,2.284555849052248,-6.314563170026221,479.55322265625,399.9755859375
FRB20211222B,0,True,FRB20180916B,0,349.6415435016555,0.0016648707256955,1.2982398409358442,4.821234362754764,23.22995808797343,-83.3581333751579,460.02197265625,142.9931640625
FRB20211222A,0,False,,0,712.591249735707,0.0002095439085784,0.3658760637383518,1.2464971376349467,0.4715181161721546,-4.031806773957913,424.30419921875,399.9755859375
FRB20211222D,0,False,,0,758.8507334936156,0.0021357030738712,0.2131456409958236,1.715798363497609,75.6320705859763,-238.89420085769095,468.83544921875,92.1630859375
FRB20211223A,0,False,,0,267.053530087032,0.0002599444889927,5.164574239646905,7.429488011217964,6.712277302028185,-8.662866154343858,589.56298828125,399.9755859375
FRB20211223B,0,True,FRB20190208A,0,579.6040653693096,0.0004109830398028,0.3406486846475527,0.7402203716076713,17.65034770829817,-41.73939219382084,494.42138671875,225.09765625
FRB20211225B,0,False,,0,384.457529642278,0.0002282391067489,0.3416754277082544,0.4161409289295,16.049293600412497,-60.741873380443096,456.72607421875,154.6630859375
FRB20211225A,0,False,,0,830.3202421286026,0.0002763292783744,1.8318139689155333,5.973663260183169,38.603802174853925,-68.13881321534201,531.23779296875,196.38671875
FRB20211225A,1,False,,0,830.3202421286026,0.0005363926157604,1.8318139689155333,5.973663260183169,7.940286612112086,-15.635893001059484,515.88134765625,356.9580078125
FRB20211226A,0,False,,0,839.5958479561588,0.0004907709407076,0.5639802402145333,3.725806703420044,-0.8189026570961949,-1.8169720119063295,400.20751953125,399.9755859375
FRB20211227A,0,True,FRB20211227A,0,949.356303282472,0.0030890661933808,0.6061232354032088,6.1325223238810445,27.11082623948905,-34.88375776363148,590.24658203125,306.6162109375
FRB20211228B,0,False,,0,274.366713458521,2.570576612124796e-05,0.819214992671871,6.223257051615365,9.062055653220808,-14.712427710082464,544.54345703125,399.9755859375
FRB20211228A,0,True,FRB20190208A,0,579.7881342219529,0.0004721108018204,0.5482210819029146,5.040502475800237,61.97139753632359,-111.69628761361602,528.13720703125,152.1728515625
FRB20211228A,1,True,FRB20190208A,0,579.7881342219529,0.0006334040578294,0.5482210819029146,5.040502475800237,30.057027948731594,-75.73714206093777,488.02490234375,171.044921875
FRB20211228A,2,True,FRB20190208A,0,579.7881342219529,0.0018968203844717,0.5482210819029146,5.040502475800237,19.85787281188925,-76.23716211965088,455.87158203125,142.1630859375
FRB20211229C,0,False,,0,842.261518347657,0.000964551440274,1.398287458277248,11.283159521611092,-1.5658828817167616,-6.673291862993905,400.20751953125,247.607421875
FRB20211229B,0,False,,0,913.8727091769484,0.0007279420900059,0.8163851918075813,2.1103079726433926,0.8595608767146422,-5.392277314591371,433.38623046875,399.9755859375
FRB20211230B,0,False,,0,673.4374262823055,0.0007186139278708,0.3721288321522009,1.0982968243682931,181.0916211588009,-145.44238657591114,745.83740234375,142.5048828125
FRB20211231B,0,False,,0,905.7229259930784,3.520134729237195e-05,1.441153992383035,4.506095821157927,-2.181182212419095,-4.640208008257224,400.20751953125,264.6240234375
FRB20220101A,0,True,FRB20220101A,0,386.0152172939437,0.0013731030360176,0.3878550816380559,1.6474948745441569,36.25425527027973,-99.32388254481664,480.33447265625,146.826171875
FRB20220103C,0,True,FRB20190303A,0,221.43016528464452,0.0010299581367156,0.3930862012125641,0.7017707601524126,141.12183751798682,-229.2539457875364,544.42138671875,109.3017578125
FRB20220104B,0,False,,0,294.64205519121674,5.086419766371403e-05,0.3823110466988153,1.735286670524001,-2.5564870990704214,-2.63609239743362,400.20751953125,306.0302734375
FRB20220104D,0,False,,0,1149.6982337629918,0.0004064555988091,0.4797305428297351,1.5042463706632538,42.96414619473256,-37.99957408520893,704.35791015625,249.51171875
FRB20220104C,0,False,,0,763.5156180408767,0.0009271489768215,0.7363309693375643,3.864550538116737,-6.189103217827866,0.0564372056500982,400.20751953125,181.103515625
FRB20220104E,0,False,,0,1059.1774534291185,0.0053601482230943,0.6019187440011307,14.031777521136831,4.621485202547585,-8.850488808274733,519.59228515625,399.9755859375
FRB20220104A,0,False,,0,670.813502949724,0.0028382729468611,0.4290273203492141,7.899849720071415,-0.3354313546519073,-2.902348385882013,400.20751953125,399.9755859375
FRB20220105D,0,False,,0,697.0968554240104,8.612430064396291e-05,1.0327049126926038,2.689329331266024,2.3574495210498854,-23.41657416378557,420.86181640625,175.634765625
FRB20220105C,0,False,,0,501.26168039470434,0.0005350630502928,0.9730682745298188,1.857249675685596,128.6570397808704,-314.884169190519,490.90576171875,84.033203125
FRB20220105E,0,False,,0,512.1794064583378,0.0014869943449139,0.7607305568498895,4.1513626025269454,24.55981088549749,-55.51444639900485,499.27978515625,204.7607421875
FRB20220105B,0,False,,0,593.5162868581749,0.0002027519263583,2.567775061296391,19.575534639468465,0.9267435806481452,-5.008763157710887,438.97705078125,399.9755859375
FRB20220106B,0,False,,0,653.9538299251379,0.0005102356976977,2.8694622419172005,5.932600082912683,37.21668718462255,-42.825622183153634,617.98095703125,289.1357421875
FRB20220106A,0,False,,0,603.1270082834565,0.000412241959417,0.6939660999475238,1.646493704515381,14.305769018518806,-79.63016106596905,437.80517578125,118.75
FRB20220107B,0,True,FRB20190716C,0,329.00136090529617,0.0008305426285396,1.4971729777860652,3.811313638425118,66.05568033970104,-59.6847082000118,695.98388671875,228.2958984375
FRB20220107C,0,False,,0,592.2672015044529,0.0003301037707813,0.6357113171183164,9.256513760743667,4.008389239591597,-47.69503309241474,417.37060546875,119.7021484375
FRB20220108C,0,False,,0,585.5256928331395,0.0004500998576686,0.4407659786316387,1.8495418503496848,17.411592673629233,-87.79599665965023,441.90673828125,119.384765625
FRB20220108A,0,False,,0,1043.5521188816542,0.0004394974039804,3.1847242100909106,7.6989669214717,3.96250313889428,-13.756261221447236,462.19482421875,295.60546875
FRB20220108B,0,False,,0,1448.4755236237506,0.0001610411491399,0.3203155987821216,4.036639466460839,13.4373514960487,-18.43134575911992,576.20849609375,395.5078125
FRB20220109C,0,False,,0,378.5743837625607,0.0012081114733348,0.4667771335664802,1.4435743181663985,12.383935692430171,-53.48668116099088,449.30419921875,152.685546875
FRB20220109B,0,False,,0,387.26880957129725,0.001788364578111,0.8560611124092186,3.499566398837012,4.339653711287827,-9.6046674144466,501.62353515625,399.9755859375
FRB20220119A,0,False,,0,730.7431264796866,0.0004638012175615,2.4275671488844077,14.886540992576226,6.045831037466733,-8.291459198742375,576.25732421875,399.9755859375
FRB20220119A,1,False,,0,730.7431264796866,0.0019147037800778,2.4275671488844077,14.886540992576226,4.853950462429794,-6.51851472501406,580.72509765625,399.9755859375
FRB20220121A,0,False,,0,357.164105766582,0.0015355425640623,0.5741727217232452,2.655727113581737,5.406921273998554,-6.233588303558736,617.46826171875,399.9755859375
FRB20220122C,0,False,,0,576.7197008100792,0.0006039379725435,1.4169485330260116,2.6962245608281457,4.158400445535191,-5.101001977242054,601.57470703125,399.9755859375
FRB20220122B,0,False,,0,213.89019329106503,0.0003694533560788,2.693541936288249,5.005429267734833,3.530178426077536,-12.469438387130008,461.04736328125,308.3251953125
FRB20220122A,0,False,,0,683.991423597404,0.0006256852073515,1.2327713163229357,7.596772753702421,-0.7051680611355985,-6.836040921815704,400.20751953125,280.419921875
FRB20220123A,0,True,FRB20220123A,0,120.84102113967424,0.0023315304052474,0.3720255234059216,1.8526129739626729,11.52273264607896,-37.763907701650254,466.14990234375,196.5087890625
FRB20220124C,0,False,,0,250.25355926266263,0.0004826507229897,0.4728083896590608,1.1108606526861995,3.199916165903627,-7.051814937203661,502.11181640625,399.9755859375
FRB20220124A,0,False,,0,268.8277281185556,3.410512891242355e-06,0.907168762322801,4.835873897901541,14.670202262754971,-108.65908921030328,428.13720703125,95.01953125
FRB20220124A,1,False,,0,268.8277281185556,0.0019272807844734,0.907168762322801,4.835873897901541,18.84905300529648,-101.39597381295246,439.17236328125,110.3759765625
FRB20220126C,0,False,,0,720.1313483450408,0.0002499284367636,1.1721699172206443,2.43296461453475,57.17394444869336,-152.92569793290932,482.45849609375,118.6767578125
FRB20220126B,0,False,,0,790.0655620838216,0.0019131143752829,0.6708344374977748,6.818993505565578,9.63026981772624,-11.92338010761522,599.32861328125,399.9755859375
FRB20220127A,0,False,,0,1261.858102912902,0.0100668216915473,0.526250375603938,7.674077730289754,21.010715335538183,-104.55583120568714,442.49267578125,113.0615234375
FRB20220128D,0,False,,0,662.1469564592863,0.0005269029892809,3.9601675023107297,9.100967668436304,1.8191891975564085,-6.649090478380002,458.87451171875,399.9755859375
FRB20220128C,0,False,,0,262.21716381698457,0.0003247868588438,3.440175732105887,5.261762806587266,2.6753395656819468,-31.090383830224376,417.78564453125,148.2421875
FRB20220128B,0,False,,0,593.9281876599435,0.0004862441664728,6.52796733673808,22.947349459123046,5.988158638375731,-26.278333105188764,448.49853515625,202.7587890625
FRB20220128A,0,False,,0,939.9673073622012,0.0001524058431643,0.7494297646070388,8.265092292867461,0.4551101745491873,-5.570458283663775,416.88232421875,392.7001953125
FRB20220129A,0,False,,0,179.86385715113758,0.0003967016066007,1.7534977564998,4.810294268075536,23.229726803933804,-86.40317335898114,457.77587890625,138.720703125
FRB20220130C,0,False,,0,881.8220409041128,0.0006497056451025,0.7831447335392594,1.789297667111108,4.3701523095524175,-12.855291656107898,474.35302734375,324.0478515625
FRB20220130B,0,False,,0,218.8010109840424,0.0028882674131875,4.2626286518393774,109.61832615899311,-0.4505216847664115,-7.755026291105084,400.20751953125,270.654296875
FRB20220130A,0,False,,0,1503.7102791846808,0.0005957815676438,0.8971327667323303,5.83206082481299,0.1169268674304393,-4.33523618067581,405.62744140625,399.9755859375
FRB20220131A,0,False,,0,570.7766536297744,0.0007247154762367,1.5486773116730277,4.844555213432178,204.76010865185805,-170.8913549906425,728.55224609375,151.46484375
FRB20220131B,0,False,,0,650.8356897531719,0.0007513732349198,1.822006710382284,6.617626282682734,11.601118340794637,-21.298475486244573,525.47607421875,329.8095703125
FRB20220201C,0,False,,0,212.09961296964207,0.0002846732983542,0.6662080882409527,1.3062607157887909,66.96946515628164,-113.29551272197124,537.80517578125,153.8330078125
FRB20220201B,0,False,,0,689.0034341580483,0.0003171083676485,0.6557083117653323,1.3666120883758568,7.113866599125492,-19.607603372469484,479.79736328125,275.68359375
FRB20220202B,0,False,,0,484.8532839352227,0.0004894652199321,0.7201001085538807,5.174938606757712,10.893728151363147,-13.89527198147486,592.24853515625,399.9755859375
FRB20220202A,0,True,FRB20210822E,0,319.44839717556164,0.0021195263358434,4.47125490289906,40.34885207004353,36.739398354555625,-138.25921433751495,457.06787109375,118.26171875
FRB20220202A,1,True,FRB20210822E,0,319.44839717556164,0.0009710049518072,4.47125490289906,40.34885207004353,15.778561361130384,-131.57687680585397,424.91455078125,84.814453125
FRB20220202A,2,True,FRB20210822E,0,319.44839717556164,0.0016714449007676,4.47125490289906,40.34885207004353,-0.1781810261493035,-108.72070518514752,400.20751953125,62.2802734375
FRB20220203C,0,False,,0,368.3290685068618,0.006123469190817,0.6047131877165612,12.1591666941756,-2.839634139706713,1.2605844430210624,400.20751953125,399.9755859375
FRB20220203B,0,False,,0,540.2712207918341,0.0005280150913323,1.720623929336318,5.014556410295019,-1.0199395250961547,-0.3619538114988552,400.20751953125,399.9755859375
FRB20220203A,0,True,FRB20190804E,0,362.7400869271737,0.0052989555149941,0.3104573169928209,5.294570022549763,76.43104694655352,-349.68143668815605,446.39892578125,72.509765625
FRB20220203A,1,True,FRB20190804E,0,362.7400869271737,0.0003944301511966,0.3104573169928209,5.294570022549763,22.3130788139998,-193.9484822819857,423.88916015625,72.4609375
FRB20220203A,2,True,FRB20190804E,0,362.7400869271737,0.0038770726241335,0.3104573169928209,5.294570022549763,54.12620756589655,-385.1863761668988,429.33349609375,63.623046875
FRB20220203A,3,True,FRB20190804E,0,362.7400869271737,0.0021529614673733,0.3104573169928209,5.294570022549763,33.307086847560164,-431.0461203774244,415.95458984375,47.2900390625
FRB20220205B,0,False,,0,629.1940859985242,2.135559350003864e-05,0.7624670665480042,3.5948915917020474,5.95942246021399,-18.338503167198827,470.81298828125,270.7763671875
FRB20220205A,0,False,,0,779.8095247338994,0.0004969697780198,1.2739818910567804,2.579152495246504,-0.9607867266412004,-5.13348691799036,400.20751953125,316.455078125
FRB20220206B,0,False,,0,324.45559790457,0.0058184308681055,0.3536759893796707,3.1658846722088536,7.697757884453798,-44.36848162364551,436.46240234375,147.900390625
FRB20220206A,0,False,,0,440.7080541661263,0.0017064930666025,0.9827512195765704,6.420192190859704,61.37280298698378,-126.52002361135912,510.04638671875,138.0126953125
FRB20220206A,1,False,,0,440.7080541661263,0.0078119019826188,0.9827512195765704,6.420192190859704,14.67193705732319,-35.52184216077202,492.00439453125,234.423828125
FRB20220207B,0,True,FRB20190417A,0,1379.1978196047105,0.0090949224870983,1.3582645220824012,15.275975021350373,132.53020153828538,-178.0028763356391,580.70068359375,132.3486328125
FRB20220207A,0,True,FRB20220207A,0,262.38294456303737,0.0003960615607154,9.491572120598882,53.99875082758449,0.5409716363885355,-6.562100496620149,417.02880859375,353.8818359375
FRB20220209C,0,False,,0,1540.3824756522788,0.0021854399014046,0.5741514479614888,4.00692412190478,0.297601446448733,-2.902813261554632,421.25244140625,399.9755859375
FRB20220209B,0,False,,0,393.8048386323749,0.000563941159938,2.3720014532250704,6.063228588219323,6.5613722494587545,-29.19485169950844,447.79052734375,192.7490234375
FRB20220209A,0,True,FRB20200929C,0,413.3853868831219,0.0016395511944655,1.1620825639220085,4.656754461099832,13.43246914922613,-74.99272301078072,437.68310546875,121.2890625
FRB20220210A,0,False,,0,518.5283303561577,0.0002623863778271,1.5169846756694545,3.199503714616033,113.68343528841052,-473.7577596365999,451.20849609375,62.939453125
FRB20220211D,0,False,,0,855.2789871997121,0.0011274478810553,0.8598982388506362,2.093480493060776,-6.781511810876241,3.695626836177857,400.20751953125,227.3193359375
FRB20220211B,0,False,,0,720.5621571814452,0.0006798846286083,1.0676965011159354,4.542525598021744,1.4962230119898516,-14.76594416696322,420.98388671875,224.6337890625
FRB20220211A,0,False,,0,274.1082059706226,0.0001966869249453,1.429766455129493,3.185048139767665,3.2130866234788344,-10.642114595593332,465.41748046875,340.8203125
FRB20220211C,0,False,,0,1208.3748621038112,0.001294405904327,0.8771508423845502,7.546765653073353,12.375010851093396,-24.647303194723836,514.39208984375,298.0712890625
FRB20220212B,0,False,,0,367.02399033339833,0.0008244513862772,1.1447650217951115,8.550864188160137,14.24431310996557,-85.68692042706232,434.87548828125,112.1337890625
FRB20220212A,0,False,,0,1079.5496774834985,0.0006530311043843,1.2673847604465744,8.612575563195977,3.861339083254499,-12.510838591231003,466.97998046875,316.9189453125
FRB20220213B,0,False,,0,801.1125984947986,0.0004849182164963,0.7161267603903207,2.343218341630028,1.8604488375553176,-8.678117325313947,445.47119140625,345.4345703125
FRB20220213A,0,True,FRB20181119A,0,364.62844776460594,0.0017073856341525,0.5233102108765867,2.307269650280075,230.82464901101145,-234.38021615440647,654.82177734375,129.98046875
FRB20220214E,0,False,,0,1147.657679740532,0.0011282525303884,0.9350576409020084,11.168048948491862,40.67821391260861,-72.33730889134266,530.13916015625,190.13671875
FRB20220214D,0,True,FRB20190303A,0,222.87770129573173,0.0040362431539625,0.2985092787598593,2.4764988854650274,39.93790280263741,-185.17980480738112,445.76416015625,98.1201171875
FRB20220214C,0,False,,0,578.3739607559374,0.0002890837797876,2.0071857278180896,3.794306481445814,0.9772900184262664,-9.458341004662444,421.42333984375,290.0146484375
FRB20220214B,0,False,,0,508.8639721945577,0.0004162000241424,1.5537218180180403,5.516364518293292,-0.491065948326855,-5.137588117210012,400.20751953125,346.240234375
FRB20220214A,0,False,,0,794.6199830758454,0.0010057460978185,1.2418028844900724,3.972334355489728,11.773998674149103,-20.469272625333915,533.55712890625,345.947265625
FRB20220215A,0,False,,0,481.8301934744375,0.0003463131329153,1.2771014362253907,4.038896320705945,8.68044118998622,-96.88489952802284,418.54248046875,88.0615234375
FRB20220218B,0,False,,0,306.7416858766799,0.0012752622032109,1.2335097359496698,18.59193918039985,3.070606400176516,-9.361457602598795,471.52099609375,374.0478515625
FRB20220218A,0,False,,0,594.4272856457386,0.0002413018042009,6.36346324193685,14.06887731707906,17.23526156778183,-74.77705297008441,449.08447265625,135.009765625
FRB20220219A,0,False,,0,854.5569929403838,1.3305387237294856e-05,1.2561355901942282,24.550759685674883,12.175818160020052,-80.76191374647854,431.53076171875,110.693359375
FRB20220220C,0,False,,0,166.43998853531292,0.0011493105007499,1.2725840961532648,7.854832772645959,-1.116248824838223,-5.381462542913687,400.20751953125,299.3896484375
FRB20220220B,0,False,,0,172.90620839713498,0.0010477439388107,3.598907760600465,14.524339614449763,31.444321777473277,-36.50389965631077,615.63720703125,312.4755859375
FRB20220220A,0,False,,0,297.64031091706306,0.0003432258356537,1.3585534351527309,4.626045555528177,1.034697591314108,-17.693167620803465,412.07275390625,190.8447265625
FRB20220221B,0,False,,0,341.8938538434546,0.0022152505292795,0.5672559012904149,1.8335556172444505,19.09535838635978,-54.91521789539773,476.18408203125,184.1796875
FRB20220221A,0,False,,0,253.19460368512236,9.869938865126872e-05,1.9686009379251517,4.59183279793879,-0.5942038762953472,-8.790720908052176,400.20751953125,245.947265625
FRB20220222A,0,False,,0,479.62125871163016,0.0005695494356443,4.132784279982933,46.27439627769961,-2.5752418664360754,-3.5468506492440794,400.20751953125,273.388671875
FRB20220222B,0,False,,0,180.25965406449745,0.0005212839405826,12.197444076530822,312.2491918632266,0.9921653944743424,-3.551921784820032,460.16845703125,399.9755859375
FRB20220224A,0,False,,0,349.2587691103418,0.0005400810827393,1.0300684435285132,7.7792731674227396,12.149260147404584,-71.73290412200922,435.55908203125,120.80078125
FRB20220225D,0,False,,0,216.9340257279452,0.0005889224962898,0.3406572109017736,4.0702815736015845,17.321268072201544,-131.6121353526933,427.40478515625,87.646484375
FRB20220225H,0,False,,0,397.80554651384375,0.0001085600314597,0.91434236700908,2.029235021289557,0.109833768865966,-5.152654067502987,404.47998046875,389.0380859375
FRB20220225C,0,False,,0,335.2239835072912,0.0003551203876675,1.2393781473307646,6.496835406400429,13.637494174902931,-72.41048740253544,439.70947265625,125.3173828125
FRB20220225C,1,False,,0,335.2239835072912,0.0004825605054254,1.2393781473307646,6.496835406400429,20.492425603073706,-74.06950596509039,459.55810546875,147.94921875
FRB20220225B,0,False,,0,591.2055921278497,0.0004903859680221,0.9289803050238076,2.00063500734198,0.7066950534029068,-2.7738150673040223,454.55322265625,399.9755859375
FRB20220225G,0,False,,0,489.4950286039556,0.0024952101761222,0.5019767966848683,3.099736420971792,6.286599537241679,-15.718339864356576,488.78173828125,316.4794921875
FRB20220225F,0,False,,0,810.9526607895069,0.0009190905679594,0.8661404375925419,2.150976509794303,2.45825448227575,-6.933002425889547,477.81982421875,399.9755859375
FRB20220225E,0,True,FRB20200929C,0,413.2062186475725,0.0007318813942652,0.7443486357930085,3.666114588083493,39.74079472760282,-367.09168063723615,422.44873046875,57.0556640625
FRB20220225A,0,True,FRB20180916B,0,348.8436555678383,0.0041474659967469,0.55334125294489,3.84121510716148,24.432379937154284,-87.02242268677132,460.51025390625,141.6259765625
FRB20220225A,1,True,FRB20180916B,0,348.8436555678383,0.0009607568077313,0.55334125294489,3.84121510716148,28.10413051507905,-115.60274599925624,451.91650390625,120.1904296875
FRB20220226B,0,False,,0,526.2258671778121,0.0002392224494619,0.6289920212338387,1.8941411581455436,-3.4870019895194253,-4.571471078556762,400.20751953125,211.4990234375
FRB20220226A,0,False,,0,579.650707236468,0.0002070346515798,2.1139348533726485,4.28936105353556,69.54239954664901,-69.10852921290237,661.87744140625,242.9443359375
FRB20220227B,0,False,,0,666.4792406818542,0.0001982246340658,0.5795920648741623,1.363513034418878,2.4763746387391863,-11.145691690991374,447.22900390625,304.345703125
FRB20220227A,0,False,,0,301.2615836196294,0.0012225567280234,0.3620354787363481,1.0768318056692765,3.2612767796732007,-17.17689277848425,440.05126953125,234.3994140625
FRB20220228E,0,False,,0,471.8775822816621,0.0005846287465325,0.7822020951447445,3.656075975549439,34.794199393354056,-213.6662952785493,434.14306640625,81.4208984375
FRB20220228F,0,False,,0,858.8621399285964,0.0008964933796653,0.4576088524061291,1.4012284914105773,30.31224968947833,-49.41370205212144,543.85986328125,236.5966796875
FRB20220228C,0,False,,0,666.5661940628075,2.986195173766324e-05,0.531972264119072,2.527588183660144,4.999837674681999,-9.30784570058369,523.49853515625,399.9755859375
FRB20220228B,0,True,FRB20220123A,0,120.856922419663,0.0002558952410173,1.2584470961468024,2.7158296653277976,11.765542982771654,-59.75688510806326,441.58935546875,137.158203125
FRB20220228A,0,False,,0,2477.707833166321,0.0009101543199632,0.9235947509999928,3.4491754833279784,11.790765660579508,-12.592836987883407,639.12353515625,383.4228515625
FRB20220301F,0,False,,0,556.946241891115,0.0004405741260472,0.1429671316819443,0.2856308456277993,15.03820487200503,-80.0035051047905,439.63623046875,120.703125
FRB20220301E,0,False,,0,114.68755352501316,0.0002675355543361,9.46565838409072,12.89397273290522,13.37775760223598,-59.15579800069069,448.10791015625,145.60546875
FRB20220301D,0,False,,0,281.1762854751464,0.000322528406766,0.3136084735472683,0.5689363777559838,2.1943181260013134,-11.886515954383794,438.90380859375,281.34765625
FRB20220301C,0,False,,0,543.2140505012904,0.0002445233830648,1.385405106513062,2.814119948778867,16.107076237255345,-91.69262933483937,436.92626953125,111.7431640625
FRB20220301B,0,False,,0,264.0132560128549,0.0005187694883862,0.5366004268197744,3.4071512729356046,-5.358787928262704,-1.5203717226995104,400.20751953125,189.208984375
FRB20220302C,0,False,,0,485.40919685989945,0.0002618910594884,1.5092194297051122,2.9187711467931576,36.81437709653055,-57.63095242767464,550.79345703125,221.630859375
FRB20220302A,0,True,FRB20210125A,0,460.4864125048947,0.0046352743456136,0.5825514509612517,6.468963677778138,26.879043355679872,-128.19037241660072,444.42138671875,107.958984375
FRB20220303C,0,False,,0,778.8883882839245,0.0004316227572328,0.4097869186834623,0.7964885692334853,17.487060914849124,-52.70153190170325,472.42431640625,182.03125
FRB20220303B,0,False,,0,1008.9167009163228,0.0028300839673521,0.6747923163742375,3.1379978922229075,3.0844410819196626,-10.70566160785598,462.19482421875,334.716796875
FRB20220303A,0,False,,0,927.8917759394922,0.0003815007474016,2.59390570606994,5.987146622041935,0.928889430553676,-10.414098784757243,418.44482421875,269.43359375
FRB20220304A,0,False,,0,334.2991271297317,0.0004833004565395,1.1648552782877013,3.211883943661563,4.570701188950806,-7.488078471894237,543.02978515625,399.9755859375
FRB20220305A,0,False,,0,2076.721905363678,0.0001426848817842,0.4324357145864793,3.01941490503206,-1.4461013976890351,-3.378643420463307,400.20751953125,357.861328125
FRB20220305B,0,True,FRB20200929C,0,414.2369151587277,0.0025940050178563,0.4402556938413108,2.3019874034851497,29.996828112100143,-464.8284595681796,413.31787109375,43.2373046875
FRB20220306B,0,False,,0,562.7937261421231,0.0006122546304826,1.5707520089906906,5.373775377877062,17.407038019624995,-70.91838204353,452.45361328125,141.552734375
FRB20220306B,1,False,,0,562.7937261421231,0.000733146545883,1.5707520089906906,5.373775377877062,21.84823296314919,-68.46371073735698,469.42138671875,163.6962890625
FRB20220306A,0,False,,0,738.7389137770343,0.0008952972040235,0.2876567345496028,0.9185034337075324,8.27154130646654,-7.640902952687126,687.60986328125,399.9755859375
FRB20220307A,0,False,,0,726.4437286658413,0.0008758522599264,0.874127349794906,2.4679781619832624,2.970805632194887,-3.2272877562752456,634.09423828125,399.9755859375
FRB20220308E,0,False,,0,509.93925317323567,0.0007362754753124,0.6700424208405806,1.4725891979797354,71.7920741465553,-102.23912523077009,568.51806640625,171.240234375
FRB20220308B,0,False,,0,431.0381655803344,0.0003048459433365,1.2583578291907167,2.296151937893172,20.92986548269801,-181.13102353290424,423.98681640625,74.3896484375
FRB20220308A,0,False,,0,358.6292207182499,0.001382876947899,0.6292159047365011,3.180598616519255,7.145182638835057,-148.15490040327586,409.97314453125,64.1845703125
FRB20220308D,0,False,,0,358.6675271805077,0.0018543128113999,0.6626066578679158,9.649385806068375,69.65019542609636,-266.7785907540579,455.99365234375,84.814453125
FRB20220308D,1,False,,0,358.6675271805077,0.0032976950719098,0.6626066578679158,9.649385806068375,23.034676839018825,-212.3763517360553,422.49755859375,68.65234375
FRB20220309A,0,False,,0,1084.6698252263484,0.0011784331782132,1.5480770115199598,6.845071622150077,-2.1999237517185937,-8.226492878365557,400.20751953125,204.00390625
FRB20220309B,0,False,,0,655.915382408806,0.0002008944080529,0.5704792861485924,0.8649521264342899,116.29506440689228,-109.0610757383506,682.06787109375,198.876953125
FRB20220309C,0,False,,0,1749.6986846712218,0.0001489193981826,0.2263106993698197,1.1285019953833957,39.42559454387109,-104.29273045174602,483.45947265625,144.189453125
FRB20220310D,0,False,,0,361.0358814373138,0.0001893835355607,0.7371843801128419,1.1736489916093191,126.24463050372938,-108.32908780897182,716.68701171875,180.712890625
FRB20220310C,0,False,,0,740.8046186695202,0.0003542052198653,0.3256674195649078,0.5765844434692909,-5.057956396654838,0.3487891940616322,400.20751953125,240.4296875
FRB20220310A,0,False,,0,462.2182475349864,0.0005307535662966,1.8059330027557023,4.3537600270266985,7.064575586275841,-7.519452034880842,640.14892578125,399.9755859375
FRB20220310B,0,False,,0,851.9174179748344,0.0006763129880914,0.4782349336750351,1.3573633087378516,41.21735104468869,-38.1224432367726,687.14599609375,262.744140625
FRB20220310E,0,False,,0,443.8585659258175,0.0001914538470189,0.881763360781976,1.650215427559152,1.0948380756457516,-7.4694570992279266,430.62744140625,350.0732421875
FRB20220311D,0,False,,0,778.7591973414326,0.0004918988122621,4.101933818733814,7.988882523165103,2.077499901135595,-3.971880200401591,519.81201171875,399.9755859375
FRB20220311C,0,True,FRB20181119A,0,368.3667224381584,0.0134131089572271,0.4104034041177747,6.680045003479868,43.42694779354736,-96.3304521016342,501.37939453125,155.615234375
FRB20220311A,0,False,,0,699.7140337637122,0.0001974250694796,0.5549358229120979,3.718500453740608,1.105245849544528,-7.8126439558149565,429.52880859375,338.9892578125
FRB20220312C,0,False,,0,331.01180833673953,0.0004360718458928,0.7479031144244128,2.12543906904015,6.259529191776584,-15.377165355425582,490.53955078125,322.0947265625
FRB20220312B,0,False,,0,331.027688830992,1.1245649639313411e-05,0.5081721457684666,1.5303203778728296,8.241014097764012,-75.05829577563898,422.79052734375,103.4912109375
FRB20220312A,0,True,FRB20180916B,0,348.9711425449805,0.0004035478468505,0.7689921547674887,1.8118531540821012,191.52063649053215,-168.7145745055561,705.94482421875,165.3076171875
FRB20220313E,0,False,,0,576.7174556647585,0.0009094275769741,0.6922326844369386,2.2805990198988044,95.04272160403016,-90.75169588002062,675.59814453125,216.11328125
FRB20220313D,0,False,,0,232.1536802170316,0.0002824238341823,1.0166404814868653,1.5673437117475832,-2.0268931148693063,-3.634037044478861,400.20751953125,303.61328125
FRB20220313C,0,False,,0,456.1867004036188,0.0030768711865709,0.2646696628652201,2.220813908971522,0.9434889204680718,-26.98435550081121,407.26318359375,145.1904296875
FRB20220313B,0,True,FRB20190907A,0,309.5941760119963,0.000500941636622,0.7566138115092507,2.386263240526523,246.47356410245789,-275.1057607419915,626.35498046875,114.74609375
FRB20220313A,0,False,,0,728.813851938695,0.0118094409903105,0.5157530659891738,4.403388842273388,1.7642462402513568,1.4188402166035947,800.18310546875,399.9755859375
FRB20220314A,0,False,,0,392.509020982734,0.0052097602155591,0.426167582886183,2.5850165605668214,27.714444144512264,-208.07089333014517,427.74658203125,74.9755859375
FRB20220315E,0,False,,0,1519.0336491789767,0.0004295910329895,0.4205128110672854,0.9393548934161372,4.873170567530242,-4.476098710029706,689.73388671875,399.9755859375
FRB20220315D,0,False,,0,385.13488213716425,0.0002246793552685,7.364986552661065,16.920167999482658,5.819931204531871,-102.10332341036272,411.75537109375,78.271484375
FRB20220315C,0,False,,0,577.4072735530093,0.0031108043045294,0.4127127086324678,3.300904821183065,52.92347225032714,-241.27390487364136,446.59423828125,87.353515625
FRB20220315B,0,False,,0,405.39562110263785,0.0003186300926901,1.7760439150346037,3.043296370469011,32.82256089845214,-62.11965116664389,521.20361328125,201.904296875
FRB20220315A,0,False,,0,505.71811962004,0.0032488376751437,0.47186547460775,3.574711030651479,59.33067360745293,-52.57750146235436,703.57666015625,229.443359375
FRB20220316F,0,False,,0,353.52785109924235,0.0004367638718645,0.5605443379955978,1.195449467254497,2.5589054957118136,-7.395863381386632,475.76904296875,399.9755859375
FRB20220316E,0,False,,0,1651.1334782732397,0.0033223960314988,0.5268706212620126,7.675572913601464,-3.595025426247572,0.483135032790188,400.20751953125,399.9755859375
FRB20220316D,0,False,,0,277.1624596802527,0.0002697088222229,0.9483571578232532,1.6757650880929047,30.574997884932426,-29.5117529592169,671.81396484375,292.08984375
FRB20220316C,0,False,,0,984.6838505475254,0.000260199883556,2.402150562379297,4.582332929813681,4.790138942870181,-4.82072930910086,657.72705078125,399.9755859375
FRB20220316B,0,False,,0,349.5292519225341,0.0015836366112198,4.25659025771571,26.29917825920787,141.9664765925151,-407.1344901403044,476.42822265625,71.7041015625
FRB20220316B,1,False,,0,349.5292519225341,0.0007013022074128,4.25659025771571,26.29917825920787,70.28475932708524,-263.74392363778463,457.23876953125,85.546875
FRB20220316B,2,False,,0,349.5292519225341,9.08107809362665e-05,4.25659025771571,26.29917825920787,21.687383141983474,-322.8764332378572,413.85498046875,50.1220703125
FRB20220316A,0,True,FRB20220316A,0,349.8945927014124,0.0006732611533526,0.4388281462469146,0.6152470317483767,56.46723627943738,-275.35520869478694,443.39599609375,81.1767578125
FRB20220317E,0,False,,0,655.8206812683345,0.0003904790782957,0.5820184183797464,1.2984863598384806,0.2734912494389802,-4.817101084296357,411.70654296875,399.9755859375
FRB20220317D,0,False,,0,514.9787874884304,0.0003769362866577,1.9964155179557908,4.543019313928717,3.339235434890678,-10.503150766443072,469.15283203125,349.072265625
FRB20220317C,0,False,,0,228.01176609550052,0.0018335814234969,0.9380299632516916,14.76088126041974,-4.247609072554512,-0.2014227330017389,400.20751953125,278.90625
FRB20220317B,0,False,,0,1261.658054990825,0.0014153670996228,0.312500951498662,5.716808841604323,317.58541860579624,-284.3096466107123,699.57275390625,126.07421875
FRB20220317B,1,False,,0,1261.658054990825,0.0019387425337658,0.312500951498662,5.716808841604323,277.6992134885659,-265.0031359001856,675.81787109375,126.1474609375
FRB20220317A,0,True,FRB20200929C,0,413.6165793051936,0.0010189878104372,0.3607700116474213,1.0309716147548738,32.08055268963894,-51.00880845490136,548.08349609375,234.619140625
FRB20220318C,0,False,,0,826.4323235749239,0.0020039683011976,0.4143115587761347,3.3865034492303745,-0.5940988036548405,-2.747148833362677,400.20751953125,399.9755859375
FRB20220318B,0,False,,0,612.6933867736345,0.0002480224323272,0.2598464002664281,0.5859430586701995,24.573895300148628,-62.30847260882905,487.43896484375,188.525390625
FRB20220318A,0,False,,0,455.574802564772,0.0002149311384746,2.095064616381402,13.064226029827267,-3.6063826030792647,-0.610338238207701,400.20751953125,315.478515625
FRB20220319C,0,True,FRB20220319C,0,306.232406799522,0.0018971701442396,0.2585504267161573,2.5885196753653474,51.28459114086502,-331.736956361935,432.36083984375,69.7021484375
FRB20220319A,0,False,,0,1260.114951838404,0.0001492378146734,0.5250682258244319,1.5428207457109586,10.771601974344454,-21.969334037620666,511.36474609375,306.640625
FRB20220320B,0,False,,0,308.9024108224773,0.0005109586079986,0.6376745487919129,9.866072523231972,-0.2446119413903031,-2.5521000645002285,400.20751953125,399.9755859375
FRB20220320A,0,False,,0,850.6220527926454,0.0006479902211666,1.559671798079698,8.259359141095054,3.015965801871342,-6.987071357566472,496.59423828125,399.9755859375
FRB20220321F,0,False,,0,243.35273774336463,0.0003019136310077,1.224424873762372,2.013719520775401,16.847789475042344,-90.43019069731636,439.27001953125,115.0390625
FRB20220321E,0,False,,0,714.865906674161,0.0003510815407551,0.8630283834826636,3.4099740269301844,2.153991179259881,-7.434934895813505,462.58544921875,399.9755859375
FRB20220321D,0,False,,0,228.8033893284668,0.0004621444804774,1.177818336955762,8.48890985372909,7.8176002452644,-49.29531075646466,433.21533203125,137.5244140625
FRB20220321C,0,True,FRB20181119A,0,363.2810696013527,0.0011143362801369,0.3196700195865012,2.3697665035613107,30.178795517279397,-31.85830283529797,642.63916015625,309.0087890625
FRB20220321B,0,False,,0,481.32333962133714,0.0020700054997643,0.4515264885584978,8.942054117625396,12.32473211814633,-16.27637188128331,584.38720703125,398.974609375
FRB20220321A,0,False,,0,722.1577696195383,0.0001508583506016,4.099584211149651,12.76409952844824,3.583832239847423,-6.4683432945702,527.94189453125,399.9755859375
FRB20220322C,0,True,FRB20181017A,0,1281.3668740254163,0.0144805149989013,0.6014714312756679,19.93374116934928,9.087056119005195,-24.08564457687184,483.28857421875,258.154296875
FRB20220322B,0,False,,0,334.64753133249025,2.9664004438472718e-05,0.4436748175735061,1.0666880215133558,11.191480549568588,-43.15472648883954,455.60302734375,173.779296875
FRB20220322A,0,False,,0,1276.2694273624684,0.0007830541431723,0.3592834348222341,1.4367275445162613,-1.9251405354821944,-1.1452524009685132,400.20751953125,399.9755859375
FRB20220323B,0,False,,0,1071.0048596469958,0.0002925610092781,3.00289502692231,11.702692464039878,-1.41332361890381,-0.8295457202736926,400.20751953125,399.9755859375
FRB20220323A,0,False,,0,1436.5754887313028,0.0012230755515286,0.7419112484152165,3.4086970205162395,18.024272051582173,-21.270503593629076,611.34033203125,360.2294921875
FRB20220324C,0,False,,0,336.78123564297925,0.0004542092601583,1.179179109760515,1.7657444924623928,24.082958905556342,-137.89251656152166,436.70654296875,96.728515625
FRB20220324B,0,False,,0,689.4862014338481,0.000633747791349,0.6242064169190927,2.2202206658938826,4.317053005698306,-7.518241114881336,533.28857421875,399.9755859375
FRB20220324A,0,False,,0,385.7490818437548,0.000808037230314,0.5602700266227381,2.057226333219488,3.766712226767895,-29.04448242429413,427.01416015625,165.6494140625
FRB20220325D,0,False,,0,557.8489473427667,0.0043746429841046,0.4902545956459506,3.6007411361724846,14.753322655983528,-58.63729644872373,453.84521484375,153.1005859375
FRB20220325C,0,False,,0,518.25912299828,0.0003272553473435,1.152436285394152,2.1650121323700944,26.799471125247614,-61.35786033794832,497.86376953125,194.091796875
FRB20220325B,0,False,,0,512.1330427921694,0.0001356144946448,1.107503373948244,4.1823780571042,11.768831850729375,-13.519451618906706,618.44482421875,390.8447265625
FRB20220326A,0,False,,0,1510.2195333221305,0.0030854162972962,0.3921236446830267,2.196346519653935,38.379864566452966,-149.72652336597585,454.91943359375,113.1103515625
FRB20220328C,0,False,,0,299.9292686371227,0.0001807853883088,0.7305013022404563,1.3533587210599791,-3.035379358449659,-8.337337167363295,400.20751953125,181.5673828125
FRB20220328B,0,False,,0,1442.2987867387176,0.0002633363328721,0.9192926910106596,4.243235585188863,18.16714150497444,-60.14634347913021,465.44189453125,165.7958984375
FRB20220328A,0,True,FRB20180916B,0,349.8154620294146,0.0013981088331318,0.4615624794680641,3.053395177097423,146.13804318070495,-141.04912855952173,671.81396484375,172.119140625
FRB20220329C,0,False,,0,819.8987727546358,0.0004114682794951,0.9456572619435626,2.023105270978447,8.492798185908361,-9.360861717731218,629.91943359375,399.9755859375
FRB20220329B,0,True,FRB20200619A,0,439.6683885696866,0.0007775055146173,0.2184968453445618,3.3394579734977663,55.40927907497485,-82.16948044749697,560.65673828125,188.5498046875
FRB20220329B,1,True,FRB20200619A,0,439.6683885696866,0.0047808331454082,0.2184968453445618,3.3394579734977663,29.61759790031223,-56.45587320468941,520.22705078125,211.5234375
FRB20220329B,2,True,FRB20200619A,0,439.6683885696866,0.0009290374017149,0.2184968453445618,3.3394579734977663,17.243801850806893,-74.29659394006823,449.45068359375,135.7421875
FRB20220329A,0,False,,0,648.128922898087,0.000624999554446,1.3855938837218484,3.7349295660756656,1.257081783220086,-2.013610336219339,546.81396484375,399.9755859375
FRB20220330C,0,False,,0,1097.6087674030084,0.000476340172408,0.6911843439645577,2.5228497927007645,18.035289228523613,-65.51082701361055,459.26513671875,153.7353515625
FRB20220330B,0,False,,0,588.8590602438551,0.0001810414459733,0.8695942124124633,3.0500640417754874,4.670956991544531,-10.099089250124669,504.30908203125,399.9755859375
FRB20220330A,0,False,,0,664.8785275703149,0.0001488542950158,1.3944724729775633,8.150984228267024,3.9708229569499705,-7.990082895238391,513.07373046875,399.9755859375
FRB20220331B,0,False,,0,1270.360259931195,0.0009922605590992,0.654558707208522,3.002008309192984,9.428082034632464,-82.64088495200585,423.69384765625,100.439453125
FRB20220331A,0,False,,0,221.0447318458892,0.0005655766839832,0.6260579537593055,1.618911944164126,85.10284665942038,-140.2088566746003,542.10205078125,139.306640625
FRB20220407B,0,False,,0,416.881561640358,0.0013590674429487,0.1379513669322212,0.1361166505790481,14.466876465937236,-23.73078875054916,542.81005859375,340.966796875
FRB20220407A,0,False,,0,839.6650947870324,4.343407155231536e-08,1.172660071482318,11.334800368148622,2.470785018939025,-14.745341006295469,435.16845703125,245.849609375
FRB20220408C,0,False,,0,204.73799244030937,0.0005600300902844,0.9901611012115992,2.258344575493291,4.1497373613217,-10.813202415707035,484.85107421875,368.9453125
FRB20220408B,0,False,,0,452.9242782437758,0.0005456137077116,0.3416558846592761,2.285343494607856,24.54455397911127,-89.59101134755373,458.94775390625,138.525390625
FRB20220408A,0,True,FRB20181128A,0,448.11741384335375,0.0040779988424621,0.3161701837712205,2.436287054003452,6.936759232742643,-18.004262307845334,485.21728515625,293.603515625
FRB20220409B,0,False,,0,654.357279787072,0.0039002202354887,1.369806428649708,14.718303842904897,0.0976256946517056,-8.2858350899387,402.55126953125,281.7626953125
FRB20220409A,0,False,,0,1324.8827690816918,0.0004435390864664,0.8445200644234191,1.7101191819845718,15.627192090468286,-13.73376984224933,706.89697265625,330.7861328125
FRB20220410A,0,False,,0,397.11946525774414,0.0007014448514744,3.8071370632273847,10.55711525381598,5.045057981028397,-3.922281356512431,761.34033203125,399.9755859375
FRB20220411C,0,True,FRB20191106C,0,332.3468795727158,0.0074809298125715,0.0850640071925022,0.705732947313223,55.54499407432327,-178.83875121504116,467.41943359375,106.2744140625
FRB20220411B,0,False,,0,1152.5216858841627,0.0005100233913388,0.6257342420394947,3.025253553608958,2.240501185132099,-4.940279394931528,502.06298828125,399.9755859375
FRB20220411A,0,False,,0,507.3823682086452,0.0019132792846117,0.7888647233592457,5.195807630037297,-3.358378573736785,-1.291546171540262,400.20751953125,302.8564453125
FRB20220412B,0,False,,0,707.9393110959686,0.0002529498859583,0.7223560916677969,1.2113002709617873,18.446846495678717,-120.3222523405089,432.06787109375,95.9716796875
FRB20220413B,0,False,,0,115.71410584755812,0.0002314828701724,12.310752254338055,14.656300671555291,33.444564825052254,-48.24593418638318,565.97900390625,249.2431640625
FRB20220413A,0,False,,0,513.1400429375254,0.0021608580594735,0.767889697628996,9.516454402217908,23.94159301696601,-100.95476292474288,450.57373046875,123.8037109375
FRB20220414C,0,False,,0,288.2379708401292,0.0002042991822751,0.5881197459023426,1.5525651047985145,0.6380720319485629,-56.76505364528778,402.45361328125,92.0166015625
FRB20220414B,0,True,FRB20190929E,0,512.7578689546764,0.0007746230923066,0.4353005807030592,2.7961860715972784,85.39926226727752,-242.0910030616663,477.38037109375,93.2373046875
FRB20220415D,0,False,,0,453.69914426117305,0.0001321228936061,0.3323809328851861,0.5717538697088067,14.087955399522068,-61.73973610622557,448.57177734375,143.896484375
FRB20220415C,0,False,,0,1359.0397879203274,0.00011475359889,0.2587546273750603,2.8083727708276296,4.143303774832892,-16.961406928974654,452.18505859375,253.41796875
FRB20220415B,0,False,,0,400.9489543085775,0.0004944067302281,0.9038310291990396,2.14427270261512,2.895846648709702,-3.671786976870012,593.64013671875,399.9755859375
FRB20220415A,0,False,,0,256.3522604715291,0.0002005149541725,5.273500079410463,6.027222633304247,-0.8206546606958403,-0.5690848745706547,400.20751953125,399.9755859375
FRB20220416B,0,True,FRB20190804E,0,362.6538790486408,0.0046679832366308,0.2231148346024692,0.9956956932955504,53.12690244411905,-288.5122956566296,438.78173828125,78.466796875
FRB20220416A,0,False,,0,797.8827869388451,0.0003498432138446,4.022798950521095,8.573817725272951,3.726185752037592,-4.24839449910174,620.47119140625,399.9755859375
FRB20220417A,0,False,,0,302.2490816582587,0.00061361877813,0.749638047175181,3.4282260265522857,-1.015654358885682,-0.5014087874607656,400.20751953125,399.9755859375
FRB20220419A,0,False,,0,390.99338805234703,0.0012171643567181,0.257915559397942,2.1942061453170587,118.8184848133893,-103.61228372231136,710.04638671875,188.4521484375
FRB20220420E,0,False,,0,407.4785760321536,4.826374772061251e-05,0.8186301364432014,5.622304290656806,4.351721853190747,-30.04849556210372,430.26123046875,167.236328125
FRB20220420E,1,False,,0,407.4785760321536,0.0021604642526895,0.8186301364432014,5.622304290656806,-4.701544379845205,1.2636438146958515,400.20751953125,314.74609375
FRB20220420D,0,False,,0,502.0865361684425,0.0020900947732545,0.8234525018880854,4.044095204008331,25.303518469310287,-293.56149857592084,417.81005859375,56.298828125
FRB20220420C,0,False,,0,749.728411435001,0.0017056530042179,0.4835208437914099,2.069458990941771,21.687236482270837,-66.52964337178597,471.03271484375,167.138671875
FRB20220420B,0,False,,0,673.6721857404137,0.0004750047403953,0.716133743350381,5.82434108948101,1.701579625359381,-5.1014015016584615,472.81494140625,399.9755859375
FRB20220421E,0,False,,0,580.6862632056792,0.0005446454982242,0.7413899131647635,1.837126935283435,14.625306354749627,-72.46513381616734,442.68798828125,128.857421875
FRB20220421D,0,False,,0,248.04236859951772,0.0020636062255945,0.7068447388454023,4.116913933849749,56.1739525340965,-93.95443886414066,539.63623046875,169.62890625
FRB20220421C,0,False,,0,616.9003987398112,0.000729427688667,0.5726976948543254,1.9134398162844424,-4.8451222329375625,0.9336781600307894,400.20751953125,279.1748046875
FRB20220421B,0,True,FRB20190212A,0,302.07321850424967,0.0012656501071118,1.0320655637294232,3.816022443426512,49.221737481336014,-59.24235493217032,606.31103515625,240.576171875
FRB20220421A,0,False,,0,268.0803155048059,0.0004497136520793,2.829087331016632,5.980802880435995,2.819306405195971,-13.607141500448156,443.88427734375,269.53125
FRB20220423C,0,False,,0,1266.3278887263502,0.0003888469483421,1.8265881448854544,4.2423562907605525,2.334304179236012,-7.743280937188331,465.29541015625,399.9755859375
FRB20220423B,0,True,FRB20191106C,0,331.2175871721732,0.0036669675834505,0.2026619990314974,3.230419668631277,16.453229096455225,-36.17840956440386,502.38037109375,246.3134765625
FRB20220423A,0,False,,0,692.8717661415654,0.0028935860884731,0.4954637702044797,3.6330814455776808,4.678958249579826,-8.574130989529525,525.74462890625,399.9755859375
FRB20220424D,0,False,,0,3200.1239163336195,0.0024652464082798,0.7406829213805849,6.1569211413585485,-1.7554967967985118,-2.320390176509012,400.20751953125,395.5078125
FRB20220424C,0,False,,0,891.8644215692655,0.0006378853461616,1.1727921928076142,5.915957058096176,9.40108330218374,-12.977670743143642,574.86572265625,399.9755859375
FRB20220424C,1,False,,0,891.8644215692655,0.0005780374544166,1.1727921928076142,5.915957058096176,10.319617877755627,-12.597223590964848,602.77099609375,399.9755859375
FRB20220424B,0,False,,0,314.57613331320266,0.0002825902789022,0.6727722146577417,0.9328230439472124,1.715825637388198,-44.4808503678943,407.99560546875,112.01171875
FRB20220424A,0,False,,0,1372.9555333694682,0.0045385706584796,0.2542120716615672,2.6276755272919075,9.768159888529633,-28.895484326884446,473.88916015625,228.2470703125
FRB20220425A,0,False,,0,604.7876214559144,0.0012628562903801,0.3276128368200772,1.8121611493556329,19.41068214139868,-58.56197750368373,472.32666015625,175.7080078125
FRB20220426D,0,False,,0,188.04302852997495,0.0007235374177237,0.4451356571937708,1.2521557092151416,-0.7358083010982995,-30.991852016484547,400.20751953125,119.3115234375
FRB20220426C,0,False,,0,903.4915728187564,0.0016800016004874,0.2975888463133793,1.2380377934831428,28.089410835641687,-88.24232763790519,469.25048828125,151.2939453125
FRB20220426B,0,False,,0,174.54188209253292,0.0007612103790097,0.475597650222213,1.8845768211970908,-3.771676199024445,-27.744739539766687,400.20751953125,102.4658203125
FRB20220426A,0,False,,0,907.0665064950078,0.0006234959737548,2.7831208091366904,8.373951273432057,0.8627848930765957,-3.114227417702522,459.65576171875,399.9755859375
FRB20220426A,1,False,,0,907.0665064950078,0.0015040240272249,2.7831208091366904,8.373951273432057,-0.1893213627178092,-6.398799711133432,400.20751953125,318.310546875
FRB20220428C,0,True,FRB20220428C,0,140.02074502453624,0.0005836895779971,3.9384171805531127,19.886180595786808,-2.507807375387926,-0.4595227078135471,400.20751953125,399.9755859375
FRB20220428B,0,True,FRB20220428C,0,140.18659809184084,0.0026839418172177,3.550849646509672,40.93307344086174,0.1668374743729432,-2.8234723902890684,412.19482421875,399.9755859375
FRB20220430B,0,False,,0,385.06072908290736,0.0003414986091095,0.7691072337577187,1.0726020753032877,7.176619856271579,-13.783155160032738,519.20166015625,381.1279296875
FRB20220501B,0,False,,0,1141.7282344906976,0.0009251844035286,3.8305276692657504,16.915664496772067,15.459045596449116,-78.89307247173258,441.39404296875,123.388671875
FRB20220501A,0,False,,0,315.05814354110686,0.0007123279854479,0.7463461614562202,1.7257963270597454,2.3963512960181093,-20.506350025590194,424.27978515625,192.9443359375
FRB20220502C,0,False,,0,305.5952079146329,0.0002614074240874,0.8910658044769939,1.770569242255851,0.6749429003222889,-4.646193572149854,430.33447265625,399.9755859375
FRB20220502B,0,False,,0,623.6287561815278,0.0002523347965353,2.999391784837292,6.294904490912086,3.2419044272870767,-16.862706409756143,440.56396484375,237.3046875
FRB20220502A,0,False,,0,656.4372219988286,0.000501248914363,0.4822881501079205,1.1083428502835684,1.3475258079826218,-7.760921260325084,436.48681640625,352.3193359375
FRB20220503E,0,False,,0,1934.8358634994609,0.0024084826469174,0.1552687408061713,2.5049379745219933,5.880056989610876,-7.522279429753354,591.58935546875,399.9755859375
FRB20220503D,0,False,,0,1498.5206659502282,0.0028703586115192,0.3076234426618895,1.0438026490428545,21.587878077692164,-136.41506166342953,433.14208984375,93.017578125
FRB20220503C,0,False,,0,461.5417041673487,0.0006229010112106,0.9103995530661672,2.310875027175312,13.569695873369556,-102.53985017010548,427.57568359375,96.484375
FRB20220503B,0,False,,0,348.3895320668295,0.00031420763345,1.97035019778266,4.3160519381618,9.028503973059973,-52.59186821807937,436.07177734375,137.3291015625
FRB20220503A,0,False,,0,698.6495643142827,0.0004679637180936,0.3351716685674195,0.795042607409516,16.47562316843745,-66.96574586250992,452.57568359375,144.580078125
FRB20220505C,0,False,,0,689.3165570694608,0.0003880297263239,0.3434330601418224,0.7644206149662419,2.9671227455061837,-17.6553667986659,435.26611328125,224.3896484375
FRB20220505B,0,False,,0,1278.329051798812,0.0005450397626057,0.6878878445718043,3.86797926775644,-2.619902749383177,-2.499990940171033,400.20751953125,307.0556640625
FRB20220505A,0,True,FRB20220505A,0,612.2490698726813,0.0087815823609021,0.4240798825668671,3.672355329847964,301.4818947232972,-250.54376136724227,730.40771484375,136.5234375
FRB20220506C,0,False,,0,565.0201285241902,0.0006178875902846,1.973714754806456,4.43837668444837,36.23436639605421,-45.22152330155853,597.39990234375,271.875
FRB20220506B,0,False,,0,1077.763800011899,0.0038759337998669,0.3683762551495037,4.250248242516943,187.0503503683975,-148.4043808973611,751.57470703125,136.62109375
FRB20220506A,0,False,,0,397.0821693789246,0.001431878173147,1.0803831072824512,11.801695837742644,-1.6035197237529737,-2.1340069623333906,400.20751953125,399.9755859375
FRB20220507A,0,True,FRB20211227A,0,950.3782107295042,0.003478190700841,0.4294614796237143,4.142619857669136,390.2292610977222,-309.0132426545336,752.47802734375,109.9365234375
FRB20220508A,0,False,,0,1686.6484157627497,0.0041708651933632,0.5525526018256616,13.065006212460837,0.7325717542620451,-5.308593192846337,428.77197265625,399.9755859375
FRB20220509F,0,False,,0,310.3848500326521,0.0006243441015952,3.1396034872189693,6.841595629111923,2.556688655022619,-17.38945329700758,430.72509765625,219.5556640625
FRB20220509F,1,False,,0,310.3848500326521,0.000339861718706,3.1396034872189693,6.841595629111923,2.991312481833036,-7.583252648678713,487.43896484375,399.9755859375
FRB20220509E,0,False,,0,563.08760921362,0.0005596892834284,0.4261408041120187,0.9187884234125316,0.9323745428758508,-7.087461374557233,427.40478515625,355.5419921875
FRB20220509D,0,False,,0,788.5919497766596,0.0002640780650848,1.1492994862146664,1.890914688592146,60.3931941727211,-83.83777477093129,573.71826171875,190.9912109375
FRB20220509B,0,False,,0,866.3382710756692,0.0012330254344282,0.5258591948317441,5.758269193999362,1.1558262698470525,-1.223416141524742,641.83349609375,399.9755859375
FRB20220509A,0,False,,0,1242.144989781926,0.000834591829598,2.927490802419052,10.892401620922543,0.7954289578550335,-3.693644137492848,445.69091796875,399.9755859375
FRB20220510A,0,False,,0,935.0798662528924,0.0008500071231894,0.5610027464642713,1.4472300291363664,17.093609504167706,-68.5669693253213,453.33251953125,144.2626953125
FRB20220511B,0,False,,0,843.948376234455,0.0001207803104205,0.7700303790326268,2.880741122028732,7.9225152088946,-10.231942757601876,589.39208984375,399.9755859375
FRB20220511A,0,False,,0,209.6173914337234,0.001639560988079,1.3213259346639752,12.243789223043043,10.59409076024147,-14.417529084680105,577.86865234375,399.9755859375
FRB20220513A,0,False,,0,1087.473586441159,0.0010635069379102,0.2701557166345487,0.6824874702091813,11.91229455116144,-162.53071653626202,415.12451171875,67.3828125
FRB20220514C,0,True,FRB20191106C,0,332.5921672533463,0.004041534923893,0.1757467971025134,1.9045921098693268,18.192261404500925,-29.033764909160396,547.44873046875,312.40234375
FRB20220514B,0,False,,0,799.8879412793565,0.0005259245428887,2.327964054557271,6.121492256104392,28.439767082662456,-59.81323942417108,507.60498046875,200.439453125
FRB20220514A,0,False,,0,1514.882537958184,0.000142700063657,0.9403430762186374,4.837277027886424,-0.8606183555804942,1.0654736255540105,400.20751953125,399.9755859375
FRB20220516A,0,False,,0,726.0295538481234,0.0007178004638618,0.6132431092402363,1.714558008611975,83.44968086965852,-270.43954666572694,466.95556640625,86.2548828125
FRB20220517B,0,False,,0,501.2389324271645,0.0005647207863349,0.8873133480359041,7.602432063674782,116.72490217423056,-111.41608338400188,675.72021484375,194.9462890625
FRB20220517C,0,False,,0,1333.9171176659318,0.0008657378592364,1.660952383667355,6.105839422976638,3.0829272021327228,-9.128395338902092,473.81591796875,382.71484375
FRB20220517E,0,False,,0,417.47074897200577,0.0002673885792942,1.333991301026337,3.1391708102062563,11.033855540077688,-61.47964797539607,437.75634765625,131.0302734375
FRB20220517F,0,True,FRB20180916B,0,349.86458061130344,0.0024699555011845,1.3104455488436686,8.676250955492316,143.6918522194204,-215.8708462569516,558.23974609375,115.5029296875
FRB20220518B,0,True,FRB20211227A,0,949.4288200631552,0.0075267799387587,0.3119954027837677,2.5180113658753656,36.97751469117967,-111.66260677647014,472.25341796875,136.083984375
FRB20220518C,0,False,,0,1120.8184617183442,0.000358846961243,0.5044010833883671,2.563869443951599,71.0667282950574,-104.16243048625958,562.90283203125,167.96875
FRB20220518D,0,False,,0,1188.157191995728,0.0018669978618295,0.6011447207135774,2.9566607513482617,6.559544810451742,-9.93530245746577,556.72607421875,399.9755859375
FRB20220518E,0,False,,0,377.0255008490632,0.0002118631574266,1.6851830312562048,3.993555545421225,-0.6523389519702435,-10.480134918431837,400.20751953125,220.3125
FRB20220520A,0,False,,0,491.5571537778969,0.0017840713740171,1.9569449195409545,7.282798867755706,5.799122834460496,-10.418680297778153,528.60107421875,399.9755859375
FRB20220521A,0,False,,0,222.8560806108315,0.0002863821688672,1.470383787155898,3.0901930534267192,5.9592568287504655,-13.881492427778616,496.00830078125,345.1416015625
FRB20220521B,0,False,,0,1297.7987308486702,0.0015945097179528,0.9824056659019996,16.653566877487222,-0.3432925873492675,-2.6351667554803684,400.20751953125,399.9755859375
FRB20220521C,0,True,FRB20210924C,0,493.949190412588,0.0015239063131771,0.7514035648883357,2.5284013596913093,26.1167549412242,-60.24440321095541,497.05810546875,195.5810546875
FRB20220525B,0,True,FRB20211120C,0,618.7593437482399,0.0011731997230659,1.605563345947713,7.721873481780967,-2.136385828944259,-3.646734700168137,400.20751953125,296.19140625
FRB20220526A,0,False,,0,1201.748120176867,0.0011756779754429,0.8444563676831855,9.042757271113873,1.9544329396384463,-8.466187868043358,449.15771484375,356.4208984375
FRB20220527A,0,False,,0,1215.395075723004,0.0011746322262127,0.4565481021867064,3.458309824027164,70.00392646131064,-60.25698158961623,715.39306640625,211.81640625
FRB20220527B,0,False,,0,390.88547903222985,0.0009662032651997,0.5460108321288327,1.1013561578519977,21.822646445354746,-46.65091057366572,505.65185546875,226.513671875
FRB20220527C,0,False,,0,713.6553550184392,0.0003491322350405,1.2492965513558676,4.890365840985844,1.564951419647817,-5.749283115705532,458.53271484375,399.9755859375
FRB20220527D,0,False,,0,908.0256420699584,0.0003536424893211,0.3082256617764133,2.501873895801344,176.86647139325868,-166.63593215014504,680.38330078125,160.302734375
FRB20220528A,0,False,,0,802.4040709167688,0.0005961151369072,0.2694268373224053,0.7882664397107183,35.552472846635744,-66.44622579330739,522.93701171875,195.80078125
FRB20220528B,0,False,,0,518.0735234468674,0.0002428830357783,1.9718086410310376,2.735201594555842,-2.0894938598922765,-0.0179648947340893,400.20751953125,399.9755859375
FRB20220528C,0,True,FRB20210125A,0,459.2901154441407,0.0007745246189403,0.910029543131486,2.6781247514108752,103.51066622403825,-126.9574121287685,601.62353515625,162.5
FRB20220528D,0,False,,0,319.6313533988644,0.0005590793864018,0.8198568696169191,2.600204968655672,5.116011550809135,-6.2134018576972805,604.04052734375,399.9755859375
FRB20220529C,0,False,,0,392.4110333369516,0.0006176206196894,1.4500515275180654,2.2999273097573805,5.837218956191088,-17.938114745743338,470.91064453125,273.583984375
FRB20220529A,0,True,FRB20220529A,0,246.42301213437432,0.0009796428250726,0.6912122482406778,3.766649782016065,24.16917514807165,-106.33775041000384,448.35205078125,119.2138671875
FRB20220530A,0,False,,0,379.51498298101416,0.0001536759067795,0.481403024372533,2.5685276492962874,-3.472902677667073,-2.4865444062285498,400.20751953125,253.466796875
FRB20220530B,0,True,FRB20190417A,0,1380.1180676729605,0.0030227040497342,0.5974150872949325,6.579292285735833,77.16410118821605,-102.73377301327392,582.60498046875,175.0732421875
FRB20220601A,0,False,,0,721.7321570794719,0.0006990426952546,0.5714826656978833,1.800278409706434,0.970852002312605,-3.3892846595740656,461.82861328125,399.9755859375
FRB20220602A,0,False,,0,666.4000472595418,0.0007616108791085,7.919013385555615,28.368770692620156,-0.3318237484814758,-1.7557676083272935,400.20751953125,399.9755859375
FRB20220602B,0,False,,0,335.8002969382327,0.0003208777103013,1.949703471971882,3.820565877332089,21.33757945391433,-117.47589802696604,438.24462890625,103.8818359375
FRB20220602C,0,False,,0,637.1279940838973,0.0003901109770013,5.190608738044986,40.66221963103398,-1.594328058437832,-3.337127893996684,400.20751953125,347.7783203125
FRB20220602D,0,True,FRB20180916B,0,350.08308002860485,0.0040585393623052,0.3002643002406868,0.9078599129669856,28.1520148652638,-394.8740004206632,414.70947265625,47.412109375
FRB20220607A,0,False,,0,692.9179569000212,0.0004082141307545,1.045009233570487,2.0803244521333424,22.29296035972251,-67.49368463688862,472.05810546875,167.6025390625
FRB20220607B,0,False,,0,354.2501635503472,0.0005433517728547,0.9074210502443042,10.890433750959424,10.337336057800172,-63.76364389551991,433.99658203125,124.5849609375
FRB20220607C,0,False,,0,702.5720081592626,0.003716824832399,0.5991784469063969,4.823332696073553,38.81064502029388,-39.09990430253372,657.38525390625,284.4482421875
FRB20220608A,0,True,FRB20220319C,0,307.32280854846886,0.0042960957163108,0.6694694723755004,5.686557351325258,16.58404608406885,-95.67568684360452,436.43798828125,109.4482421875
FRB20220608B,0,False,,0,521.6060760109087,0.0025526284941906,0.2721451938793806,3.047684730599464,16.434351429802398,-59.326267925265824,459.65576171875,159.521484375
FRB20220611A,0,False,,0,1243.1374305421307,0.0003178002225877,0.7964082531960222,3.121203352834682,4.671203887408113,-12.342575557616549,483.55712890625,344.580078125
FRB20220612A,0,False,,0,557.0339284263885,0.0003173835769931,1.2699512833952264,4.048312711300939,1.0488052837748372,-13.397591658003616,416.17431640625,229.736328125
FRB20220612A,1,False,,0,557.0339284263885,0.0004902141267718,1.2699512833952264,4.048312711300939,-2.5265675326974497,-3.399420274531621,400.20751953125,280.6396484375
FRB20220612B,0,False,,0,602.6806055956936,0.0007449296529468,0.5778878973180143,3.617425719416244,2.6723340151619817,-5.548505419277565,509.16748046875,399.9755859375
FRB20220612C,0,False,,0,376.8142118287242,0.0017986815550131,1.0520917839837367,10.917428316162589,33.74881701476968,-62.99827253078486,523.10791015625,201.220703125
FRB20220613B,0,True,FRB20220319C,0,310.16172719519375,0.0147144173868996,0.6295390097949704,17.004448964246187,26.80154471198467,-202.43693579509085,427.57568359375,75.48828125
FRB20220614A,0,False,,0,273.82578007955505,0.0003354105387214,0.5375564713879564,2.373181539111888,26.595310590424056,-105.84075025046472,453.77197265625,125.6591796875
FRB20220614A,1,False,,0,273.82578007955505,0.0006572765558022,0.5375564713879564,2.373181539111888,31.448756332107894,-104.73120934704298,465.02685546875,138.37890625
FRB20220614A,2,False,,0,273.82578007955505,0.0026351306101297,0.5375564713879564,2.373181539111888,18.63234132603557,-78.63139206329765,450.52490234375,134.3994140625
FRB20220614B,0,False,,0,548.0001453308731,0.0003057381898447,2.0482612039727406,4.038538374914153,17.121794081265268,-88.11710985484585,441.02783203125,118.1884765625
FRB20220615B,0,True,FRB20220529A,0,246.7044733106926,3.504030875959907e-05,2.002097866946492,11.180966324481126,159.94825016797523,-142.72755680555815,700.84228515625,178.4912109375
FRB20220615B,1,True,FRB20220529A,0,246.7044733106926,0.0003148225736025,2.002097866946492,11.180966324481126,315.71337661112153,-302.32885608664697,674.57275390625,117.8466796875
FRB20220615B,2,True,FRB20220529A,0,246.7044733106926,0.0010184185219588,2.002097866946492,11.180966324481126,9.614830183827356,-31.831298743800208,465.44189453125,208.8623046875
FRB20220615D,0,False,,0,471.3793941212893,0.0003913814059608,0.7427012005355101,1.4628329701530096,15.269344439629515,-98.23902718324317,432.53173828125,103.8818359375
FRB20220615E,0,False,,0,381.5075068240075,0.0004691441249013,1.156133014948134,2.5213013275671194,15.86650910507542,-63.01390294742424,453.89404296875,149.267578125
FRB20220615F,0,False,,0,2837.082625828167,0.0014633601867167,0.9221475931453588,7.863740737158234,0.7850975369799416,-4.976569436380912,433.04443359375,399.9755859375
FRB20220618A,0,False,,0,394.45127892958,0.0001488372481469,8.860369702964736,62.91394645967328,17.079205126909788,-64.2136596615215,457.11669921875,152.197265625
FRB20220618C,0,True,FRB20220618C,0,186.99029698060963,0.0023547605044704,3.3700657518272066,27.2671519274931,15.164998953024318,-29.5701347513766,517.17529296875,283.4228515625
FRB20220618C,1,True,FRB20220618C,0,186.99029698060963,0.0007159410811832,3.3700657518272066,27.2671519274931,26.376874882092668,-52.303707647220925,514.97802734375,217.6513671875
FRB20220619A,0,True,FRB20190417A,0,1380.7024266000328,0.0027704025497102,0.5570296423450979,5.748588748448153,51.03660193149822,-101.11327957209012,515.07568359375,156.005859375
FRB20220619B,0,True,FRB20180916B,0,348.99075581617177,0.0002385114763051,2.336906233570545,7.989135647462418,29.444337463930985,-346.4671946389305,417.56591796875,52.8076171875
FRB20220619C,0,False,,0,598.5698466203894,0.0007938557983394,0.7733165012676257,2.192773391160673,0.2359951017665999,-6.908938571236281,407.09228515625,324.90234375
FRB20220621A,0,False,,0,642.7803317122524,0.0006003232000205,1.072032069425108,8.663316078510263,3.9882048292717296,-8.570089502123041,505.04150390625,399.9755859375
FRB20220621B,0,False,,0,430.9839386233097,0.0004816166058766,0.9021826466726204,1.3059678801838264,15.543560293654586,-40.67557800885312,484.46044921875,214.35546875
FRB20220621C,0,False,,0,569.6617229465652,0.0008101816558628,8.130819661431548,99.96579837927403,0.6988956763893619,-3.478289053394487,442.49267578125,399.9755859375
FRB20220621D,0,False,,0,701.004839941293,0.0046729965893424,0.5175158488212861,8.525227869637783,74.46735854196973,-171.42979183914795,497.27783203125,115.478515625
FRB20220621D,1,False,,0,701.004839941293,0.0052832433194014,0.5175158488212861,8.525227869637783,34.185603577691,-176.8774143777358,440.80810546875,93.84765625
FRB20220622A,0,False,,0,1094.4753637779331,0.000634773029479,0.9986532841986192,2.6082995688229285,7.960749985228024,-8.103087161647649,654.04052734375,399.9755859375
FRB20220622B,0,False,,0,1613.1094692981246,0.0005163336627589,3.609646468989328,12.674967420695824,1.2725213443524117,-9.55549091259484,427.74658203125,298.6328125
FRB20220623D,0,False,,0,842.5631876932248,0.0055422123810854,0.3468764870204167,6.903374464167165,58.59696868502869,-117.99872315279453,512.97607421875,143.7744140625
FRB20220623B,0,False,,0,1328.0396285947586,0.0041625228689373,0.3139370739526897,3.245740976796589,10.758228864267029,-17.522492661543673,543.98193359375,381.4453125
FRB20220623C,0,False,,0,1047.618309650044,0.0015740066157595,0.3339853851205003,3.016401172228214,17.34580358265846,-14.070331840919009,741.24755859375,305.5419921875
FRB20220624A,0,False,,0,1537.4991920451264,0.0013897765158421,0.8178432965887588,2.2079987753286816,2.853186135030322,-10.71895300995206,457.16552734375,326.4892578125
FRB20220625B,0,False,,0,708.9791560213546,0.0009062596486264,0.4898691400341478,7.556372858971519,-1.198580043367954,-1.5482655272782293,400.20751953125,399.9755859375
FRB20220626A,0,False,,0,851.3909938159748,0.0008675362427377,1.162342014238312,13.25616994911218,76.82985097018503,-128.3699989712941,539.80712890625,144.9951171875
FRB20220626A,1,False,,0,851.3909938159748,0.0006544365201992,1.162342014238312,13.25616994911218,61.70385679100144,-112.07646236656768,527.01416015625,151.5625
FRB20220627D,0,False,,0,381.8036747791599,0.0004913883382202,0.5370073650743324,1.648807837729441,77.3436696565222,-114.84081226753756,560.43701171875,159.228515625
FRB20220627D,1,False,,0,381.8036747791599,0.0006485370805554,0.5370073650743324,1.648807837729441,246.67269163316715,-400.30703894496753,544.59228515625,82.666015625
FRB20220627E,0,False,,0,436.6703750468813,0.0003300561487587,1.4283988485455987,3.13242599072732,3.3125403951935706,-43.37352810129658,415.78369140625,123.291015625
FRB20220627F,0,False,,0,660.2428297194004,0.0006104571228968,1.8862714629475332,5.311645662767603,140.63675584648098,-116.94267479661131,730.16357421875,165.6005859375
FRB20220627H,0,False,,0,538.3167357657919,0.000208281277396,4.919854963391455,8.726568238130657,114.8904162906088,-89.55981178875906,760.04638671875,152.734375
FRB20220627J,0,False,,0,826.1687756190512,0.0016475366202388,0.3945354603069663,2.5285208167457225,29.3592726180747,-45.6950150446455,551.81884765625,249.7802734375
FRB20220628A,0,False,,0,535.5944737121109,0.0007946811055245,0.3162188908641671,1.526338464491289,10.876868425750017,-51.70883083473749,444.56787109375,148.8037109375
FRB20220628B,0,False,,0,401.1226618852198,0.0002417870571621,0.859639925658477,1.5339303495825052,-1.844824739495473,-1.2184086957746028,400.20751953125,399.9755859375
FRB20220629A,0,False,,0,571.5615763078717,0.0002672894346971,0.4758980736989019,0.9469175120056552,3.8796425584860144,-13.32755605028446,462.90283203125,301.2451171875
FRB20220630A,0,False,,0,553.0978365516756,0.0010556823564192,0.9954069673424732,4.294286080561736,34.7489548696506,-67.38791220537868,517.90771484375,192.529296875
FRB20220703A,0,False,,0,514.9882934934308,0.007473026679919,0.5832049611279171,12.532580370986675,4.137153166533118,-6.293825099184904,555.92041015625,399.9755859375
FRB20220703B,0,False,,0,189.0130193063858,0.0003053239088834,0.4346141368153767,1.3560001642546335,1.9996415416378903,-9.044604692573191,446.96044921875,340.087890625
FRB20220703C,0,False,,0,320.86929177489463,0.0004271705126883,0.519407049144011,1.248938283058033,-3.2978013298378346,0.9359982629881848,400.20751953125,399.9755859375
FRB20220703D,0,False,,0,535.9426588985829,0.0011723828043937,0.627132355943275,3.9366556831193993,128.47714438375272,-109.1753286540585,720.78857421875,176.806640625
FRB20220704A,0,False,,0,456.705833261808,0.0014304092469744,0.8133549575675885,3.898801504478139,-0.7572144095365853,-5.157006640102681,400.20751953125,328.125
FRB20220704B,0,False,,0,265.7995641000714,0.0002981180960237,1.7592241731289011,2.661942229195001,-1.489201932863498,-4.865057490777712,400.20751953125,294.62890625
FRB20220706C,0,False,,0,501.6832298250477,0.0017028080770355,0.5550860020420976,2.809076225377215,1.642282862621419,-2.247259726195269,576.72119140625,399.9755859375
FRB20220706D,0,False,,0,2003.2053777118515,0.0008302153402673,0.4366345872064607,1.6741266740450615,4.886629101028889,-7.533135830218481,553.52783203125,399.9755859375
FRB20220707B,0,False,,0,718.391407740722,0.0003167265750969,1.1008241096573728,1.8356364543355024,2.1176455470262017,-4.438715638670176,507.99560546875,399.9755859375
FRB20220707C,0,False,,0,393.6103982340695,0.0005380491159968,0.8151883586630971,1.3301446849743743,4.6785557189796245,-51.11912109909281,418.93310546875,117.7734375
FRB20220707D,0,False,,0,551.7873614943502,0.0013160666184093,1.9949193148751467,14.630861785223924,6.52799480672993,-8.657249586178546,583.45947265625,399.9755859375
FRB20220708A,0,True,FRB20220101A,0,385.7817122383406,0.000775065004535,0.7229990115723121,1.800840536189067,120.6672031071966,-125.05708686580384,648.32763671875,176.46484375
FRB20220708B,0,False,,0,599.9196106520764,0.0005816276670947,1.0577177361688237,2.776107500764731,2.302539757821364,-19.59299724219954,424.42626953125,197.7294921875
FRB20220709A,0,False,,0,282.3783393319882,0.0002885119377151,2.730554366872784,4.355710390616927,11.699899220793911,-13.329515776712782,620.69091796875,390.5517578125
FRB20220710A,0,False,,0,256.2034518650643,0.0008171701356835,1.3393876740154242,3.9177484063839945,30.516618676642363,-63.39927194764035,509.09423828125,195.1904296875
FRB20220710B,0,False,,0,190.6463008271317,0.0005031194681784,1.4899557102083494,3.27171106146831,-0.0074922375095781,-17.728345063330956,400.20751953125,173.486328125
FRB20220711A,0,False,,0,388.6027550093461,0.0016870368656779,0.1206705291310281,0.7601691196384797,8.541061622062054,-12.17785349795905,568.29833984375,399.9755859375
FRB20220711B,0,True,FRB20220529A,0,246.251995780418,0.0005748037306237,0.4893684402332646,4.289659974208506,230.39330780362283,-271.9622985788888,611.26708984375,112.6220703125
FRB20220711B,1,True,FRB20220529A,0,246.251995780418,0.0036052840120237,0.4893684402332646,4.289659974208506,24.739673883338003,-100.20520106470434,452.77099609375,126.66015625
FRB20220711B,2,True,FRB20220529A,0,246.251995780418,0.0007766688134595,0.4893684402332646,4.289659974208506,17.555083188435212,-140.79195122353414,425.93994140625,83.837890625
FRB20220712A,0,False,,0,620.2809524304242,0.0004747966104682,0.5688682648968058,0.9574021831300596,27.32506523131321,-56.24640777144574,510.21728515625,207.861328125
FRB20220712B,0,False,,0,550.2684105834168,0.0006117219094501,0.368627976250475,0.8779677126201315,29.3812841557458,-83.78276757204242,476.89208984375,158.8134765625
FRB20220714A,0,False,,0,934.338364758792,0.0005979542954124,1.1544670009869835,2.788645435395387,6.376641282061592,-6.404072727399153,658.41064453125,399.9755859375
FRB20220714B,0,False,,0,563.7023272484932,0.0006726727018929,0.3846532542948204,1.1897463080246773,51.84623531334252,-143.7608560295844,479.28466796875,121.630859375
FRB20220714C,0,True,FRB20220529A,0,247.23924017369072,0.0017392477842348,0.8476684180759096,8.487200820937403,493.2894050249489,-443.8345657207533,697.61962890625,100.537109375
FRB20220714C,1,True,FRB20220529A,0,247.23924017369072,0.0021968272683608,0.8476684180759096,8.487200820937403,2165.6876931268625,-1656.8377472776174,769.32373046875,57.3486328125
FRB20220714C,2,True,FRB20220529A,0,247.23924017369072,0.023548066846288,0.8476684180759096,8.487200820937403,495.4852444553992,-449.6028597798847,694.34814453125,99.462890625
FRB20220714C,3,True,FRB20220529A,0,247.23924017369072,0.0026303103376866,0.8476684180759096,8.487200820937403,304.9834600572222,-290.5945175257191,676.35498046875,120.5322265625
FRB20220714D,0,False,,0,204.64719989725188,0.0001698522129155,1.8287727689895403,3.0644386647793374,13.23688890685098,-74.14982707631933,437.56103515625,121.6552734375
FRB20220715B,0,False,,0,279.5767538487068,0.0001240822907342,2.6499813951952,4.65477362112156,3.554062899587385,-31.486981516460062,423.42529296875,154.6875
FRB20220715C,0,False,,0,1225.4643579953454,0.0007991839802695,0.943282745004342,3.68369062358222,-2.3874816487557564,1.5482840134172189,400.20751953125,399.9755859375
FRB20220716A,0,True,FRB20190417A,0,1380.6244330196537,0.0018258584279654,0.8588652305958773,9.85116708937816,297.3408091200979,-265.66510917372347,700.35400390625,130.56640625
FRB20220716B,0,False,,0,429.0941414350066,0.0009088483574611,0.5954103993896063,2.31558591087408,6.287660806878756,-7.212186078676943,618.83544921875,399.9755859375
FRB20220716C,0,False,,0,606.687492140291,0.0005613846998028,0.4778467572908036,1.0114412476238457,3.601698124764406,-35.378169918792736,421.10595703125,143.2373046875
FRB20220716D,0,False,,0,305.59076531465223,0.0006689264315315,0.9777679691046418,2.198507102624997,12.804288028630271,-71.53342006126014,437.65869140625,123.4619140625
FRB20220716E,0,False,,0,440.1780499396,0.0004346769312333,1.5340008600288966,3.992030404682891,50.69991372028867,-100.54028372418284,514.95361328125,156.4208984375
FRB20220717B,0,False,,0,617.7016864710505,0.0053896297648123,0.4429581408326666,7.306674228732293,0.0951238747399077,-61.52688599628343,400.50048828125,85.7666015625
FRB20220717C,0,False,,0,330.27920691404205,0.0001116316512952,0.7387184510223773,1.4811213232637734,12.529851397617938,-104.76677486246012,424.86572265625,92.529296875
FRB20220717F,0,False,,0,602.5947197414886,0.0008738381733417,0.41066261203267,4.325700931877721,7.114659544116888,-18.108902539603573,487.07275390625,295.5322265625
FRB20220717D,0,False,,0,267.5408967368005,0.0002411027603229,11.042271266068436,23.73059383043665,11.907726433753226,-22.76104809260401,519.83642578125,314.2822265625
FRB20220717E,0,False,,0,346.16732694539974,0.000731304400575,0.8093511233989954,5.416741253311301,4.554824337926559,-17.40796708091937,456.14013671875,255.9814453125
FRB20220718A,0,True,FRB20220529A,0,246.6723811330447,0.00268494882443,0.4792378519476001,4.641840968273017,91.1821606494812,-106.76366513084804,613.36669921875,180.7861328125
FRB20220718B,0,False,,0,917.9562109270704,0.000299854713552,3.0010371369969144,58.38998401992101,-2.6499276844004336,-0.2421505608433446,400.20751953125,399.9755859375
FRB20220719A,0,False,,0,382.6864704399858,0.000250701384481,2.798388164827394,4.6373564281040105,-0.5374580969897882,0.5135536850340142,400.20751953125,399.9755859375
FRB20220719B,0,True,FRB20220101A,0,385.5994871329613,0.0005503450125483,0.3132580071612222,1.7889861172550978,22.624030866052053,-89.67394712415708,453.99169921875,132.6904296875
FRB20220719C,0,False,,0,552.1126894811657,0.0002582268896518,0.8389863286985753,2.788161809140204,2.9017126701782474,-8.548315240717809,474.23095703125,396.630859375
FRB20220719D,0,False,,0,579.4843634212515,0.0015086549563221,1.1542135129835,15.309793307562895,-1.719891101384985,-5.065260482053871,400.20751953125,276.6357421875
FRB20220719E,0,False,,0,462.2015197476016,0.0012048450248653,3.453266404462481,14.670012751970662,4.4218071737619375,-3.713595494493857,725.81787109375,399.9755859375
FRB20220719F,0,False,,0,525.3126295163304,0.001394852131236,0.4609215098674649,1.1809491291661287,3.661971947334371,-28.82089260566321,426.45263671875,165.52734375
FRB20220720B,0,False,,0,568.6288339757912,0.0078336869353656,0.5958779666705551,7.169685782213188,15.309464388039297,-84.75455095672525,438.02490234375,116.2841796875
FRB20220722A,0,True,FRB20180916B,0,349.25279216148954,0.0013409553018064,0.4653295250269349,0.5520764005207142,31.180748644224675,-177.91099599111763,436.85302734375,89.2578125
FRB20220722B,0,False,,0,747.458367782274,0.0003165036361567,1.5421251451021685,6.548239570783619,6.595183312786014,-7.386373121845088,625.40283203125,399.9755859375
FRB20220722C,0,False,,0,651.0073126029794,0.0003168704067802,2.158027177687086,5.325527018012317,3.116389725224251,-40.75931765790221,415.78369140625,127.1240234375
FRB20220723A,0,False,,0,274.7709135015864,0.0020284832529691,4.06457171831238,77.23917770547271,3.0263726181453663,-7.87789567793796,484.94873046875,399.9755859375
FRB20220723B,0,False,,0,1089.5733427938642,0.0020046784745456,0.2901616841726022,1.9739299340591807,36.013009239265415,-132.36960362815856,458.50830078125,121.2646484375
FRB20220724A,0,False,,0,2534.9290756164964,0.0023138258634723,0.2938241177436412,1.9271159046271007,26.52777704959433,-24.655431153842564,685.33935546875,295.2880859375
FRB20220724B,0,False,,0,492.74896338358894,0.0013761094040247,0.7832346256746717,5.60602323919789,62.89490735690181,-82.18828429845354,586.73095703125,197.314453125
FRB20220724C,0,False,,0,1701.2384099744038,0.0007463023209936,0.7526367397131806,2.053659711051718,134.77907578317,-117.4595065654838,710.29052734375,182.6904296875
FRB20220724D,0,False,,0,589.334197504744,0.0008511371749912,1.0466530776826048,2.4656492118058435,16.7987779013208,-167.76103119139415,420.73974609375,72.8271484375
FRB20220725B,0,True,FRB20220505A,0,606.1279476392587,0.0002506777768422,1.1836534140963286,4.606006829189428,198.4418295758791,-196.7812180382971,662.60986328125,143.603515625
FRB20220725B,1,True,FRB20220505A,0,606.1279476392587,0.0015272658247519,1.1836534140963286,4.606006829189428,101.09130394772028,-117.5055662878114,615.29541015625,172.802734375
FRB20220726B,0,False,,0,686.937817960334,0.0018326738545992,0.8617866181010702,3.935178510478428,32.55964437943628,-29.58904703568672,693.78662109375,275.2685546875
FRB20220726C,0,False,,0,321.9656640343684,0.0012944693422714,1.8954380227313443,14.582120572838578,3.008696455115379,-10.463113634720766,462.07275390625,338.4521484375
FRB20220803A,0,False,,0,438.12759524361417,0.0007698622418185,0.5064044874903059,2.109488211431434,2.097755483570374,-1.3823623756927494,800.18310546875,399.9755859375
FRB20220803B,0,False,,0,1054.8074142815435,0.0006253547883343,0.880287754422037,2.367707126022487,2.253046604258016,-6.46112974405942,476.42822265625,399.9755859375
FRB20220805A,0,False,,0,1338.186279542533,0.0005348769891726,0.392317960239851,1.4883647027885067,13.56194013839945,-19.088567993094472,570.88623046875,396.8017578125
FRB20220806A,0,False,,0,357.83940410637234,0.0005721084730266,1.6036842116533216,8.143566848362536,246.0721670381322,-241.7259908609272,665.75927734375,130.1513671875
FRB20220806A,1,False,,0,357.83940410637234,0.0016516405806351,1.6036842116533216,8.143566848362536,96.28637149371076,-90.84913703121012,679.84619140625,217.3583984375
FRB20220807A,0,False,,0,2453.3499343779285,0.002961210273744,0.5553896235531957,1.8381143678145533,18.759848624461625,-19.30116998111821,650.62255859375,339.5751953125
FRB20220807B,0,True,FRB20220618C,0,187.93438611042907,0.0007935705911498,1.4146796187505075,6.297525508792327,5.441531138043579,-5.4239287068506,660.87646484375,399.9755859375
FRB20220807C,0,False,,0,384.3931333662373,0.0002524588452488,1.3370498273882718,1.9577399513109257,-0.9525780397344475,-32.56726059415536,400.20751953125,114.501953125
FRB20220808A,0,True,FRB20180916B,0,350.0522413923139,0.0019046651657322,0.3744988423322597,2.665270877894466,41.92065726883133,-96.58573661843452,497.18017578125,154.1259765625
FRB20220809A,0,False,,0,792.3969380881209,0.0003118159150033,0.7504918667569509,2.103962901270961,17.24196671540331,-80.79233291977359,445.25146484375,126.9287109375
FRB20220809B,0,False,,0,1077.6262821692287,0.0017255804651039,0.4897844567632023,3.119770665402304,-7.029278101324193,3.722391402370849,400.20751953125,209.9853515625
FRB20220809C,0,False,,0,478.57325174894095,0.000534064713202,0.6786756520857947,1.0830241139387684,2.918911773910303,-6.900189878235758,494.47021484375,399.9755859375
FRB20220809D,0,True,FRB20180916B,0,349.5753856673175,0.0023735230160066,0.5266906775834373,3.450229312984761,29.95940535845102,-49.622229869421695,541.22314453125,234.9609375
FRB20220811A,0,False,,0,798.3508474930815,0.0021565086025602,0.420973985909702,3.288580447260705,9.556736226315753,-13.859437559801734,564.95361328125,399.9755859375
FRB20220811A,1,False,,0,798.3508474930815,7.962046581593106e-05,0.420973985909702,3.288580447260705,2.723139845468109,-7.209310882629992,483.38623046875,399.9755859375
FRB20220815A,0,False,,0,1190.5240341752944,0.0012953463357496,0.7904000383697998,2.975965198357318,19.87317890162071,-20.53305678356529,649.30419921875,335.64453125
FRB20220816A,0,False,,0,2255.6014098734813,0.0002208435168266,0.5281576897627116,6.729804499243129,1.703663663068718,-11.519586110077604,430.92041015625,273.6083984375
FRB20220818A,0,True,FRB20220529A,0,246.41658678789597,0.0027942184852158,0.6036211016885801,3.466383586026137,59.50099680469592,-72.50217563415526,603.23486328125,216.11328125
FRB20220819A,0,False,,0,1900.270280022218,0.0015209733450482,0.596693633002264,2.337930193539248,0.3611959053415612,-4.133968212369927,418.05419921875,399.9755859375
FRB20220820A,0,False,,0,368.6126824395728,0.0006316006211326,0.7821225934728921,2.418617307502279,10.322733827352488,-12.707164910999673,600.72021484375,399.9755859375
FRB20220831B,0,False,,0,600.4949581121068,0.000453839519132,2.294208890161249,6.5564422709157375,5.071075184687037,-8.78651198687642,534.06982421875,399.9755859375
FRB20220901A,0,True,FRB20210409B,0,686.3818347492148,0.001124012832736,0.653083633052261,1.5054510495268123,50.76594768726609,-47.57748484023711,682.28759765625,252.6123046875
FRB20220901B,0,False,,0,280.50220866120907,0.0003368559994823,5.041658795490598,11.570686255966422,22.665012688436484,-175.14328243678378,426.94091796875,78.5888671875
FRB20220901C,0,False,,0,511.54485646939975,0.0002620770440449,0.9728994846580729,1.7171784835818673,62.562386350170144,-127.31335854186982,511.65771484375,138.0126953125
FRB20220902A,0,False,,0,498.2655612240218,0.0065458960204498,0.3876281434622218,1.9738926983802352,16.474830773686577,-46.34608112570341,478.03955078125,197.16796875
FRB20220902B,0,False,,0,440.2630407753577,0.0001695682470873,0.5408982273826659,1.829445352558964,38.75688824132008,-38.48536053387759,662.14599609375,281.7138671875
FRB20220902C,0,False,,0,405.5494010452596,0.0010407943759531,0.4458420352657734,3.63605810462035,24.26687673686255,-69.41669460913151,476.62353515625,171.630859375
FRB20220903A,0,False,,0,539.1502332480914,0.0005007710964958,1.9400641982160496,9.91733623853151,3.676400304331195,-13.078843478218651,460.58349609375,300.48828125
FRB20220904A,0,True,FRB20190117A,0,397.9329055114261,0.0040630894963263,0.3648661470896648,2.5851322618978165,21.416567230542118,-93.23070232630872,448.91357421875,125.0732421875
FRB20220904F,0,True,FRB20220618C,0,187.3185203695421,0.0009627584548216,5.008812688609662,70.29721849673366,74.4900562024135,-210.98230570793933,477.45361328125,99.90234375
FRB20220904F,1,True,FRB20220618C,0,187.3185203695421,0.0051837744092317,5.008812688609662,70.29721849673366,45.87635571822552,-166.0927030216853,459.46044921875,108.4228515625
FRB20220904F,2,True,FRB20220618C,0,187.3185203695421,0.003490633052265,5.008812688609662,70.29721849673366,12.518778894632172,-133.62286174806923,419.39697265625,78.0029296875
FRB20220904C,0,True,FRB20220618C,0,188.175618123385,0.0024196136645691,5.8029759432822585,34.92962714522981,20.98217389801266,-35.55976992996657,537.53662109375,276.4892578125
FRB20220906A,0,False,,0,863.7071586309045,0.0006022426504564,2.1618064963030377,6.232886886638584,1.0735709621090277,-4.727209623161287,448.32763671875,399.9755859375
FRB20220906B,0,False,,0,357.628673165454,0.002455588868576,0.7512182163759156,5.494483012382341,108.18414538309015,-144.3353751588108,582.14111328125,147.4365234375
FRB20220906E,0,False,,0,650.5105015905875,0.0045719991362237,0.3380004678893663,3.3082882811521346,5.047965689049039,-11.169473505244316,501.67236328125,389.7216796875
FRB20220906C,0,False,,0,142.59379524209442,0.0001705041790246,0.7449556397351779,2.583910143475781,-17.42542720516169,0.1964653098883226,400.20751953125,56.6162109375
FRB20220906D,0,False,,0,526.8566579050791,0.0003086715406914,1.181704771810152,2.191767432579498,-1.397695036327989,-1.1857609485564955,400.20751953125,399.9755859375
FRB20220907A,0,False,,0,1240.537860317314,0.0036893663389593,0.5349204757158413,6.955732411538139,101.17840360650987,-204.3373157866364,512.60986328125,109.0087890625
FRB20220907A,1,False,,0,1240.537860317314,0.0058305391407201,0.5349204757158413,6.955732411538139,60.58443705457263,-182.80085831014756,472.32666015625,106.2255859375
FRB20220907A,2,False,,0,1240.537860317314,0.0036213385113776,0.5349204757158413,6.955732411538139,53.52900532205504,-215.10983557433065,453.21044921875,93.9208984375
FRB20220907C,0,False,,0,502.2400381303858,0.0033907249551592,0.3285722847261423,4.103475054458457,81.42871177452385,-81.42768854407778,659.82666015625,222.9248046875
FRB20220907B,0,False,,0,301.8630252370765,0.000125063856421,2.228216281876118,3.80230969129838,4.207359906487636,-10.290682251173068,490.97900390625,387.6953125
FRB20220907D,0,False,,0,302.8800144119825,0.0015641431978476,0.6243944128587302,3.378818472053273,6.916828138487222,-10.91806945204662,549.32861328125,399.9755859375
FRB20220908C,0,False,,0,313.75754813129294,0.0002492862778631,2.827975970706029,3.5890226890521832,9.595175047202554,-55.43661340277911,436.36474609375,134.7900390625
FRB20220908G,0,True,FRB20180916B,0,349.9161090964504,0.0027247679457791,0.5965576365804431,4.149471567225763,21.276202992319917,-58.03069651972104,480.72509765625,186.4501953125
FRB20220908D,0,False,,0,536.5009676186025,0.0001440800135402,1.9814825874869844,5.791046130963647,-1.6820852377205415,-1.40559140352478,400.20751953125,399.9755859375
FRB20220910A,0,False,,0,409.58403229468905,0.0002419840485729,1.7478248991725494,9.889042334348558,1.3262243565667575,-9.625113109941642,428.74755859375,298.9990234375
FRB20220910A,1,False,,0,409.58403229468905,0.0004517555936528,1.7478248991725494,9.889042334348558,6.401421735719196,-9.773358845953643,555.26123046875,399.9755859375
FRB20220910A,2,False,,0,409.58403229468905,0.0003697095657527,1.7478248991725494,9.889042334348558,7.07045466199258,-20.33417668138568,476.18408203125,266.455078125
FRB20220910B,0,False,,0,988.0309832241446,0.0011698022703067,0.5959234650876577,1.801906251609044,-1.411644470979914,-2.058211277752642,400.20751953125,399.9755859375
FRB20220911A,0,False,,0,332.8606914465898,0.0002414525551085,1.0548895320833274,1.5722358136910537,9.917107613420823,-30.288807485866027,471.37451171875,220.80078125
FRB20220911B,0,True,FRB20220912A,0,219.2812800589798,0.001362065939297,0.2571366752893332,1.4713866910447233,61.57025377437276,-234.85281308475888,456.23779296875,90.478515625
FRB20220912A,0,True,FRB20220912A,0,219.16428556359065,0.0003336043667353,0.421427776006598,1.9757478519208589,35.916619004142035,-95.5460836419466,482.94677734375,150.537109375
FRB20220912C,0,False,,0,675.8656288868799,0.0005533294519504,0.9295508112233482,2.82560157375065,73.4742844263886,-200.23028195933733,480.79833984375,103.271484375
FRB20220913A,0,False,,0,1402.3554725443405,0.0008191497440701,0.7148019321195357,1.83683996038314,116.96269078143234,-127.21767376908352,633.75244140625,170.99609375
FRB20220913B,0,False,,0,450.42615706352296,0.0005241937546747,2.116341734703848,6.146582349379274,3.040197876678141,-9.39358578522282,470.49560546875,371.7041015625
FRB20220913C,0,False,,0,742.7294109037084,0.0006051872756412,9.216685842217148,22.047492868270904,19.824867962936853,-24.134842925673407,603.45458984375,357.080078125
FRB20220914B,0,False,,0,764.0199551821709,0.0007572543579113,0.7584849752042077,2.990738422726256,12.440877234286972,-16.956528230014275,577.55126953125,399.9755859375
FRB20220915A,0,True,FRB20220912A,0,219.9725108278085,0.0009658070980999,0.3106100557045656,0.7018779760183712,217.19821164880344,-190.01679356974,708.72802734375,156.3232421875
FRB20220915B,0,True,FRB20220912A,0,221.49741524346865,0.0019055857289144,0.3463291175839838,2.564490735644937,288.7387844641683,-229.13575920786823,751.45263671875,120.3857421875
FRB20220915C,0,False,,0,623.6294153115979,0.0003473409486324,0.7541932227438369,2.4154806299608373,1.4882626821272182,-17.50268394024754,417.56591796875,199.9267578125
FRB20220915D,0,False,,0,968.5296363733888,0.0009571423106756,2.466937549358585,29.40419170493049,1.240925545168312,-12.534993030134542,420.49560546875,245.2880859375
FRB20220916A,0,False,,0,493.1932107169084,0.0002333351974172,1.9995612087413348,3.735325263096597,1.7941609541743029,-2.9494067656383702,542.46826171875,399.9755859375
FRB20221012B,0,True,FRB20220912A,0,219.27479188097655,8.47066259408689e-05,0.3548792466481892,0.7477491568122057,52.88179929052067,-173.02122178689305,466.27197265625,107.7880859375
FRB20221012C,0,True,FRB20220912A,0,219.23517318613105,0.0029008478580352,1.0905932845691322,11.456136592230552,33.01421054523012,-26.455077225048072,746.88720703125,244.091796875
FRB20221012C,1,True,FRB20220912A,0,219.23517318613105,0.0007348445762386,1.0905932845691322,11.456136592230552,18.575192263325636,-49.951264525377816,481.97021484375,197.1923828125
FRB20221012C,2,True,FRB20220912A,0,219.23517318613105,0.0008380145847551,1.0905932845691322,11.456136592230552,9.727659996639934,-38.75028852761054,453.72314453125,178.7353515625
FRB20221012C,3,True,FRB20220912A,0,219.23517318613105,0.0074259118141076,1.0905932845691322,11.456136592230552,3.9566747832931775,-1.956788482412512,800.18310546875,399.9755859375
FRB20221012D,0,True,FRB20220912A,0,219.37878935791815,0.0010226966771784,0.4093052958320374,1.6914138880138778,75.60028906608403,-263.3056998083852,461.97509765625,86.4990234375
FRB20221012E,0,False,,0,1118.1672851704072,0.0003820102829435,0.6074603639962046,2.856541668100696,-0.6698662310794617,-2.698967835795779,400.20751953125,399.9755859375
FRB20221013A,0,True,FRB20220912A,0,221.98851313372495,0.0050319710096107,0.4703132153854037,3.2114941689276435,43.187451882212606,-80.87570535613348,522.66845703125,177.197265625
FRB20221013B,0,True,FRB20220912A,0,219.7043284910432,0.0018227395838381,0.3929446402648739,3.7098444905404855,430.0592888403949,-360.1440695572018,727.06298828125,116.3818359375
FRB20221013C,0,True,FRB20220912A,0,220.0727800050314,0.0057268161356439,0.4710458622129836,7.233984824982335,56.60450941537009,-269.33913126851274,444.54345703125,82.2998046875
FRB20221013D,0,False,,0,352.5606988837361,0.0009255197501132,0.743669400677796,1.4807702659442312,1.917876149036628,-7.700726024148243,453.25927734375,382.91015625
FRB20221013E,0,False,,0,367.4557372675269,0.0013388370145966,1.5836936925342688,20.129644661881525,1.7069779053291072,-7.98642440825528,445.32470703125,361.6455078125
FRB20221013F,0,False,,0,588.3092231844596,0.0016472856967111,0.6007479731139704,2.4707116505467197,5.316102632518226,-11.804721088340171,501.25732421875,379.3701171875
FRB20221013G,0,False,,0,593.81510968024,0.000352454817781,1.138206661173172,2.3023320253858883,-3.0136636742721503,0.0413176211180411,400.20751953125,399.9755859375
FRB20221013H,0,True,FRB20210822E,0,320.0403144992729,0.00128855017834,0.5319308794720676,1.2119031392922537,11.394730529830737,-271.9509017121223,408.67919921875,47.8271484375
FRB20221013I,0,False,,0,350.38386004715755,0.0003032632571897,1.152988882932228,1.9941819672474292,-1.7016039554544449,-2.133827469837539,400.20751953125,399.9755859375
FRB20221014B,0,False,,0,257.39352249609624,0.0003485730314824,15.73130814197052,38.63734432571295,1.3841776087311854,-5.94687479758791,449.59716796875,399.9755859375
FRB20221014C,0,True,FRB20220912A,0,219.05106901759729,0.0020781924136453,0.3082613122419741,2.4151969306078254,5.845103348444573,-24.64511097604211,450.57373046875,211.4501953125
FRB20221014D,0,True,FRB20220912A,0,219.71504900547507,0.0017327113878018,0.4067165464589289,4.020322872654347,20.980930509639816,-49.767311358915975,494.10400390625,212.451171875
FRB20221014D,1,True,FRB20220912A,0,219.71504900547507,0.0018531968441153,0.4067165464589289,4.020322872654347,18.02202394604183,-42.87473017293954,493.78662109375,222.36328125
FRB20221014E,0,False,,0,852.1210671102359,0.0004849728549384,0.5671512251440627,1.1025224735587067,2.4899163244733367,-12.827886628756788,440.97900390625,273.4130859375
FRB20221014F,0,False,,0,674.1604344099991,0.0004222258021807,2.0405559464416902,11.213220984256504,3.703845466513669,-10.493353767088628,477.42919921875,362.4755859375
FRB20221015A,0,False,,0,554.0012140566103,0.0022793795464523,0.3857691326581453,2.344043788827158,6.9022391329790285,-34.578641788461866,442.19970703125,172.16796875
FRB20221015B,0,True,FRB20220912A,0,221.01417651389372,0.0035839735975389,0.3690032074891333,2.638230530948008,21.112086439065923,-33.9949777514791,545.91064453125,287.353515625
FRB20221015C,0,False,,0,1223.7996726388224,0.00132834248675,0.588112462486718,1.8085094827155528,8.181752214805753,-14.860446965133292,527.01416015625,381.005859375
FRB20221015D,0,False,,0,750.1859580608775,0.000581356195537,5.267688298566993,14.312627526807592,1.3066365357784615,-8.042824333650952,434.06982421875,340.966796875
FRB20221017A,0,False,,0,616.322618142556,0.0012345164576466,1.3648125190223237,4.839222264797037,37.815335844586485,-35.88555715986532,677.79541015625,274.0478515625
FRB20221018B,0,True,FRB20190208A,0,580.1120581854965,0.0023841174575276,0.5159280171188888,2.076477175313943,267.1702338041726,-211.13660542780264,753.43017578125,121.435546875
FRB20221018C,0,True,FRB20220912A,0,220.17289059169096,0.0021047442843068,0.3581877888337197,1.9328307087133176,23.20546324551677,-75.09810900751182,467.05322265625,156.2255859375
FRB20221018D,0,False,,0,308.1549483259145,0.0005041138902823,1.444958088558962,2.615642168226094,0.0199744447176495,-10.642571539711058,400.57373046875,237.5732421875
FRB20221019A,0,False,,0,2029.9320821614,0.0014963080350505,0.5073391687959938,5.853472896610237,4.925554388922633,-8.62083185744532,532.53173828125,399.9755859375
FRB20221020A,0,True,FRB20220912A,0,219.5389472081164,0.0017131143515927,0.2681998318372592,1.0463167102652684,46.41632539842854,-445.4395611242465,421.59423828125,52.8076171875
FRB20221020B,0,False,,0,459.54599573544783,0.0004974520667395,0.2666855925165576,1.4343848836710915,15.672466788294496,-62.40163059830558,453.74755859375,149.609375
FRB20221020C,0,False,,0,317.5538260381549,0.0005140463863625,1.0747958210375317,4.041729417762175,8.354711471283615,-41.70345993517127,442.37060546875,159.3017578125
FRB20221021A,0,True,FRB20220912A,0,223.7166078729898,0.0056139564396563,0.2703174738284892,1.3155906801994597,99.40488622544484,-230.27959254594185,496.59423828125,99.462890625
FRB20221021A,1,True,FRB20220912A,0,223.7166078729898,0.006952411514832,0.2703174738284892,1.3155906801994597,29.67012367949853,-45.96616255072462,552.62451171875,249.4384765625
FRB20221021B,0,True,FRB20220912A,0,219.48891298099937,0.001554728090719,0.2998624441739131,1.4761624983784982,21.07028320713268,-50.96635619975011,492.07763671875,208.4228515625
FRB20221021C,0,False,,0,721.5432498164993,0.0004374730523496,1.6275359914748322,2.807356154295141,37.232591389868254,-69.27889982827003,523.57177734375,191.943359375
FRB20221021D,0,False,,0,554.9773396336941,0.0003218463468284,0.5010967742388339,0.6480719501164123,8.653893641873145,-8.732541167491311,656.84814453125,399.9755859375
FRB20221021E,0,False,,0,763.4487660703162,0.0005528417752567,0.4989237511188275,0.5459345067921186,-3.356846393632385,-4.966206928730337,400.20751953125,210.2294921875
FRB20221021F,0,False,,0,1398.5053655444149,0.0021649125214977,0.8589239231537419,3.658932668726667,1.643986737402777,-3.414481079089016,509.11865234375,399.9755859375
FRB20221022B,0,False,,0,459.3118761877435,0.0009240683601232,1.58153424485019,8.58370970908927,2.015352329642166,-9.166218908026554,446.69189453125,337.158203125
FRB20221022C,0,True,FRB20220912A,0,221.2878838548677,0.0049499863400227,0.4290019355224206,5.59321338036214,76.26802748661444,-86.94677363968914,620.52001953125,202.83203125
FRB20221022C,1,True,FRB20220912A,0,221.2878838548677,0.0050014371676249,0.4290019355224206,5.59321338036214,23.2693582642062,-44.932773227198,518.46923828125,236.71875
FRB20221022D,0,True,FRB20220912A,0,219.1912435932146,0.0010700739878993,0.3479756959680252,1.1033205299941886,54.146670849232535,-261.0433662677688,443.93310546875,83.49609375
FRB20221022E,0,False,,0,532.6028202701326,0.0001885898903743,0.5191183515132071,1.0875354253108402,3.345498523324629,-5.086472926007852,556.01806640625,399.9755859375
FRB20221022F,0,False,,0,930.2854357655168,0.0038998665039393,1.756662117879899,33.2888862302842,2.709434405212048,-3.996569056342104,561.68212890625,399.9755859375
FRB20221022A,0,False,,0,116.84396889163528,0.0006804783990841,9.7760091356841,22.81143020013293,0.6551835276079673,-6.402889833065719,421.20361328125,367.0166015625
FRB20221022G,0,False,,0,538.0610735405443,0.0008597451153371,0.2638810025152331,0.4434938701479926,8.563879713008852,-21.491917616653915,488.41552734375,277.34375
FRB20221022H,0,False,,0,618.0214058641734,0.0010124963815099,0.3824457492336663,5.023753413167662,8.330417861165794,-94.98911582573264,418.12744140625,88.3544921875
FRB20221022I,0,False,,0,310.0539378577636,0.0001420499784624,0.4707664497478775,7.0434555435294754,5.019366861484372,-8.86549168320823,531.14013671875,399.9755859375
FRB20221023A,0,False,,0,638.8350928192538,0.0003065379994333,0.9262499486966456,2.6064863549459583,14.177582165302338,-26.549176749805905,522.66845703125,301.4404296875
FRB20221023G,0,True,FRB20220912A,0,220.00722751944616,0.0035405764580342,0.2600755141933902,2.271392617301043,8.59015654377882,-36.04848908702112,450.84228515625,180.2490234375
FRB20221023B,0,True,FRB20220912A,0,219.3875072539069,0.0003973128844597,0.8860352997928883,3.928265684159622,30.03293491233416,-115.00209329850988,456.01806640625,125.1220703125
FRB20221023C,0,True,FRB20220912A,0,221.9442910056164,0.0074152204860395,0.3023732451865527,3.377201753146516,60.86656547352309,-138.54404963970322,498.49853515625,128.857421875
FRB20221023D,0,True,FRB20220912A,0,219.82906133010556,0.0019735084635092,0.2699336878757627,0.9840875071351842,39.42499980376161,-139.99868248145407,460.70556640625,118.4814453125
FRB20221024C,0,False,,0,586.6120792264622,0.0001005640950546,0.4243218604096648,2.646085960159766,-1.3584002846734082,-0.8953277911721887,400.20751953125,399.9755859375
FRB20221024A,0,False,,0,1034.4169896428432,0.0002901904266013,0.7991160247480104,1.7718735796365177,8.541038670762179,-12.526160246222393,562.78076171875,399.9755859375
FRB20221025B,0,True,FRB20220912A,0,220.2331588221253,0.0019656256948054,0.5444471271501363,3.090088731823013,34.21136243073368,-54.29414244255312,548.40087890625,227.44140625
FRB20221025C,0,True,FRB20220912A,0,219.6995745903289,0.002645627629835,0.3334633798535711,2.76343757516256,42.29455862623272,-170.14577793448544,453.16162109375,105.6396484375
FRB20221025K,0,True,FRB20220912A,0,219.39127778569477,0.0007922913577209,0.3671618891871587,1.152005750768846,30.438031197222998,-119.64441220179891,454.47998046875,121.8994140625
FRB20221025D,0,True,FRB20220912A,0,219.5013765511344,0.0005914389733829,0.4969466816078041,1.2416123462519453,59.39332684520589,-147.18181120540686,489.66064453125,122.7783203125
FRB20221025E,0,True,FRB20220912A,0,220.5956162147688,0.0064203758093925,0.2756057402012639,2.3860691848274054,39.7572273736292,-188.4916522166848,444.71435546875,96.4599609375
FRB20221025F,0,True,FRB20220912A,0,219.5251035048804,0.0004310802528607,0.4990999928365964,1.072845695892927,66.72796742539606,-99.81056380988514,559.04541015625,170.4345703125
FRB20221025G,0,False,,0,1239.941656425373,0.0005710088644592,0.5852586306495495,1.3963873243206102,63.89065953897241,-189.95546878603892,473.49853515625,104.443359375
FRB20221025I,0,False,,0,453.2440068076363,0.0011316082510121,3.249635900261632,17.933869451887897,1.984112683423246,-8.480044813419356,449.86572265625,357.275390625
FRB20221027B,0,False,,0,950.1462405172934,0.0008765245274669,0.9048711298380472,3.361791906945393,10.5370880654484,-74.44599890797319,429.55322265625,111.9140625
FRB20221027C,0,False,,0,156.14188640854852,0.0002957234762271,1.486486556828368,4.741471343482269,-4.223782286311363,-1.4394904172427965,400.20751953125,240.0390625
FRB20221029B,0,False,,0,1135.549423120999,0.0042873938689515,0.4800081114664247,3.632826112318278,12.97569926153615,-15.481071295975552,608.53271484375,386.376953125
FRB20221029C,0,False,,0,706.5920113234242,0.0009391931034864,1.348220900308664,4.965520974517808,4.49794744975317,-5.135912160758031,620.08056640625,399.9755859375
FRB20221030A,0,True,FRB20220912A,0,222.79435328045585,0.0089190262873696,0.3279940086441133,3.6750450503723737,10.736496666147652,-69.74902969346493,432.21435546875,118.115234375
FRB20221030B,0,True,FRB20220912A,0,220.22518570141932,0.0036550473182982,0.3884520194326084,2.0624365820352604,54.091762058706486,-141.43510339828828,484.53369140625,123.9501953125
FRB20221030C,0,True,FRB20220912A,0,219.4602522687132,0.0152219953206785,1.2883222329514068,7.098599242974947,264.0082514173534,-1621.5603166416015,434.14306640625,32.6904296875
FRB20221030C,1,True,FRB20220912A,0,219.4602522687132,0.0007671354582209,1.2883222329514068,7.098599242974947,18.632893879121088,-150.7269920103957,425.72021484375,81.494140625
FRB20221030C,2,True,FRB20220912A,0,219.4602522687132,0.0027635408947623,1.2883222329514068,7.098599242974947,24.053846973293133,-218.02900474871956,422.88818359375,68.4326171875
FRB20221031B,0,True,FRB20220912A,0,220.04511243023023,0.0027233933128655,0.2919958189878872,3.131128777289975,12.072511672115567,-46.13648954295833,456.14013671875,170.0927734375
FRB20221031A,0,False,,0,212.8983784076835,0.0014122218987278,2.4605397747534856,10.415216578265806,15.416204266026991,-69.40011738564343,447.20458984375,136.328125
FRB20221101C,0,True,FRB20220912A,0,219.6421561342897,0.0010526598322232,0.6367390981622044,3.697792848244324,50.47614121157113,-151.49822042559722,472.74169921875,116.845703125
FRB20221101D,0,True,FRB20220912A,0,225.14785964058652,0.0049830863845942,0.4422799283776513,10.669968037900066,16.75824824609888,-13.650719151795826,739.34326171875,309.8388671875
FRB20221101E,0,True,FRB20181128A,0,446.4953001840496,0.0014265629587301,0.5761386272366441,6.8617706562478045,140.7197340629969,-230.92336912797504,542.73681640625,108.544921875
FRB20221101F,0,False,,0,285.6919495819916,0.0003840869267931,0.5402238103114646,1.6646810718462004,32.73923964495274,-63.87623458398957,517.10205078125,197.509765625
FRB20221102A,0,True,FRB20220912A,0,223.49664498666317,0.0056189663671123,0.3846638220655979,5.072207387533526,32.288539628591536,-103.87471226521431,467.49267578125,139.697265625
FRB20221102B,0,True,FRB20220912A,0,220.792495503135,0.0042490021367251,0.3880543204201739,8.076961077455016,248.52139676334076,-347.6123332219719,572.15576171875,93.212890625
FRB20221102B,1,True,FRB20220912A,0,220.792495503135,0.006205530851086,0.3880543204201739,8.076961077455016,134.77854684020062,-239.85183381141292,530.01708984375,104.00390625
FRB20221102B,2,True,FRB20220912A,0,220.792495503135,0.0059577084167709,0.3880543204201739,8.076961077455016,72.08679131353547,-183.6473772685418,486.97509765625,109.2529296875
FRB20221102B,3,True,FRB20220912A,0,220.792495503135,0.0017495888438395,0.3880543204201739,8.076961077455016,2.258464095621848,-36.29877734627272,412.82958984375,130.859375
FRB20221102B,4,True,FRB20220912A,0,220.792495503135,0.0020985983643463,0.3880543204201739,8.076961077455016,25.196310121995467,-138.22516221121904,438.39111328125,98.5595703125
FRB20221102C,0,True,FRB20220912A,0,220.7174664550235,0.0043045366084923,0.4160973282816091,3.7367233469207073,124.14129422638192,-166.73583209395645,580.70068359375,136.767578125
FRB20221102C,1,True,FRB20220912A,0,220.7174664550235,0.0036418013400811,0.4160973282816091,3.7367233469207073,50.94753868269318,-172.19439554642446,464.00146484375,107.51953125
FRB20221102D,0,True,FRB20220912A,0,219.6814111361126,0.0014332568879069,0.3953758058012857,1.9199067615569476,81.22623514530663,-224.77572081355436,479.45556640625,97.1923828125
FRB20221102E,0,False,,0,838.1921089744212,0.000839477563291,0.3551287155457898,0.9398587061064472,4.103139404996675,-29.132216346659757,429.38232421875,168.5791015625
FRB20221103A,0,False,,0,852.2643639535671,0.0017271422885896,0.6185539771048886,8.942411271362417,-3.5395837885822434,0.6081552100859746,400.20751953125,399.9755859375
FRB20221103B,0,True,FRB20220912A,0,219.7437623770253,0.0017858383739973,0.5085733805852345,1.8595562396784648,55.567407994864745,-168.4331165504782,471.96044921875,110.5712890625
FRB20221103C,0,True,FRB20220912A,0,219.6622252148356,0.018672788213032,0.2158348271612742,4.319912440283482,40.58862229239623,-83.83610854322218,509.80224609375,169.7265625
FRB20221103C,1,True,FRB20220912A,0,219.6622252148356,0.0039581001252026,0.2158348271612742,4.319912440283482,42.26901728520944,-179.9501248968962,450.06103515625,102.0263671875
FRB20221103D,0,True,FRB20220912A,0,220.051588239318,0.0023632630220868,0.287806230785952,1.351221223908141,48.77799470732968,-172.6515875716682,460.92529296875,106.6650390625
FRB20221103E,0,False,,0,684.4412974783945,0.0003325516216516,0.5361485437555542,1.6230437160976503,16.19757231434638,-55.185840752620216,463.46435546875,168.26171875
FRB20221104A,0,True,FRB20220912A,0,219.68661692503895,0.0008858985139203,0.6174377579233078,2.8181119688619845,94.62224140170214,-163.4446488331524,534.53369140625,127.1728515625
FRB20221104B,0,True,FRB20220912A,0,229.89126951518904,0.0222731846908934,0.5883202922507843,15.534036045755885,54.28602839735271,-55.31653117923252,653.69873046875,267.1142578125
FRB20221104C,0,True,FRB20220912A,0,221.3662426479891,0.0091751882929626,0.6178968832851658,4.441558158567132,48.84704555226577,-92.93533550386132,520.47119140625,164.501953125
FRB20221104D,0,True,FRB20220912A,0,219.43729372236768,0.0008677834446987,0.6427493831129921,2.5191862200799786,47.455824517392976,-176.2013942802011,457.87353515625,104.8828125
FRB20221104E,0,False,,0,1689.7727065443437,0.003358489628225,0.5939030961632099,9.661029753033064,-2.315909370011552,-3.445811669074049,400.20751953125,291.89453125
FRB20221104F,0,False,,0,1409.0795115279436,0.0021876561945429,0.5084516249663633,9.01051543573468,-0.1828294806709176,-18.2620272303377,400.20751953125,167.7490234375
FRB20221105A,0,False,,0,527.8980924535033,0.001049174837432,2.7957537010431186,21.50177504831581,40.37148301519428,-52.77578679819128,586.65771484375,246.826171875
FRB20221106B,0,True,FRB20220912A,0,219.5523721475709,0.0026905417571718,0.4390543907786847,2.9268223403696947,84.63555806225627,-275.95590317005093,466.51611328125,85.302734375
FRB20221106C,0,True,FRB20220912A,0,220.41562269875155,0.0014257885002419,0.3920329514352871,1.87740868946547,15.450484797721154,-41.87114914595006,481.28662109375,208.251953125
FRB20221106D,0,True,FRB20220912A,0,225.43321910681271,0.0060175756877472,0.3740258331660638,5.691926832878229,141.72187101961765,-122.09389292824088,715.02685546875,176.8798828125
FRB20221106E,0,True,FRB20220912A,0,223.4693965023897,0.0080499628434031,0.2793684363095141,2.4793779387240207,55.22187603821713,-169.0259444267336,471.20361328125,110.205078125
FRB20221106F,0,True,FRB20220912A,0,221.4869135174899,0.0031364503980204,0.3009127686511645,3.3903229935567185,48.34554282695525,-46.46379191027881,673.30322265625,261.23046875
FRB20221106G,0,True,FRB20220912A,0,219.636032052866,0.0003881779522508,0.2784347305215371,0.3058698650912082,27.95537675085641,-109.34127547976374,454.77294921875,125.5615234375
FRB20221106H,0,True,FRB20220912A,0,220.67991576074888,0.0072695562291027,0.4885730423619813,5.388908781128484,14.64342165823012,-64.88021574096497,448.01025390625,140.6494140625
FRB20221106I,0,False,,0,617.2092347412358,0.0004346087176672,1.4208877437744654,2.898510264280894,-0.2354838197835295,-1.491916079908867,400.20751953125,399.9755859375
FRB20221106J,0,False,,0,415.42267599597096,0.0009038536991742,5.105331298861648,15.634258001596812,21.526088402817813,-20.28888155542375,680.23681640625,314.4775390625
FRB20221107A,0,False,,0,2365.636635727952,0.0016605168159704,0.7051296235047743,3.3311978757185305,10.111203387895031,-10.558328655165656,645.98388671875,395.21484375
FRB20221107B,0,False,,0,480.1171622485681,0.0002660992907602,0.650038463694561,1.6177496617001468,-1.0391374149916843,-3.112774701691551,400.20751953125,399.9755859375
FRB20221107C,0,False,,0,1050.9871039875652,0.0014454424285033,0.5722755091393487,4.531248939632173,16.976527962531666,-50.36966528663026,473.64501953125,186.3525390625
FRB20221107D,0,False,,0,465.48690216266897,0.0019208945227606,0.662080457496717,5.30549679004495,18.60717069198512,-19.1882183644562,649.89013671875,340.5517578125
FRB20221107F,0,True,FRB20220912A,0,221.57537057493747,0.0063138624852501,0.3847030664593585,0.575906577810894,23.211714427643237,-58.69993000038682,487.68310546875,194.287109375
FRB20221107G,0,True,FRB20220912A,0,220.0799712249976,0.0041809624298605,0.2901432147466602,3.1812309876248244,34.09856814927996,-133.7982630843368,454.57763671875,118.0908203125
FRB20221107H,0,True,FRB20220912A,0,222.85929138640665,0.0062889731803563,0.4109553953338914,3.115042034594213,20.505497812843835,-38.730913308483935,521.47216796875,256.8115234375
FRB20221107J,0,False,,0,407.8938697256058,8.393549481074472e-05,0.828941204136908,3.1032235554333742,64.13549915321157,-198.65062291298293,470.30029296875,101.4404296875
FRB20221107K,0,False,,0,568.9466102741633,0.0001416889018129,1.2585668395083278,3.3504159020618407,2.8832303416639555,-6.614193938963858,497.66845703125,399.9755859375
FRB20221114A,0,True,FRB20220912A,0,221.28210873300344,0.0051966320271972,0.3573449364062591,3.71386140090526,43.59535613843214,-163.3347762474044,457.33642578125,108.837890625
FRB20221114B,0,True,FRB20220912A,0,220.06535760141392,0.0054620459427724,1.0063310248435806,11.74137741102009,77.11546179248569,-125.32355067439882,544.37255859375,147.998046875
FRB20221114B,1,True,FRB20220912A,0,220.06535760141392,0.0036115130942768,1.0063310248435806,11.74137741102009,36.75237965571811,-234.55834643889253,432.80029296875,77.6611328125
FRB20221114B,2,True,FRB20220912A,0,220.06535760141392,0.0023735477987338,1.0063310248435806,11.74137741102009,42.495204130085305,-187.06420066471887,448.32763671875,99.658203125
FRB20221114C,0,True,FRB20220912A,0,220.25915031151945,0.0019216892357878,0.4269618842330836,2.2460584200980347,201.93883364803875,-175.9703143160141,710.33935546875,162.841796875
FRB20221114D,0,False,,0,140.36104496743204,0.0029023810975619,0.6692584795216624,7.36008675627678,9.791775562749786,-103.2776993573307,419.61669921875,86.9873046875
FRB20221114E,0,False,,0,810.8821072711302,0.0008525811923519,0.8101575227757184,2.886600500053421,3.702122693114943,-7.034762827525172,520.64208984375,399.9755859375
FRB20221115F,0,True,FRB20220912A,0,219.4818242871124,0.000312634097651,0.4682190498501361,1.7414426664201283,56.70569058660107,-163.6829552356484,475.89111328125,113.134765625
FRB20221115B,0,True,FRB20220912A,0,220.15011830275893,0.0021428591254833,0.7370125702775912,4.268259787612972,44.87755452114758,-105.46361312551808,495.08056640625,146.8017578125
FRB20221115B,1,True,FRB20220912A,0,220.15011830275893,0.0018176700005544,0.7370125702775912,4.268259787612972,72.44814378915952,-254.44033570324424,461.41357421875,87.890625
FRB20221115C,0,True,FRB20180916B,0,349.6075780210626,0.0016947367378499,0.3772549423456651,1.4185451820465438,27.422084258254305,-78.51701272508737,476.55029296875,164.013671875
FRB20221115D,0,True,FRB20180916B,0,349.24046397096004,0.0011904992338286,0.9915558782466066,3.369346614279006,82.87470843150467,-176.33338523061332,506.21337890625,115.91796875
FRB20221116B,0,False,,0,651.8757505894454,0.0002140351298493,2.2906882282389947,8.811824567651637,4.605385796567644,-10.607222552800325,497.22900390625,392.08984375
FRB20221116J,0,True,FRB20220912A,0,225.1166412512063,0.0072808048781108,0.4857628710630478,10.046946067755403,136.82421886288958,-197.1666338959691,566.19873046875,122.5830078125
FRB20221116J,1,True,FRB20220912A,0,225.1166412512063,0.0095877718400091,0.4857628710630478,10.046946067755403,45.3897019901562,-106.0155262689404,495.71533203125,146.6064453125
FRB20221116J,2,True,FRB20220912A,0,225.1166412512063,0.0044769554727831,0.4857628710630478,10.046946067755403,105.19114040214208,-543.0179860616719,440.90576171875,57.421875
FRB20221116C,0,True,FRB20220912A,0,226.27721597141607,0.0049979130461862,0.2502971095665561,1.3948297542813477,171.20984331698295,-155.29153963943185,694.51904296875,169.53125
FRB20221116D,0,True,FRB20220912A,0,222.0251000727382,0.0026023843839943,0.3963304300836688,2.941665346164493,31.271648145759112,-31.915133433361653,653.18603515625,300.830078125
FRB20221116F,0,True,FRB20220912A,0,219.54198194994316,0.0022725461532659,4.686751017653559,123.83905352999948,141.424867890156,-125.59060174136631,702.74658203125,186.42578125
FRB20221116F,1,True,FRB20220912A,0,219.54198194994316,0.0025170142339366,4.686751017653559,123.83905352999948,93.52142309447876,-94.128039297397,657.67822265625,206.54296875
FRB20221116F,2,True,FRB20220912A,0,219.54198194994316,0.0051676827589088,4.686751017653559,123.83905352999948,112.73398205371277,-128.6894448137605,620.15380859375,166.3818359375
FRB20221116F,3,True,FRB20220912A,0,219.54198194994316,0.0009832726287542,4.686751017653559,123.83905352999948,89.2348608202025,-113.12485669923656,593.68896484375,169.970703125
FRB20221116F,4,True,FRB20220912A,0,219.54198194994316,0.0014243398461947,4.686751017653559,123.83905352999948,134.8423982139387,-161.3928157222549,607.70263671875,145.5078125
FRB20221116F,5,True,FRB20220912A,0,219.54198194994316,0.0019828295025295,4.686751017653559,123.83905352999948,120.8357852997416,-162.27788283184324,580.72509765625,138.6474609375
FRB20221116F,6,True,FRB20220912A,0,219.54198194994316,0.0010370506550018,4.686751017653559,123.83905352999948,114.09191808605408,-176.4338330978783,552.96630859375,126.5869140625
FRB20221116G,0,False,,0,583.0205643892353,0.0007253712290701,0.8628241892475703,2.608150837478371,9.63681195667692,-11.479306995464468,608.92333984375,399.9755859375
FRB20221116H,0,False,,0,827.8759446364256,0.0014020363692781,1.6633682513185053,6.308174443309239,2.108552137510427,-8.988722520640062,449.98779296875,346.2646484375
FRB20221117A,0,False,,0,1315.8650319696535,0.0002585857013351,0.6616096103608301,2.3602076765561923,0.954950895677569,-12.700662061811624,415.51513671875,235.8642578125
FRB20221117C,0,False,,0,596.3743653928478,0.001185895370896,2.8800950530039184,19.40912235010711,8.701522863233937,-11.692364338821264,580.60302734375,399.9755859375
FRB20221117J,0,True,FRB20220912A,0,219.5625014426075,0.0005966288386289,1.670877372719148,6.330474575065992,48.01722805938317,-136.45803291437673,477.18505859375,124.31640625
FRB20221117E,0,True,FRB20220912A,0,221.4870509343704,0.0060580909945618,0.4922663958250667,6.495966457312854,116.99838614697144,-113.04158936005116,671.44775390625,192.28515625
FRB20221117F,0,True,FRB20220912A,0,221.5294195751666,0.00446553517536,0.4217473336968999,4.5854983380752055,40.61415986634693,-157.1644033705253,455.38330078125,110.498046875
FRB20221117G,0,True,FRB20220912A,0,223.57550567801505,0.0030272123111212,0.4423062631341645,2.9251880058941477,707.8563919152967,-578.7206455446442,737.68310546875,93.0908203125
FRB20221117H,0,True,FRB20220912A,0,220.9309675424697,0.0034315536718583,0.4022577432996718,2.116875293267786,17.337931931362036,-32.32680776766412,523.27880859375,282.6171875
FRB20221117I,0,True,FRB20220912A,0,219.67372160303037,0.001085072264703,1.276444856728659,6.689911803882382,34.362147624142466,-119.19182208892974,462.24365234375,128.8818359375
FRB20221117I,1,True,FRB20220912A,0,219.67372160303037,0.001413529160935,1.276444856728659,6.689911803882382,33.81824464285515,-191.4160127653067,437.14599609375,87.6220703125
FRB20221118A,0,True,FRB20220912A,0,227.0550587171522,0.0058830066147422,0.5601937385648073,8.195040097339845,133.60106496434113,-104.52481496324285,758.26416015625,146.484375
FRB20221118B,0,True,FRB20220912A,0,219.84555110371664,0.0011324530344372,0.8729304149376449,3.071135355380936,54.61221839472482,-167.13158863816926,471.22802734375,110.83984375
FRB20221129A,0,True,FRB20220912A,0,219.89311702023085,0.0037868809763256,0.5447094755439745,7.920759473317422,91.01586731210232,-201.91628882893872,501.35498046875,107.2509765625
FRB20221129A,1,True,FRB20220912A,0,219.89311702023085,0.0037444252741938,0.5447094755439745,7.920759473317422,521.6962243257874,-772.4683690458419,560.94970703125,61.2548828125
FRB20221129A,2,True,FRB20220912A,0,219.89311702023085,0.0041739702871067,0.5447094755439745,7.920759473317422,24.65544176967416,-53.59905378244804,503.67431640625,210.25390625
FRB20221129B,0,True,FRB20220912A,0,222.938287815671,0.0048690046242454,0.4039155706976357,6.1488871856076095,20.69555964773541,-29.8647402619556,565.90576171875,318.310546875
FRB20221129B,1,True,FRB20220912A,0,222.938287815671,0.0027737463187025,0.4039155706976357,6.1488871856076095,215.38471991555485,-189.6079293383476,706.21337890625,155.95703125
FRB20221129B,2,True,FRB20220912A,0,222.938287815671,0.0064480056227543,0.4039155706976357,6.1488871856076095,5.505317122854599,-8.844832830738472,546.30126953125,399.9755859375
FRB20221129C,0,True,FRB20220912A,0,220.8699379412581,0.0044940938242217,0.3563089310436479,3.900783764977697,90.294153787148,-303.1458512256411,464.46533203125,81.0302734375
FRB20221129E,0,False,,0,2293.123518284183,0.0011002836210776,0.2835745488342703,5.3990330962758,-0.5377951395390249,-2.7193531070098373,400.20751953125,399.9755859375
FRB20221130A,0,True,FRB20220912A,0,223.15614571196969,0.007783666577449,0.3701075505625735,4.868463847425318,28.368886037644927,-44.7135825164528,549.59716796875,251.5625
FRB20221130B,0,True,FRB20220912A,0,224.63457345451084,0.0094436575967357,0.3343699851053226,7.017761527524453,115.73864914750156,-284.92955146210954,490.31982421875,88.232421875
FRB20221130C,0,False,,0,723.3403791042762,0.0002235983898035,1.0920178061542696,2.9251321060895914,34.712610207168325,-77.1023871586144,501.23291015625,174.072265625
FRB20221130D,0,True,FRB20190208A,0,579.8452033536885,0.0006968909057937,0.4172371086525436,2.590221868758872,98.7008788990348,-145.6582580601308,561.58447265625,141.552734375
FRB20221130D,1,True,FRB20190208A,0,579.8452033536885,0.0008329984382601,0.4172371086525436,2.590221868758872,212.7201046657588,-409.3155846135341,518.95751953125,77.9052734375
FRB20221130D,2,True,FRB20190208A,0,579.8452033536885,0.001410848448546,0.4172371086525436,2.590221868758872,21.311546614666817,-64.88748776580215,471.61865234375,169.1650390625
FRB20221201B,0,True,FRB20220912A,0,222.7233360568381,0.007704910147831,0.4352933405925939,7.121349545413184,25.817048007217007,-73.3372501906514,477.20947265625,169.5068359375
FRB20221201C,0,True,FRB20220912A,0,222.24669292584372,0.0048276805756466,0.3595569318315464,2.178726516938383,22.06873355661175,-51.68077881211475,495.44677734375,210.693359375
FRB20221201D,0,True,FRB20220912A,0,221.12934693409173,0.0045656002186991,0.4126972772547438,4.219362797065265,28.47724599416176,-87.69338775660879,470.73974609375,153.22265625
FRB20221201E,0,False,,0,462.1201945970211,0.0003808328711433,0.7165101645549298,1.0909399192432645,-1.828542724108179,-4.90971026705789,400.20751953125,275.2685546875
FRB20221201A,0,False,,0,332.9066307119756,0.0024362357365786,5.333678298910691,33.92895070438712,-2.122099420000126,-1.4218996624873652,400.20751953125,399.9755859375
FRB20221202A,0,True,FRB20220912A,0,219.29216765471585,0.0028855026407459,0.4290628200611147,2.3838067920377464,2004.6936465465817,-1904.138761122805,677.45361328125,47.0947265625
FRB20221202A,1,True,FRB20220912A,0,219.29216765471585,0.0003574467913705,0.4290628200611147,2.3838067920377464,1134.4151493720472,-1090.6258362246406,673.18115234375,61.8408203125
FRB20221202B,0,True,FRB20220912A,0,219.73198378004463,0.0021576913290024,0.9948800003558655,6.56741204036468,32.49397299619608,-188.92287027563003,436.14501953125,86.81640625
FRB20221202C,0,True,FRB20220912A,0,219.6132376103217,0.0005501272929025,0.6131446698335241,1.318135310478605,65.6254012024429,-327.62392906576275,442.34619140625,74.21875
FRB20221202D,0,False,,0,957.86875139037,4.902719270863398e-06,0.5814244203628747,1.508115641598271,1.60594129577101,-6.744930848919848,450.79345703125,399.9755859375
FRB20221202E,0,False,,0,753.6540643689174,0.0028473992428358,0.3774835948378666,2.920039692594827,-2.793326663868738,-1.1002806907063944,400.20751953125,370.3857421875
FRB20221202F,0,False,,0,718.2305467531544,0.0018642674819947,0.5913809738280688,3.394305092697774,2.51205483947183,-12.853397080303118,441.27197265625,273.583984375
FRB20221203C,0,True,FRB20220912A,0,221.70032324064985,0.0048893236826012,0.4718585486717135,4.793634593449736,277.9316247642213,-277.3340024794557,660.51025390625,120.5078125
FRB20221203D,0,True,FRB20220912A,0,221.25065214132124,0.0042574058196393,0.3428205039663353,1.7592572315038877,65.39187957704335,-158.52702303836574,491.85791015625,118.8232421875
FRB20221203D,1,True,FRB20220912A,0,221.25065214132124,0.0049911859037101,0.3428205039663353,1.7592572315038877,51.88487795789834,-111.69861576202108,504.82177734375,145.4345703125
FRB20221203E,0,True,FRB20220912A,0,221.9530282145951,0.0053576872422919,0.4051690175350931,3.8909918164897648,65.61193331700805,-148.72588569819126,498.96240234375,124.4873046875
FRB20221203F,0,True,FRB20220912A,0,220.33547031432997,0.0064068165271663,0.4240152384763277,2.810589746441269,34.54220737789452,-127.61189766437558,458.19091796875,123.4375
FRB20221203G,0,True,FRB20220912A,0,220.1030434827531,0.0033622138209493,0.4481684480023951,2.048517063323688,39.861419287007855,-91.91075041608144,497.10693359375,157.9833984375
FRB20221203H,0,True,FRB20220912A,0,221.7629164554205,0.0050646626937795,0.2943124140157047,3.856603677447761,36.05021645266197,-143.53035539502554,453.74755859375,114.794921875
FRB20221203I,0,True,FRB20220912A,0,220.5612546723518,0.0060859231424185,0.394443529569242,2.657028752389434,42.87327723802157,-107.25860432301248,488.73291015625,143.701171875
FRB20221203J,0,True,FRB20220912A,0,221.057272691926,0.0063940698080248,0.3930032465548024,2.853703882813205,33.28077751529776,-89.05087388091876,482.40966796875,155.7861328125
FRB20221203J,1,True,FRB20220912A,0,221.057272691926,0.0040749169484832,0.3930032465548024,2.853703882813205,23.86572061051577,-155.6868565292856,432.06787109375,87.7197265625
FRB20221203J,2,True,FRB20220912A,0,221.057272691926,0.003896346606919,0.3930032465548024,2.853703882813205,59.97130863797359,-236.7015440781164,454.23583984375,89.7216796875
FRB20221203K,0,True,FRB20220912A,0,222.1882840956729,0.0060120748169395,0.389770105744787,9.000138284417693,34.46809582704512,-109.48374380344056,468.42041015625,136.328125
FRB20221203K,1,True,FRB20220912A,0,222.1882840956729,0.005792812320053,0.389770105744787,9.000138284417693,66.55191779777354,-194.46927774499773,474.89013671875,103.515625
FRB20221203K,2,True,FRB20220912A,0,222.1882840956729,0.0049733702469209,0.389770105744787,9.000138284417693,31.417197014791707,-55.37409528251829,531.45751953125,218.2373046875
FRB20221203L,0,True,FRB20220912A,0,223.03019994909377,0.0066514020264938,0.5239376729121169,7.233120414093436,19.29796661778761,-49.85645313479317,485.65673828125,201.85546875
FRB20221203M,0,True,FRB20220912A,0,223.7443539709264,0.0097591381172665,0.2346720308296163,1.0997345468159492,49.86688937292954,-211.17394508609397,450.35400390625,94.2138671875
FRB20221203N,0,False,,0,1271.694169599686,0.0004328842562983,1.1179582657547862,3.63248006617217,0.7519667565207168,-9.241111305652892,416.80908203125,286.42578125
FRB20221203O,0,False,,0,679.496984334395,0.0002147033818113,0.731053714429202,1.7485220556201968,19.934413168458093,-72.89396533412413,458.82568359375,147.8515625
FRB20221204A,0,True,FRB20220912A,0,222.63271439851292,0.0063121634622235,0.3645831295904379,2.7551243151157725,46.535979343756246,-67.78843714335419,564.07470703125,209.08203125
FRB20221204B,0,True,FRB20220912A,0,219.61521773286847,0.0020882676211076,0.4868499623780234,3.126501706160994,36.451165191570446,-131.4832578997254,459.70458984375,121.9970703125
FRB20221204D,0,True,FRB20220912A,0,221.38287927571105,0.0046598791507679,0.2853084717025597,3.170817214377609,-0.50919450598057,-3.540468608803744,400.20751953125,399.9755859375
FRB20221204F,0,True,FRB20190303A,0,222.2058456506203,0.0020505204365019,1.0470683657316189,9.682793191844183,93.412163588601,-127.6121547081556,577.06298828125,155.46875
FRB20221204G,0,False,,0,1217.57289706313,0.0007146206232682,1.3209337189770696,7.913749396018808,4.164309118169964,-13.80357415351787,465.34423828125,299.8779296875
FRB20221205K,0,True,FRB20220912A,0,219.65214838318343,0.0008228450276844,0.604917815364804,1.563837736040432,60.22617736833336,-226.94833304642285,456.97021484375,92.2119140625
FRB20221205B,0,True,FRB20220912A,0,223.58094285416897,0.0043971705378029,0.6966103098062612,13.083047225169462,137.20285235727863,-157.20623227051945,619.12841796875,150.2197265625
FRB20221205B,1,True,FRB20220912A,0,223.58094285416897,0.0052611776614536,0.6966103098062612,13.083047225169462,24.786426073293143,-31.460986968319315,593.39599609375,324.9755859375
FRB20221205C,0,True,FRB20220912A,0,226.61483286095967,0.0046651603378866,0.3699824791095862,2.135168857172225,414.64182973949056,-341.4024314899607,734.50927734375,120.751953125
FRB20221205D,0,True,FRB20220912A,0,224.381696881358,0.0103091549099943,0.3967407205177096,3.945742207864704,30.915532076848407,-131.6323089933415,450.06103515625,113.4765625
FRB20221205E,0,True,FRB20220912A,0,222.51472873569608,0.0064942407322681,0.2807935756550275,0.5841207466161437,18.72761676537359,-69.50780649394582,457.89794921875,149.0966796875
FRB20221205F,0,True,FRB20220912A,0,219.4497975013082,0.0105070405166041,0.5822704128070362,14.606499463920652,68.98383718852939,-66.22070954769642,673.71826171875,241.064453125
FRB20221205F,1,True,FRB20220912A,0,219.4497975013082,0.0014000010383769,0.5822704128070362,14.606499463920652,-2.4424048815198227,-0.7899283347396076,400.20751953125,399.9755859375
FRB20221205G,0,True,FRB20220912A,0,221.06908200152895,0.0028403716798405,0.5960899950467075,11.870542827309286,50.58160293582488,-47.720809178185256,679.89501953125,254.3701171875
FRB20221205G,1,True,FRB20220912A,0,221.06908200152895,0.0087292165521225,0.5960899950467075,11.870542827309286,364.2171621935042,-288.86737989595787,751.72119140625,112.646484375
FRB20221205H,0,True,FRB20220912A,0,222.14860391148272,0.0092637703631303,0.3633289090289283,4.412149976836343,16.71254056598901,-77.63385905231564,445.66650390625,129.2236328125
FRB20221205I,0,True,FRB20220912A,0,219.7976531124485,0.0009127374417318,0.4841852602907622,1.4529983011224976,56.24706186410673,-162.92283600870755,475.59814453125,113.330078125
FRB20221206A,0,True,FRB20220912A,0,222.05402416248683,0.0076725487775127,0.522298548712827,6.562830543793377,80.57230497388666,-145.2071103677822,528.16162109375,133.3251953125
FRB20221206A,1,True,FRB20220912A,0,222.05402416248683,0.005348052894944,0.522298548712827,6.562830543793377,0.8139393102758906,-55.01406441269919,403.16162109375,94.482421875
FRB20221206B,0,True,FRB20220912A,0,220.10484206652964,0.0019914421484957,0.3931243446736607,0.9693123616442,56.49890750408438,-180.57609896188637,467.95654296875,105.8837890625
FRB20221206C,0,True,FRB20220912A,0,219.8606711509388,0.0012933183055655,0.6650572342237574,2.60981830708782,137.44519741347278,-125.85108020858678,690.90576171875,187.451171875
FRB20221206D,0,True,FRB20220912A,0,226.22417008394163,0.0088920759452183,0.4832289400981072,7.37412322914067,50.87035643781355,-91.19656325258384,528.94287109375,168.7744140625
FRB20221206E,0,True,FRB20220912A,0,221.28282759520548,0.0030093826374796,0.3915103799152186,5.678584563277192,404.49285649303823,-321.1657187711616,751.20849609375,109.9609375
FRB20221206E,1,True,FRB20220912A,0,221.28282759520548,0.0033681200253772,0.3915103799152186,5.678584563277192,81.82985113588896,-98.1123566863256,607.26318359375,186.767578125
FRB20221206E,2,True,FRB20220912A,0,221.28282759520548,0.0040998405052131,0.3915103799152186,5.678584563277192,10.421152611816895,-30.984735344686168,473.47412109375,221.6552734375
FRB20221206F,0,True,FRB20220912A,0,219.7487622503471,0.0014846717195638,0.4910357974932886,2.007438421893661,37.63783238878462,-178.17722638936422,444.78759765625,98.095703125
FRB20221206G,0,False,,0,1026.6699985702032,0.0014428884713357,0.4113144668768168,1.3888788357171784,25.69200615107025,-45.96644164773691,529.23583984375,238.8671875
FRB20221206H,0,False,,0,366.3570015851688,0.0003061163344037,2.83393336537575,6.110744509417312,13.645302265403403,-85.34536940552891,433.50830078125,110.6689453125
FRB20221206I,0,False,,0,707.0632946550691,0.0004734549510591,5.122874257024521,20.082013037814427,2.0838331860888237,-3.1003465857771424,560.04638671875,399.9755859375
FRB20221206I,1,False,,0,707.0632946550691,0.0010470353621286,5.122874257024521,20.082013037814427,0.2612885142341153,-1.8223907165836133,429.94384765625,399.9755859375
FRB20221207A,0,False,,0,459.9691474127529,0.0012126507088449,0.6115306409293123,3.645584159538324,29.60015460033996,-283.0340885028283,421.66748046875,61.2548828125
FRB20221207B,0,True,FRB20220912A,0,228.0234889055357,0.0091529775415643,0.533956666582715,5.023616474539587,57.02661522937058,-50.53614461700554,703.57666015625,231.8359375
FRB20221207C,0,True,FRB20220912A,0,224.28747473713676,0.004512402147208,0.4535396617677805,4.8217010066795565,153.71240028237824,-129.46462320503085,724.59716796875,166.0400390625
FRB20221207D,0,True,FRB20220529A,0,245.9135616991226,0.0013348804047063,0.6953480921167141,1.121557071779386,84.49370280720525,-169.8152057030686,513.24462890625,119.775390625
FRB20221207E,0,True,FRB20190907A,0,309.6595216156716,0.0007461117051293,0.4681043234406834,4.589091154621161,25.52841132644305,-85.53029136222996,464.61181640625,147.216796875
FRB20221207E,1,True,FRB20190907A,0,309.6595216156716,0.001219927523661,0.4681043234406834,4.589091154621161,35.9663898012561,-155.52533178855484,449.25537109375,107.1533203125
FRB20221207E,2,True,FRB20190907A,0,309.6595216156716,0.000122958846087,0.4681043234406834,4.589091154621161,27.540794719770638,-200.91938209617567,428.57666015625,76.7822265625
FRB20221208D,0,False,,0,260.93637186860826,0.0001236894858731,1.2817616459589034,2.838978102836512,7.444840778443988,-25.63610670675643,462.73193359375,224.21875
FRB20221208E,0,False,,0,302.74935724331715,0.0003711805577273,2.1793724470690283,5.839465498269983,-0.6606361122227584,-9.02644693465452,400.20751953125,239.9658203125
FRB20221209B,0,False,,0,398.4457029141796,0.0003155691509398,1.1010953474171636,2.3672912271926188,-0.2179003632049741,-4.8609629316961005,400.20751953125,378.8818359375
FRB20221209C,0,False,,0,161.67867931688457,0.0002006180859827,1.208257674964055,2.799461457550701,-0.1533138178934652,-9.601206437636923,400.20751953125,247.6806640625
FRB20221209D,0,False,,0,272.4057807636843,0.004065085456444,1.037382523004591,24.813314334270125,-0.3411852771687047,-2.915848687983939,400.20751953125,399.9755859375
FRB20221209A,0,False,,0,792.5169658091812,0.0002104932379819,5.056135644107809,17.367252230290767,14.145651726737082,-72.7185755525329,441.07666015625,126.7578125
FRB20221210A,0,False,,0,1012.8457524939272,9.24043881327932e-05,0.1086428961279229,1.082480575788081,2.996021851138176,-16.34640786451803,438.61083984375,238.134765625
FRB20221210B,0,True,FRB20220912A,0,224.38061661235344,0.0112960172434883,0.3175589439740303,1.899605219491275,47.48339162214659,-117.48871240414393,489.80712890625,137.5732421875
FRB20221210D,0,False,,0,319.804345481163,0.0001543266422465,1.984145199145262,4.278204363375127,1.4959673820180723,-9.803738599027394,431.92138671875,301.0498046875
FRB20221210E,0,True,FRB20220912A,0,222.65923006954336,0.008500901679476,0.6167684090453268,19.21585186945378,109.3654782712854,-188.83095672588456,534.60693359375,118.2861328125
FRB20221210E,1,True,FRB20220912A,0,222.65923006954336,0.0058902269030395,0.6167684090453268,19.21585186945378,104.93315917937008,-223.38742983451309,506.14013671875,102.9296875
FRB20221210E,2,True,FRB20220912A,0,222.65923006954336,0.0099847724773943,0.6167684090453268,19.21585186945378,50.75150187665856,-164.96214088165485,466.73583984375,110.5224609375
FRB20221210F,0,False,,0,251.2544295995257,0.0012236448919195,1.2234027512405024,2.258892995456887,-5.131159472470897,4.752814512535039,400.20751953125,399.9755859375
FRB20221210G,0,True,FRB20220529A,0,245.86998993131468,0.0007068831478601,0.9081064197452808,3.6888985580907967,41.47746521588269,-104.39175788550304,488.14697265625,145.5078125
FRB20221210H,0,False,,0,1078.8972720759127,0.0001233020065801,0.6304344514508174,2.136936867733356,-4.704470063223743,1.8273969251465327,400.20751953125,371.9970703125
FRB20221210I,0,False,,0,266.5216533161388,0.0002955313782322,1.246879127768105,4.03337305881193,9.676359908625551,-12.856427050243983,583.04443359375,399.9755859375
FRB20221210I,1,False,,0,266.5216533161388,0.0008878569341984,1.246879127768105,4.03337305881193,9.899111717430657,-21.658139356245467,502.94189453125,296.6064453125
FRB20221210J,0,False,,0,656.536395041784,0.000778157378714,0.4067502190374996,1.6338008176108216,5.412830129940036,-31.815772467767214,435.72998046875,170.01953125
FRB20221211A,0,True,FRB20220912A,0,222.88425772742335,0.0053377168051318,0.5816821772022249,8.627783257014665,38.540908633126506,-85.17547354218097,501.79443359375,165.7470703125
FRB20221211B,0,True,FRB20220912A,0,222.08121327592133,0.0072602818517558,0.2755942661469367,1.8461753586449392,44.99613232171188,-145.65255408517987,467.02880859375,117.724609375
FRB20221211C,0,True,FRB20220912A,0,222.879927722825,0.0107794524178247,0.476993433634671,5.808838157676837,63.83549705444366,-227.049688194842,460.60791015625,92.8955078125
FRB20221211D,0,False,,0,350.76902516091576,0.0003042190746759,1.2189843186219802,3.451425915690765,36.85030684583275,-66.88374877560608,527.11181640625,196.7041015625
FRB20221211E,0,False,,0,1178.4706191341782,0.000347199157437,5.125171482751244,14.7384185026522,0.9280322889034404,-5.666486103319023,434.33837890625,399.9755859375
FRB20221213A,0,False,,0,328.6413264362104,0.00033247909367,2.141273659321591,7.257348779271194,12.058690671581097,-67.70707578703453,437.46337890625,125.830078125
FRB20221213B,0,True,FRB20220912A,0,224.3155949706365,0.0125597891896529,0.4944109699227815,5.560062612427138,35.79557349407485,-281.554812408423,426.45263671875,66.6015625
FRB20221213C,0,True,FRB20220912A,0,220.97138671096016,0.0019957640138918,0.4317379814498617,2.108517348801718,42.89107700098603,-132.0300254167178,470.76416015625,124.6826171875
FRB20221213D,0,True,FRB20220912A,0,222.6921860334826,0.004628315532072,0.5587816047837914,2.485727840876556,30.983557740946363,-57.61459251280665,523.66943359375,210.7421875
FRB20221213E,0,True,FRB20220912A,0,220.96202477180964,0.0066389066882903,0.6064466156318683,9.741504027745416,51.32147897430698,-179.19991456647267,461.80419921875,104.8828125
FRB20221213G,0,False,,0,352.5021852332102,0.0003598725330135,1.3912074254598592,3.5775020039763867,12.44795418954542,-71.30048800593059,436.70654296875,122.4609375
FRB20221213H,0,True,FRB20190224D,0,748.6084102550136,0.0008428495346126,2.030079294940737,5.228974086016265,1.6832429202897463,-11.470843989487696,430.65185546875,273.876953125
FRB20221213I,0,False,,0,469.6606217771754,0.0005980783011694,1.7197453715431754,6.508611369536865,2.2499354972519607,-6.84903403504714,471.64306640625,399.9755859375
FRB20221214A,0,True,FRB20220912A,0,222.2640883073753,0.0073199604809535,0.3933875164295358,2.8245859259358896,40.095317263578735,-204.037457583446,441.51611328125,90.771484375
FRB20221215A,0,True,FRB20220912A,0,219.81317493076895,0.001231302827963,0.6258167881746575,4.382564409741111,92.13847275798268,-491.1396650610994,439.56298828125,60.205078125
FRB20221215A,1,True,FRB20220912A,0,219.81317493076895,0.0014839424015939,0.6258167881746575,4.382564409741111,50.63481527688257,-365.81389511729225,428.86962890625,64.0625
FRB20221215B,0,True,FRB20220912A,0,220.93186810363525,0.0043485458332694,0.4116330190100726,0.5548400886056879,18.3250719571901,-288.85726456160813,413.09814453125,51.4404296875
FRB20221215C,0,True,FRB20220912A,0,221.6932156368679,0.0053895242206111,0.442976697485674,1.2755119324316058,38.97191356891676,-145.71121454942983,457.45849609375,115.283203125
FRB20221215D,0,True,FRB20220912A,0,220.7647973903141,0.0048329007998549,0.3963517215782597,1.9356197756314284,59.19644939537212,-145.4876241401931,490.49072265625,123.73046875
FRB20221215E,0,True,FRB20220912A,0,222.3612942573353,0.0068094430079018,0.5839648574601601,6.465621922234629,33.86526622254556,-85.23130698228486,488.14697265625,161.1572265625
FRB20221215F,0,False,,0,231.97404815053423,0.0003199102860721,1.8715508900060676,3.8901646031576615,0.4396634728314429,-10.343739575729378,408.80126953125,255.029296875
FRB20221215G,0,True,FRB20180916B,0,349.3294871273434,0.0015527345348817,1.2958363766466925,6.844158851291084,24.42437872208684,-162.38372920445394,431.45751953125,85.791015625
FRB20221215H,0,False,,0,271.66594780850863,0.0002170473240279,13.392683408872324,44.452190910442965,-2.927132049705634,-16.268826596894122,400.20751953125,138.3056640625
FRB20221215H,1,False,,0,271.66594780850863,0.0003997898239777,13.392683408872324,44.452190910442965,1.4421353219395177,-15.190630526508183,419.64111328125,219.189453125
FRB20221215J,0,False,,0,749.9296470520319,0.0006240632712462,2.5918213973649578,14.133625097344666,43.67108686138064,-70.12379529979528,546.39892578125,199.072265625
FRB20221216A,0,True,FRB20220912A,0,222.02483245719927,0.0054682999614584,0.6638850401136994,7.78294160380334,94.5892748604146,-163.9247887488419,534.04541015625,126.8798828125
FRB20221216A,1,True,FRB20220912A,0,222.02483245719927,0.0069653109416035,0.6638850401136994,7.78294160380334,28.15150062825532,-79.65019939043802,477.55126953125,163.1591796875
FRB20221216B,0,True,FRB20220912A,0,219.54301078728145,0.0046390063184952,1.3908891049111842,28.225260731116897,85.276757375777,-248.3568685242609,475.15869140625,91.6015625
FRB20221216B,1,True,FRB20220912A,0,219.54301078728145,0.0054138983782308,1.3908891049111842,28.225260731116897,57.71417707801879,-233.8786447575618,452.74658203125,89.9658203125
FRB20221216C,0,False,,0,469.0472013806656,0.0003300620960883,1.772795025352433,3.735435368954067,2.8323737622924496,-4.994142374709338,531.40869140625,399.9755859375
FRB20221216D,0,True,FRB20220529A,0,245.8591926529491,0.000520909554229,2.358980010809917,5.575888607829503,55.56411325762027,-69.7620672588583,595.95947265625,217.7001953125
FRB20221216E,0,False,,0,470.4244248640227,0.000700677067627,0.7176597667179929,1.3701203896905467,3.250000466844987,-10.225104199457077,469.12841796875,353.80859375
FRB20221216F,0,False,,0,553.9251476207556,0.0002563506738151,0.6875076820602897,1.480900119582773,-4.795344726793679,0.6113793002689448,400.20751953125,268.798828125
FRB20221217B,0,True,FRB20220912A,0,223.8004123256244,0.008950499521784,0.8535798634348702,12.407179416944317,46.20135535014058,-64.06186258071332,573.96240234375,218.9208984375
FRB20221217C,0,True,FRB20220912A,0,220.7977752787027,0.005684167013738,0.4708365628568736,8.202579933236505,45.87151633196783,-220.53938247282127,444.05517578125,90.869140625
FRB20221217C,1,True,FRB20220912A,0,220.7977752787027,0.0050241291943899,0.4708365628568736,8.202579933236505,41.71287288134617,-314.81785996585825,427.60009765625,65.576171875
FRB20221217D,0,False,,0,597.279462597051,0.0001920553939903,0.8127860452553984,1.3917666876070038,-1.8932166562671235,-6.4669710072589925,400.20751953125,238.818359375
FRB20221218A,0,True,FRB20220912A,0,225.09578652599225,0.0089184576863463,0.3508659005343875,3.921550337737039,76.6611235327056,-139.58563019613288,526.64794921875,135.6201171875
FRB20221218B,0,True,FRB20220912A,0,219.63637547325047,0.0002103683778518,1.1256835451675986,2.449936224502816,47.59710497216096,-193.99173616887836,452.42919921875,98.7548828125
FRB20221218C,0,False,,0,372.080252618493,0.0004085428745291,0.8696137417912023,1.8937335382390168,8.743833253136033,-68.45581324958067,426.59912109375,112.2314453125
FRB20221219B,0,True,FRB20220912A,0,223.10506514660452,0.006808800017319,0.3617569193158556,3.483759659943855,23.23044985669876,-140.69324938069454,434.63134765625,93.7255859375
FRB20221219C,0,True,FRB20220912A,0,223.4408705796754,0.0088058193262328,0.5233078638118737,1.242400157473119,12.262066469694126,-47.306275464598514,455.57861328125,167.822265625
FRB20221219D,0,True,FRB20220912A,0,220.87640186173363,0.0118329764030794,0.3783541468694991,3.7355378764603353,-21.72752915386075,26.10701968953856,400.20751953125,53.125
FRB20221219E,0,True,FRB20220912A,0,220.08296820570945,0.0062261901931762,0.931261617110873,9.981644749186446,38.60416920011846,-196.12349194468288,441.58935546875,91.89453125
FRB20221219E,1,True,FRB20220912A,0,220.08296820570945,0.0036496626520038,0.931261617110873,9.981644749186446,60.57264073371426,-189.61058959246895,469.49462890625,103.662109375
FRB20221219F,0,False,,0,911.3049197490224,0.0016318519811722,0.760515117310111,3.19391425695443,3.25055945851881,-14.88194076885626,446.37451171875,261.279296875
FRB20221220A,0,True,FRB20220912A,0,221.42024889407952,0.0041728638695041,0.4671453032141907,5.957152046155919,54.1588549216652,-93.60353414659748,534.46044921875,168.310546875
FRB20221220B,0,True,FRB20220912A,0,222.7172286410738,0.0074632365535181,0.4981019069361073,2.828000866413313,22.83894738122437,-35.48166152054293,552.13623046875,284.326171875
FRB20221220C,0,True,FRB20220912A,0,221.15240693812,0.0046187881138785,0.7375749343443082,11.884317058435848,47.10694308813938,-255.0332685866284,438.90380859375,82.4462890625
FRB20221220D,0,True,FRB20220912A,0,223.37719365852885,0.0059722007165394,0.6206104234977052,6.271071212001776,56.78317227282064,-207.95779337803805,458.72802734375,96.7041015625
FRB20221220E,0,False,,0,448.32018236821534,0.0008096203990802,1.0334777665020287,2.570375809644012,2.0037618261350167,-8.171775607543351,452.40478515625,368.994140625
FRB20221220F,0,False,,0,501.839932227012,0.0005472954683704,0.5829595555227546,1.0855754878539794,21.42301125648251,-51.90016740903511,491.93115234375,207.0556640625
FRB20221221A,0,True,FRB20220912A,0,221.37611126263505,0.0044871174045009,0.7728635676305349,13.15464428252805,64.36473736877265,-143.68327571009968,500.67138671875,127.0751953125
FRB20221221A,1,True,FRB20220912A,0,221.37611126263505,0.002161103794754,0.7728635676305349,13.15464428252805,71.82019072997873,-138.15870202122642,518.98193359375,134.3505859375
FRB20221221B,0,True,FRB20220912A,0,220.27217183251776,0.0037189343875645,0.4777020290944123,10.702151371340598,123.11677593281532,-306.2098923753866,489.29443359375,84.9365234375
FRB20221221B,1,True,FRB20220912A,0,220.27217183251776,0.0062939431897268,0.4777020290944123,10.702151371340598,114.0004934760279,-327.4938656074685,476.28173828125,79.9560546875
FRB20221221B,2,True,FRB20220912A,0,220.27217183251776,0.0093129579821853,0.4777020290944123,10.702151371340598,93.15148302375626,-325.84134727162296,461.68212890625,77.685546875
FRB20221221B,3,True,FRB20220912A,0,220.27217183251776,0.0013391328687862,0.4777020290944123,10.702151371340598,147.8507299168999,-800.8193791124128,438.90380859375,47.0703125
FRB20221221C,0,True,FRB20220912A,0,221.23110042001863,0.0039724714243152,0.6069645029783607,2.411378099002217,34.86408328590806,-98.5569358365548,477.62451171875,146.533203125
FRB20221221D,0,False,,0,495.0528083768525,0.0004801657235297,0.906004967438698,1.688041408037994,3.3864474444345376,-17.085482637794186,441.88232421875,237.6708984375
FRB20221222A,0,True,FRB20220912A,0,219.91540643521165,0.0021927255545494,1.0820120559192006,5.8227397727828345,83.24494156412592,-625.258394346381,427.74658203125,51.904296875
FRB20221222B,0,True,FRB20220912A,0,222.83474971600637,0.0063799413149072,0.548790201605103,3.675364484452859,45.10727268736515,-103.97411919357704,497.13134765625,148.486328125
FRB20221222C,0,True,FRB20220912A,0,222.4884939119734,0.0104705042276228,1.317866416454494,32.6715911552052,37.36632280067604,-125.73031655610714,464.31884765625,126.025390625
FRB20221222D,0,True,FRB20220912A,0,227.30489155292085,0.0168872714405114,0.9419647815075286,3.010533095782748,29.39363548761554,-51.3760264327702,532.72705078125,227.24609375
FRB20221222E,0,True,FRB20220912A,0,220.22229335150175,0.0053623201985561,0.6300102346558929,4.557083583339728,63.01566567294362,-163.88446571140497,485.02197265625,115.234375
FRB20221222F,0,False,,0,909.6583204441284,0.0006017927594533,0.3230292968087686,0.983594682063899,18.403682335890107,-38.120859441764985,509.46044921875,251.171875
FRB20221222G,0,False,,0,830.997786817468,0.0047006291887322,0.642552750867068,4.797947100287325,-3.536171425040436,0.3227578943087094,400.20751953125,399.9755859375
FRB20221222H,0,False,,0,1017.6511796021113,0.0038893997748026,2.137236093984585,14.959902728515882,-0.4470966337581213,-12.2722613703709,400.20751953125,206.0302734375
FRB20221223B,0,True,FRB20220912A,0,220.5898871210928,0.0027820235008485,0.8619981958119308,5.564311055307982,65.35898464900627,-302.94036569163865,445.78857421875,77.8076171875
FRB20221223C,0,True,FRB20220912A,0,221.7742217004542,0.005361955863892,0.5744398592735881,4.875843648382585,54.52048348570008,-212.50729954896244,454.96826171875,94.873046875
FRB20221223D,0,True,FRB20220912A,0,221.9593814386496,0.0052785265483527,0.7129731973357272,5.841363149673658,39.61638559967215,-164.7916201225895,451.30615234375,106.9091796875
FRB20221223E,0,True,FRB20220912A,0,220.63497151710268,0.0038621070921011,1.329426154641108,14.796048558430364,48.01082319991723,-202.94374860869917,450.45166015625,96.1181640625
FRB20221223F,0,False,,0,1336.6792131939612,0.0046459339267187,0.2055239351032871,5.000007066122368,-0.5374285214997767,-1.4481760510885244,400.20751953125,399.9755859375
FRB20221223I,0,True,FRB20190117A,0,399.01557064419615,0.0062790339611241,0.7098712851429505,4.786055915852421,25.5618960713276,-52.693005603689066,510.04638671875,214.7705078125
FRB20221224A,0,True,FRB20220912A,0,219.9741791303317,0.003883306081556,0.5469068977274949,4.321552138892872,95.81510595702022,-213.12875616120985,501.06201171875,104.345703125
FRB20221224B,0,True,FRB20220912A,0,221.9639310845664,0.0049951165804493,0.6949199188557358,8.646812605229446,84.2365829704572,-132.97174301276243,549.32861328125,144.970703125
FRB20221224C,0,True,FRB20220912A,0,220.6229130639444,0.0041195548379376,0.7365676828305102,9.960107021835288,156.6541777518871,-303.1537796299219,518.17626953125,90.4296875
FRB20221224C,1,True,FRB20220912A,0,220.6229130639444,0.0056736287633035,0.7365676828305102,9.960107021835288,78.33994913120455,-236.77947642199692,472.18017578125,93.2373046875
FRB20221224C,2,True,FRB20220912A,0,220.6229130639444,0.0038153883357497,0.7365676828305102,9.960107021835288,37.91927970991487,-177.48466626432108,445.32470703125,98.828125
FRB20221224D,0,True,FRB20220912A,0,221.62194099372897,0.0087999134445009,0.4360896443726635,3.13466292083308,24.07990668894395,-76.16201633176537,468.73779296875,157.51953125
FRB20221226A,0,True,FRB20220912A,0,221.30858617275732,0.0041733922662187,0.7231865410961774,5.474119013193862,56.44622257351909,-122.50242997544632,503.86962890625,138.57421875
FRB20221226B,0,True,FRB20220912A,0,221.93024793368204,0.0083038364887673,1.0243259612973967,11.462691781827212,43.462703274098224,-163.89717782191633,456.94580078125,108.544921875
FRB20221226C,0,True,FRB20220912A,0,221.09574551382784,0.0043995087904733,0.6180303781572858,4.326880080640455,71.03328229710188,-439.2406264400612,433.89892578125,62.8662109375
FRB20221230C,0,False,,0,597.9748056190025,0.0011565940829406,0.6523394069373357,3.7691248726324607,14.898160833998377,-45.153767657379255,471.98486328125,191.3330078125
FRB20221231A,0,True,FRB20220912A,0,221.7017348061417,0.0046702548133919,0.6504705232461272,4.785555937236916,13.640080067903986,-34.379028714706905,488.00048828125,231.93359375
FRB20221231B,0,True,FRB20220912A,0,220.10280812082468,0.0025204816513779,1.055600260896807,7.766072990996854,66.07120131598226,-279.6900936471102,450.37841796875,81.8115234375
FRB20221231B,1,True,FRB20220912A,0,220.10280812082468,0.0015679763660948,1.055600260896807,7.766072990996854,80.76590734684883,-180.15037046319017,500.74462890625,113.4521484375
FRB20221231D,0,True,FRB20180916B,0,349.0242222808548,0.0006691851462183,0.7785997788326577,2.3753243948543536,165.140922849305,-271.6746429426769,542.34619140625,99.9755859375
FRB20221231E,0,False,,0,994.3220643398244,0.0006783766225783,0.9520430191329544,3.106496629159147,36.18012404644506,-74.74489101591908,509.77783203125,179.8583984375
FRB20230202A,0,False,,0,912.7361492878326,0.0003478289422861,0.8578177475088883,4.127256690241191,-8.121477642496975,8.106078281632492,400.20751953125,399.9755859375
FRB20230202A,1,False,,0,912.7361492878326,0.000405061500803,0.8578177475088883,4.127256690241191,16.000540829369903,-122.7028997993312,427.16064453125,89.6484375
FRB20230202B,0,True,FRB20220912A,0,220.12194303377623,0.0014477579335031,0.7494803222245185,3.3065717553254514,67.88174124035066,-108.30123945877732,547.49755859375,160.1806640625
FRB20230203A,0,False,,0,420.41952150779287,0.0042992127999059,1.3113013309894803,39.59135390285567,16.440362647277354,-81.40688620955616,442.71240234375,123.583984375
FRB20230203B,0,True,FRB20220912A,0,226.3732963771481,0.0144838813309908,0.6455841231504786,8.706081376072943,50.12734503035806,-104.82321697844988,508.28857421875,151.1962890625
FRB20230204A,0,False,,0,133.4347828161945,0.0002884111567929,1.037354870390049,1.7136987967844446,28.708621723893263,-68.3650542249691,493.68896484375,182.2021484375
FRB20230204B,0,False,,0,790.6589976417337,0.0002877349102837,1.0040392613371334,2.5827465173194093,16.316693375567738,-63.41900364031876,455.13916015625,150.4638671875
FRB20230204C,0,False,,0,386.2881862537238,0.0005964425531397,1.755882534945993,18.644702803475315,171.4994036380879,-145.430901767716,721.66748046875,163.818359375
FRB20230204D,0,False,,0,524.939271010256,0.0002376304590463,1.058217847500735,2.9541476193634977,2.833551153505925,-5.500217970849239,517.78564453125,399.9755859375
FRB20230205A,0,False,,0,683.9316332154999,0.0004618523858395,5.364600192557651,36.5937070919584,12.739730373267154,-33.52087575102794,483.94775390625,228.7353515625
FRB20230205A,1,False,,0,683.9316332154999,0.0006633877665576,5.364600192557651,36.5937070919584,16.49942976571957,-45.82743611933896,479.13818359375,199.2919921875
FRB20230205A,2,False,,0,683.9316332154999,7.834418421827504e-05,5.364600192557651,36.5937070919584,44.17200816459967,-91.78681854994578,509.06982421875,161.9140625
FRB20230209A,0,False,,0,722.269917579798,0.0003045918585477,1.9326542195488745,4.987126388466326,1.3805363111218938,-5.985447025824283,449.10888671875,399.9755859375
FRB20230209B,0,False,,0,767.3333427686763,0.0004482601333105,2.6853925412000432,5.869749661680905,1.5717285418721902,-3.215903788111797,510.97412109375,399.9755859375
FRB20230209C,0,False,,0,529.6858128076151,0.0007821579532734,1.3863872140887727,10.278357647646123,-0.5843754673826842,-2.8285624768715323,400.20751953125,399.9755859375
FRB20230214A,0,True,FRB20220912A,0,216.4439300052884,0.0138443369302322,0.3978737075189483,5.116574267352207,26.019248284860566,-113.92928804948056,448.59619140625,116.9189453125
FRB20230215A,0,False,,0,783.2229668091701,0.0008050386053602,0.5611500283919684,2.71085078163552,-3.251713100368711,1.0766563499808484,400.20751953125,399.9755859375
FRB20230216B,0,False,,0,604.1924109125814,0.0007318301766133,0.4092699938441832,0.8298928955276738,-3.8976086102878416,0.9722912149366466,400.20751953125,399.9755859375
FRB20230216C,0,False,,0,950.7193979265802,0.0012543552395672,0.4354044961880572,0.8827581171916393,17.014091706923665,-129.93763772865546,427.28271484375,87.890625
FRB20230216D,0,False,,0,945.0629520280428,0.0004641364348761,0.6231412156710671,1.4135509728095617,27.71054010425442,-53.812358907556565,517.71240234375,215.6982421875
FRB20230216E,0,True,FRB20220912A,0,220.0648914221985,0.0029040690392311,0.3116103904544942,2.475581371915234,51.61246958015467,-145.13692977013463,478.06396484375,120.7275390625
FRB20230218C,0,False,,0,787.2887799978338,0.0015427479396434,0.635895892175777,6.945850771366838,3.5655261152926885,-11.047449378611995,470.27587890625,342.1630859375
FRB20230222A,0,False,,0,705.9127059601897,0.0037264966895476,3.707729001546362,92.56060838775883,3.201887729499141,-10.577368212670596,465.58837890625,342.1630859375
FRB20230222B,0,False,,0,187.79423287841792,0.0003936386616837,3.5409602052333837,8.796834996012253,46.32979484938832,-69.38648941244158,558.80126953125,204.6875
FRB20230223A,0,False,,0,751.0261879589698,0.000666531830815,0.957094108941048,6.79669404246065,-5.9409079392696285,6.080339760878058,400.20751953125,399.9755859375
FRB20230223B,0,False,,0,219.26369960749625,0.0011277878448326,0.987607582599984,3.3113986837753635,43.20019554831624,-46.84463329176419,634.63134765625,283.69140625
FRB20230223D,0,False,,0,733.2709308440625,0.000721285665055,0.4017687867624631,3.5011005489932225,7.226200528750204,-32.268560618112055,447.61962890625,184.4482421875
FRB20230223E,0,False,,0,539.8070267522528,0.0003778662740593,1.0849659738824284,2.159542526434838,5.344246298563945,-5.3544680114195975,659.19189453125,399.9755859375
FRB20230223F,0,False,,0,691.1494506508368,0.0003928918472933,0.5705088410432088,3.514566245360845,-0.5626659447125609,-2.059993520031928,400.20751953125,399.9755859375
FRB20230224A,0,False,,0,730.8972201368945,0.0008576214654093,0.2457023063614463,0.6883443078276476,19.008539553138046,-55.56039555002525,474.86572265625,181.8603515625
FRB20230224B,0,False,,0,338.3530437842724,0.0008229217856489,10.749132109073908,35.857052238182426,-1.9045604411697683,-4.533148510224999,400.20751953125,281.689453125
FRB20230224C,0,False,,0,1254.1900526602758,0.0004897513112269,0.3044755856690449,0.8658742709030091,2.4664394283384365,-8.507933024893862,462.60986328125,378.1005859375
FRB20230225A,0,False,,0,344.0397247095576,0.0005933675358553,0.5756117942192701,1.89383036458095,5.771496132434219,-53.75826537351626,422.25341796875,119.140625
FRB20230225B,0,False,,0,744.0781967770006,0.0004833407716647,1.4946803034211695,3.381274268065948,8.880295456186788,-9.712791582639165,632.14111328125,399.9755859375
FRB20230226A,0,False,,0,479.8843698063887,0.0002590398197595,0.4376066346642875,0.8543964568275066,13.113139808644018,-13.009530698305644,662.43896484375,365.2099609375
FRB20230226C,0,False,,0,516.1915380173482,0.0002316909270837,0.4143687898015152,4.054776200391526,22.41824669722356,-151.61962397409565,430.89599609375,87.20703125
FRB20230227B,0,False,,0,799.3229701533818,0.000903772438623,0.716904931759911,3.0686619078592745,11.019640981544049,-14.007958021882535,593.05419921875,399.9755859375
FRB20230227A,0,False,,0,465.0713399262505,0.0013012787127162,1.211373565230079,3.4524683454008365,-1.039557788258084,-0.5535451679646619,400.20751953125,399.9755859375
FRB20230228A,0,False,,0,276.56261090349994,0.0010485240167856,0.5775592864632457,1.783539205419589,10.909670016996923,-13.619695955076477,597.32666015625,399.9755859375
FRB20230301A,0,False,,0,759.158939727975,0.0004356874090053,0.493190980808558,1.5544559905850517,377.7699186510798,-333.4693030255901,705.11474609375,117.28515625
FRB20230301B,0,False,,0,1350.609250817357,0.0014844719377639,0.9559422295866108,11.25063162824577,3.4242995027540517,-58.38004748051205,412.09716796875,102.4169921875
FRB20230303B,0,False,,0,228.296754182929,0.0004947215431693,1.210144663340001,1.9717389090465776,-1.1553167871666177,-0.9057154139040908,400.20751953125,399.9755859375
FRB20230303A,0,False,,0,810.3072902496234,0.0061064450391058,0.4203620981812542,5.83833291422131,66.47754476437787,-60.43132542184547,693.66455078125,229.5166015625
FRB20230304A,0,False,,0,1083.112806400213,4.819941818439694e-05,0.5545765853138057,2.1549199190954944,27.0914657991202,-102.58789463233047,456.67724609375,130.2734375
FRB20230305A,0,False,,0,772.9435496535696,0.0042362945313467,0.4577054086283091,2.0998360985878426,41.97122574026028,-64.5306203394962,553.99169921875,210.5224609375
FRB20230305B,0,False,,0,473.5321339773515,0.0013558805020357,0.3331184256945649,1.0092329832703308,12.208156735440214,-24.389504028769984,514.00146484375,298.6572265625
FRB20230305C,0,False,,0,486.3044882338046,0.0017078049732322,0.5925490315445984,3.482574245165978,-0.8288621901870804,0.0927852508126706,400.20751953125,399.9755859375
FRB20230306A,0,False,,0,664.6033140963708,5.30080750725878e-05,0.5023787289575361,5.133978588553491,9.789914482776762,-15.925268165074074,544.20166015625,395.751953125
FRB20230306B,0,False,,0,527.2957864628365,0.0008142296882437,0.6052255691835603,1.3854578816228162,3.2131884133694903,-8.280914580937502,485.87646484375,399.9755859375
FRB20230306C,0,False,,0,604.1383056672506,0.0001500267756221,0.7932299270552066,1.8183739424455247,0.9037801659287767,-5.925534628532292,431.89697265625,399.9755859375
FRB20230306D,0,True,FRB20190208A,0,579.7268519346178,0.0007680764004643,0.6138128714615168,3.083566486408989,199.77219397951876,-172.79056046209195,713.39111328125,164.55078125
FRB20230306D,1,True,FRB20190208A,0,579.7268519346178,0.0007972202193856,0.6138128714615168,3.083566486408989,180.9925634076584,-172.10806397118787,677.06298828125,156.9580078125
FRB20230306E,0,False,,0,246.8058576530499,0.0002121847191844,1.3211416814094612,2.779535245293023,64.60808337859581,-134.38736191153026,508.94775390625,133.59375
FRB20230307C,0,False,,0,610.2943872780952,0.0003076548917067,1.6930054190738957,8.058963456645275,65.0601228619295,-64.940828908607,660.41259765625,250.146484375
FRB20230307D,0,False,,0,214.9533062067952,0.0002886298240808,0.8163923806224976,1.005563559361325,4.598105319857563,-11.913286030809596,485.38818359375,353.1494140625
FRB20230307E,0,False,,0,1735.8092256239909,0.0022473583582257,0.4113545823629518,3.5814889246548445,-1.169951613360385,-5.445553038692169,400.20751953125,294.580078125
FRB20230307F,0,False,,0,1134.9953214962002,0.0019115535945774,0.577204567978899,2.439208586414115,14.131930201823092,-13.85106781718,666.54052734375,356.8115234375
FRB20230308B,0,False,,0,827.9661773934752,0.0006623282738236,1.298302651743522,3.552233624639611,3.6275608349637687,-9.152323156002552,487.90283203125,399.9755859375
FRB20230308C,0,False,,0,509.9833073465462,0.0002228336250247,2.1542258596908908,5.474454629658166,-2.321607696903324,-4.848678397928543,400.20751953125,253.1005859375
FRB20230308D,0,True,FRB20220912A,0,219.87508825561775,0.001421873894866,0.5506772985600196,3.3838126326970626,42.432639842136126,-118.24610463672528,478.84521484375,134.0576171875
FRB20230308E,0,False,,0,867.5866634152916,0.0002006448492779,1.7949783270616362,5.652359498194231,5.355309361230156,-32.8395325941643,434.19189453125,165.6005859375
FRB20230309A,0,False,,0,479.8156578758853,0.0005124055014256,1.5094824991821787,9.965021038885528,23.278311189623,-62.67840820074245,481.84814453125,183.447265625
FRB20230309B,0,False,,0,764.1874722351185,0.0023098653006917,1.5774530526933868,8.560958151925954,20.214021239264184,-124.638970807222,433.99658203125,96.97265625
FRB20230309D,0,False,,0,866.9473003514755,2.9483676823109184e-05,0.5230174916392175,1.9809490231502016,-2.034430068610217,0.1238840578849137,400.20751953125,399.9755859375
FRB20230309E,0,False,,0,1214.000392679141,0.0005895118292089,1.032567906894844,4.660058743005983,-3.116531891936531,3.7205033732342456,400.20751953125,399.9755859375
FRB20230310A,0,False,,0,471.58223863285406,0.0007696602800311,1.7524578406707894,38.53185413581209,0.2646338780473016,-4.073760478327769,413.41552734375,399.9755859375
FRB20230310B,0,True,FRB20220912A,0,221.11766654759148,0.002602332038226,0.3842377439024278,2.163465894416769,49.63530607553337,-143.80310991340767,475.57373046875,120.654296875
FRB20230311A,0,False,,0,364.995008831218,0.0005411724087358,3.270207157943425,8.684344126258999,13.447407594196516,-12.738787620910568,678.43017578125,356.7138671875
FRB20230311B,0,True,FRB20220912A,0,220.02083838461277,0.0001556356454292,0.9729560939141704,2.5523379155035952,47.88598494595938,-134.3969091397923,478.23486328125,125.537109375
FRB20230312A,0,True,FRB20220912A,0,221.336736221462,0.0039805559534813,0.290238594135474,1.6196056903279987,49.06705127185417,-205.6582070216692,450.89111328125,95.5810546875
FRB20230312B,0,True,FRB20220912A,0,222.3510241971711,0.0068539163041116,0.4903145161733568,8.192742392871516,78.10903859969646,-268.19997025990585,462.92724609375,85.8642578125
FRB20230313E,0,False,,0,1570.0407675763256,0.0007930744934733,1.2959270714188889,4.032628002503028,3.244114353610603,-11.343015630614207,461.70654296875,324.2919921875
FRB20230313A,0,False,,0,283.042665584695,0.0002296498657248,1.5653894939704511,2.5899132310735995,0.481034025445568,-28.654682880412377,403.57666015625,135.6201171875
FRB20230313B,0,False,,0,471.3274262032576,0.0028564135180425,0.4245054893085183,2.6555712834939085,9.500959429496994,-29.912009878275423,469.07958984375,218.84765625
FRB20230313C,0,False,,0,932.9496442251194,0.0005205516377278,1.1741734913858244,8.900511591378804,1.6843249526957471,-3.725436509303682,501.69677734375,399.9755859375
FRB20230314B,0,False,,0,789.4234861807602,0.0003989196948049,1.0789317618508658,2.737458525852953,-0.6278354984765168,-6.096716048223364,400.20751953125,304.052734375
FRB20230314A,0,False,,0,429.3342100137697,0.000275893016883,32.723296864646855,49.08508153419582,12.54802358429916,-21.107114866079463,538.73291015625,349.3408203125
FRB20230314D,0,True,FRB20220912A,0,220.55084192654127,0.0015109048026556,4.914263742849474,38.15666612712888,112.1851548854879,-115.03299033491338,651.69677734375,184.9853515625
FRB20230314D,1,True,FRB20220912A,0,220.55084192654127,0.0021274330982032,4.914263742849474,38.15666612712888,91.15763637871952,-102.92176148894472,623.15673828125,187.0849609375
FRB20230314D,2,True,FRB20220912A,0,220.55084192654127,0.0019739447043198,4.914263742849474,38.15666612712888,80.40312843237874,-105.73168138936616,585.33935546875,173.3642578125
FRB20230315A,0,False,,0,858.3859094788372,8.660660110040435e-05,0.5236309953032464,4.155948563407652,0.4749795096545029,-4.369285959378683,422.54638671875,399.9755859375
FRB20230316A,0,False,,0,332.6050858683385,0.0006115451215311,2.1575946280360987,2.8835575356362453,39.97674024902668,-106.0827606356983,483.16650390625,142.8466796875
FRB20230316B,0,False,,0,1287.7454023598389,0.0044254554377789,0.5413598077227397,6.493881758460154,18.03761472865349,-15.384436307867963,719.22607421875,311.6943359375
FRB20230316C,0,True,FRB20190117A,0,397.5789073136664,0.0030095736417278,0.514941835465026,2.334646266613947,12.893385381435108,-13.417842095878171,647.03369140625,372.5830078125
FRB20230316D,0,True,FRB20220912A,0,222.9698614085737,0.0150551089911205,0.3178035566598208,4.122259153287543,56.32120791505671,-134.15733446869967,493.66455078125,129.6875
FRB20230316E,0,True,FRB20220912A,0,222.4117476314629,0.0054099219288965,0.4485535354241274,10.516278452129171,76.8982135176956,-130.64799553794748,537.14599609375,143.017578125
FRB20230316E,1,True,FRB20220912A,0,222.4117476314629,0.0058475730706275,0.4485535354241274,10.516278452129171,45.6019048982433,-125.5604380672904,479.89501953125,130.3466796875
FRB20230316F,0,True,FRB20220912A,0,220.04324173484315,0.0011909416264541,0.6212160482071387,2.125816602952215,32.664349325857984,-95.8136986389284,474.57275390625,147.705078125
FRB20230316G,0,True,FRB20220912A,0,226.0716780044684,0.0067775621802408,0.4604066644229856,4.553081936148359,36.62168106921325,-55.38417873204424,556.99462890625,228.7109375
FRB20230317A,0,False,,0,696.7128935084293,0.0006885559614626,2.2531009931757064,25.920737835433066,-0.1862596230563949,-4.6924436325802725,400.20751953125,390.4541015625
FRB20230317B,0,False,,0,2075.0537253979146,0.0002990626626376,1.3104560158459233,9.838235916619697,8.131696378224866,-11.93731281669832,562.58544921875,399.9755859375
FRB20230317D,0,True,FRB20220912A,0,219.97374198036545,0.0025399290514171,0.3368235915689131,3.2893598719205537,38.71625502770328,-118.5421084167618,471.17919921875,131.73828125
FRB20230317E,0,False,,0,1257.1901813218524,0.0010451103316577,0.2092776563834897,1.2422216585299777,13.98320068190308,-20.035912198011037,567.32177734375,392.0166015625
FRB20230318B,0,False,,0,376.425570480253,0.0004725780103034,1.6261380374171652,3.760283097905416,2.744023508996197,-4.371307278704485,547.74169921875,399.9755859375
FRB20230318C,0,True,FRB20220912A,0,221.4109851844586,0.0032950090943947,0.3546753405251462,2.4828537811130915,35.11610932419879,-111.3425537129404,468.54248046875,135.205078125
FRB20230319A,0,False,,0,361.3287567570617,0.0013291660066506,0.5608122916884332,2.834342624225861,16.022091799139424,-59.05675401342711,458.33740234375,158.1787109375
FRB20230320B,0,False,,0,333.8504846271078,0.000520366604321,0.7050218840932903,1.5761039951069669,-4.240776546695656,-16.642034149330566,400.20751953125,121.826171875
FRB20230320A,0,False,,0,219.81805985281244,6.639651818801945e-05,0.6314871570829266,6.027172860115392,-3.278299989048985,1.5364321874575195,400.20751953125,399.9755859375
FRB20230321A,0,False,,0,476.5885387819188,0.0014560465680422,1.0180417165260656,10.147175872854604,14.071212467916778,-45.90991126261153,466.46728515625,183.349609375
FRB20230322A,0,False,,0,1405.1721161475684,0.0003487185845755,0.7130841233802453,3.6425744213141695,2.460854360557073,-3.7922764596649823,553.57666015625,399.9755859375
FRB20230322B,0,False,,0,664.7770716536421,0.0002039238145654,3.596276726071527,7.896568888214249,-6.740733217670623,-3.2828928763338583,400.20751953125,139.0625
FRB20230322C,0,False,,0,1294.9380118179631,0.0004996887671499,0.6874034034281784,5.626136939070909,0.9117144405463272,-5.978223537568227,431.89697265625,399.9755859375
FRB20230322D,0,False,,0,432.0938145102784,0.0073642582226616,0.4670199045577462,4.821525856364976,11.59887236926307,-13.022716999846535,624.71923828125,389.9169921875
FRB20230323A,0,False,,0,550.6520483745866,0.0009692273558744,1.358486019745267,12.61780647713048,2.5720294013228835,-6.086794897236556,494.34814453125,399.9755859375
FRB20230323B,0,False,,0,481.1498729368965,0.0003135397861311,0.9313623311600188,1.57646927829519,27.96991874681595,-65.11593310546282,496.08154296875,187.646484375
FRB20230323C,0,False,,0,896.9421876266433,0.0018602673306066,0.5786209778607625,1.512992797806857,-2.6202002038314696,-1.047477236335124,400.20751953125,396.875
FRB20230324A,0,False,,0,267.1569520533346,0.0001068966966282,0.3227816766773064,0.9514840236818098,33.73558904894003,-136.5526864362156,452.81982421875,115.380859375
FRB20230324B,0,False,,0,500.2451837839292,0.003256054416038,0.6903258057601371,6.559261961420853,36.4715331694208,-62.73545397900536,535.19287109375,206.298828125
FRB20230324C,0,False,,0,1864.9500557067124,0.0017137945460303,0.6011246464948455,1.8121235873663617,13.247567250952816,-20.28099074089589,554.77294921875,376.8310546875
FRB20230327D,0,False,,0,510.3422866585671,0.0002468113836908,1.5915410501273457,2.763958828563551,25.15832133892715,-153.34042309851864,434.41162109375,90.8203125
FRB20230327A,0,False,,0,1287.825991543975,0.0026420182017984,0.41484267193952,5.86908325571796,-1.7697758200938334,-3.945175768182249,400.20751953125,308.7890625
FRB20230327B,0,True,FRB20220912A,0,224.44468185960275,0.0110476186390936,0.4268643961181675,0.9484950349981058,4.489079250339414,-30.55144170602682,430.70068359375,166.552734375
FRB20230328E,0,False,,0,702.9853943088596,0.000803902984544,0.5346675918203118,4.642232761284706,-1.081098057038856,-5.794029843534868,400.20751953125,289.2578125
FRB20230328A,0,False,,0,935.5395630925208,0.0004886860718203,0.8692098524437756,4.043877965134748,5.99712647722146,-48.38118875088799,425.79345703125,129.3701171875
FRB20230328C,0,False,,0,1294.497487123724,0.001616821162949,1.0807891865695287,5.713679597267487,10.803873567041888,-9.459762046716088,708.38623046875,367.6513671875
FRB20230328D,0,False,,0,412.7851846898864,0.0013024356427646,0.733692682361012,4.0390429779115,9.632223772157076,-10.494018604748884,633.26416015625,399.9755859375
FRB20230329A,0,False,,0,418.6482040405651,0.0017865436124658,0.3732828198279394,0.8979682788743097,2.8897450324991274,-49.759334054268905,411.97509765625,110.64453125
FRB20230329B,0,False,,0,1351.3729401255466,0.0101822451144906,0.2124211484124345,2.348290544663445,17.27290475747806,-81.3339219912691,445.03173828125,126.3671875
FRB20230329C,0,True,FRB20220912A,0,220.77857288983407,0.0066579933555165,0.2758080005686273,2.1728708495159976,30.49475531239848,-154.88671035611085,441.58935546875,98.6328125
FRB20230329C,1,True,FRB20220912A,0,220.77857288983407,0.0064354905485163,0.2758080005686273,2.1728708495159976,53.40688115723772,-233.55093125662776,448.66943359375,89.2333984375
FRB20230329D,0,True,FRB20220912A,0,220.12344046090595,0.0012907722601396,0.3804554205467815,2.6148049626760104,38.68659096821938,-197.578328879211,441.34521484375,91.455078125
FRB20230329E,0,True,FRB20220912A,0,221.17409078230855,0.0048660488959538,0.3274344077758898,0.9572991066272668,9.17039515099537,-26.62686510975364,475.40283203125,237.6953125
FRB20230329F,0,False,,0,320.0881980281408,0.0002853848175505,2.528860594409365,4.679430997643444,1.9394294284654985,-78.29566085817416,405.18798828125,80.76171875
FRB20230330A,0,True,FRB20210323C,0,284.19005545170467,0.0019614524425227,0.8848328625098312,4.46732229343106,16.07343719599544,-42.15901155044557,484.24072265625,211.4990234375
FRB20230330B,0,False,,0,804.5074478972847,0.0011207630822968,0.4275285171350271,1.8476830384679204,3.977754851719896,-4.807337069620974,605.26123046875,399.9755859375
FRB20230331A,0,False,,0,1047.759682212126,0.000366974653815,0.8227528979112742,2.459748644446811,157.00341131798493,-216.4932774661884,575.10986328125,118.8232421875
FRB20230331B,0,False,,0,481.21956765151856,1.8052060494887097e-05,0.6293128248109693,1.4903819516926111,95.0750959985079,-86.95954946249101,691.32080078125,212.6708984375
FRB20230401B,0,False,,0,844.2415927045804,0.0005943847687434,0.753890548992446,1.7168030968785948,1.8683741997298624,-20.352022660113224,418.98193359375,186.3037109375
FRB20230402D,0,False,,0,350.46803719782326,0.000344694695185,0.7209894661327532,1.509444634220645,-5.139498645878654,-7.684127646472147,400.20751953125,143.8232421875
FRB20230402E,0,False,,0,607.8481319814788,0.0006943388076343,0.7211905976858275,2.2550961239697624,14.40588967483906,-63.18821383265411,448.52294921875,142.626953125
FRB20230402B,0,False,,0,630.2180097560366,0.0008551391735933,2.9282417807282632,11.75197708306854,3.8712644216362513,-19.964949831377183,440.93017578125,219.0185546875
FRB20230402B,1,False,,0,630.2180097560366,0.0006685478826083,2.9282417807282632,11.75197708306854,30.68108963806796,-218.9995987247,429.23583984375,75.3662109375
FRB20230403A,0,True,FRB20220529A,0,245.51079728929403,0.0007708520111117,2.90565919321178,16.517230995537464,217.01394055267716,-255.72281019381904,611.70654296875,116.2353515625
FRB20230403A,1,True,FRB20220529A,0,245.51079728929403,0.0008330924628693,2.90565919321178,16.517230995537464,148.99197452881475,-187.76679258075575,595.08056640625,132.0556640625
FRB20230403A,2,True,FRB20220529A,0,245.51079728929403,0.0006023571085731,2.90565919321178,16.517230995537464,45.78456299676972,-94.63144920483954,509.72900390625,159.6435546875
FRB20230403A,3,True,FRB20220529A,0,245.51079728929403,0.0009216868955505,2.90565919321178,16.517230995537464,32.46745123889935,-80.40520525661218,489.73388671875,166.5283203125
FRB20230404D,0,True,FRB20220912A,0,224.241153096938,0.0062190769109934,0.5010189411758537,4.917910468568698,32.39949376520776,-41.79007702939837,589.68505859375,279.3701171875
FRB20230405A,0,False,,0,642.8549503806277,9.455874745733672e-05,0.8789875095143059,3.825057584501088,-1.5873307794849811,-5.383187187877729,400.20751953125,274.951171875
FRB20230405B,0,False,,0,268.29877549654555,0.0008936272336091,0.4843323023729958,1.2918492383201812,-3.26700592803942,-0.3752090107801307,400.20751953125,370.5810546875
FRB20230405C,0,False,,0,1416.3717225454686,0.0013179818602009,0.3284609847505285,2.600310991553987,9.424614855820373,-43.47155547743717,446.00830078125,161.2060546875
FRB20230405D,0,False,,0,1033.1312229118494,0.0002935064788278,0.652897707841488,1.0538371992807882,3.040141993288782,-6.045766375534963,514.58740234375,399.9755859375
FRB20230405E,0,False,,0,745.0190678214022,0.0004608991542281,0.3596756958917122,0.8857392984082031,135.63201487948967,-119.5441936501843,705.72509765625,185.888671875
FRB20230406A,0,False,,0,171.69944466923533,0.0001811880855199,1.765619209539361,3.4435392047725952,8.998940075924944,-56.95738176987938,433.09326171875,129.3212890625
FRB20230406C,0,False,,0,370.22035955136977,0.0002316498761859,0.6882632612938485,1.386510586062271,6.100013436132936,-5.728816748389874,681.53076171875,399.9755859375
FRB20230406E,0,True,FRB20220912A,0,222.6912058805859,0.0093344256488025,0.3781818293790403,4.426169907024253,20.504585745662503,-47.18550017302768,497.32666015625,220.0439453125
FRB20230407B,0,False,,0,560.4900124023218,0.0004520899450332,0.5779501456522425,2.564655587550699,17.070813581235456,-85.23908173904931,442.34619140625,121.142578125
FRB20230407C,0,True,FRB20220912A,0,222.03585536779545,0.0057263047648856,0.3116553310006199,3.599062999844381,84.53422536016231,-280.935008978598,465.17333984375,84.326171875
FRB20230407D,0,True,FRB20220912A,0,222.7369868374616,0.0074101514757343,0.2756481333583334,3.898061235381197,28.68743347463252,-128.65164135811747,447.39990234375,111.23046875
FRB20230407E,0,False,,0,308.37591103635833,0.0013338286303446,0.9718661511910788,7.938227244589968,25.940877227790534,-69.89575265322866,481.79931640625,175.830078125
FRB20230409A,0,False,,0,409.5320557747589,0.0006005289313975,2.5237991562699653,8.649866315808767,15.67289780696945,-59.19460945899242,456.84814453125,156.2255859375
FRB20230409C,0,False,,0,299.10020318056013,0.0015701467243402,2.1057075694593363,14.26140569543017,1.58285173772278,-4.374556378666724,479.55322265625,399.9755859375
FRB20230410B,0,False,,0,267.0636725438432,0.0001705084137749,0.8144681828548989,0.9492446695324414,7.752612072793299,-13.622836894687689,531.92138671875,399.9755859375
FRB20230410C,0,False,,0,823.8724957752926,0.0002499173461965,0.68146581750733,0.58418976616215,32.86698122670755,-84.42579692926574,486.19384765625,161.279296875
FRB20230410G,0,False,,0,484.0495544942776,0.0002158944871005,0.23468555984093,0.5156875767232554,-1.5149465442393963,-1.3904973990958387,400.20751953125,399.9755859375
FRB20230411A,0,False,,0,551.6739148260697,0.0003055738281124,2.842171945531262,5.355052956809519,1.7406134056685234,-6.309653398834131,459.38720703125,399.9755859375
FRB20230411E,0,False,,0,419.3411758726974,0.0003906294361285,3.902433217128732,10.408280045175848,4.093047373994166,-5.414946541287446,583.99658203125,399.9755859375
FRB20230413A,0,False,,0,1242.6581225037794,0.0004533057329829,1.7402943848931864,5.54795240762838,2.5167043907863067,-10.091452194603416,453.33251953125,330.712890625
FRB20230413B,0,False,,0,676.6584227996806,0.0004058395227116,0.5970611302029211,1.1595025149242433,1.341423134496103,-1.247315590119078,685.16845703125,399.9755859375
FRB20230415A,0,False,,0,674.5389987796389,0.0003965745677142,0.8618142579549664,1.5232072705339783,38.72295773753279,-206.6608615053617,439.48974609375,88.2080078125
FRB20230417B,0,True,FRB20220912A,0,220.26056223790533,0.0005440495130154,1.0283614439812383,3.420642644751841,34.727957053166314,-83.77665047384056,492.37060546875,163.9892578125
FRB20230417C,0,False,,0,932.9330405602194,0.0007178465215187,1.8206124897667864,5.554425814122525,28.43577961124235,-76.75899304036766,481.62841796875,167.6513671875
FRB20230418B,0,False,,0,282.1745662819031,0.0003457127279443,0.9178546166388112,1.6787726501925426,-0.6808191521911807,-2.4114454897674062,400.20751953125,399.9755859375
FRB20230418C,0,True,FRB20220912A,0,220.3243384970336,0.0011567287109132,1.305060099905092,3.04386187606333,35.52072421640385,-118.89003903968228,464.68505859375,129.736328125
FRB20230418C,1,True,FRB20220912A,0,220.3243384970336,0.0008118861338473,1.305060099905092,3.04386187606333,80.94542038051036,-172.93813726584082,505.72509765625,116.943359375
FRB20230418D,0,True,FRB20220912A,0,220.65291460155203,0.0052592652923156,0.2369509409222739,1.6240363687342965,46.564661751880514,-281.54540178524337,434.70458984375,75.6103515625
FRB20230418E,0,False,,0,497.48520493287873,0.0029682162244122,0.846272438526124,10.307824610544376,-5.719915949317316,3.926371412006445,400.20751953125,399.9755859375
FRB20230419A,0,False,,0,355.78033745250514,0.0013195540707566,0.2129073340808469,0.8927935754921414,6.313722504767588,-15.23198676017662,492.34619140625,326.123046875
FRB20230419B,0,False,,0,702.2111807588468,0.000585403395325,1.1147201364401813,3.086974011749824,10.469900990705916,-100.78684108435355,421.52099609375,90.087890625
FRB20230419C,0,False,,0,182.79434933361992,0.0010398042443525,0.3594379646478955,0.6001961602998978,1.5517263406253112,-66.36457473870111,404.89501953125,87.5732421875
FRB20230419D,0,False,,0,303.11896631436315,0.0005786607466087,9.488607367480322,20.386092342008865,-1.6995846384951403,-1.491252552498352,400.20751953125,399.9755859375
FRB20230419E,0,True,FRB20220912A,0,220.3470787379202,0.0006723938456564,0.2388151594038666,0.3857644702450779,40.587134361000615,-229.7771554968797,437.14599609375,82.958984375
FRB20230419F,0,False,,0,327.47477865309816,0.0009355485511751,0.4733072637800473,1.101898971713164,9.763260931352155,-11.399221267719726,614.12353515625,399.9755859375
FRB20230419G,0,False,,0,513.8310476304191,9.291392123474052e-05,0.4707163749271221,2.799477629720002,44.43030095443494,-70.31636018337103,548.88916015625,199.70703125
FRB20230420A,0,False,,0,1685.6236480982216,0.0030213225846904,0.3425730273768702,2.479890219888983,12.656806918000552,-29.601045796909958,495.59326171875,254.78515625
FRB20230421A,0,False,,0,1871.623828287272,0.0003225399436588,0.8931212620457948,2.6690204446540813,8.462724414768196,-13.866499152983009,543.00537109375,399.9755859375
FRB20230422A,0,True,FRB20200929C,0,413.8081353411417,0.003032603226518,0.6304383127832428,2.4003392280689617,-16.29574200740395,17.393132171978966,400.20751953125,75.7568359375
FRB20230422B,0,False,,0,857.1224149697339,0.0004620732442232,1.275002378148249,4.565521971517806,713.5545269022606,-1294.9314013654764,527.13623046875,44.4580078125
FRB20230423A,0,False,,0,227.48115071545624,0.0006236650584811,0.791188374310507,1.5915206603876249,0.4383430669610486,-3.954458113164404,423.01025390625,399.9755859375
FRB20230423D,0,False,,0,739.7130457445696,0.0008987144123066,1.251798521885699,4.501281772604693,4.193528354205338,-4.769284542616672,621.15478515625,399.9755859375
FRB20230423E,0,False,,0,1174.6185566596266,0.0003202270014757,0.9245688869681868,2.358127638717427,9.078356861303725,-13.45946985531154,560.70556640625,399.9755859375
FRB20230423G,0,False,,0,217.93164896706745,0.000335370258543,0.8477659576187941,1.3387074462638455,23.72614413869889,-276.71073997043817,417.73681640625,57.3974609375
FRB20230424A,0,False,,0,2400.835524947948,0.0004253246002192,0.7714,3.1213,3.732566801703551,-21.387493858734835,436.68212890625,206.0546875
FRB20230424B,0,False,,0,515.4151206113523,0.000176673119991,0.5028010507127457,2.062920722967395,6.189262289026932,-26.26076292585253,450.25634765625,205.2001953125
FRB20230424C,0,False,,0,760.5505475228224,0.0007692678521986,0.7191285388707525,2.7493912420999025,20.57762355233295,-55.87766688436577,481.11572265625,189.16015625
FRB20230425A,0,False,,0,431.5299304698072,0.000346772339651,1.7757055109258977,2.9261911745108438,9.74930872454024,-17.387696083579748,529.69970703125,361.9873046875
FRB20230425B,0,False,,0,1095.5205971702344,0.0004997687907265,1.2574854382242058,6.419562832359064,18.46750886968721,-49.27929224406168,482.67822265625,198.92578125
FRB20230425D,0,False,,0,398.1584171034065,4.168048491349475e-05,0.2658400426536926,0.9277909806447846,24.72697196546765,-370.4824490816754,413.78173828125,47.4853515625
FRB20230425E,0,False,,0,955.872679719447,0.0007588265218481,1.002617355927819,3.028118801580885,3.931087920722369,-18.34927485056864,445.44677734375,234.5703125
FRB20230425G,0,False,,0,657.3049949708129,0.000762381530541,0.9329312099432984,2.350116992805911,4.714117750688392,-4.087959100987637,712.31689453125,399.9755859375
FRB20230425H,0,False,,0,262.88162049594894,0.0005025574303853,0.1994062039323426,1.2687706557134613,6.759091995646834,-92.65218420101556,415.05126953125,85.7177734375
FRB20230426A,0,False,,0,541.2291748272102,0.0015066029887812,0.3699083803468053,1.1059321301631848,11.246106552701283,-89.18081679114572,426.23291015625,100.3173828125
FRB20230426B,0,False,,0,358.5425376110891,0.0009139859168357,1.2069382054563031,2.559470801327441,4.352386794736329,-18.694413561939744,449.59716796875,238.4033203125
FRB20230426C,0,False,,0,1130.5426599327243,0.0007773603084499,0.6804137238878647,1.8185547924210812,1.374395694107341,-3.680331728612845,482.36083984375,399.9755859375
FRB20230426D,0,True,FRB20210409B,0,686.1193122038351,0.0005878000875826,0.9653211309607536,14.405732590504542,69.25689381944194,-134.17822158017475,518.02978515625,136.083984375
FRB20230426E,0,False,,0,761.6006734703747,0.0005922486231578,0.5694832084897767,1.435427372330219,9.814126590095784,-10.246434219628222,646.03271484375,398.0224609375
FRB20230426F,0,False,,0,1360.0036248708827,0.000625925210803,0.7272395098236082,4.640240694785173,27.186014247899102,-68.90922365026509,487.46337890625,179.1748046875
FRB20230427B,0,True,FRB20220912A,0,220.3872896380227,0.0026604529671156,0.7477890020461199,6.376947015701608,118.0438151924071,-160.32887011926397,578.28369140625,138.916015625
FRB20230427B,1,True,FRB20220912A,0,220.3872896380227,0.0008308483487404,0.7477890020461199,6.376947015701608,31.288297495084297,-95.54928500665132,471.39892578125,146.923828125
FRB20230427B,2,True,FRB20220912A,0,220.3872896380227,0.0003850381076836,0.7477890020461199,6.376947015701608,50.43839815019706,-176.3187448558467,461.73095703125,105.7373046875
FRB20230428A,0,False,,0,681.7068378620841,0.0024897345834244,1.526463345989693,34.382673332840334,0.2491504319331353,-2.336542645533156,422.10693359375,399.9755859375
FRB20230428C,0,False,,0,456.3702132981023,0.0001976728144518,0.5007548195944417,0.3999345093223654,31.289635614998367,-59.56007742036634,520.42236328125,205.95703125
FRB20230429A,0,False,,0,227.6237958239448,0.0005097831512752,0.3326751202347403,0.8260783674761534,3.107870625327128,-9.289220984284103,473.05908203125,378.076171875
FRB20230429D,0,False,,0,531.0864243908389,0.0002972065598908,1.4163130802074906,2.857890118021785,32.45950166448815,-61.20303089737406,521.71630859375,203.6376953125
FRB20230429E,0,True,FRB20220912A,0,220.8077865936837,0.0020985114494792,0.3135148718557447,2.564668081222595,34.15153226990427,-197.7316044979839,436.29150390625,85.791015625
FRB20230429F,0,True,FRB20220912A,0,222.7749629910661,0.005627835180789,0.3649301443657563,2.2518005680733117,35.74037863128221,-80.70658074957517,499.37744140625,169.482421875
FRB20230430A,0,False,,0,1153.0597925538852,0.0007421811169064,0.3479124220685469,1.5585892088647133,3.047972495284288,-8.066105293555312,483.41064453125,399.9755859375
FRB20230501B,0,False,,0,1660.9037870741067,0.0015175181990573,0.6369261939815732,3.3237750395656573,8.38351186164039,-7.4981568403982894,699.93896484375,398.0224609375
FRB20230502A,0,False,,0,1036.7077087549524,0.0010515852588133,0.8977769882567184,3.743387313365782,-1.3780823136268854,-5.4276807693402205,400.20751953125,284.2041015625
FRB20230502B,0,True,FRB20220912A,0,220.35065424282277,0.0022527934562013,0.4249836955638219,5.534359264358942,45.85675132200051,-242.72337250994173,439.83154296875,84.619140625
FRB20230502C,0,True,FRB20220912A,0,223.04204305435175,0.0030875152501075,0.8048571034240275,4.672174978739008,277.0734365322588,-212.98064997619855,766.95556640625,108.9599609375
FRB20230502D,0,True,FRB20220912A,0,220.1329728446917,0.0007354014568357,0.8957656499095819,3.5478674613961725,78.32346743164851,-118.74776880363012,556.53076171875,155.46875
FRB20230502D,1,True,FRB20220912A,0,220.1329728446917,0.0008565746240618,0.8957656499095819,3.5478674613961725,86.41900862699335,-130.14791862711144,557.77587890625,148.8037109375
FRB20230502E,0,False,,0,507.1271912046788,0.0012940089423837,0.4409985111582702,3.092814159554392,40.30842692859206,-113.1436744934322,478.23486328125,136.8896484375
FRB20230502E,1,False,,0,507.1271912046788,0.001757144495273,0.4409985111582702,3.092814159554392,58.06144622737381,-215.0021689762263,458.04443359375,94.9462890625
FRB20230502E,2,False,,0,507.1271912046788,0.0016543154175036,0.4409985111582702,3.092814159554392,60.99403126789675,-256.9775337103299,450.62255859375,85.4248046875
FRB20230503C,0,True,FRB20220912A,0,224.0512121241796,0.0056429775985966,0.377417969292182,2.7894624214555344,75.10305639923031,-159.6418781243115,506.33544921875,121.875
FRB20230503D,0,False,,0,721.8522256384139,0.0012431850341932,0.717035024768007,2.7974436927671107,2.70147624631094,-6.065820248404424,500.01220703125,399.9755859375
FRB20230504A,0,False,,0,1698.1608066844867,4.784836546941503e-05,0.357639432915139,1.907221642862188,2.345239813286748,-5.977480243398856,486.92626953125,399.9755859375
FRB20230504D,0,True,FRB20220912A,0,220.33929289740772,0.0006772556343812,0.4209484880968698,1.3869640446796512,40.37228644911032,-158.7507759731329,454.45556640625,109.6923828125
FRB20230504E,0,True,FRB20220912A,0,224.30889610853413,0.0051830027593519,0.3218084097516519,5.352702194223344,27.340107224324463,-32.89843719134479,606.35986328125,324.560546875
FRB20230504F,0,True,FRB20220912A,0,222.0614740072742,0.003602664459217,0.4325001763167344,2.4252536365899826,47.976181130852645,-47.13095652371096,665.75927734375,266.4306640625
FRB20230504H,0,False,,0,472.2284072773485,0.001893987404874,1.699353266490532,9.19137452483714,16.92353713386566,-20.264035872292656,607.60498046875,366.4306640625
FRB20230504J,0,False,,0,1028.53616547263,0.0015446529820132,0.2777137344761639,1.1051895082349197,58.73180500426289,-142.38218433623393,491.85791015625,125.4150390625
FRB20230504K,0,False,,0,1168.9691792313406,0.0008954698020553,0.3630584191944517,1.33212024522158,27.33538133955616,-26.40409543591864,671.54541015625,300.341796875
FRB20230505A,0,False,,0,550.5273189354394,0.0006960158119806,0.6447607457397864,1.6656764242844015,-2.152550121082034,-3.02538807376373,400.20751953125,319.140625
FRB20230505B,0,False,,0,585.486098153994,0.0003135489954119,1.395601741391181,2.4320473067780988,28.52739521431404,-66.87597192051788,495.34912109375,184.86328125
FRB20230505C,0,True,FRB20220912A,0,220.3864976541889,0.0010869029534513,0.7636741277979352,2.0690056035511986,32.292616147220194,-61.44127926771896,520.47119140625,202.734375
FRB20230505F,0,True,FRB20220912A,0,220.26358999517944,0.0008114158989195,0.5697276346270794,2.176884716706138,29.128430176700853,-133.4647441929807,446.35009765625,108.7646484375
FRB20230505G,0,False,,0,371.3533075131699,0.0003466636863703,6.835606628785894,12.96171197016991,4.736584353039422,-7.783219100346403,542.51708984375,399.9755859375
FRB20230506A,0,False,,0,689.5762405366488,0.0004060310512917,0.7280221420670605,2.1333493872972853,1.0794819060727088,-4.769419256004623,448.15673828125,399.9755859375
FRB20230506B,0,False,,0,1085.74482806768,2.1835107700491625e-05,0.6599118821495862,4.302420270785845,0.7708995834508374,-5.63278171225925,428.52783203125,399.9755859375
FRB20230507A,0,True,FRB20190303A,0,221.6278737856624,0.0009388684306937,2.0711957710103928,12.55068610566215,64.82587842973581,-377.1432419486216,436.12060546875,68.212890625
FRB20230507B,0,False,,0,624.9067364461322,0.0010288968730645,0.6291105150981162,3.86522070506333,26.791319420717095,-61.52921998853007,497.54638671875,193.65234375
FRB20230507C,0,False,,0,657.0346483718521,0.0004530168089567,12.752307368869998,30.45615649770723,9.301017226643378,-11.768442821787554,594.15283203125,399.9755859375
FRB20230508A,0,False,,0,578.8145799268988,0.0002559373165322,0.5397253654209249,0.6837688880616896,49.44445655206996,-48.526577573861424,666.07666015625,264.4775390625
FRB20230508B,0,False,,0,356.33146049122627,0.0004442006159721,0.7107333245367361,4.066417561690311,5.208373659251649,-7.129365755554117,576.64794921875,399.9755859375
FRB20230508C,0,False,,0,569.7103533385589,0.0030511387049536,1.5598019667420828,10.235822756127122,17.87566864151044,-65.63035237904188,458.58154296875,152.83203125
FRB20230510A,0,False,,0,447.4017323323956,0.0015960775001298,0.9255551869587908,10.988238679254929,18.720334014970597,-301.78099862750923,412.80517578125,50.2685546875
FRB20230510B,0,True,FRB20220505A,0,605.8990632523493,0.0007157923814196,3.4740308421545687,18.47654841279497,255.5105495421485,-336.8955172774544,584.72900390625,96.77734375
FRB20230510B,1,True,FRB20220505A,0,605.8990632523493,0.0005784492207516,3.4740308421545687,18.47654841279497,119.2422408663422,-170.46138351962782,567.76123046875,132.2509765625
FRB20230510B,2,True,FRB20220505A,0,605.8990632523493,0.0040180021716899,3.4740308421545687,18.47654841279497,120.73235610511632,-199.67992646282565,541.46728515625,116.4794921875
FRB20230510B,3,True,FRB20220505A,0,605.8990632523493,0.0026690981665095,3.4740308421545687,18.47654841279497,52.641543700424,-141.25496034646048,482.16552734375,123.4375
FRB20230510C,0,True,FRB20220505A,0,605.894429683099,0.0017744602648591,1.0761136659279544,10.441332162876552,32.05570403302412,-74.89142531381891,495.69091796875,174.70703125
FRB20230510C,1,True,FRB20220505A,0,605.894429683099,0.0014111460382054,1.0761136659279544,10.441332162876552,75.05256065864724,-168.7618636179677,499.84130859375,117.0166015625
FRB20230510C,2,True,FRB20220505A,0,605.894429683099,0.0064562299987616,1.0761136659279544,10.441332162876552,186.9183528770406,-551.3457075923362,474.13330078125,61.279296875
FRB20230510D,0,False,,0,773.8985771232451,0.0005548794757808,0.7278752883761196,3.599080370618782,-2.49151917356966,-25.531583369937355,400.20751953125,116.455078125
FRB20230510E,0,True,FRB20220912A,0,220.46888800019624,0.0012352272130281,0.6746225164414946,2.514960404883516,22.57375386279693,-131.36711434262756,436.09619140625,97.607421875
FRB20230510F,0,True,FRB20220912A,0,222.0745371434492,0.0052535999339397,0.5171494593417114,5.552866526200081,16.689229712947817,-30.015848871145145,528.45458984375,296.4599609375
FRB20230510G,0,True,FRB20180916B,0,349.7949911697987,0.0023580243414304,2.4056890161549527,18.669372499840904,19.591405147828866,-61.02717354141564,469.88525390625,170.3857421875
FRB20230510H,0,True,FRB20180916B,0,349.53560752497106,0.0033528539238175,1.5614477560710565,14.611769377960265,54.0187874657143,-103.0230478062039,520.15380859375,156.0791015625
FRB20230510H,1,True,FRB20180916B,0,349.53560752497106,0.0021742240901457,1.5614477560710565,14.611769377960265,19.13165258034366,-71.08478830056914,457.84912109375,147.900390625
FRB20230511B,0,False,,0,191.61891890180837,0.0001056872707458,3.72425145385776,4.034517527617476,5.104334522036402,-10.229809107246536,513.58642578125,399.9755859375
FRB20230511C,0,True,FRB20190929E,0,513.1313501023387,0.0007468538422802,0.5419105354577423,3.338095064501952,81.02102831546168,-311.280423555868,455.82275390625,78.466796875
FRB20230511D,0,False,,0,1466.4979227277377,0.0006591729078861,1.236974004359925,3.8675259558905593,21.920892509332862,-54.06100069922884,490.14892578125,202.2705078125
FRB20230511E,0,True,FRB20220505A,0,605.9457949640995,0.0017648806220783,2.466119898799493,22.16701497199114,227.57774867871763,-416.9878708893104,525.74462890625,78.173828125
FRB20230511E,1,True,FRB20220505A,0,605.9457949640995,0.0047298854278507,2.466119898799493,22.16701497199114,61.49920120720842,-151.5414218022859,490.22216796875,121.142578125
FRB20230511E,2,True,FRB20220505A,0,605.9457949640995,0.0008464286269376,2.466119898799493,22.16701497199114,50.60088384760727,-195.53569818442188,455.48095703125,99.0234375
FRB20230511E,3,True,FRB20220505A,0,605.9457949640995,0.0084067904320554,2.466119898799493,22.16701497199114,-2.556095388514956,-57.78961504299964,400.20751953125,78.2958984375
FRB20230512A,0,False,,0,641.5280207096256,0.00829398921324,0.4347932114965781,6.190416549602829,251.46457877036573,-291.0619598591896,616.41845703125,109.765625
FRB20230512B,0,False,,0,1238.0223982918928,0.0006967052792723,0.8375989327257619,2.338082013468299,4.526688582926385,-11.206048174127226,489.75830078125,370.41015625
FRB20230512C,0,False,,0,323.3187257562593,0.0013008238717524,0.2998332779440366,1.8670576742571936,2.604387977548113,-32.68915860829805,416.46728515625,142.822265625
FRB20230512E,0,True,FRB20220912A,0,221.50050893342564,0.0036969105025268,0.3768452981729813,2.6212946954416285,51.75592029625885,-119.4123380698456,497.03369140625,138.4521484375
FRB20230512F,0,False,,0,1012.257623052765,0.0016890263090192,1.1007561198719598,5.852342630046143,6.911024506596727,-9.18290563029396,583.04443359375,399.9755859375
FRB20230513A,0,False,,0,662.6224005384155,0.0003631094971632,1.5744940240767835,2.779677519827817,2.8253149912521374,-8.977647719345686,468.39599609375,377.0263671875
FRB20230513B,0,False,,0,861.5453311514201,0.0009625815928873,0.5632287344426458,3.243549481135532,21.958756181696508,-113.02999457635768,441.02783203125,108.4716796875
FRB20230513C,0,False,,0,553.2410819785684,0.0068337620897746,0.2331053496154231,1.7403096797882198,20.57839865032025,-57.411037547764,478.74755859375,184.66796875
FRB20230513D,0,False,,0,411.62902675767816,4.9207938325539465e-05,1.773984450961143,7.7255872375111485,39.57540528703831,-86.63693682288424,502.86865234375,164.6728515625
FRB20230514A,0,False,,0,373.03888162355895,0.0002653337965782,2.907312320485792,4.475211808394243,12.79880227556493,-63.090135466253045,442.90771484375,135.9375
FRB20230514B,0,True,FRB20200223B,0,200.9419373196565,0.0003203423471077,0.5648672782000924,1.5650791183305597,226.0331670603572,-407.27035406844647,528.18603515625,79.4921875
FRB20230524A,0,False,,0,445.6215422786105,0.0003684377432,0.9185667523453516,4.895708312714803,48.01995175837511,-111.58055239317238,496.27685546875,143.06640625
FRB20230524B,0,False,,0,440.14411171086186,0.0012613711985998,0.8918852047819866,5.333358941831149,38.5113574000466,-52.7274719612336,576.59912109375,242.7001953125
FRB20230525A,0,False,,0,370.56323023989097,0.0008581538436592,0.7995157495743516,2.584768849039741,26.15061996037733,-64.08672892502953,490.75927734375,187.1337890625
FRB20230525B,0,False,,0,234.22865148362425,0.0002039098994404,0.5925699006826546,1.6895079329926177,17.107818985699524,-93.6002077882738,438.48876953125,112.744140625
FRB20230525D,0,False,,0,525.0513226912232,0.0004065993785913,1.3371267595790948,2.6736840878372314,-0.6955775973451174,-5.080261031554411,400.20751953125,335.0341796875
FRB20230527B,0,False,,0,374.18796794935975,0.000163188774598,0.9049618356782636,1.0492593798594447,19.071722514335057,-70.13155600175978,458.48388671875,149.3408203125
FRB20230528A,0,False,,0,375.3667487370203,0.0009278041021132,0.6957707792359336,4.210573431500163,0.1644571665035163,-7.828215120778892,404.43115234375,295.41015625
FRB20230528B,0,False,,0,877.6303605473705,0.0003961507153898,0.5321276399648994,1.588143509797707,6.314709727232106,-9.670179810578691,554.72412109375,399.9755859375
FRB20230528C,0,True,FRB20220912A,0,222.89974060228724,0.0102824974959558,0.2943939182933265,3.853187839261016,42.90638795703581,-188.8663826909546,448.32763671875,99.1943359375
FRB20230528D,0,True,FRB20220912A,0,223.6969865354844,0.008071897913776,0.3548294074969532,3.977647057825376,8.668760177054683,-25.61935314233604,473.96240234375,239.4287109375
FRB20230528E,0,False,,0,645.056865268005,0.0019016694255401,1.7145624086632687,16.336240666967488,30.26933705071876,-31.30550554044038,648.98681640625,305.3466796875
FRB20230528F,0,False,,0,278.4221610988868,0.0006829529642435,1.1008490896621153,3.034606492091576,23.97705350232433,-93.5890288817126,454.89501953125,131.9091796875
FRB20230529A,0,False,,0,567.2565610304374,0.0051861093118852,0.3448773444278292,2.7233610835462345,2.3285274954448103,-6.341717152858295,480.84716796875,399.9755859375
FRB20230530A,0,False,,0,430.8932635183194,0.0001326507545072,0.2374029624474366,0.2083199098539535,47.32943482119149,-233.99829026357105,442.78564453125,87.9638671875
FRB20230530B,0,True,FRB20220912A,0,224.15352772641344,0.0063794297578792,0.3128845151510408,2.946909484327094,22.941940862533297,-77.841759573367,463.73291015625,150.537109375
FRB20230601B,0,False,,0,775.1096289470239,0.0010549589883536,0.3442418783435716,1.4113051463080315,14.096761794735368,-96.74137407371364,430.43212890625,102.0263671875
FRB20230601G,0,False,,0,484.0671546719949,0.0009392229981493,0.502106379246538,1.8276699838397743,19.282498663254277,-68.83782422865339,460.36376953125,152.5390625
FRB20230601D,0,True,FRB20220912A,0,224.1702525121404,0.0075152259961667,0.3809907429056693,4.7484852816317,44.61613404650584,-69.66740313610057,551.23291015625,201.513671875
FRB20230601E,0,True,FRB20220912A,0,225.3881635918293,0.0194694465605351,0.1906658341101502,1.1340320750773407,68.29672293394272,-269.75170552594926,454.21142578125,84.033203125
FRB20230601F,0,False,,0,739.0285554727517,0.0013018187131123,0.8208636584141693,3.5686742264288744,0.7896596535913302,-4.232800681006326,439.31884765625,399.9755859375
FRB20230602A,0,False,,0,794.0685896941769,0.0006715152992496,1.365100167794014,4.279510626658772,7.504946460517909,-8.994902590466648,607.36083984375,399.9755859375
FRB20230602B,0,False,,0,248.6672828564369,0.0002170556977392,1.211371212190176,2.1654527524661784,10.502406800765982,-140.8834037807272,415.39306640625,71.826171875
FRB20230602C,0,True,FRB20220912A,0,221.77973978960725,0.0024520242200579,0.2622098731441759,3.432715329209074,108.50316506463956,-418.67535576797286,455.55419921875,67.6025390625
FRB20230602D,0,False,,0,1589.095025133104,0.0018682044038607,0.8265219446952602,11.941493606436898,3.2854711982125737,-5.529326858399828,538.63525390625,399.9755859375
FRB20230602E,0,False,,0,294.052788068785,0.0006137018077588,0.745850194082998,1.7635622846716823,57.86318615131016,-258.2615514192079,447.64404296875,84.6435546875
FRB20230603A,0,True,FRB20190208A,0,579.7906535589613,0.0010241338104657,0.4119099441388621,0.948390926203478,50.14924411481367,-172.93415360212734,462.63427734375,106.9580078125
FRB20230603B,0,True,FRB20220912A,0,223.72286682332856,0.0045348586674335,0.2553525680981137,3.2277355726051966,50.1759985275687,-67.11943761211674,581.57958984375,216.6259765625
FRB20230603C,0,True,FRB20220529A,0,245.1576539075825,0.0010881513015103,0.4777895611381685,1.4377123833124936,74.68173404881534,-68.47515916187834,690.39306640625,225.439453125
FRB20230604D,0,True,FRB20190117A,0,396.88911760573023,0.0016427816938272,0.4816325495039431,4.176546169034668,28.31184159257777,-55.70563870870706,515.97900390625,211.23046875
FRB20230604B,0,True,FRB20200202A,0,734.379276502217,0.0009942970908751,1.1118945222912062,3.553055976832251,217.31639493409256,-215.1973053568462,663.07373046875,137.40234375
FRB20230605E,0,False,,0,496.8764087733106,4.010438892156368e-05,0.4738344266809601,1.8950154322537116,-2.28419917599931,-1.6762107530126689,400.20751953125,385.2783203125
FRB20230605A,0,False,,0,1783.9757379784255,0.0004048525398858,0.6338562915020501,2.668433514694409,-0.7926198329836918,-7.132830653624619,400.20751953125,269.775390625
FRB20230605C,0,True,FRB20220529A,0,245.53808046516548,0.0023440625714698,1.1002175708765458,6.930612071901773,96.23022665155898,-112.89155091579664,612.87841796875,175.634765625
FRB20230605C,1,True,FRB20220529A,0,245.53808046516548,0.0022630120988426,1.1002175708765458,6.930612071901773,129.45922775537875,-167.1937159634734,589.39208984375,138.623046875
FRB20230605C,2,True,FRB20220529A,0,245.53808046516548,0.0004531026221274,1.1002175708765458,6.930612071901773,107.11777213791464,-150.99122807792045,570.59326171875,141.259765625
FRB20230605C,3,True,FRB20220529A,0,245.53808046516548,0.0002935633669241,1.1002175708765458,6.930612071901773,42.28072160134948,-78.7455626289646,523.42529296875,179.8583984375
FRB20230605D,0,True,FRB20210323C,0,285.17612444411526,0.0039699063558008,0.4553061249696102,3.146607258482431,11.9578884478961,-69.85983068408378,435.94970703125,122.509765625
FRB20230606A,0,True,FRB20220912A,0,220.94139313849527,0.0026182969953641,0.4526051723380765,2.166777495628057,46.670111055719055,-72.91667554080966,551.13525390625,196.875
FRB20230606A,1,True,FRB20220912A,0,220.94139313849527,0.0032695293963238,0.4526051723380765,2.166777495628057,26.330926872046128,-152.59393125107664,436.26708984375,93.06640625
FRB20230606B,0,True,FRB20220505A,0,606.1100620189425,0.0013482901719515,1.0169457015996917,3.4071004640964784,65.78873699521863,-84.29739959514937,591.19873046875,196.2890625
FRB20230607A,0,False,,0,367.7783543659192,0.0025947239728023,0.8986767809825875,5.041927634700133,17.96357948078198,-14.537007399705589,742.34619140625,301.5625
FRB20230608A,0,True,FRB20220912A,0,221.0533969358808,0.0024809530868545,0.4583374059844191,3.466034193796097,70.67583358267959,-132.95633275291132,522.03369140625,137.7685546875
FRB20230608A,1,True,FRB20220912A,0,221.0533969358808,0.0034055659129781,0.4583374059844191,3.466034193796097,6.02288476667822,-54.478431622833405,422.93701171875,119.2626953125
FRB20230614A,0,False,,0,741.612297373724,0.0005530459744295,4.118012431723962,8.874770557990601,8.466495344702672,-30.636761391035687,459.48486328125,204.19921875
FRB20230614B,0,False,,0,1415.7725799246475,0.0007533244777969,3.2072575654000626,11.75955138183314,0.8279680190905041,-15.660524512093156,410.92529296875,202.734375
FRB20230614C,0,False,,0,192.78044476385045,0.0003237415000098,0.5571907857779702,1.412586695906991,-0.6785732904197507,-3.003759165706204,400.20751953125,399.9755859375
FRB20230615A,0,False,,0,696.8128139877352,0.0010997824543321,1.450289648268641,10.901588606974707,-2.6910409536100115,0.5120627305449162,400.20751953125,399.9755859375
FRB20230615B,0,False,,0,608.0195635296299,0.0001117274088345,1.2600960921798403,2.616550778134177,2.575457798098208,-9.33594376486206,459.38720703125,354.6142578125
FRB20230615C,0,False,,0,759.73365853357,0.0003563215789619,1.3252706442454678,2.6338309587140967,5.326308890972435,-7.78828452837532,563.34228515625,399.9755859375
FRB20230616A,0,False,,0,918.9489740130896,0.0001296554419284,3.116184998841961,11.602295174080805,34.925169447029496,-61.85770590751609,530.72509765625,206.0546875
FRB20230617A,0,False,,0,446.13736340495626,0.0003332905413721,0.966925212775031,5.481869888012054,2.775996906066992,-6.376490757050084,497.52197265625,399.9755859375
FRB20230618A,0,False,,0,288.4032104583404,0.0012005602444516,1.0303601205791706,2.925652454056164,39.02907764468989,-64.20539358860793,542.34619140625,206.6162109375
FRB20230619A,0,False,,0,598.7462901624478,0.0008606575593486,1.606659266158671,5.580686010060444,-0.3099289655774375,-5.788302864162938,400.20751953125,332.275390625
FRB20230619B,0,True,FRB20220529A,0,245.8653311896662,0.0018881387751824,0.5888537978110464,3.633857648901492,14.213377043332514,-31.133193874088526,502.81982421875,259.7412109375
FRB20230620A,0,False,,0,615.123788015136,0.0004128738799133,2.3085644748183785,5.413286706110449,31.02782667578926,-58.36100246074788,522.05810546875,208.740234375
FRB20230620B,0,False,,0,771.5323149679683,0.0003221414253007,2.575954191877139,11.278813246527667,-0.0764104650262221,-2.166798049027827,400.20751953125,399.9755859375
FRB20230621A,0,False,,0,726.9543495487596,0.0009473321853042,0.7040180324997907,1.9534635034049403,8.429955537286837,-11.111335999676127,584.80224609375,399.9755859375
FRB20230623B,0,True,FRB20220912A,0,221.0395590992223,0.0060707824559523,0.2638229317979167,1.2749998601289052,42.42908295687058,-172.493336281281,452.57568359375,104.78515625
FRB20230624A,0,False,,0,378.8867359277637,0.0020651893460738,1.2477472083868093,6.422537340582394,21.28349374652668,-76.77511917511656,459.70458984375,146.38671875
FRB20230624B,0,True,FRB20220912A,0,220.31793146722384,0.0003057114571622,0.2938547400406031,3.0709706500251506,145.57134703571893,-369.0466751002428,487.43896484375,77.0751953125
FRB20230624B,1,True,FRB20220912A,0,220.31793146722384,0.0018201675647898,0.2938547400406031,3.0709706500251506,79.3658399724851,-412.4218538483536,440.61279296875,65.8935546875
FRB20230624C,0,True,FRB20220912A,0,222.74735309979147,0.0065979250171354,0.3244857545728015,4.087502111554676,46.88827074240884,-193.150833632032,451.84326171875,98.8525390625
FRB20230624D,0,False,,0,1271.9804767275175,0.0007594252870804,0.7353368306968004,2.279657420556012,0.4745957749832835,-4.77364282616362,420.59326171875,399.9755859375
FRB20230625A,0,False,,0,472.2886247723704,0.0006029462828613,1.7145779812820807,6.224233378025379,52.04552299467761,-103.0500500775882,515.14892578125,154.5654296875
FRB20230625D,0,False,,0,784.4994713662956,0.001706025458807,1.1147413741923404,6.580662005538061,17.094223370885228,-38.38188956105917,500.01220703125,238.57421875
FRB20230625B,0,True,FRB20220912A,0,220.4520145084236,0.0010545269334154,0.7391935683136597,1.327639640350128,176.56555840007246,-163.68386552414452,686.29150390625,163.134765625
FRB20230626B,0,False,,0,277.03011548258,0.0002146542432019,0.7858964726271037,1.0669414934249082,12.471350432648997,-71.71828150472733,436.56005859375,121.9970703125
FRB20230626C,0,True,FRB20220912A,0,222.44388802051265,0.0050598182197597,0.3826343421120635,1.682931153646236,36.26322966795825,-114.40846253341871,468.93310546875,133.4716796875
FRB20230626D,0,True,FRB20220912A,0,223.6247275052835,0.0062901151412167,0.3820526434228651,2.9188883638752507,68.34942277477597,-133.47437781604054,516.97998046875,136.1572265625
FRB20230626E,0,True,FRB20220912A,0,222.4042570068455,0.0081000556489619,0.4349306128627365,5.3987466548559695,32.80739104346012,-118.66642457963188,459.53369140625,127.978515625
FRB20230626F,0,True,FRB20220912A,0,220.50066555107824,0.0008684598777805,0.4773068535821761,0.8509584385786628,28.01091341384035,-169.92269785461676,434.58251953125,88.0126953125
FRB20230627A,0,True,FRB20220912A,0,221.84472751940984,0.0032316537661482,0.6951856532885909,3.992277286179567,59.24334742772663,-102.52170185863648,534.26513671875,160.693359375
FRB20230627B,0,True,FRB20220912A,0,221.74187602636744,0.0049775887879687,0.2650657774768798,1.449722250980998,93.31689081831829,-303.8509657675816,466.61376953125,81.3232421875
FRB20230627C,0,True,FRB20220912A,0,221.1986570465524,0.002276132375361,0.5814689684283983,2.9968616355137025,31.875188433411207,-64.14179818310598,513.07373046875,195.5810546875
FRB20230627D,0,True,FRB20220912A,0,223.25710777115768,0.0077897413880919,0.2684729880112758,2.0270174181849647,85.11521018959525,-248.41225347869545,474.98779296875,91.5771484375
FRB20230627G,0,True,FRB20220912A,0,220.54083698315665,0.0078289196696418,0.2863389848170112,3.477502103094995,70.0031646625246,-214.2657879792544,471.20361328125,97.8515625
FRB20230627E,0,True,FRB20210305A,0,256.6268339901873,0.0004360643723181,1.1710821550771533,3.1873309452198253,46.73582158823874,-84.88011460115877,527.03857421875,174.365234375
FRB20230628B,0,False,,0,459.12625238066175,0.000460546660454,0.7680147600495779,6.60362372802503,-2.031451993525048,-1.343323038864032,400.20751953125,399.9755859375
FRB20230628B,1,False,,0,459.12625238066175,0.0010349910323157,0.7680147600495779,6.60362372802503,1.0214547336587212,-13.370146617309816,415.78369140625,229.4189453125
FRB20230628C,0,False,,0,524.5520234654487,0.0006726235234432,0.8067193150094246,2.343028115032003,0.5243737079487618,-4.234906853421519,425.74462890625,399.9755859375
FRB20230628D,0,True,FRB20210409B,0,686.1993511467291,0.0021078132453554,0.4756212283714123,2.304194962879984,87.88805879196974,-152.238933545419,534.11865234375,131.6650390625
FRB20230628E,0,True,FRB20220912A,0,220.72214404513824,0.0008785146670457,0.3433552718777595,1.7322015559571209,54.97524621960532,-223.01573019126937,452.69775390625,92.1142578125
FRB20230628G,0,True,FRB20220912A,0,221.20925005859223,0.0027846627970329,0.5304594453161867,2.2349309523349845,77.82468925712078,-149.91625618380672,518.78662109375,128.90625
FRB20230629B,0,True,FRB20220912A,0,220.3866512775841,0.0012064677045236,0.5363887855723424,2.785145883852528,79.35495178810689,-172.99332224053896,503.35693359375,116.3818359375
FRB20230629C,0,True,FRB20220912A,0,222.69740255070843,0.0054759272156539,0.5124866670995599,6.774086980001319,30.371084793322176,-88.31168960227805,475.28076171875,154.1259765625
FRB20230629D,0,True,FRB20220912A,0,222.35643534233543,0.0034773777512898,0.3016656576062488,2.628628505790162,18.62618696315505,-50.40863027670944,481.40869140625,195.8984375
FRB20230629E,0,True,FRB20220912A,0,220.56914440129628,0.0011012668929383,0.5201610971049009,1.2520007052961504,76.30696610740043,-205.5587201839559,481.82373046875,102.1484375
FRB20230629J,0,False,,0,680.5278100729265,0.0002314329390142,0.8935777245549102,3.75221505204802,0.3579048358559269,1.2961997990698544,800.18310546875,399.9755859375
FRB20230629J,1,False,,0,680.5278100729265,0.0005337944950842,0.8935777245549102,3.75221505204802,-1.4180550902579696,1.1485788353121045,400.20751953125,399.9755859375
FRB20230629H,0,False,,0,934.6696035436285,0.0014148398723215,0.5161853312749479,2.104257766872965,-1.818546453967772,-0.8688844853652984,400.20751953125,399.9755859375
FRB20230629I,0,False,,0,560.4246593533276,0.000901692421131,0.6120255420319689,12.75850892686785,15.024115365299766,-70.9733303794095,444.88525390625,132.4462890625
FRB20230630B,0,False,,0,285.7441171186767,0.0003770238430612,4.154328801369824,11.2121536470579,41.78137091119995,-81.47774434577022,517.15087890625,174.6826171875
FRB20230630C,0,True,FRB20220912A,0,220.8572863114711,0.0011407187142146,0.7903199361760829,3.821446645200909,51.348768625663816,-175.40891081267276,463.26904296875,106.34765625
FRB20230630D,0,True,FRB20220912A,0,224.76603679946015,0.0082081637030954,0.2956025312681994,2.121685475328414,78.84721334594072,-179.48150120402212,498.49853515625,113.134765625
FRB20230701A,0,True,FRB20220912A,0,220.99825222185808,0.0025403815138974,0.4030947995915655,2.8552673769319656,28.454343258002517,-123.39940513090218,449.10888671875,114.6240234375
FRB20230702B,0,False,,0,874.4400888849708,0.0001397466600511,1.070273812039315,2.319139609663164,7.478454862012947,-11.25147238498905,557.94677734375,399.9755859375
FRB20230702C,0,False,,0,400.1309355063655,0.0009868166805476,0.4048985611926461,2.321364072580663,26.32777439358037,-64.84130192473252,490.27099609375,185.83984375
FRB20230702D,0,True,FRB20220912A,0,221.5795103985704,0.0042654005341062,0.2862304950355996,1.461418401007321,31.308427834352848,-233.286766784804,427.96630859375,72.4609375
FRB20230702E,0,True,FRB20220912A,0,221.5432280812971,0.0031747069755226,0.4089268429939634,0.8654956004851216,246.26524946503585,-343.28448728797315,572.86376953125,93.9208984375
FRB20230702E,1,True,FRB20220912A,0,221.5432280812971,0.0024865441027376,0.4089268429939634,0.8654956004851216,88.06826959607447,-161.5505855318851,525.59814453125,125.7568359375
FRB20230702F,0,False,,0,841.5009021920993,0.0007119478531239,0.7346011957323043,2.438767965386291,-4.4769058705320255,1.6449869492221123,400.20751953125,396.5087890625
FRB20230702A,0,False,,0,599.1935486626046,0.0005863672021459,2.7371804837273697,6.959464706354241,1.2147708570010427,-13.898078412147948,418.07861328125,227.880859375
FRB20230703A,0,False,,0,291.29535339226294,0.000371001857147,1.8839086617150047,5.432015183360945,30.25778173372277,-28.479494767799554,680.72509765625,287.9150390625
FRB20230703A,1,False,,0,291.29535339226294,0.0004965130188299,1.8839086617150047,5.432015183360945,13.6389725066012,-15.605536787952072,619.51904296875,378.2470703125
FRB20230703B,0,False,,0,185.462092384358,0.000531565848268,0.5879813703531641,0.9824754493279734,18.64200658405374,-62.01128541137172,465.10009765625,163.720703125
FRB20230703C,0,False,,0,419.2426235613579,0.001588692215873,1.1789497975371626,4.343561682803383,1.725400315292679,-6.064745753487035,461.36474609375,399.9755859375
FRB20230703D,0,True,FRB20220912A,0,220.71262037090665,0.0007603315422148,0.5791193065146284,2.2222646395323293,112.39062469313764,-193.01052878562632,535.43701171875,117.1630859375
FRB20230703E,0,False,,0,566.4111602960456,0.0004005131915454,1.4554443553440397,2.096117647802778,-1.141636726065221,-5.28841823250834,400.20751953125,300.87890625
FRB20230703F,0,False,,0,767.5485187866217,0.0020002268179909,0.803234540971037,2.9549383495628323,10.357578623851284,-23.2473642097234,500.06103515625,284.7900390625
FRB20230704D,0,False,,0,1079.1964918576457,0.0001572034358034,0.8016160025090081,1.52398826091735,96.33856202182724,-174.7007201428108,527.25830078125,121.2890625
FRB20230704B,0,True,FRB20220912A,0,221.78465246421223,0.0031877899742427,0.2556601983221678,1.7360215647995103,22.260786030181237,-65.24124719301571,474.64599609375,172.509765625
FRB20230704C,0,False,,0,600.3809377808144,0.0021337288495978,0.561993524306423,3.780498034008777,0.4270656353568701,-1.6714985412090453,454.72412109375,399.9755859375
FRB20230705A,0,False,,0,372.9041531525462,0.0003905349097641,1.7697637425015516,2.8970924488798078,20.657775722642977,-108.9669202673628,439.97802734375,108.6181640625
FRB20230705B,0,True,FRB20220912A,0,221.035064874116,0.0024413603189606,0.2964803315734532,1.406834178305339,38.59580356258511,-149.7358989949453,455.23681640625,113.18359375
FRB20230705C,0,True,FRB20220912A,0,222.89808397950392,0.0025838287879476,0.3186049554480607,0.5088840298054252,11.332385578407148,-28.00469209996036,489.92919921875,252.4169921875
FRB20230705D,0,False,,0,827.550584490506,1.7061241320200715e-05,0.3171199499120595,0.9386503029053672,34.86166154122964,-86.75243037459695,489.24560546875,160.107421875
FRB20230706A,0,True,FRB20220912A,0,224.49478210785463,0.0088244042842365,0.3100443506227497,3.319327916454864,34.750585969296175,-68.29189971889254,516.14990234375,190.576171875
FRB20230706C,0,False,,0,680.1067612709504,0.0004380304261954,0.4481940900177507,0.9429840732026844,5.766646978781962,-4.545148824631599,754.69970703125,399.9755859375
FRB20230706D,0,False,,0,1238.6312632693732,0.0003062928893678,0.9041378322049888,2.39808724888718,102.9440730509091,-93.65267988404892,693.37158203125,207.421875
FRB20230708B,0,True,FRB20220912A,0,224.67824517571745,0.0064924654699095,0.4015763046262139,4.24610372208474,50.089625011216015,-101.40532350137414,512.31689453125,154.9560546875
FRB20230708C,0,True,FRB20220912A,0,221.0794636465803,0.0058820912748674,0.5690544389737988,5.632040785547655,26.868638734022152,-250.2258630511097,422.27783203125,64.55078125
FRB20230708C,1,True,FRB20220912A,0,221.0794636465803,0.0016820709858133,0.5690544389737988,5.632040785547655,36.03592483095226,-128.81857971573115,460.26611328125,123.4130859375
FRB20230709A,0,True,FRB20220912A,0,222.57330505385323,0.015090232888008,0.3098386652170808,2.983786113548764,109.07022522505106,-881.3058032757313,425.74462890625,43.5302734375
FRB20230709B,0,False,,0,514.8076471263964,0.0002541802328354,1.1452600048461838,3.773364617697925,-0.5404432073890171,-5.242107454965474,400.20751953125,338.671875
FRB20230710A,0,False,,0,1248.3450124337835,0.0027487337223648,0.4856099827671276,3.074134464295721,3.2907559335356646,-7.357547843256071,500.47607421875,399.9755859375
FRB20230710B,0,True,FRB20220912A,0,222.46224285264177,0.0037503608634904,0.5530412874896763,4.570457689409248,82.50099418725074,-87.50285585496532,641.22314453125,208.935546875
FRB20230712B,0,False,,0,582.0884488005021,0.0002216326138153,1.6084452992329497,3.671967026790833,2.6691557333411104,-13.755338172145349,440.97900390625,263.671875
FRB20230712D,0,True,FRB20220912A,0,224.2123162390659,0.008634945053946,0.3005197052623696,2.0858547609846365,25.103883763218747,-142.4366009958492,437.07275390625,96.09375
FRB20230712E,0,True,FRB20220912A,0,223.11968825390895,0.0058501052150191,0.354509428528421,3.390645570521761,32.26634837500627,-111.27583592626578,462.63427734375,133.5205078125
FRB20230712F,0,True,FRB20220912A,0,220.91654444601303,0.0102743960835621,0.639182388281291,14.125033962831182,33.98967132935612,-74.37370640912188,502.94189453125,177.880859375
FRB20230712J,0,True,FRB20220912A,0,220.3917110878271,0.0015939212126148,0.3205720854048495,0.7724065006295153,49.99602630403706,-173.1076653162666,462.36572265625,106.8603515625
FRB20230712G,0,True,FRB20190113A,0,424.9023772093113,0.0068074437087988,0.9642606693062652,4.0200765171244575,91.29892073928973,-339.2015667414838,457.84912109375,75.5126953125
FRB20230713A,0,True,FRB20190117A,0,396.75564377611454,0.0016259105706711,0.6347455361631797,5.385990906623003,112.82634021757826,-207.1530452913786,525.45166015625,110.986328125
FRB20230713B,0,True,FRB20220912A,0,220.36278811379657,0.0003670879788918,3.401550617911252,5.319738237859047,51.33688501852348,-150.7445484371537,474.47509765625,117.578125
FRB20230713C,0,True,FRB20220912A,0,224.3369811068531,0.0080042843127569,0.5703916971595966,6.378758867254122,19.487886809598407,-28.948577061215055,560.33935546875,320.263671875
FRB20230713D,0,True,FRB20220912A,0,222.71380524801572,0.0036440671162561,0.3996250128826078,4.350857319148346,24.099167692130425,-77.3642624936701,467.63916015625,155.46875
FRB20230713E,0,True,FRB20220912A,0,225.0395111556404,0.0054735247707446,0.4402334990292094,5.109597649399591,19.25198008749098,-22.719271427303774,611.34033203125,355.517578125
FRB20230713F,0,True,FRB20220912A,0,221.0319737176316,0.0019052841196024,0.6361205894965504,2.633539022618113,33.32452695063064,-98.0253578601745,474.35302734375,145.947265625
FRB20230714B,0,True,FRB20220912A,0,225.4784352531008,0.0050999454381972,0.5505009742269502,6.011711796251082,40.97279023410668,-40.6045874624388,662.80517578125,277.8076171875
FRB20230716A,0,False,,0,503.9159432640794,0.0006313136676178,0.6912005572505129,3.173355828266157,1.3374116862159942,-2.858985505015661,505.65185546875,399.9755859375
FRB20230717A,0,False,,0,292.0247951135149,0.0004132161131916,8.934942690462414,20.35921931287064,3.934465804127029,-3.715811683528942,679.50439453125,399.9755859375
FRB20230717C,0,False,,0,231.16394729702216,0.0005256422284371,11.438605409795194,63.67662951159511,48.90675218186221,-63.03736340733853,589.85595703125,226.8310546875
FRB20230718B,0,False,,0,995.644327313228,0.0029131914453244,0.4177025355030405,2.117704250079357,5.187667883032288,-26.84491005400001,440.78369140625,190.5517578125
FRB20230718C,0,False,,0,1793.809512531636,0.0080744078840313,0.3902007768889841,4.824165739213946,50.80947480860227,-217.6219246809436,449.74365234375,92.67578125
FRB20230719A,0,True,FRB20220912A,0,225.55329122904223,0.0085170884072199,0.2694321154384252,2.299464085207018,32.92391286128108,-82.04564087931449,489.12353515625,164.6240234375
FRB20230720C,0,False,,0,848.2452176122245,0.0004237725601373,2.3494582618023623,5.1697543477254815,16.280417323490077,-82.63567756352694,441.61376953125,121.630859375
FRB20230720A,0,False,,0,532.5505654326435,0.0011710814927895,3.748883647194742,55.11591077204866,14.714196488018636,-40.46676746010554,479.99267578125,209.08203125
FRB20230721A,0,False,,0,535.6406516693388,0.0003432073064967,2.0137608053436287,3.8715050071508506,10.0950459078643,-16.826715365328056,540.19775390625,381.7626953125
FRB20230721B,0,True,FRB20220912A,0,220.38017685218577,0.0009579896411443,0.9852900365672344,5.238343963548518,37.08620644887485,-104.91983563854524,477.55126953125,141.9921875
FRB20230722A,0,False,,0,583.9032386161275,0.004857380849275,1.199991173837346,30.38096995229684,-2.981733398469083,-1.2814854920449734,400.20751953125,337.451171875
FRB20230806A,0,True,FRB20220912A,0,218.84325503113683,0.00777303896566,0.3362778920995029,5.369359000757079,108.39242840212302,-240.13471565956357,501.52587890625,98.3642578125
FRB20230806B,0,True,FRB20220912A,0,220.77015178197493,0.0023342243748443,0.3397014105066373,0.7961527484363023,81.72747506882654,-270.02395832629026,465.58837890625,86.083984375
FRB20230807A,0,False,,0,273.83004547070664,0.0003325454930216,4.8147066390089375,11.03418538648938,26.42677682962537,-117.43040955102973,447.86376953125,114.94140625
FRB20230807B,0,True,FRB20220912A,0,222.51692339901888,0.0078053195879418,0.2679627118777591,1.9918599482618364,71.18889849912301,-206.08602630961727,475.64697265625,100.7080078125
FRB20230807C,0,True,FRB20220912A,0,221.78943037580305,0.003751413128936,0.5389153336876642,4.885592654481019,32.329170604847256,-97.7530956187959,472.15576171875,145.4833984375
FRB20230807D,0,True,FRB20220912A,0,220.8520088282372,0.0097705018384364,0.281287960442402,3.099785778476988,27.033070596253157,-35.442812502237416,585.99853515625,301.953125
FRB20230808A,0,False,,0,892.6911684220769,0.0027911736818279,0.3883813065677388,1.8103051202972715,50.79191543542528,-102.21554996212843,513.07373046875,154.5654296875
FRB20230808B,0,True,FRB20220912A,0,220.79057163900276,0.0040786404457852,0.8592331405226503,7.89923088265515,38.69735163733137,-61.57685387755642,547.93701171875,213.2080078125
FRB20230808C,0,True,FRB20220912A,0,225.4215002512391,0.0097365945162118,0.2545993392301541,3.946809080157167,276.7383877159081,-297.23546644163577,637.43896484375,112.3291015625
FRB20230808D,0,True,FRB20220912A,0,220.48479692501735,0.0023511001624695,0.4716782725181799,3.881358626542714,68.43901141657417,-253.6132879947736,457.99560546875,87.3779296875
FRB20230808D,1,True,FRB20220912A,0,220.48479692501735,0.0006144966864239,0.4716782725181799,3.881358626542714,44.45414737353021,-331.96231039022035,427.91748046875,64.84375
FRB20230808E,0,True,FRB20220912A,0,223.6071706246537,0.0039340188117488,0.3765911412485023,2.385917838202496,67.16890673055873,-118.45620682892002,531.38427734375,148.6083984375
FRB20230811A,0,False,,0,358.3208176780949,0.000342703841817,6.975398689188533,10.876715678962034,-1.5317828368297974,-1.618677512252567,400.20751953125,399.9755859375
FRB20230813A,0,False,,0,932.6346401940652,0.000134237318558,0.4719927183808793,1.8361459182382995,31.54068476544702,-56.46335158167501,529.13818359375,215.1611328125
FRB20230814C,0,False,,0,696.5949336920946,0.0006839005155878,1.2835902524770644,1.4971978950360207,38.39797519525777,-47.88634816801981,597.57080078125,264.16015625
FRB20230814E,0,True,FRB20220912A,0,222.8671806940432,0.0076279634995623,0.4887100039606067,6.530219836638709,39.73312756368825,-92.8250282658422,495.69091796875,156.7626953125
FRB20230814G,0,False,,0,225.63742309339915,0.004653380838728,0.2835691390554132,3.3441150449990604,58.20569773652957,-42.84163536231356,789.39208984375,174.12109375
FRB20230814H,0,False,,0,856.4614556870555,0.0004116140116562,1.6198679790664323,2.8299013571672957,10.672446461205578,-11.873406021599076,627.28271484375,396.337890625
FRB20230817A,0,False,,0,669.5195322242911,0.0006492581028798,0.5886888085206908,1.893863855773937,107.11508678929884,-95.15799693941004,702.60009765625,198.8037109375
FRB20230818A,0,True,FRB20220912A,0,223.72448456968212,0.0098494843262545,0.3915494285449541,8.613208794776892,24.9179890577552,-138.8034928777587,437.78076171875,97.7294921875
FRB20230825D,0,False,,0,220.85131372372223,0.000903260553491,0.6275230474780585,3.036467663012204,112.85593275974772,-127.67686446634488,622.59521484375,167.7001953125
FRB20230825E,0,False,,0,222.10622980164365,0.0076743416870904,1.0432401085540386,23.10094864225455,199.49487957764052,-151.67537644104635,772.47314453125,117.2607421875
FRB20230825E,1,False,,0,222.10622980164365,0.0030162469767081,1.0432401085540386,23.10094864225455,26.44654102926215,-40.87389595999895,553.06396484375,264.990234375
FRB20230825F,0,False,,0,221.16288906859256,0.0020532574480533,1.6203156721272534,15.196577505747454,26.47211207693159,-70.35725383567959,483.02001953125,175.68359375
FRB20230825G,0,False,,0,222.4997587048264,0.0060410284569951,0.5756493276805602,5.225986866301085,43.70968531387328,-188.96962699871412,449.25537109375,99.3408203125
FRB20230825I,0,False,,0,222.7263358511437,0.0038835276769125,0.4162256223985855,8.393746066910337,11.03814019383256,-7.850884309237667,800.18310546875,329.9072265625
FRB20230825I,1,False,,0,222.7263358511437,0.0052560757563424,0.4162256223985855,8.393746066910337,35.040554856563354,-107.52784583426715,471.00830078125,138.330078125
FRB20230825J,0,False,,0,311.3184031634809,0.0003154077127312,2.118134688057528,2.872191998378411,2.7615506301718558,-6.343586998170322,497.52197265625,399.9755859375
FRB20230825A,0,False,,0,1040.1657422739625,0.0007025989853495,0.7200744704001553,2.98463562219062,18.83289274448277,-59.31832935356414,469.05517578125,170.9716796875
FRB20230825B,0,False,,0,531.9105407764705,0.001547613288248,1.1680309052357305,3.5647722683290013,41.93760450495434,-111.86657978650514,482.70263671875,138.96484375
FRB20230826C,0,True,FRB20220912A,0,220.89806996775908,0.0031623897520188,0.8419553423203325,7.587974913520202,37.31912356650252,-74.5032052027601,514.09912109375,181.6650390625
FRB20230826D,0,True,FRB20220912A,0,220.48873394154512,0.0020464908756251,0.3494432371049811,0.7954722472532234,60.93383804065211,-276.6906392262111,446.78955078125,81.591796875
FRB20230826A,0,True,FRB20220912A,0,220.52325891984265,0.0008248312603425,2.2299950539501605,9.2449651590009,75.2302576347714,-73.97625290295002,665.41748046875,235.986328125
FRB20230826A,1,True,FRB20220912A,0,220.52325891984265,3.2802083152221337e-06,2.2299950539501605,9.2449651590009,72.89947620505411,-72.84412021735669,660.07080078125,235.9375
FRB20230827A,0,False,,0,783.1394244415461,0.0003903904254768,1.500168053918465,3.54627974645336,2.739288707752914,-4.904335242353822,529.11376953125,399.9755859375
FRB20230827B,0,True,FRB20220912A,0,221.2563321429644,0.0038692262297135,1.615847559151662,17.705784115239183,55.92874009290367,-161.93085883242028,475.62255859375,113.671875
FRB20230827C,0,True,FRB20220912A,0,221.60090463425124,0.0044226014254965,0.3031833978300214,2.1178407522726057,16.46749997729195,-118.91713150805846,428.89404296875,92.7001953125
FRB20230827D,0,False,,0,246.6014092905115,0.0008802321584643,0.8965245571655355,3.799335008064445,2.5979651748021126,-10.731062956457825,451.69677734375,317.6025390625
FRB20230828C,0,False,,0,219.82724343453768,0.0001250977736376,0.6862949163590522,2.061449515496097,26.48535155011501,-64.7383527084602,491.02783203125,186.279296875
FRB20230828D,0,True,FRB20220912A,0,222.83463359479785,0.006924438519408,0.3042775365969032,3.664212848637344,65.34295932939014,-318.3295078336393,443.44482421875,75.48828125
FRB20230828A,0,False,,0,377.7496295923564,0.0004183100072852,3.692039707182924,17.315009017278506,111.89709276346628,-101.28166517822612,695.30029296875,202.1728515625
FRB20230829A,0,True,FRB20220912A,0,222.133683633726,0.010959804392881,0.3143764657409026,8.080086184362147,52.38146185427909,-79.405692588731,556.55517578125,190.4541015625
FRB20230829B,0,False,,0,309.03430522096573,0.0002816673806818,2.931240605127696,4.19455662159455,0.4000634863234392,-8.80740726349977,409.38720703125,282.421875
FRB20230830A,0,False,,0,877.3207561406089,0.0018203882718006,0.3850698844769522,2.2900846761260927,6.019486128603951,-51.66090942798248,424.20654296875,123.7060546875
FRB20230831B,0,True,FRB20220912A,0,224.5055508217474,0.0066586243511314,0.3457273399623066,1.6970211499779726,44.9851111938843,-102.88606142513513,497.98583984375,149.5361328125
FRB20230831C,0,False,,0,330.6783628058722,0.0008813258916512,0.5791806532428148,1.25878599954452,36.21077392763074,-77.3075679481677,505.79833984375,175.4150390625
FRB20230831D,0,False,,0,590.3157125938449,0.0002224653195401,4.986254030644825,8.698480258015287,42.672202948201935,-93.01130026120892,503.38134765625,159.033203125
FRB20230901A,0,True,FRB20220912A,0,221.51011426411804,0.005993654791347,0.7842746644836962,12.228099167422153,45.82171232106667,-251.55626569147944,438.36669921875,82.1533203125
FRB20230902C,0,False,,0,485.9406342552463,0.0015954955318472,0.2983868685283463,1.946968019969605,19.169474244205304,-97.55077979806455,441.51611328125,114.6240234375
FRB20230903A,0,True,FRB20220912A,0,222.03913491566303,0.0056543141301596,0.392370141086779,4.130120518257546,41.19970819408324,-228.94552873770223,437.87841796875,83.837890625
FRB20230904A,0,False,,0,147.7850767270614,0.000337334134442,5.503099933068063,11.81565135385913,0.6506868626860122,-7.021636977990691,419.17724609375,342.96875
FRB20230904A,1,False,,0,147.7850767270614,0.0010475859985654,5.503099933068063,11.81565135385913,5.160023963385733,-11.636165833025018,499.52392578125,379.1748046875
FRB20230904B,0,True,FRB20220912A,0,220.68209457453705,0.0008118081582053,0.54068872043735,1.4139547773163343,96.51232854364704,-94.62774780806232,666.41845703125,208.7158203125
FRB20230905A,0,False,,0,291.7278199421981,0.000184002781618,15.94865967773711,24.684303061950736,22.601877932114903,-67.64369788788886,472.96142578125,168.5791015625
FRB20230905B,0,True,FRB20220912A,0,222.16164816151908,0.0107403609198266,0.343328474191437,5.704765865098831,34.861151733201126,-102.44142645186042,474.42626953125,142.7734375
FRB20230905C,0,False,,0,299.1752233586726,0.0002970504072347,1.911543479565872,3.7808523218491183,-0.1441044324368554,-8.860320256384286,400.20751953125,260.7177734375
FRB20230906A,0,False,,0,1300.6896050760738,0.0003198314793248,0.6580698083371713,3.86150834501972,-3.0621949577657355,1.7197842363196063,400.20751953125,399.9755859375
FRB20230906B,0,False,,0,482.0061431362329,0.0017301397964609,0.5894010729985344,3.740121691336284,84.67061610317167,-196.17015398847144,496.59423828125,107.7880859375
FRB20230907A,0,True,FRB20220912A,0,220.9971658282701,0.0016679050413873,0.4366936788463985,2.9466539591608982,91.2123124511334,-170.74657555936244,522.71728515625,121.6552734375
FRB20230907B,0,True,FRB20220912A,0,222.5395617407825,0.0060437314134794,0.3321056487383108,2.9179007575904707,7.035855032618034,-25.66045191449896,458.99658203125,219.091796875
FRB20230908A,0,True,FRB20220912A,0,231.9430192182296,0.0157548249315148,0.2670647737220566,4.3246080087783065,40.51015904718839,-100.76897805015216,489.29443359375,148.4619140625
FRB20230908B,0,True,FRB20220912A,0,220.78776073650536,0.0005789256505578,0.4274553906179882,2.615498146034974,79.6470118044772,-165.02184577244375,509.41162109375,120.60546875
FRB20230908C,0,False,,0,171.40559011508986,0.0026990236451281,1.0806545019057407,6.091507625938338,-8.448002263010025,6.872185453922438,400.20751953125,201.611328125
FRB20230909A,0,False,,0,744.7856561551343,0.0004447031858271,1.8509928972850285,14.641980510560115,-3.283000994653676,0.9315472261441065,400.20751953125,399.9755859375
FRB20230909C,0,True,FRB20220912A,0,223.4178597361792,0.0104923884747755,0.3078776022584908,4.260672064472772,41.37327263643374,-138.28908140610275,464.75830078125,120.263671875
FRB20230909F,0,False,,0,826.4626123946765,0.0006833074375086,1.5715902923360543,4.173359227819407,4.825239891544308,-13.522475758869742,478.35693359375,322.4853515625
FRB20230909D,0,False,,0,529.2810597804075,0.0004447487139061,0.7189381193976342,2.544363522778207,-1.717815922451454,-2.5264027299827805,400.20751953125,384.5458984375
FRB20230910A,0,True,FRB20220912A,0,223.12898836835265,0.0070518374311568,0.3987040228964237,3.297941119944097,31.54116190212409,-150.97122784035878,444.25048828125,102.44140625
FRB20230910B,0,True,FRB20220912A,0,225.6695763199824,0.0098042073251722,0.3279093745016676,5.175401929997686,43.59005215219275,-64.02251572287615,562.48779296875,214.599609375
FRB20230910C,0,False,,0,660.0989766127384,0.0027656468629937,0.3156357180127759,2.1479908951676423,24.76875428400607,-172.9800729997632,429.89501953125,82.2509765625
FRB20230910D,0,False,,0,875.042102688706,0.0016777624374398,0.225078035705979,0.7455155008170967,3.044534360988963,-18.687744745811266,434.16748046875,216.50390625
FRB20230911A,0,False,,0,351.9463108722394,0.0003153381442106,31.02431092156981,105.50634008129369,-1.153167811501736,-8.124617390480608,400.20751953125,237.59765625
FRB20230911B,0,False,,0,268.59577539768225,0.0044970729159609,5.845242225376007,55.38024860250955,1.6457124230359426,-4.520531516344059,480.09033203125,399.9755859375
FRB20230911B,1,False,,0,268.59577539768225,8.269515190784869e-05,5.845242225376007,55.38024860250955,45.27016451158977,-45.78972416582848,656.06689453125,275.87890625
FRB20230911B,2,False,,0,268.59577539768225,0.0013657257585892,5.845242225376007,55.38024860250955,9.111020335020532,-40.29901333161731,448.08349609375,168.8720703125
FRB20230912A,0,False,,0,604.2055619832008,0.0014627561944453,0.4968676277103993,4.065532057370831,-1.9461760646137367,-2.2643977285278054,400.20751953125,379.0771484375
FRB20230912B,0,False,,0,1587.1762264808344,0.0013463599119595,0.5406607333345188,2.8910533902443576,-0.9083461971453318,-2.483442561323888,400.20751953125,399.9755859375
FRB20230912C,0,False,,0,639.9394962550266,0.0002661960686027,12.573001055986158,20.464542110455685,4.658664955768275,-7.402016090323796,548.20556640625,399.9755859375
FRB20230912D,0,True,FRB20190117A,0,398.2910443084872,0.0036907839068388,0.416503369882942,2.965313337560148,18.400448436172837,-29.29067124736965,547.88818359375,311.2548828125
FRB20230912E,0,True,FRB20220505A,0,606.0788016857182,0.0021050378769491,0.5072366934639908,4.036798225512138,55.69586999940539,-218.5724448430298,454.57763671875,93.45703125
FRB20230912E,1,True,FRB20220505A,0,606.0788016857182,0.0029470600197744,0.5072366934639908,4.036798225512138,8.250412926409785,-85.26759131597635,420.03173828125,94.82421875
FRB20230913A,0,False,,0,251.6903791351138,0.0002234376671028,23.164979770697013,28.61104549323044,3.449281690268745,-10.284064008891797,473.25439453125,359.3994140625
FRB20230913B,0,True,FRB20220912A,0,224.31450466516583,0.0090844213275492,0.2358744743898669,2.871601160922886,52.44239450253329,-310.58311172721966,435.46142578125,74.3896484375
FRB20230913C,0,True,FRB20220912A,0,226.85199203190868,0.0182114589078342,0.340838455197601,1.6589825966947,4.556839703931813,-77.80141437054989,412.09716796875,89.2333984375
FRB20230913E,0,True,FRB20190303A,0,221.67732872138788,0.0006109587496241,0.7362425038409622,2.1094886278206144,280.81525107255686,-278.96248883606347,661.99951171875,120.4345703125
FRB20230914B,0,True,FRB20220912A,0,223.023500433196,0.0096379610950197,0.2531152250681892,2.760060380219313,80.28722828865554,-301.6039830026594,457.16552734375,79.9560546875
FRB20230914C,0,False,,0,405.4126481192954,0.0018417276417847,0.6510319000159548,2.718621667266789,17.019953488152257,-48.6329123508637,476.72119140625,192.3828125
FRB20230915A,0,False,,0,211.44891696920772,0.0003060801470239,1.7123801533634684,5.041352999341928,87.27875320402205,-152.44481493459915,532.84912109375,131.2744140625
FRB20230915B,0,False,,0,397.5638873540902,0.0004788218397132,0.8857339364134575,4.168215427392315,4.859102875952858,-12.851629361004443,483.48388671875,338.037109375
FRB20230915C,0,False,,0,848.5390149774641,0.0005088142023817,0.7836396074357892,1.7181814543799567,4.578014449978873,-4.9396526198480615,636.09619140625,399.9755859375
FRB20230915D,0,False,,0,526.4353656133017,0.0008462041277105,0.8313668849020287,2.8000163469044064,8.638516129833576,-12.21202749042368,570.00732421875,399.9755859375
FRB20230915E,0,False,,0,621.0546832608608,0.0013505728617711,0.2818388567848174,1.418197078228319,35.38776606490681,-111.8548853071858,468.78662109375,134.9609375
FRB20230915F,0,False,,0,484.7592542830336,0.0002425141165726,0.5298347751774062,0.8565960203912335,39.087848063979656,-34.7598729579944,702.18505859375,257.32421875
FRB20230915H,0,False,,0,559.8936762492727,0.0003692061424057,1.1533047353537442,2.118012124024476,-2.858378334842316,-2.558390321613818,400.20751953125,288.1103515625
